MBTI,source,专业名称,专业备注,人数count,分数score,平均分,年份,批次,支持度support,最低位次,最低分,最高分,生源地,科类,累计人数cum,组合/subject_combo,院校名称
,major_line_2023,工科试验班,工科试验班（竺可桢学院图灵班。含计算机科学与技术、信息安全、人工智能专业）,,,604,2023,本科批,,2393,580,0,上海,综合,,,浙江大学
,major_line_2023,工科试验班,工科试验班（信息方向。含计算机科学与技术、信息安全、软件工程、工业设计、光电信息科学与工程、电子科学与技术、微电子科学与工程、信息工程、自动化、生物医学工程专业）,,,592,2023,本科批,,2393,580,0,上海,综合,,,浙江大学
,major_line_2023,社会科学试验班,社会科学试验班（竺可桢学院人文社科实验班。含经济学、财政学、金融学、国际经济与贸易、教育学、会计学、工商管理、社会学、农林经济管理、行政管理、劳动与社会保障、土地资源管理、法学专业）,,,588,2023,本科批,,2393,580,0,上海,综合,,,浙江大学
,major_line_2023,社会科学试验班,社会科学试验班（含数字金融双学士学位项目）（含金融学数学与应用数学双学士学位项目。含经济学、财政学、金融学、国际经济与贸易、教育学、会计学、工商管理、社会学、农林经济管理、行政管理、劳动与社会保障、土地资源管理、法学专业）,,,586,2023,本科批,,2393,580,0,上海,综合,,,浙江大学
,major_line_2023,工科试验班,工科试验班（竺可桢学院图灵班。含计算机科学与技术、信息安全、人工智能专业）,,,604,2023,本科批,,2393,580,0,上海,综合,,,浙江大学
,major_line_2023,工科试验班,工科试验班（信息方向。含计算机科学与技术、信息安全、软件工程、工业设计、光电信息科学与工程、电子科学与技术、微电子科学与工程、信息工程、自动化、生物医学工程专业）,,,592,2023,本科批,,2393,580,0,上海,综合,,,浙江大学
,major_line_2023,社会科学试验班,社会科学试验班（竺可桢学院人文社科实验班。含经济学、财政学、金融学、国际经济与贸易、教育学、会计学、工商管理、社会学、农林经济管理、行政管理、劳动与社会保障、土地资源管理、法学专业）,,,588,2023,本科批,,2393,580,0,上海,综合,,,浙江大学
,major_line_2023,社会科学试验班,社会科学试验班（含数字金融双学士学位项目）（含金融学数学与应用数学双学士学位项目。含经济学、财政学、金融学、国际经济与贸易、教育学、会计学、工商管理、社会学、农林经济管理、行政管理、劳动与社会保障、土地资源管理、法学专业）,,,586,2023,本科批,,2393,580,0,上海,综合,,,浙江大学
,major_line_2023,电子信息类,电子信息类（IEEE试点班。含计算机科学与技术、信息工程、信息安全、自动化专业。含电子信息类）（IEEE试点班数学与应用数学双学士学位项目）,,,615,2023,本科批,,2393,580,0,上海,综合,,,上海交通大学
,major_line_2023,电子信息类,人工智能（卓越人才试点班。含国智班。成绩优异且满足直升研究生条件的学生，可优先进入“吴文俊人工智能荣誉博士班”）,,,614,2023,本科批,,2393,580,0,上海,综合,,,上海交通大学
,major_line_2023,机械类,机械类（钱学森工程科学试点班。含机械工程、能源与动力工程专业。含机械动力类数学与应用数学双学士学位项目、能源与动力工程化学双学士学位项目。本科阶段全部纳入致远工科荣誉计划；实施本博贯通培养模式；与牛津大学、耶鲁大学、宾夕法尼亚大学、卡耐基梅隆大学、美国宾州州立大学、加州大学伯克利分校、多伦多大学、瑞典皇家理工学院等合作3+1+1本硕连读、2+2双学位、学期交流、科研实习以及国际联合毕业设计等项目）,,,613,2023,本科批,,2393,580,0,上海,综合,,,上海交通大学
,major_line_2023,电子信息类,电子信息类（中外合作办学）（交大密西根学院。含机械工程、电子与计算机工程、材料科学与工程专业。只录取有该专业志愿的考生）（中外合作办学）,,,612,2023,本科批,,2393,580,0,上海,综合,,,上海交通大学
,major_line_2023,理科试验班类,理科试验班类（含致远学院，吴文俊数学班、李政道物理班。含数学与应用数学、统计学、物理学、应用物理学、天文学专业。含物理学电子科学与技术双学士学位项目。含交大威斯康星大学3+1+1项目）（数学与统计学科专业学生可申请）,,,607,2023,本科批,,2393,580,0,上海,综合,,,上海交通大学
,major_line_2023,电子信息类,电子信息类（IEEE试点班。含计算机科学与技术、信息工程、信息安全、自动化专业。含电子信息类）（IEEE试点班数学与应用数学双学士学位项目）,,,615,2023,本科批,,2393,580,0,上海,综合,,,上海交通大学
,major_line_2023,电子信息类,人工智能（卓越人才试点班。含国智班。成绩优异且满足直升研究生条件的学生，可优先进入“吴文俊人工智能荣誉博士班”）,,,614,2023,本科批,,2393,580,0,上海,综合,,,上海交通大学
,major_line_2023,机械类,机械类（钱学森工程科学试点班。含机械工程、能源与动力工程专业。含机械动力类数学与应用数学双学士学位项目、能源与动力工程化学双学士学位项目。本科阶段全部纳入致远工科荣誉计划；实施本博贯通培养模式；与牛津大学、耶鲁大学、宾夕法尼亚大学、卡耐基梅隆大学、美国宾州州立大学、加州大学伯克利分校、多伦多大学、瑞典皇家理工学院等合作3+1+1本硕连读、2+2双学位、学期交流、科研实习以及国际联合毕业设计等项目）,,,613,2023,本科批,,2393,580,0,上海,综合,,,上海交通大学
,major_line_2023,电子信息类,电子信息类（中外合作办学）（交大密西根学院。含机械工程、电子与计算机工程、材料科学与工程专业。只录取有该专业志愿的考生）（中外合作办学）,,,612,2023,本科批,,2393,580,0,上海,综合,,,上海交通大学
,major_line_2023,理科试验班类,理科试验班类（含致远学院，吴文俊数学班、李政道物理班。含数学与应用数学、统计学、物理学、应用物理学、天文学专业。含物理学电子科学与技术双学士学位项目。含交大威斯康星大学3+1+1项目）（数学与统计学科专业学生可申请）,,,607,2023,本科批,,2393,580,0,上海,综合,,,上海交通大学
,major_line_2023,工科试验班类,工科试验班类（材料科学与工程学院。材料科学与工程专业。含材料科学与工程应用物理学双学士学位项目。含材料科学与工程专业）（徐祖耀荣誉班。与哈佛大学、牛津大学、西北大学等近20所海外一流高校以学期交换或3+1+X模式联合人才培养）,,,588,2023,本科批,,2393,580,0,上海,综合,,,上海交通大学
,major_line_2023,工科试验班类,工科试验班类（海洋学院。海洋科学）（物理海洋与观测技术专业）,,,587,2023,本科批,,2393,580,0,上海,综合,,,上海交通大学
,major_line_2023,工科试验班类,工科试验班类（船舶海洋与建筑工程学院。海洋工程类专业。含船舶与海洋工程数学与应用数学双学士学位项目。含交大伯明翰2+2双学位项目）（土木工程、交大巴黎高科4+2.5本硕联合培养项目）（土木工程以及与剑桥大学、帝国理工大学、加州大学、斯坦福大学、密西根大学、约翰霍普金斯大学、挪威科技大学、代尔夫特理工理工大学、慕尼黑工大、新南威尔士大学、新加坡国立大学等学期交换项目）,,,586,2023,本科批,,2393,580,0,上海,综合,,,上海交通大学
,major_line_2023,自然科学试验班,自然科学试验班（含化学、化学工程与工艺、环境科学与工程、生物技术、生物工程、海洋科学）（化学、生物与地质海洋、药学专业。含化学材料科学与工程双学士学位项目）,,,586,2023,本科批,,2393,580,0,上海,综合,,,上海交通大学
,major_line_2023,自然科学试验班,自然科学试验班（含化学、化学工程与工艺、环境科学与工程、生物技术、生物工程、海洋科学）（化学、生物与地质海洋、药学专业。含化学材料科学与工程双学士学位项目）,,,586,2023,本科批,,2393,580,0,上海,综合,,,上海交通大学
,major_line_2023,工科试验班类,工科试验班类（材料科学与工程学院。材料科学与工程专业。含材料科学与工程应用物理学双学士学位项目。含材料科学与工程专业）（徐祖耀荣誉班。与哈佛大学、牛津大学、西北大学等近20所海外一流高校以学期交换或3+1+X模式联合人才培养）,,,588,2023,本科批,,2393,580,0,上海,综合,,,上海交通大学
,major_line_2023,工科试验班类,工科试验班类（海洋学院。海洋科学）（物理海洋与观测技术专业）,,,587,2023,本科批,,2393,580,0,上海,综合,,,上海交通大学
,major_line_2023,工科试验班类,工科试验班类（船舶海洋与建筑工程学院。海洋工程类专业。含船舶与海洋工程数学与应用数学双学士学位项目。含交大伯明翰2+2双学位项目）（土木工程、交大巴黎高科4+2.5本硕联合培养项目）（土木工程以及与剑桥大学、帝国理工大学、加州大学、斯坦福大学、密西根大学、约翰霍普金斯大学、挪威科技大学、代尔夫特理工理工大学、慕尼黑工大、新南威尔士大学、新加坡国立大学等学期交换项目）,,,586,2023,本科批,,2393,580,0,上海,综合,,,上海交通大学
,major_line_2023,数学类,数学类（拔尖学生培养基地。含数学与应用数学、信息与计算科学、数据科学与大数据技术。含“数学英才班”）（全校选拔；含牛津大学交流项目）,,,606,2023,本科批,,2393,580,0,上海,综合,,,复旦大学
,major_line_2023,工科试验班,工科试验班（新工科本研贯通。含智能科学与技术、微电子科学与工程、人工智能等专业。含与澳大利亚国立大学、莫纳什大学等校“2+2”双学位项目，与加拿大多伦多大学、美国佛罗里达大学等“3+1+1”本硕连读项目）,,,603,2023,本科批,,2393,580,0,上海,综合,,,复旦大学
,major_line_2023,计算机类,计算机科学与技术（拔尖人才实验班，本研贯通）,,,601,2023,本科批,,2393,580,0,上海,综合,,,复旦大学
,major_line_2023,计算机类,软件工程（国家示范性软件学院。含与美国芝加哥大学、英国格拉斯哥大学等校免学费交流项目；含与澳大利亚国立大学“2+2”双学位项目。四年总学费31000元）,,,598,2023,本科批,,2393,580,0,上海,综合,,,复旦大学
,major_line_2023,法学类,法学（卓越法律人才基地。含法学经济学双学士学位项目；含与美国杜兰大学“3+1”双学位项目；含美国康奈尔大学、加拿大麦吉尔大学、德国汉堡大学等校免学费交流项目）,,,595,2023,本科批,,2393,580,0,上海,综合,,,复旦大学
,major_line_2023,哲学类,哲学类（哲学（科学哲学与逻辑学、哲学）（艺术哲学、宗教学等专业。含与英国伯明翰大学“2+2”双学位项目；含比利时根特大学等校免学费交流项目；通过全校选拔，可进入依托哲学学院管理的“政治学、经济学与哲学”）（PPE专业））,,,594,2023,本科批,,2393,580,0,上海,综合,,,复旦大学
,major_line_2023,技术科学试验班,技术科学试验班（拔尖学生培养基地。含微电子科学与工程、智能科学与技术（智能信息与系统、电子信息科学与技术、通信工程、生物医学工程、光电信息科学与工程、信息安全、电子科学与技术、材料化学、材料物理、高分子材料与工程、计算机科学与技术、数据科学与大数据技术、理论与应用力学、飞行器设计与工程、保密技术等专业含本博贯通“光子计划”拔尖人才培养项目；含与澳大利亚国立大学等“2+2”双学位项目，与比利时鲁汶大学联合培养博士双学位项目））,,,594,2023,本科批,,2393,580,0,上海,综合,,,复旦大学
,major_line_2023,经济管理试验班,经济管理试验班（含财务管理）（金融与财务、工商管理）（战略管理、国际商务、人力资源、管理科学与工程）（人工智能、大数据、供应链管理、信息管理与信息系统）（商务智能、云计算、电子商务、会计学、市场营销、统计学）（统计与数据科学等专业。学院配备一对一导师并提供全方位职业发展服务，学生根据个人兴趣和未来发展方向自由选择专业；含美国南加州大学、英属哥伦比亚大学、英国华威大学、法国巴黎高等商学院、新加坡国立大学、加拿大阿尔伯塔大学等校免学费交流项目。其中统计学专业学费为7000元/年）,,,593,2023,本科批,,2393,580,0,上海,综合,,,复旦大学
,major_line_2023,中国语言文学类,中国语言文学类（拔尖学生培养基地。含汉语言文学、汉语言专业。含美国卫斯理学院、德国科隆大学、日本早稻田大学、西澳大利亚大学等校免学费交流项目）,,,592,2023,本科批,,2393,580,0,上海,综合,,,复旦大学
,major_line_2023,自然科学试验班,自然科学试验班（数据技术、大气科学、材料物理、材料化学、电子科学与技术、化学、能源化学、高分子材料与工程、生物科学、生物技术、生态学、环境科学、心理学、理论与应用力学、飞行器设计与工程、光电信息科学与工程等专业。拔尖学生培养基地。含英国伯明翰大学、曼彻斯特大学等“2+2”双学位项目；含美国耶鲁大学、加州大学伯克利分校、日本东京大学等校免学费交流项目）,,,592,2023,本科批,,2393,580,0,上海,综合,,,复旦大学
,major_line_2023,经济学类,经济学类（拔尖学生培养基地。含经济学、经济学）（数理经济方向拔尖项目、经济学）（国际项目UIPE、金融学、国际经济与贸易）（国际经济学、国际经济与贸易）（大数据国际贸易双学位项目、财政学、保险学等专业。含与德国乌尔姆大学、美国威斯康辛大学“3+1+1”本硕直通车项目，与荷兰格罗宁根大学“2+2”双学位项目；含美国麻省理工学院、宾夕法尼亚大学、加州大学伯克利分校等校访学项目；含美国芝加哥大学、加州大学、新加坡国立大学、瑞士苏黎世大学、法国巴黎高等商学院、德国慕尼黑大学、日本东京大学等校免学费交流项目；保险学专业课程）,,,591,2023,本科批,,2393,580,0,上海,综合,,,复旦大学
,major_line_2023,生物科学类,生物科学类（自科试验班，拔尖学生培养基地。含物理学、数据科学与大数据技术、大气科学、材料物理、材料化学、电子科学与技术、化学、能源化学、高分子材料与工程、生物科学、生物技术、生态学、环境科学、心理学、理论与应用力学、飞行器设计与工程、光电信息科学与工程等专业。含英国伯明翰大学、曼彻斯特大学等“2+2”双学位项目；含美国耶鲁大学、加州大学伯克利分校、日本东京大学等校免学费交流项目）,,,590,2023,本科批,,2393,580,0,上海,综合,,,复旦大学
,major_line_2023,外国语言文学类,英语（含英语、翻译专业。含与英国曼彻斯特大学“2+2”双学位项目；含英国华威大学等校免学费交流项目）（语种:英语）,,,589,2023,本科批,,2393,580,0,上海,综合,,,复旦大学
,major_line_2023,新闻传播学类,新闻传播学类（卓越新闻人才计划。含新闻学、广播电视学、传播学、广告学等专业。含与日本早稻田大学“3+1+1”双学位项目；含澳大利亚墨尔本大学、德国慕尼黑大学，以及中国的香港城市大学等校免学费交流项目）,,,588,2023,本科批,,2393,580,0,上海,综合,,,复旦大学
,major_line_2023,历史学类,历史学类（拔尖学生培养基地。含历史学、旅游管理、文物与博物馆学专业。含加拿大女王大学、荷兰布雷达应用科技大学、德国布莱梅雅各布大学、法国赛尔齐蓬多瓦兹大学、日本御茶水女子大学等校免学费交流项目）,,,587,2023,本科批,,2393,580,0,上海,综合,,,复旦大学
,major_line_2023,社会科学试验班,社会科学试验班（含政治学与行政学、行政管理、国际政治、社会学、社会工作等专业。含美国加州大学伯克利分校、华盛顿大学、英国伦敦政治经济学院、新加坡国立大学等校免学费交流项目）,,,587,2023,本科批,,2393,580,0,上海,综合,,,复旦大学
,major_line_2023,核工程类,核工程与核技术（含核物理方向卢鹤绂班。含瑞典隆德大学、日本群马大学等校免学费交流项目）,,,587,2023,本科批,,2393,580,0,上海,综合,,,复旦大学
,major_line_2023,核工程类,核工程与核技术（含核物理方向卢鹤绂班。含瑞典隆德大学、日本群马大学等校免学费交流项目）,,,587,2023,本科批,,2393,580,0,上海,综合,,,复旦大学
,major_line_2023,法学类,法学（卓越法律人才基地。含法学经济学双学士学位项目；含与美国杜兰大学“3+1”双学位项目；含美国康奈尔大学、加拿大麦吉尔大学、德国汉堡大学等校免学费交流项目）,,,595,2023,本科批,,2393,580,0,上海,综合,,,复旦大学
,major_line_2023,哲学类,哲学类（哲学（科学哲学与逻辑学、哲学）（艺术哲学、宗教学等专业。含与英国伯明翰大学“2+2”双学位项目；含比利时根特大学等校免学费交流项目；通过全校选拔，可进入依托哲学学院管理的“政治学、经济学与哲学”）（PPE专业））,,,594,2023,本科批,,2393,580,0,上海,综合,,,复旦大学
,major_line_2023,中国语言文学类,中国语言文学类（拔尖学生培养基地。含汉语言文学、汉语言专业。含美国卫斯理学院、德国科隆大学、日本早稻田大学、西澳大利亚大学等校免学费交流项目）,,,592,2023,本科批,,2393,580,0,上海,综合,,,复旦大学
,major_line_2023,外国语言文学类,英语（含英语、翻译专业。含与英国曼彻斯特大学“2+2”双学位项目；含英国华威大学等校免学费交流项目）（语种:英语）,,,589,2023,本科批,,2393,580,0,上海,综合,,,复旦大学
,major_line_2023,新闻传播学类,新闻传播学类（卓越新闻人才计划。含新闻学、广播电视学、传播学、广告学等专业。含与日本早稻田大学“3+1+1”双学位项目；含澳大利亚墨尔本大学、德国慕尼黑大学，以及中国的香港城市大学等校免学费交流项目）,,,588,2023,本科批,,2393,580,0,上海,综合,,,复旦大学
,major_line_2023,历史学类,历史学类（拔尖学生培养基地。含历史学、旅游管理、文物与博物馆学专业。含加拿大女王大学、荷兰布雷达应用科技大学、德国布莱梅雅各布大学、法国赛尔齐蓬多瓦兹大学、日本御茶水女子大学等校免学费交流项目）,,,587,2023,本科批,,2393,580,0,上海,综合,,,复旦大学
,major_line_2023,社会科学试验班,社会科学试验班（含政治学与行政学、行政管理、国际政治、社会学、社会工作等专业。含美国加州大学伯克利分校、华盛顿大学、英国伦敦政治经济学院、新加坡国立大学等校免学费交流项目）,,,587,2023,本科批,,2393,580,0,上海,综合,,,复旦大学
,major_line_2023,数学类,数学类（拔尖学生培养基地。含数学与应用数学、信息与计算科学、数据科学与大数据技术。含“数学英才班”）（全校选拔；含牛津大学交流项目）,,,606,2023,本科批,,2393,580,0,上海,综合,,,复旦大学
,major_line_2023,工科试验班,工科试验班（新工科本研贯通。含智能科学与技术、微电子科学与工程、人工智能等专业。含与澳大利亚国立大学、莫纳什大学等校“2+2”双学位项目，与加拿大多伦多大学、美国佛罗里达大学等“3+1+1”本硕连读项目）,,,603,2023,本科批,,2393,580,0,上海,综合,,,复旦大学
,major_line_2023,计算机类,计算机科学与技术（拔尖人才实验班，本研贯通）,,,601,2023,本科批,,2393,580,0,上海,综合,,,复旦大学
,major_line_2023,计算机类,软件工程（国家示范性软件学院。含与美国芝加哥大学、英国格拉斯哥大学等校免学费交流项目；含与澳大利亚国立大学“2+2”双学位项目。四年总学费31000元）,,,598,2023,本科批,,2393,580,0,上海,综合,,,复旦大学
,major_line_2023,技术科学试验班,技术科学试验班（拔尖学生培养基地。含微电子科学与工程、智能科学与技术（智能信息与系统、电子信息科学与技术、通信工程、生物医学工程、光电信息科学与工程、信息安全、电子科学与技术、材料化学、材料物理、高分子材料与工程、计算机科学与技术、数据科学与大数据技术、理论与应用力学、飞行器设计与工程、保密技术等专业含本博贯通“光子计划”拔尖人才培养项目；含与澳大利亚国立大学等“2+2”双学位项目，与比利时鲁汶大学联合培养博士双学位项目））,,,594,2023,本科批,,2393,580,0,上海,综合,,,复旦大学
,major_line_2023,自然科学试验班,自然科学试验班（数据技术、大气科学、材料物理、材料化学、电子科学与技术、化学、能源化学、高分子材料与工程、生物科学、生物技术、生态学、环境科学、心理学、理论与应用力学、飞行器设计与工程、光电信息科学与工程等专业。拔尖学生培养基地。含英国伯明翰大学、曼彻斯特大学等“2+2”双学位项目；含美国耶鲁大学、加州大学伯克利分校、日本东京大学等校免学费交流项目）,,,592,2023,本科批,,2393,580,0,上海,综合,,,复旦大学
,major_line_2023,经济管理试验班,经济管理试验班（含财务管理）（金融与财务、工商管理）（战略管理、国际商务、人力资源、管理科学与工程）（人工智能、大数据、供应链管理、信息管理与信息系统）（商务智能、云计算、电子商务、会计学、市场营销、统计学）（统计与数据科学等专业。学院配备一对一导师并提供全方位职业发展服务，学生根据个人兴趣和未来发展方向自由选择专业；含美国南加州大学、英属哥伦比亚大学、英国华威大学、法国巴黎高等商学院、新加坡国立大学、加拿大阿尔伯塔大学等校免学费交流项目。其中统计学专业学费为7000元/年）,,,593,2023,本科批,,2393,580,0,上海,综合,,,复旦大学
,major_line_2023,经济学类,经济学类（拔尖学生培养基地。含经济学、经济学）（数理经济方向拔尖项目、经济学）（国际项目UIPE、金融学、国际经济与贸易）（国际经济学、国际经济与贸易）（大数据国际贸易双学位项目、财政学、保险学等专业。含与德国乌尔姆大学、美国威斯康辛大学“3+1+1”本硕直通车项目，与荷兰格罗宁根大学“2+2”双学位项目；含美国麻省理工学院、宾夕法尼亚大学、加州大学伯克利分校等校访学项目；含美国芝加哥大学、加州大学、新加坡国立大学、瑞士苏黎世大学、法国巴黎高等商学院、德国慕尼黑大学、日本东京大学等校免学费交流项目；保险学专业课程）,,,591,2023,本科批,,2393,580,0,上海,综合,,,复旦大学
,major_line_2023,生物科学类,生物科学类（自科试验班，拔尖学生培养基地。含物理学、数据科学与大数据技术、大气科学、材料物理、材料化学、电子科学与技术、化学、能源化学、高分子材料与工程、生物科学、生物技术、生态学、环境科学、心理学、理论与应用力学、飞行器设计与工程、光电信息科学与工程等专业。含英国伯明翰大学、曼彻斯特大学等“2+2”双学位项目；含美国耶鲁大学、加州大学伯克利分校、日本东京大学等校免学费交流项目）,,,590,2023,本科批,,2393,580,0,上海,综合,,,复旦大学
,major_line_2023,电子信息类,人工智能,,,591,2023,本科批,,2393,580,0,上海,综合,,,南京大学
,major_line_2023,计算机类,计算机科学与技术,,,588,2023,本科批,,2393,580,0,上海,综合,,,南京大学
,major_line_2023,电子信息类,电子信息类（含电子信息科学与技术、通信工程、微电子科学与工程专业）,,,588,2023,本科批,,2393,580,0,上海,综合,,,南京大学
,major_line_2023,理科试验班类,理科试验班类（匡亚明学院大理科班。含化学类）（数学、物理、生物、计算机、天文专业。专业分流方向详见该校招生章程）,,,588,2023,本科批,,2393,580,0,上海,综合,,,南京大学
,major_line_2023,计算机类,软件工程（第三、四年学费为16000元/年）,,,587,2023,本科批,,2393,580,0,上海,综合,,,南京大学
,major_line_2023,经济管理试验班,经济管理试验班（含经济学、金融学、金融工程、保险学、经济学）（产业经济学方向、工商管理、市场营销、会计学、财务管理、电子商务、工商管理）（人力资源方向、国际经济与贸易专业）,,,586,2023,本科批,,2393,580,0,上海,综合,,,南京大学
,major_line_2023,理科试验班,理科试验班（数理科学类。含数学与应用数学、信息与计算科学、统计学、物理学、应用物理学、声学、天文学、空间科学与技术、大气科学、应用气象学专业）,,,586,2023,本科批,,2393,580,0,上海,综合,,,南京大学
,major_line_2023,技术科学试验班,技术科学试验班（含数字经济、智能科学与技术）（智能化软件、集成电路专业。在南京、苏州校区就读。智能化软件方向第三、四年学费为16000元/年）,,,585,2023,本科批,,2393,580,0,上海,综合,,,南京大学
,major_line_2023,社会科学试验班,社会科学试验班（含法学、编辑出版学、社会学、社会工作、应用心理学、行政管理、劳动与社会保障图书馆学、档案学专业。专业分流方向详见该校招生章程）,,,584,2023,本科批,,2393,580,0,上海,综合,,,南京大学
,major_line_2023,外国语言文学类,外国语言文学类（含英语、德语、法语、西班牙语专业）,,,583,2023,本科批,,2393,580,0,上海,综合,,,南京大学
,major_line_2023,戏剧与影视学类,戏剧影视文学（高考成绩须达到2023年上海市特殊类型招生控制分数线）,,,577,2023,本科批,,3118,575,0,上海,综合,,,南京大学
,major_line_2023,大气科学类,大气科学（中外合作办学）（在南京、苏州校区就读。可同时获得南京大学本科毕业证书、学士学位证书和芬兰赫尔辛基大学学位证书）（中外合作办学）,,,575,2023,本科批,,3586,572,0,上海,综合,,,南京大学
,major_line_2023,大气科学类,大气科学（中外合作办学）（在南京、苏州校区就读。可同时获得南京大学本科毕业证书、学士学位证书和芬兰赫尔辛基大学学位证书）（中外合作办学）,,,575,2023,本科批,,3586,572,0,上海,综合,,,南京大学
,major_line_2023,戏剧与影视学类,戏剧影视文学（高考成绩须达到2023年上海市特殊类型招生控制分数线）,,,577,2023,本科批,,3118,575,0,上海,综合,,,南京大学
,major_line_2023,经济管理试验班,经济管理试验班（含经济学、金融学、金融工程、保险学、经济学）（产业经济学方向、工商管理、市场营销、会计学、财务管理、电子商务、工商管理）（人力资源方向、国际经济与贸易专业）,,,586,2023,本科批,,2393,580,0,上海,综合,,,南京大学
,major_line_2023,社会科学试验班,社会科学试验班（含法学、编辑出版学、社会学、社会工作、应用心理学、行政管理、劳动与社会保障图书馆学、档案学专业。专业分流方向详见该校招生章程）,,,584,2023,本科批,,2393,580,0,上海,综合,,,南京大学
,major_line_2023,外国语言文学类,外国语言文学类（含英语、德语、法语、西班牙语专业）,,,583,2023,本科批,,2393,580,0,上海,综合,,,南京大学
,major_line_2023,理科试验班类,理科试验班类（匡亚明学院大理科班。含化学类）（数学、物理、生物、计算机、天文专业。专业分流方向详见该校招生章程）,,,588,2023,本科批,,2393,580,0,上海,综合,,,南京大学
,major_line_2023,技术科学试验班,技术科学试验班（含数字经济、智能科学与技术）（智能化软件、集成电路专业。在南京、苏州校区就读。智能化软件方向第三、四年学费为16000元/年）,,,585,2023,本科批,,2393,580,0,上海,综合,,,南京大学
,major_line_2023,电子信息类,人工智能,,,591,2023,本科批,,2393,580,0,上海,综合,,,南京大学
,major_line_2023,计算机类,计算机科学与技术,,,588,2023,本科批,,2393,580,0,上海,综合,,,南京大学
,major_line_2023,电子信息类,电子信息类（含电子信息科学与技术、通信工程、微电子科学与工程专业）,,,588,2023,本科批,,2393,580,0,上海,综合,,,南京大学
,major_line_2023,计算机类,软件工程（第三、四年学费为16000元/年）,,,587,2023,本科批,,2393,580,0,上海,综合,,,南京大学
,major_line_2023,理科试验班,理科试验班（数理科学类。含数学与应用数学、信息与计算科学、统计学、物理学、应用物理学、声学、天文学、空间科学与技术、大气科学、应用气象学专业）,,,586,2023,本科批,,2393,580,0,上海,综合,,,南京大学
,major_line_2023,理科试验班类,理科试验班类（含数学类）（华罗庚数学科技英才班、物理学类）（严济慈物理科技英才班、化学类）（卢嘉锡化学科技英才班、生物科学类）（贝时璋生命科技英才班、空间科学与技术）（赵九章现代地球和空间科技英才班、数学类、物理学类、化学类、材料类、生物科学类、空间科学与技术、行星科学、环境科学与工程类、统计学、金融学、工商管理、管理科学专业）,,,590,2023,本科批,,2393,580,0,上海,综合,,,中国科学技术大学
,major_line_2023,工科试验班,工科试验班（含计算机类）（华夏计算机科技英才班、电子信息类）（信息科技英才班、电子信息类）（网络空间科技英才班、电子信息类）（集成电路科技英才班、力学类）（钱学森力学科技英才班、计算机类、电子信息类、理论与应用力学、机械设计制造及其自动化、能源与动力工程、安全工程、核工程类专业）,,,587,2023,本科批,,2393,580,0,上海,综合,,,中国科学技术大学
,major_line_2023,理科试验班类,理科试验班类（含数学类）（华罗庚数学科技英才班、物理学类）（严济慈物理科技英才班、化学类）（卢嘉锡化学科技英才班、生物科学类）（贝时璋生命科技英才班、空间科学与技术）（赵九章现代地球和空间科技英才班、数学类、物理学类、化学类、材料类、生物科学类、空间科学与技术、行星科学、环境科学与工程类、统计学、金融学、工商管理、管理科学专业）,,,590,2023,本科批,,2393,580,0,上海,综合,,,中国科学技术大学
,major_line_2023,工科试验班,工科试验班（含计算机类）（华夏计算机科技英才班、电子信息类）（信息科技英才班、电子信息类）（网络空间科技英才班、电子信息类）（集成电路科技英才班、力学类）（钱学森力学科技英才班、计算机类、电子信息类、理论与应用力学、机械设计制造及其自动化、能源与动力工程、安全工程、核工程类专业）,,,587,2023,本科批,,2393,580,0,上海,综合,,,中国科学技术大学
,major_line_2023,临床医学类,临床医学,,,581,2023,本科批,,2393,580,0,上海,综合,,,华中科技大学
,major_line_2023,临床医学类,临床医学类（含临床医学、医学影像学、儿科学、口腔医学、麻醉学专业）,,,580,2023,本科批,,2668,578,0,上海,综合,,,华中科技大学
,major_line_2023,电子信息类,人工智能（未来技术学院本硕博）,,,585,2023,本科批,,2393,580,0,上海,综合,,,华中科技大学
,major_line_2023,电子信息类,电子信息类（启明光电信息本硕博实验班。含光电信息科学与工程）（光电子芯片、光通信、智能光电集成系统专业）,,,584,2023,本科批,,2393,580,0,上海,综合,,,华中科技大学
,major_line_2023,计算机类,计算机类（计算机学院。含计算机科学与技术、数据科学与大数据技术、智能科学与技术专业）,,,583,2023,本科批,,2393,580,0,上海,综合,,,华中科技大学
,major_line_2023,计算机类,计算机类（网安学院。含网络空间安全、信息安全、密码科学与技术专业）,,,581,2023,本科批,,2393,580,0,上海,综合,,,华中科技大学
,major_line_2023,电子信息类,电子信息类（光电信息学院。含光电信息科学与工程）（光电子芯片、光通信、智能光电集成系统专业）,,,581,2023,本科批,,2393,580,0,上海,综合,,,华中科技大学
,major_line_2023,电子信息类,电子信息类（集成电路学院。芯片方向。含集成电路设计与集成系统、微电子科学与工程、电子科学与技术专业）,,,580,2023,本科批,,2520,579,0,上海,综合,,,华中科技大学
,major_line_2023,自动化类,自动化类（含人工智能、自动化、智能医学工程专业）,,,579,2023,本科批,,2520,579,0,上海,综合,,,华中科技大学
,major_line_2023,电气类,电气工程及其自动化,,,579,2023,本科批,,2668,578,0,上海,综合,,,华中科技大学
,major_line_2023,电子信息类,电子信息类（电信学院。含电子信息工程、通信工程、电磁场与无线技术专业）,,,579,2023,本科批,,2668,578,0,上海,综合,,,华中科技大学
,major_line_2023,数学类,数学类（含数学与应用数学、统计学、信息与计算科学专业）,,,579,2023,本科批,,2821,577,0,上海,综合,,,华中科技大学
,major_line_2023,物理学类,物理学类（含物理学、应用物理学专业）,,,578,2023,本科批,,2821,577,0,上海,综合,,,华中科技大学
,major_line_2023,机械类,机械类（含机械设计制造及其自动化）（智能制造、先进电子制造、机器人、工业工程、测控技术与仪器专业）,,,576,2023,本科批,,3118,575,0,上海,综合,,,华中科技大学
,major_line_2023,电子信息类,人工智能（未来技术学院本硕博）,,,585,2023,本科批,,2393,580,0,上海,综合,,,华中科技大学
,major_line_2023,电子信息类,电子信息类（启明光电信息本硕博实验班。含光电信息科学与工程）（光电子芯片、光通信、智能光电集成系统专业）,,,584,2023,本科批,,2393,580,0,上海,综合,,,华中科技大学
,major_line_2023,计算机类,计算机类（计算机学院。含计算机科学与技术、数据科学与大数据技术、智能科学与技术专业）,,,583,2023,本科批,,2393,580,0,上海,综合,,,华中科技大学
,major_line_2023,临床医学类,临床医学,,,581,2023,本科批,,2393,580,0,上海,综合,,,华中科技大学
,major_line_2023,计算机类,计算机类（网安学院。含网络空间安全、信息安全、密码科学与技术专业）,,,581,2023,本科批,,2393,580,0,上海,综合,,,华中科技大学
,major_line_2023,电子信息类,电子信息类（光电信息学院。含光电信息科学与工程）（光电子芯片、光通信、智能光电集成系统专业）,,,581,2023,本科批,,2393,580,0,上海,综合,,,华中科技大学
,major_line_2023,电子信息类,电子信息类（集成电路学院。芯片方向。含集成电路设计与集成系统、微电子科学与工程、电子科学与技术专业）,,,580,2023,本科批,,2520,579,0,上海,综合,,,华中科技大学
,major_line_2023,自动化类,自动化类（含人工智能、自动化、智能医学工程专业）,,,579,2023,本科批,,2520,579,0,上海,综合,,,华中科技大学
,major_line_2023,临床医学类,临床医学类（含临床医学、医学影像学、儿科学、口腔医学、麻醉学专业）,,,580,2023,本科批,,2668,578,0,上海,综合,,,华中科技大学
,major_line_2023,电气类,电气工程及其自动化,,,579,2023,本科批,,2668,578,0,上海,综合,,,华中科技大学
,major_line_2023,电子信息类,电子信息类（电信学院。含电子信息工程、通信工程、电磁场与无线技术专业）,,,579,2023,本科批,,2668,578,0,上海,综合,,,华中科技大学
,major_line_2023,数学类,数学类（含数学与应用数学、统计学、信息与计算科学专业）,,,579,2023,本科批,,2821,577,0,上海,综合,,,华中科技大学
,major_line_2023,物理学类,物理学类（含物理学、应用物理学专业）,,,578,2023,本科批,,2821,577,0,上海,综合,,,华中科技大学
,major_line_2023,机械类,机械类（含机械设计制造及其自动化）（智能制造、先进电子制造、机器人、工业工程、测控技术与仪器专业）,,,576,2023,本科批,,3118,575,0,上海,综合,,,华中科技大学
,major_line_2023,文科试验班类,文科试验班类（弘毅学堂PLE试验班。含哲学、经济学、法学专业）,,,584,2023,本科批,,2393,580,0,上海,综合,,,武汉大学
,major_line_2023,新闻传播学类,新闻传播学类（含新闻学、广播电视学、广告学、传播学专业）,,,575,2023,本科批,,3118,575,0,上海,综合,,,武汉大学
,major_line_2023,外国语言文学类,外国语言文学类（含英语、法语、德语、日语、西班牙语、俄语、翻译专业）,,,575,2023,本科批,,3118,575,0,上海,综合,,,武汉大学
,major_line_2023,经济学类,经济学类（含经济学、金融工程、国际经济与贸易、财政学、金融学）（含国际金融试验班、保险学）（含精算试验班专业）,,,576,2023,本科批,,3270,574,0,上海,综合,,,武汉大学
,major_line_2023,理科试验班,理科试验班（弘毅学堂。含数学与应用数学、物理学、化学、生物科学、地理科学专业）,,,578,2023,本科批,,2668,578,0,上海,综合,,,武汉大学
,major_line_2023,生物科学类,生物科学类（含生物科学、生物技术、生态学专业）,,,575,2023,本科批,,3404,573,0,上海,综合,,,武汉大学
,major_line_2023,口腔医学类,口腔医学（5+3一体化）,,,575,2023,本科批,,3586,572,0,上海,综合,,,武汉大学
,major_line_2023,物理学类,物理学类（含物理学、微电子科学与工程专业）,,,573,2023,本科批,,3586,572,0,上海,综合,,,武汉大学
,major_line_2023,数学类,数学类（含数学与应用数学、信息与计算科学、统计学、数据科学与大数据技术专业）,,,572,2023,本科批,,3586,572,0,上海,综合,,,武汉大学
,major_line_2023,化学类,化学类（含化学、应用化学专业）,,,571,2023,本科批,,3741,571,0,上海,综合,,,武汉大学
,major_line_2023,理科试验班,理科试验班（空间信息与国土资源类。含地理信息科学、地理科学、土地资源管理专业）,,,571,2023,本科批,,3741,571,0,上海,综合,,,武汉大学
,major_line_2023,文科试验班类,文科试验班类（弘毅学堂PLE试验班。含哲学、经济学、法学专业）,,,584,2023,本科批,,2393,580,0,上海,综合,,,武汉大学
,major_line_2023,法学类,法学（含法学、国际法）,,,583,2023,本科批,,2393,580,0,上海,综合,,,武汉大学
,major_line_2023,计算机类,计算机科学与技术（弘毅班）,,,582,2023,本科批,,2393,580,0,上海,综合,,,武汉大学
,major_line_2023,人文科学试验班,人文科学试验班（弘毅学堂。含汉语言文学、历史学、哲学类）（含哲学、国学专业）,,,581,2023,本科批,,2393,580,0,上海,综合,,,武汉大学
,major_line_2023,理科试验班,理科试验班（弘毅学堂。含数学与应用数学、物理学、化学、生物科学、地理科学专业）,,,578,2023,本科批,,2668,578,0,上海,综合,,,武汉大学
,major_line_2023,中国语言文学类,中国语言文学类（含汉语言文学、汉语国际教育专业）,,,578,2023,本科批,,2821,577,0,上海,综合,,,武汉大学
,major_line_2023,计算机类,计算机类（计算机学院。含计算机科学与技术、人工智能、软件工程专业）,,,578,2023,本科批,,2821,577,0,上海,综合,,,武汉大学
,major_line_2023,电子信息类,电子信息类（含通信工程、电波传播与天线、电子信息工程）（含电子信息方向、光电子方向、机器人方向专业）,,,576,2023,本科批,,3118,575,0,上海,综合,,,武汉大学
,major_line_2023,计算机类,计算机类（国家网络安全学院。含信息安全、网络空间安全、密码科学与技术专业）,,,576,2023,本科批,,3118,575,0,上海,综合,,,武汉大学
,major_line_2023,测绘类,遥感科学与技术（含遥感科学与技术、地理国情监测、空间信息与数字技术）,,,575,2023,本科批,,3118,575,0,上海,综合,,,武汉大学
,major_line_2023,新闻传播学类,新闻传播学类（含新闻学、广播电视学、广告学、传播学专业）,,,575,2023,本科批,,3118,575,0,上海,综合,,,武汉大学
,major_line_2023,外国语言文学类,外国语言文学类（含英语、法语、德语、日语、西班牙语、俄语、翻译专业）,,,575,2023,本科批,,3118,575,0,上海,综合,,,武汉大学
,major_line_2023,经济学类,经济学类（含经济学、金融工程、国际经济与贸易、财政学、金融学）（含国际金融试验班、保险学）（含精算试验班专业）,,,576,2023,本科批,,3270,574,0,上海,综合,,,武汉大学
,major_line_2023,生物科学类,生物科学类（含生物科学、生物技术、生态学专业）,,,575,2023,本科批,,3404,573,0,上海,综合,,,武汉大学
,major_line_2023,心理学类,心理学,,,576,2023,本科批,,3586,572,0,上海,综合,,,武汉大学
,major_line_2023,口腔医学类,口腔医学（5+3一体化）,,,575,2023,本科批,,3586,572,0,上海,综合,,,武汉大学
,major_line_2023,物理学类,物理学类（含物理学、微电子科学与工程专业）,,,573,2023,本科批,,3586,572,0,上海,综合,,,武汉大学
,major_line_2023,数学类,数学类（含数学与应用数学、信息与计算科学、统计学、数据科学与大数据技术专业）,,,572,2023,本科批,,3586,572,0,上海,综合,,,武汉大学
,major_line_2023,化学类,化学类（含化学、应用化学专业）,,,571,2023,本科批,,3741,571,0,上海,综合,,,武汉大学
,major_line_2023,理科试验班,理科试验班（空间信息与国土资源类。含地理信息科学、地理科学、土地资源管理专业）,,,571,2023,本科批,,3741,571,0,上海,综合,,,武汉大学
,major_line_2023,法学类,法学（含法学、国际法）,,,583,2023,本科批,,2393,580,0,上海,综合,,,武汉大学
,major_line_2023,人文科学试验班,人文科学试验班（弘毅学堂。含汉语言文学、历史学、哲学类）（含哲学、国学专业）,,,581,2023,本科批,,2393,580,0,上海,综合,,,武汉大学
,major_line_2023,中国语言文学类,中国语言文学类（含汉语言文学、汉语国际教育专业）,,,578,2023,本科批,,2821,577,0,上海,综合,,,武汉大学
,major_line_2023,心理学类,心理学,,,576,2023,本科批,,3586,572,0,上海,综合,,,武汉大学
,major_line_2023,计算机类,计算机科学与技术（弘毅班）,,,582,2023,本科批,,2393,580,0,上海,综合,,,武汉大学
,major_line_2023,计算机类,计算机类（计算机学院。含计算机科学与技术、人工智能、软件工程专业）,,,578,2023,本科批,,2821,577,0,上海,综合,,,武汉大学
,major_line_2023,电子信息类,电子信息类（含通信工程、电波传播与天线、电子信息工程）（含电子信息方向、光电子方向、机器人方向专业）,,,576,2023,本科批,,3118,575,0,上海,综合,,,武汉大学
,major_line_2023,计算机类,计算机类（国家网络安全学院。含信息安全、网络空间安全、密码科学与技术专业）,,,576,2023,本科批,,3118,575,0,上海,综合,,,武汉大学
,major_line_2023,测绘类,遥感科学与技术（含遥感科学与技术、地理国情监测、空间信息与数字技术）,,,575,2023,本科批,,3118,575,0,上海,综合,,,武汉大学
,major_line_2023,机械类,工业设计（中外合作办学）（中外合作办学）,,,569,2023,本科批,,4425,567,0,上海,综合,,,西安交通大学
,major_line_2023,建筑类,建筑学（中外合作办学）（中外合作办学）,,,564,2023,本科批,,5080,563,0,上海,综合,,,西安交通大学
,major_line_2023,工科试验班,工科试验班（智慧能源与智能制造类专业预选方向。含材料科学与工程、飞行器设计与工程、飞行器动力工程、工程力学、化学工程与工艺、过程装备与控制工程、机械工程、智能制造工程、工业设计、车辆工程、测控技术与仪器、能源与动力工程、新能源科学与工程、核工程与核技术、环境工程、人居环境科学与技术专业）,,,579,2023,本科批,,2520,579,0,上海,综合,,,西安交通大学
,major_line_2023,理科试验班,理科试验班（含中外合作学分项目。含数学与应用数学、信息与计算科学、统计学、材料物理、光电信息科学与工程、应用物理学、化学、应用化学、生物技术、化学）（基础学科卓越计划、生物技术）（基础学科卓越计划专业。含美国哥伦比亚大学、宾夕法尼亚大学、加州大学伯克利分校、加州大学圣塔芭芭拉分校、英国牛津大学、剑桥大学、澳大利亚昆士兰大学等校学分项目，中法“4+4”双学位项目）（生命学院、加州大学伯克利分校文理学院学分项目）（生命学院）（中外合作办学）,,,576,2023,本科批,,3118,575,0,上海,综合,,,西安交通大学
,major_line_2023,工商管理类,会计学（ACCA方向。新生入学还需一次性缴纳39000元的培训费、资料费等费用）,,,575,2023,本科批,,3118,575,0,上海,综合,,,西安交通大学
,major_line_2023,能源动力类,储能科学与工程（新工科卓越计划）,,,575,2023,本科批,,3118,575,0,上海,综合,,,西安交通大学
,major_line_2023,工科试验班,工科试验班（智能电气与信息类。含电气工程及其自动化、能源互联网工程、信息工程、电子科学与技术、微电子科学与工程、物联网工程、计算机科学与技术、自动化、软件工程、网络空间安全、生物医学工程专业）,,,576,2023,本科批,,3270,574,0,上海,综合,,,西安交通大学
,major_line_2023,工科试验班,工科试验班（经管类。含中外合作学分项目。含大数据管理与应用、工商管理、工业工程、经济学、财政学、金融学、国际经济与贸易、贸易经济、金融工程、经济统计学、电子商务专业。含美国加州大学伯克利分校文理学院、宾夕法尼亚大学、威斯康星大学麦迪逊分校、加州大学圣塔芭芭拉分校、加州大学戴维斯分校、英国牛津大学剑桥大学、加拿大英属哥伦比亚大学、澳大利亚新南威尔士大学、墨尔本大学、昆士兰大学等校学分项目，日本京都大学交换生项目）（中外合作办学）,,,574,2023,本科批,,3270,574,0,上海,综合,,,西安交通大学
,major_line_2023,机械类,工业设计（中外合作办学）（中外合作办学）,,,569,2023,本科批,,4425,567,0,上海,综合,,,西安交通大学
,major_line_2023,建筑类,建筑学（中外合作办学）（中外合作办学）,,,564,2023,本科批,,5080,563,0,上海,综合,,,西安交通大学
,major_line_2023,工科试验班,工科试验班（智慧能源与智能制造类专业预选方向。含材料科学与工程、飞行器设计与工程、飞行器动力工程、工程力学、化学工程与工艺、过程装备与控制工程、机械工程、智能制造工程、工业设计、车辆工程、测控技术与仪器、能源与动力工程、新能源科学与工程、核工程与核技术、环境工程、人居环境科学与技术专业）,,,579,2023,本科批,,2520,579,0,上海,综合,,,西安交通大学
,major_line_2023,理科试验班,理科试验班（含中外合作学分项目。含数学与应用数学、信息与计算科学、统计学、材料物理、光电信息科学与工程、应用物理学、化学、应用化学、生物技术、化学）（基础学科卓越计划、生物技术）（基础学科卓越计划专业。含美国哥伦比亚大学、宾夕法尼亚大学、加州大学伯克利分校、加州大学圣塔芭芭拉分校、英国牛津大学、剑桥大学、澳大利亚昆士兰大学等校学分项目，中法“4+4”双学位项目）（生命学院、加州大学伯克利分校文理学院学分项目）（生命学院）（中外合作办学）,,,576,2023,本科批,,3118,575,0,上海,综合,,,西安交通大学
,major_line_2023,工商管理类,会计学（ACCA方向。新生入学还需一次性缴纳39000元的培训费、资料费等费用）,,,575,2023,本科批,,3118,575,0,上海,综合,,,西安交通大学
,major_line_2023,能源动力类,储能科学与工程（新工科卓越计划）,,,575,2023,本科批,,3118,575,0,上海,综合,,,西安交通大学
,major_line_2023,工科试验班,工科试验班（智能电气与信息类。含电气工程及其自动化、能源互联网工程、信息工程、电子科学与技术、微电子科学与工程、物联网工程、计算机科学与技术、自动化、软件工程、网络空间安全、生物医学工程专业）,,,576,2023,本科批,,3270,574,0,上海,综合,,,西安交通大学
,major_line_2023,工科试验班,工科试验班（经管类。含中外合作学分项目。含大数据管理与应用、工商管理、工业工程、经济学、财政学、金融学、国际经济与贸易、贸易经济、金融工程、经济统计学、电子商务专业。含美国加州大学伯克利分校文理学院、宾夕法尼亚大学、威斯康星大学麦迪逊分校、加州大学圣塔芭芭拉分校、加州大学戴维斯分校、英国牛津大学剑桥大学、加拿大英属哥伦比亚大学、澳大利亚新南威尔士大学、墨尔本大学、昆士兰大学等校学分项目，日本京都大学交换生项目）（中外合作办学）,,,574,2023,本科批,,3270,574,0,上海,综合,,,西安交通大学
,major_line_2023,数学类,数学类（含数学与应用数学、统计学专业）（语种:不限在广州校区南校园）,,,573,2023,本科批,,3586,572,0,上海,综合,,,中山大学
,major_line_2023,电子信息类,电子信息类（含通信工程、微电子科学与工程、光电信息科学与工程专业）（语种:不限在广州校区东校园）,,,572,2023,本科批,,3741,571,0,上海,综合,,,中山大学
,major_line_2023,物理学类,物理学（语种:不限在深圳校区）,,,571,2023,本科批,,3741,571,0,上海,综合,,,中山大学
,major_line_2023,生物科学类,生态学（语种:不限在深圳校区）,,,574,2023,本科批,,3914,570,0,上海,综合,,,中山大学
,major_line_2023,生物医学工程类,生物医学工程（无色盲、色弱）（语种:不限在深圳校区）,,,571,2023,本科批,,3914,570,0,上海,综合,,,中山大学
,major_line_2023,心理学类,心理学（无色盲、色弱）,,,571,2023,本科批,,3914,570,0,上海,综合,,,中山大学
,major_line_2023,环境科学与工程类,环境科学与工程类（含环境科学、环境工程专业）（语种:不限在广州校区东校园）,,,570,2023,本科批,,3914,570,0,上海,综合,,,中山大学
,major_line_2023,临床医学类,临床医学（无色盲、色弱）,,,574,2023,本科批,,3586,572,0,上海,综合,,,中山大学
,major_line_2023,临床医学类,临床医学（无色盲、色弱）,,,574,2023,本科批,,3586,572,0,上海,综合,,,中山大学
,major_line_2023,数学类,数学类（含数学与应用数学、统计学专业）（语种:不限在广州校区南校园）,,,573,2023,本科批,,3586,572,0,上海,综合,,,中山大学
,major_line_2023,电子信息类,电子信息类（含通信工程、微电子科学与工程、光电信息科学与工程专业）（语种:不限在广州校区东校园）,,,572,2023,本科批,,3741,571,0,上海,综合,,,中山大学
,major_line_2023,物理学类,物理学（语种:不限在深圳校区）,,,571,2023,本科批,,3741,571,0,上海,综合,,,中山大学
,major_line_2023,法学类,法学（语种:不限在广州校区东校园）,,,574,2023,本科批,,3914,570,0,上海,综合,,,中山大学
,major_line_2023,生物科学类,生态学（语种:不限在深圳校区）,,,574,2023,本科批,,3914,570,0,上海,综合,,,中山大学
,major_line_2023,中国语言文学类,汉语言文学（语种:不限在广州校区南校园）,,,571,2023,本科批,,3914,570,0,上海,综合,,,中山大学
,major_line_2023,生物医学工程类,生物医学工程（无色盲、色弱）（语种:不限在深圳校区）,,,571,2023,本科批,,3914,570,0,上海,综合,,,中山大学
,major_line_2023,心理学类,心理学（无色盲、色弱）,,,571,2023,本科批,,3914,570,0,上海,综合,,,中山大学
,major_line_2023,环境科学与工程类,环境科学与工程类（含环境科学、环境工程专业）（语种:不限在广州校区东校园）,,,570,2023,本科批,,3914,570,0,上海,综合,,,中山大学
,major_line_2023,新闻传播学类,新闻传播学类（含新闻学、传播学专业）（语种:不限在广州校区东校园）,,,569,2023,本科批,,4096,569,0,上海,综合,,,中山大学
,major_line_2023,经济学类,经济学（语种:不限在深圳校区）,,,569,2023,本科批,,4096,569,0,上海,综合,,,中山大学
,major_line_2023,公共管理类,公共管理类（含行政管理、政治学与行政学专业）（语种:不限在广州校区东校园）,,,568,2023,本科批,,4260,568,0,上海,综合,,,中山大学
,major_line_2023,法学类,法学（语种:不限在广州校区东校园）,,,574,2023,本科批,,3914,570,0,上海,综合,,,中山大学
,major_line_2023,中国语言文学类,汉语言文学（语种:不限在广州校区南校园）,,,571,2023,本科批,,3914,570,0,上海,综合,,,中山大学
,major_line_2023,新闻传播学类,新闻传播学类（含新闻学、传播学专业）（语种:不限在广州校区东校园）,,,569,2023,本科批,,4096,569,0,上海,综合,,,中山大学
,major_line_2023,经济学类,经济学（语种:不限在深圳校区）,,,569,2023,本科批,,4096,569,0,上海,综合,,,中山大学
,major_line_2023,公共管理类,公共管理类（含行政管理、政治学与行政学专业）（语种:不限在广州校区东校园）,,,568,2023,本科批,,4260,568,0,上海,综合,,,中山大学
,major_line_2023,工科试验班类,工科试验班类（未来空天领军计划。含智能飞行器技术、智能感知工程、智能制造工程、飞行器设计与工程、飞行器动力工程、材料科学与工程、交通运输、人工智能、网络空间安全、空天智能电推进技术专业。只录取有该专业志愿的考生）（学院路校区）,,,588,2023,本科批,,2393,580,0,上海,综合,,,北京航空航天大学
,major_line_2023,工科试验班类,工科试验班类（航空航天类。含智能飞行器技术、飞行器控制与信息工程、智能制造工程、飞行器设计与工程、飞行器动力工程、材料科学与工程、纳米材料与技术、能源与动力工程、工程力学、飞行器环境与生命保障工程、机械工程、飞行器制造工程、微机电系统工程、工业设计、机器人工程、生物医学工程、车辆工程、交通运输、飞行器适航技术、土木工程、飞行器质量与可靠性、安全工程、探测制导与控制技术、无人驾驶航空器系统工程、空天智能电推进技术专业）,,,583,2023,本科批,,2393,580,0,上海,综合,,,北京航空航天大学
,major_line_2023,理科试验班类,理科试验班类（华罗庚数学拔尖计划。数学与应用数学专业。含数学与应用数学计算机科学与技术双学士学位项目。只录取有该专业志愿的考生）（沙河校区）,,,583,2023,本科批,,2393,580,0,上海,综合,,,北京航空航天大学
,major_line_2023,工科试验班类,工科试验班类（信息类。含计算机科学与技术、人工智能、虚拟现实技术、智能感知工程、网络空间安全、电子信息工程、通信工程、电子科学与技术、集成电路设计与集成系统、光电信息科学与工程、电磁场与无线技术、交通运输、软件工程、自动化、电气工程及其自动化、机器人工程、信息对抗技术、信息安全、微电子科学与工程、测控技术与仪器、探测制导与控制技术、遥感科学与技术专业）（沙河校区）,,,582,2023,本科批,,2393,580,0,上海,综合,,,北京航空航天大学
,major_line_2023,理科试验班类,理科试验班类（含数学与应用数学、信息与计算科学、统计学、信息安全、应用物理学、核物理、物理学、环境工程、空间科学与技术、化学、应用化学、化学生物学专业）（沙河校区）,,,582,2023,本科批,,2393,580,0,上海,综合,,,北京航空航天大学
,major_line_2023,工科试验班类,工科试验班类（中外合作办学）（中法航空试验班。含电子信息工程、测控技术与仪器、飞行器适航技术、交通运输专业。与法国国立民航大学联合培养，本科阶段不可转入北京市各校区设立的学院学习）（中外合作办学）,,,572,2023,本科批,,3741,571,0,上海,综合,,,北京航空航天大学
,major_line_2023,社会科学试验班,社会科学试验班（含经济学、行政管理、法学、英语、翻译、德语、法语专业）,,,571,2023,本科批,,3914,570,0,上海,综合,,,北京航空航天大学
,major_line_2023,工科试验班类,工科试验班类（未来空天领军计划。含智能飞行器技术、智能感知工程、智能制造工程、飞行器设计与工程、飞行器动力工程、材料科学与工程、交通运输、人工智能、网络空间安全、空天智能电推进技术专业。只录取有该专业志愿的考生）（学院路校区）,,,588,2023,本科批,,2393,580,0,上海,综合,,,北京航空航天大学
,major_line_2023,理科试验班类,理科试验班类（华罗庚数学拔尖计划。数学与应用数学专业。含数学与应用数学计算机科学与技术双学士学位项目。只录取有该专业志愿的考生）（沙河校区）,,,583,2023,本科批,,2393,580,0,上海,综合,,,北京航空航天大学
,major_line_2023,工科试验班类,工科试验班类（信息类。含计算机科学与技术、人工智能、虚拟现实技术、智能感知工程、网络空间安全、电子信息工程、通信工程、电子科学与技术、集成电路设计与集成系统、光电信息科学与工程、电磁场与无线技术、交通运输、软件工程、自动化、电气工程及其自动化、机器人工程、信息对抗技术、信息安全、微电子科学与工程、测控技术与仪器、探测制导与控制技术、遥感科学与技术专业）（沙河校区）,,,582,2023,本科批,,2393,580,0,上海,综合,,,北京航空航天大学
,major_line_2023,理科试验班类,理科试验班类（含数学与应用数学、信息与计算科学、统计学、信息安全、应用物理学、核物理、物理学、环境工程、空间科学与技术、化学、应用化学、化学生物学专业）（沙河校区）,,,582,2023,本科批,,2393,580,0,上海,综合,,,北京航空航天大学
,major_line_2023,社会科学试验班,社会科学试验班（含经济学、行政管理、法学、英语、翻译、德语、法语专业）,,,571,2023,本科批,,3914,570,0,上海,综合,,,北京航空航天大学
,major_line_2023,工科试验班类,工科试验班类（中外合作办学）（中法航空试验班。含电子信息工程、测控技术与仪器、飞行器适航技术、交通运输专业。与法国国立民航大学联合培养，本科阶段不可转入北京市各校区设立的学院学习）（中外合作办学）,,,572,2023,本科批,,3741,571,0,上海,综合,,,北京航空航天大学
,major_line_2023,工科试验班类,工科试验班类（航空航天类。含智能飞行器技术、飞行器控制与信息工程、智能制造工程、飞行器设计与工程、飞行器动力工程、材料科学与工程、纳米材料与技术、能源与动力工程、工程力学、飞行器环境与生命保障工程、机械工程、飞行器制造工程、微机电系统工程、工业设计、机器人工程、生物医学工程、车辆工程、交通运输、飞行器适航技术、土木工程、飞行器质量与可靠性、安全工程、探测制导与控制技术、无人驾驶航空器系统工程、空天智能电推进技术专业）,,,583,2023,本科批,,2393,580,0,上海,综合,,,北京航空航天大学
,major_line_2023,工科试验班,工科试验班（吴健雄班。含信息工程等四年制理工科专业）,,,582,2023,本科批,,2262,581,0,上海,综合,,,东南大学
,major_line_2023,工科试验班,工科试验班（碳中和与智能制造实验班。含智能车辆工程、新能源科学与工程、机器人工程、电动载运工程、智能感知工程、测控技术与仪器、机械工程、核工程与核技术、建筑环境与能源应用工程、环境工程、电气工程及其自动化、能源与动力工程专业）,,,577,2023,本科批,,3118,575,0,上海,综合,,,东南大学
,major_line_2023,电子信息类,电子信息类（含信息工程、电子科学与技术、海洋信息工程专业）,,,577,2023,本科批,,3118,575,0,上海,综合,,,东南大学
,major_line_2023,计算机类,计算机类（含计算机科学与技术、软件工程、网络空间安全、人工智能专业）,,,577,2023,本科批,,3118,575,0,上海,综合,,,东南大学
,major_line_2023,工科试验班,工科试验班（吴健雄班。含信息工程等四年制理工科专业）,,,582,2023,本科批,,2262,581,0,上海,综合,,,东南大学
,major_line_2023,工科试验班,工科试验班（碳中和与智能制造实验班。含智能车辆工程、新能源科学与工程、机器人工程、电动载运工程、智能感知工程、测控技术与仪器、机械工程、核工程与核技术、建筑环境与能源应用工程、环境工程、电气工程及其自动化、能源与动力工程专业）,,,577,2023,本科批,,3118,575,0,上海,综合,,,东南大学
,major_line_2023,电子信息类,电子信息类（含信息工程、电子科学与技术、海洋信息工程专业）,,,577,2023,本科批,,3118,575,0,上海,综合,,,东南大学
,major_line_2023,计算机类,计算机类（含计算机科学与技术、软件工程、网络空间安全、人工智能专业）,,,577,2023,本科批,,3118,575,0,上海,综合,,,东南大学
,major_line_2023,建筑类,建筑类（含建筑学、城乡规划、风景园林专业）,,,575,2023,本科批,,3586,572,0,上海,综合,,,东南大学
,major_line_2023,建筑类,建筑类（含建筑学、城乡规划、风景园林专业）,,,575,2023,本科批,,3586,572,0,上海,综合,,,东南大学
,major_line_2023,工科试验班,工科试验班（未来精工技术方向。含智能制造工程、智能无人系统技术、人工智能、智能感知工程、网络空间安全、密码科学与技术、微电子科学与工程、数据科学与大数据技术专业）,,,584,2023,本科批,,2393,580,0,上海,综合,,,北京理工大学
,major_line_2023,工科试验班,工科试验班（徐特立英才班。含飞行器设计与工程、飞行器动力工程、航空航天工程、武器发射工程、探测制导与控制技术、工程力学、武器系统与工程、弹药工程与爆炸技术、特种能源技术与工程、安全工程、机械电子工程、智能无人系统技术、车辆工程、装甲车辆工程、能源与动力工程、机械工程、工业工程、智能制造工程、能源与动力工程）（含管理双学位、自动化、电气工程及其自动化、计算机科学与技术、软件工程、人工智能、数据科学与大数据技术网络空间安全、密码科学与技术、光电信息科学与工程、测控技术与仪器、智能感知工程、电子信息工程、电子科学与技术通）,,,581,2023,本科批,,2393,580,0,上海,综合,,,北京理工大学
,major_line_2023,工科试验班,工科试验班（宇航与机电类。含飞行器设计与工程、飞行器动力工程、航空航天工程、武器发射工程、探测制导与控制技术、工程力学、武器系统与工程、弹药工程与爆炸技术、特种能源技术与工程、安全工程、机械电子工程、智能无人系统技术专业）,,,577,2023,本科批,,2821,577,0,上海,综合,,,北京理工大学
,major_line_2023,工科试验班,工科试验班（信息科学技术方向。含自动化、电气工程及其自动化、机器人工程、计算机科学与技术、软件工程、人工智能、数据科学与大数据技术、网络空间安全、密码科学与技术、信息对抗技术专业）,,,578,2023,本科批,,2962,576,0,上海,综合,,,北京理工大学
,major_line_2023,工科试验班,工科试验班（电子信息实验班。含光电信息科学与工程、测控技术与仪器、智能感知工程、电子信息工程、电子科学与技术、通信工程微电子科学与工程专业）,,,577,2023,本科批,,2962,576,0,上海,综合,,,北京理工大学
,major_line_2023,理科试验班,理科试验班（理学与材料菁英班。含化学工程与工艺）（含管理双学位、新能源材料与器件）（含管理双学位、应用化学）（含微纳制造双学位、生物技术）（含AI双学位、材料科学与工程、材料成型及控制工程、高分子材料与工程、材料化学、新能源材料与器件、电子封装技术、化学、应用化学、化学工程与工艺、制药工程、能源化学工程、生物医学工程、生物技术、数学与应用数学、信息与计算科学、统计学、量子信息科学、应用物理学、生物技术）（中国农业大学联培智能生物与精准医疗人才专业）,,,572,2023,本科批,,4096,569,0,上海,综合,,,北京理工大学
,major_line_2023,理科试验班,理科试验班（理学与材料菁英班。含化学工程与工艺）（含管理双学位、新能源材料与器件）（含管理双学位、应用化学）（含微纳制造双学位、生物技术）（含AI双学位、材料科学与工程、材料成型及控制工程、高分子材料与工程、材料化学、新能源材料与器件、电子封装技术、化学、应用化学、化学工程与工艺、制药工程、能源化学工程、生物医学工程、生物技术、数学与应用数学、信息与计算科学、统计学、量子信息科学、应用物理学、生物技术）（中国农业大学联培智能生物与精准医疗人才专业）,,,572,2023,本科批,,4096,569,0,上海,综合,,,北京理工大学
,major_line_2023,工科试验班,工科试验班（未来精工技术方向。含智能制造工程、智能无人系统技术、人工智能、智能感知工程、网络空间安全、密码科学与技术、微电子科学与工程、数据科学与大数据技术专业）,,,584,2023,本科批,,2393,580,0,上海,综合,,,北京理工大学
,major_line_2023,工科试验班,工科试验班（徐特立英才班。含飞行器设计与工程、飞行器动力工程、航空航天工程、武器发射工程、探测制导与控制技术、工程力学、武器系统与工程、弹药工程与爆炸技术、特种能源技术与工程、安全工程、机械电子工程、智能无人系统技术、车辆工程、装甲车辆工程、能源与动力工程、机械工程、工业工程、智能制造工程、能源与动力工程）（含管理双学位、自动化、电气工程及其自动化、计算机科学与技术、软件工程、人工智能、数据科学与大数据技术网络空间安全、密码科学与技术、光电信息科学与工程、测控技术与仪器、智能感知工程、电子信息工程、电子科学与技术通）,,,581,2023,本科批,,2393,580,0,上海,综合,,,北京理工大学
,major_line_2023,工科试验班,工科试验班（宇航与机电类。含飞行器设计与工程、飞行器动力工程、航空航天工程、武器发射工程、探测制导与控制技术、工程力学、武器系统与工程、弹药工程与爆炸技术、特种能源技术与工程、安全工程、机械电子工程、智能无人系统技术专业）,,,577,2023,本科批,,2821,577,0,上海,综合,,,北京理工大学
,major_line_2023,工科试验班,工科试验班（信息科学技术方向。含自动化、电气工程及其自动化、机器人工程、计算机科学与技术、软件工程、人工智能、数据科学与大数据技术、网络空间安全、密码科学与技术、信息对抗技术专业）,,,578,2023,本科批,,2962,576,0,上海,综合,,,北京理工大学
,major_line_2023,工科试验班,工科试验班（电子信息实验班。含光电信息科学与工程、测控技术与仪器、智能感知工程、电子信息工程、电子科学与技术、通信工程微电子科学与工程专业）,,,577,2023,本科批,,2962,576,0,上海,综合,,,北京理工大学
,major_line_2023,临床医学类,临床医学（国家级一流本科专业建设点，国家级特色专业）,,,576,2023,本科批,,3270,574,0,上海,综合,,,四川大学
,major_line_2023,口腔医学类,口腔医学（本硕博贯通式培养。口腔医学专业由于学习、就业的特殊性，左利手）（俗称“左撇子”考生慎报）,,,598,2023,本科批,,2393,580,0,上海,综合,,,四川大学
,major_line_2023,口腔医学类,口腔医学（5+3一体化。本科、硕士贯通式培养，医师规范化培训。口腔医学专业由于学习、就业的特殊性，左利手）（俗称“左撇子”考生慎报）,,,585,2023,本科批,,2393,580,0,上海,综合,,,四川大学
,major_line_2023,口腔医学类,口腔医学（国家级一流本科专业建设点，“双一流建设”学科。口腔医学专业由于学习、就业的特殊性，左利手）（俗称“左撇子”考生慎报）,,,584,2023,本科批,,2393,580,0,上海,综合,,,四川大学
,major_line_2023,计算机类,计算机科学与技术（中外合作办学）（中外合作办学）,,,567,2023,本科批,,4600,566,0,上海,综合,,,四川大学
,major_line_2023,电子信息类,电子信息工程（中外合作办学）（中外合作办学）,,,568,2023,本科批,,4750,565,0,上海,综合,,,四川大学
,major_line_2023,工业工程类,工业工程（中外合作办学）（中外合作办学）,,,565,2023,本科批,,4750,565,0,上海,综合,,,四川大学
,major_line_2023,材料类,材料科学与工程（中外合作办学）（中外合作办学）,,,564,2023,本科批,,4910,564,0,上海,综合,,,四川大学
,major_line_2023,计算机类,计算机类（含计算机科学与技术、物联网工程、人工智能专业。学校“基础学科拔尖学生培养计划2.0”，交叉学科试验班，拥有国家级一流本科专业建设点）,,,572,2023,本科批,,3741,571,0,上海,综合,,,四川大学
,major_line_2023,计算机类,软件工程（国家级一流本科专业建设点）,,,569,2023,本科批,,4260,568,0,上海,综合,,,四川大学
,major_line_2023,电子信息类,电子信息类（含电子信息工程、光电信息科学与工程、通信工程专业。教育部“卓越工程师”计划，拥有国家级一流本科专业建设点）,,,569,2023,本科批,,4260,568,0,上海,综合,,,四川大学
,major_line_2023,材料类,材料类（新能源与纳米材料方向。含新能源材料与器件、材料科学与工程专业。交叉创新班，拥有国家级一流本科专业建设点）,,,568,2023,本科批,,4260,568,0,上海,综合,,,四川大学
,major_line_2023,工科试验班,工科试验班（互联化工方向。化学工程与工艺）（互联化工交叉试验班专业。“化工+计算机”交叉融合创新班）,,,568,2023,本科批,,4425,567,0,上海,综合,,,四川大学
,major_line_2023,经济学类,经济学类（含国际经济与贸易、经济学、国民经济管理、财政学专业。“经济+”交叉培养，学校“基础学科拔尖学生培养计划2.0”，拥有国家级一流本科专业建设点）,,,565,2023,本科批,,4910,564,0,上海,综合,,,四川大学
,major_line_2023,金融学类,金融学类（含金融学、金融工程专业。“金融+”交叉培养，拥有国家级一流本科专业建设点）,,,564,2023,本科批,,5080,563,0,上海,综合,,,四川大学
,major_line_2023,工商管理类,会计学（ACCA方向。须另交ACCA专项培训费7600元/年）（不包括ACCA注册费、全球统一考试费、教材费、ACCA年费等。该专业对外语和数学要求较高）,,,564,2023,本科批,,5270,562,0,上海,综合,,,四川大学
,major_line_2023,中国语言文学类,中国语言文学类（含汉语言文学、汉语国际教育专业。国家级“基础学科拔尖学生培养计划2.0”，拥有国家级一流本科专业建设点）,,,563,2023,本科批,,5270,562,0,上海,综合,,,四川大学
,major_line_2023,口腔医学类,口腔医学（本硕博贯通式培养。口腔医学专业由于学习、就业的特殊性，左利手）（俗称“左撇子”考生慎报）,,,598,2023,本科批,,2393,580,0,上海,综合,,,四川大学
,major_line_2023,口腔医学类,口腔医学（5+3一体化。本科、硕士贯通式培养，医师规范化培训。口腔医学专业由于学习、就业的特殊性，左利手）（俗称“左撇子”考生慎报）,,,585,2023,本科批,,2393,580,0,上海,综合,,,四川大学
,major_line_2023,口腔医学类,口腔医学（国家级一流本科专业建设点，“双一流建设”学科。口腔医学专业由于学习、就业的特殊性，左利手）（俗称“左撇子”考生慎报）,,,584,2023,本科批,,2393,580,0,上海,综合,,,四川大学
,major_line_2023,临床医学类,临床医学（国家级一流本科专业建设点，国家级特色专业）,,,576,2023,本科批,,3270,574,0,上海,综合,,,四川大学
,major_line_2023,计算机类,计算机类（含计算机科学与技术、物联网工程、人工智能专业。学校“基础学科拔尖学生培养计划2.0”，交叉学科试验班，拥有国家级一流本科专业建设点）,,,572,2023,本科批,,3741,571,0,上海,综合,,,四川大学
,major_line_2023,计算机类,软件工程（国家级一流本科专业建设点）,,,569,2023,本科批,,4260,568,0,上海,综合,,,四川大学
,major_line_2023,电子信息类,电子信息类（含电子信息工程、光电信息科学与工程、通信工程专业。教育部“卓越工程师”计划，拥有国家级一流本科专业建设点）,,,569,2023,本科批,,4260,568,0,上海,综合,,,四川大学
,major_line_2023,材料类,材料类（新能源与纳米材料方向。含新能源材料与器件、材料科学与工程专业。交叉创新班，拥有国家级一流本科专业建设点）,,,568,2023,本科批,,4260,568,0,上海,综合,,,四川大学
,major_line_2023,工科试验班,工科试验班（互联化工方向。化学工程与工艺）（互联化工交叉试验班专业。“化工+计算机”交叉融合创新班）,,,568,2023,本科批,,4425,567,0,上海,综合,,,四川大学
,major_line_2023,计算机类,计算机科学与技术（中外合作办学）（中外合作办学）,,,567,2023,本科批,,4600,566,0,上海,综合,,,四川大学
,major_line_2023,电子信息类,电子信息工程（中外合作办学）（中外合作办学）,,,568,2023,本科批,,4750,565,0,上海,综合,,,四川大学
,major_line_2023,工业工程类,工业工程（中外合作办学）（中外合作办学）,,,565,2023,本科批,,4750,565,0,上海,综合,,,四川大学
,major_line_2023,经济学类,经济学类（含国际经济与贸易、经济学、国民经济管理、财政学专业。“经济+”交叉培养，学校“基础学科拔尖学生培养计划2.0”，拥有国家级一流本科专业建设点）,,,565,2023,本科批,,4910,564,0,上海,综合,,,四川大学
,major_line_2023,材料类,材料科学与工程（中外合作办学）（中外合作办学）,,,564,2023,本科批,,4910,564,0,上海,综合,,,四川大学
,major_line_2023,金融学类,金融学类（含金融学、金融工程专业。“金融+”交叉培养，拥有国家级一流本科专业建设点）,,,564,2023,本科批,,5080,563,0,上海,综合,,,四川大学
,major_line_2023,工商管理类,会计学（ACCA方向。须另交ACCA专项培训费7600元/年）（不包括ACCA注册费、全球统一考试费、教材费、ACCA年费等。该专业对外语和数学要求较高）,,,564,2023,本科批,,5270,562,0,上海,综合,,,四川大学
,major_line_2023,中国语言文学类,中国语言文学类（含汉语言文学、汉语国际教育专业。国家级“基础学科拔尖学生培养计划2.0”，拥有国家级一流本科专业建设点）,,,563,2023,本科批,,5270,562,0,上海,综合,,,四川大学
,major_line_2023,数学类,数学与应用数学（中外合作办学）（与俄罗斯圣彼得堡国立大学合作。入学后不得转专业）（中外合作办学）,,,567,2023,本科批,,4425,567,0,上海,综合,,,哈尔滨工业大学
,major_line_2023,物理学类,应用物理学（中外合作办学）（与俄罗斯圣彼得堡国立大学合作。入学后不得转专业）（中外合作办学）,,,567,2023,本科批,,5080,563,0,上海,综合,,,哈尔滨工业大学
,major_line_2023,工科试验班,工科试验班（英才本硕博连读。含飞行器设计与工程、自动化、电气工程及其自动化、微电子科学与工程、通信工程、电子信息工程、计算机科学与技术、数据科学与大数据技术、信息安全、机械电子工程、机器人工程、焊接技术与工程、材料科学与工程、电子封装技术、能源与动力工程、飞行器动力工程、智能感知工程、测控技术与仪器、土木工程、环境工程、道路桥梁与渡河工程、智慧建筑与建造、新能源材料与器件、计算金融专业。校本部理工专业任选。本硕博贯通培养。硕士、博士阶段学制、学费等按学校研究生有关规定执行）,,,581,2023,本科批,,2520,579,0,上海,综合,,,哈尔滨工业大学
,major_line_2023,工科试验班,工科试验班（计算机与电子通信方向。含通信工程、电磁场与无线技术、电子信息工程、遥感科学与技术、信息对抗技术、智能测控工程、计算机科学与技术、信息安全、网络空间安全、物联网工程、软件工程、人工智能数据科学与大数据技术、光电信息科学与工程专业。本专业类内任选专业）,,,577,2023,本科批,,2962,576,0,上海,综合,,,哈尔滨工业大学
,major_line_2023,工科试验班,工科试验班（英才本硕博连读。含飞行器设计与工程、自动化、电气工程及其自动化、微电子科学与工程、通信工程、电子信息工程、计算机科学与技术、数据科学与大数据技术、信息安全、机械电子工程、机器人工程、焊接技术与工程、材料科学与工程、电子封装技术、能源与动力工程、飞行器动力工程、智能感知工程、测控技术与仪器、土木工程、环境工程、道路桥梁与渡河工程、智慧建筑与建造、新能源材料与器件、计算金融专业。校本部理工专业任选。本硕博贯通培养。硕士、博士阶段学制、学费等按学校研究生有关规定执行）,,,581,2023,本科批,,2520,579,0,上海,综合,,,哈尔滨工业大学
,major_line_2023,工科试验班,工科试验班（计算机与电子通信方向。含通信工程、电磁场与无线技术、电子信息工程、遥感科学与技术、信息对抗技术、智能测控工程、计算机科学与技术、信息安全、网络空间安全、物联网工程、软件工程、人工智能数据科学与大数据技术、光电信息科学与工程专业。本专业类内任选专业）,,,577,2023,本科批,,2962,576,0,上海,综合,,,哈尔滨工业大学
,major_line_2023,数学类,数学与应用数学（中外合作办学）（与俄罗斯圣彼得堡国立大学合作。入学后不得转专业）（中外合作办学）,,,567,2023,本科批,,4425,567,0,上海,综合,,,哈尔滨工业大学
,major_line_2023,物理学类,应用物理学（中外合作办学）（与俄罗斯圣彼得堡国立大学合作。入学后不得转专业）（中外合作办学）,,,567,2023,本科批,,5080,563,0,上海,综合,,,哈尔滨工业大学
,major_line_2023,机械类,工业设计（中外合作办学）（与瑞士苏黎世艺术大学合作。入学后不得转专业）（中外合作办学）,,,564,2023,本科批,,5080,563,0,上海,综合,,,哈尔滨工业大学
,major_line_2023,管理科学与工程类,大数据管理与应用（中外合作办学）（与法国里昂商学院合作。入学后不得转专业。学费以最终批复为准）（中外合作办学）,,,564,2023,本科批,,5080,563,0,上海,综合,,,哈尔滨工业大学
,major_line_2023,机械类,工业设计（中外合作办学）（与瑞士苏黎世艺术大学合作。入学后不得转专业）（中外合作办学）,,,564,2023,本科批,,5080,563,0,上海,综合,,,哈尔滨工业大学
,major_line_2023,管理科学与工程类,大数据管理与应用（中外合作办学）（与法国里昂商学院合作。入学后不得转专业。学费以最终批复为准）（中外合作办学）,,,564,2023,本科批,,5080,563,0,上海,综合,,,哈尔滨工业大学
,major_line_2023,护理学类,护理学,,,538,2023,本科批,,12194,530,0,上海,综合,,,北京协和医学院
,major_line_2023,护理学类,护理学,,,538,2023,本科批,,12194,530,0,上海,综合,,,北京协和医学院
,major_line_2023,护理学类,护理学（入学后原则上不实行校内转专业政策）,,,542,2023,本科批,,10565,537,0,上海,综合,,,同济大学
,major_line_2023,人文科学试验班,人文科学试验班（含广播电视学、德语、英语、日语、哲学、文化产业管理、汉语言文学专业。含双学位培养项目德语-政治学与行政学、法学-英语。可参加拔尖人才培养特区选拔，拔尖人才培养特区收费标准详见院校公告）,,,577,2023,本科批,,3741,571,0,上海,综合,,,同济大学
,major_line_2023,社会科学试验班,社会科学试验班（含法学、政治学与行政学专业。含双学位培养项目德语-政治学与行政学、法学-英语、土木工程-法学。可参加拔尖人才培养特区选拔，拔尖人才培养特区收费标准详见院校公告）,,,576,2023,本科批,,3741,571,0,上海,综合,,,同济大学
,major_line_2023,工科试验班,工科试验班（国豪精英班。工科拔尖人才培养计划。所有工科专业任选，本博贯通培养。专业确认后按专业标准收费）,,,588,2023,本科批,,2393,580,0,上海,综合,,,同济大学
,major_line_2023,工科试验班,工科试验班（信息类。含计算机科学与技术、信息安全数据科学与大数据技术、电气工程及其自动化、自动化、通信工程、人工智能、微电子科学与工程、软件工程、测绘工程光电信息科学与工程专业。含双学位培养项目光电信息科学与工程-应用物理学、测绘工程-应用物理学、视觉传达设计人-工智能。可参加拔尖人才培养特区选拔，拔尖人才培养特区收费标准详见院校公告。分流专业中软件工程专业三、四年级收费标准为16000元/年。分流专业中测绘工程专业二年级起收费标准为7700元/年）,,,584,2023,本科批,,2393,580,0,上海,综合,,,同济大学
,major_line_2023,工科试验班,工科试验班（建筑规划景观与设计类。含建筑学（五年制、历史建筑保护工程、城乡规划）（五年制、风景园林、城市设计、工业设计专业可参加拔尖人才培养特区选拔，拔尖人才培养特区收费标准详见院校公告。无色盲、色弱））,,,582,2023,本科批,,2393,580,0,上海,综合,,,同济大学
,major_line_2023,工科试验班,工科试验班（智能交通与车辆类。含交通工程、交通运输、车辆工程）（汽车）（五年制、车辆工程专业。含双学位培养项目交通工程-数学与应用数学。可参加拔尖人才培养特区选拔，拔尖人才培养特区收费标准详见院校公告）,,,582,2023,本科批,,2393,580,0,上海,综合,,,同济大学
,major_line_2023,工科试验班,工科试验班（智能化制造与先进材料类。含新能源材料与器件、材料科学与工程、机械设计制造及其自动化、能源与动力工程、智能制造工程、飞行器制造工程、建筑环境与能源应用工程专业。含双学位培养项目能源与动力工程-应用化学。可参加拔尖人才培养特区选拔，拔尖人才培养特区收费标准详见院校公告。分流专业中建筑环境与能源应用工程专业二年级起收费标准为7700元/年）,,,581,2023,本科批,,2393,580,0,上海,综合,,,同济大学
,major_line_2023,经济管理试验班,经济管理试验班（含工程管理、信息管理与信息系统、物流管理、会计学、金融学专业。含双学位培养项目金融学-数学与应用数学、环境科学-会计学。可参加拔尖人才培养特区选拔，拔尖人才培养特区收费标准详见院校公告）,,,581,2023,本科批,,2393,580,0,上海,综合,,,同济大学
,major_line_2023,工科试验班,工科试验班（国豪精英班。工科拔尖人才培养计划。所有工科专业任选，本博贯通培养。专业确认后按专业标准收费）,,,588,2023,本科批,,2393,580,0,上海,综合,,,同济大学
,major_line_2023,工科试验班,工科试验班（信息类。含计算机科学与技术、信息安全数据科学与大数据技术、电气工程及其自动化、自动化、通信工程、人工智能、微电子科学与工程、软件工程、测绘工程光电信息科学与工程专业。含双学位培养项目光电信息科学与工程-应用物理学、测绘工程-应用物理学、视觉传达设计人-工智能。可参加拔尖人才培养特区选拔，拔尖人才培养特区收费标准详见院校公告。分流专业中软件工程专业三、四年级收费标准为16000元/年。分流专业中测绘工程专业二年级起收费标准为7700元/年）,,,584,2023,本科批,,2393,580,0,上海,综合,,,同济大学
,major_line_2023,工科试验班,工科试验班（建筑规划景观与设计类。含建筑学（五年制、历史建筑保护工程、城乡规划）（五年制、风景园林、城市设计、工业设计专业可参加拔尖人才培养特区选拔，拔尖人才培养特区收费标准详见院校公告。无色盲、色弱））,,,582,2023,本科批,,2393,580,0,上海,综合,,,同济大学
,major_line_2023,工科试验班,工科试验班（智能交通与车辆类。含交通工程、交通运输、车辆工程）（汽车）（五年制、车辆工程专业。含双学位培养项目交通工程-数学与应用数学。可参加拔尖人才培养特区选拔，拔尖人才培养特区收费标准详见院校公告）,,,582,2023,本科批,,2393,580,0,上海,综合,,,同济大学
,major_line_2023,工科试验班,工科试验班（智能化制造与先进材料类。含新能源材料与器件、材料科学与工程、机械设计制造及其自动化、能源与动力工程、智能制造工程、飞行器制造工程、建筑环境与能源应用工程专业。含双学位培养项目能源与动力工程-应用化学。可参加拔尖人才培养特区选拔，拔尖人才培养特区收费标准详见院校公告。分流专业中建筑环境与能源应用工程专业二年级起收费标准为7700元/年）,,,581,2023,本科批,,2393,580,0,上海,综合,,,同济大学
,major_line_2023,经济管理试验班,经济管理试验班（含工程管理、信息管理与信息系统、物流管理、会计学、金融学专业。含双学位培养项目金融学-数学与应用数学、环境科学-会计学。可参加拔尖人才培养特区选拔，拔尖人才培养特区收费标准详见院校公告）,,,581,2023,本科批,,2393,580,0,上海,综合,,,同济大学
,major_line_2023,人文科学试验班,人文科学试验班（含广播电视学、德语、英语、日语、哲学、文化产业管理、汉语言文学专业。含双学位培养项目德语-政治学与行政学、法学-英语。可参加拔尖人才培养特区选拔，拔尖人才培养特区收费标准详见院校公告）,,,577,2023,本科批,,3741,571,0,上海,综合,,,同济大学
,major_line_2023,社会科学试验班,社会科学试验班（含法学、政治学与行政学专业。含双学位培养项目德语-政治学与行政学、法学-英语、土木工程-法学。可参加拔尖人才培养特区选拔，拔尖人才培养特区收费标准详见院校公告）,,,576,2023,本科批,,3741,571,0,上海,综合,,,同济大学
,major_line_2023,医学技术类,康复物理治疗（入学后原则上不实行校内转专业政策）,,,552,2023,本科批,,8464,546,0,上海,综合,,,同济大学
,major_line_2023,护理学类,护理学（入学后原则上不实行校内转专业政策）,,,542,2023,本科批,,10565,537,0,上海,综合,,,同济大学
,major_line_2023,医学技术类,康复物理治疗（入学后原则上不实行校内转专业政策）,,,552,2023,本科批,,8464,546,0,上海,综合,,,同济大学
,major_line_2023,法学类,法学（入校后可参与选拔项目法学-新闻学、工商管理-法学、涉外法治3个双主学位项目。国际交流含哈佛大学、鲁汶大学、新加坡国立大学等免学费交换项目，“亚洲校园+”项目）（中日韩三国政府奖学金支持、中欧欧洲法国际组织后备人才培养项目）（国家留基委资助等）,,,609,2023,本科批,,212,609,0,上海,综合,,,中国人民大学
,major_line_2023,新闻传播学类,新闻传播学类（含新闻学、广播电视学、广告学、传播学、国际新闻与传播专业。无时点专业选择。入校后可参与选拔项目法学-新闻学）（保研率超70%、传播学-公共管理、新媒体运营-数据管理3个双主学位项目，创意传播实验班。国际交流与哥伦比亚大学、加州大学戴维斯分校等世界知名大学新闻院系是姊妹院校合作关系，境外交流奖学金资助全员覆盖）,,,603,2023,本科批,,437,603,0,上海,综合,,,中国人民大学
,major_line_2023,人文科学试验班,人文科学试验班（汉语言、历史学、世界史、考古学、艺术管理专业）（艺术管理专业选择遵循学生意愿，不设人数限制。入校后可参与选拔项目古典学实验班，政治学历史学、经济学历史学、社会学历史学、国学古典学）（保研率超80%4个双主学位项目。国际交流含日本东京大学互访研学项目、牛津大学赫特福德学院学生交换项目、比利时根特大学和美国夏威夷大学3+1+1本硕联合培养项目等）,,,601,2023,本科批,,535,601,0,上海,综合,,,中国人民大学
,major_line_2023,经济学类,经济学类（含经济学、国民经济管理、能源经济、国际经济与贸易、数字经济专业。无时点专业选择。入校后可参与选拔项目经济学-数学、应用经济-数据科学、应用经济-农村区域发展管理、经济学-社会学、经济学-历史学5个双主学位项目，经济学）（中国特色经济学拔尖班。国际交流含美国伊利诺伊大学香槟分校、威斯康星大学麦迪逊分校等联合培养项目）,,,598,2023,本科批,,1288,590,0,上海,综合,,,中国人民大学
,major_line_2023,电子信息类,人工智能（拔尖班。本硕博贯通长周期、“有温度的”AI+交叉培养，配有与国际接轨的专业课程，设置“本科生科研领航计划”，已和20多家企事业单位成立了实践基地，和华为、快手、百度、京东、阿里开展了广泛科研合作，培养人工智能领域拔尖人才）,,,590,2023,本科批,,1366,589,0,上海,综合,,,中国人民大学
,major_line_2023,统计学类,统计学类（含经济统计学、应用统计学、统计学、数据科学与大数据技术专业。入校后可参与选拔项目统计学）（统计与数据科学拔尖班，应用经济-数据科学）（理学、经济学、统计-公共管理）（经济学、管理学、数据科学-营销管理）（理学、管理学3个双主学位项目。国际交流含威斯康星大学统计学本硕连读项目、爱荷华州立大学统计学博士推荐项目等）,,,588,2023,本科批,,1468,588,0,上海,综合,,,中国人民大学
,major_line_2023,金融学类,金融学类（含金融学、金融工程、保险学、信用管理专业。入校后可参与选拔项目金融学-数学、金融学-数据科学与大数据技术）（工学2个双主学位项目。国际交流含剑桥大学本科生访学、康奈尔大学暑期学校、伊利诺伊大学香槟分校、明尼苏达双城大学、杜伦大学、玛丽女王大学、法兰克福大学、新加坡管理大学双硕士学位联合培养等）,,,592,2023,本科批,,1573,587,0,上海,综合,,,中国人民大学
,major_line_2023,社会科学试验班,社会科学试验班（管理学科类。含资源与环境经济学、农林经济管理、农村区域发展、行政管理、城市管理、土地资源管理、信息资源管理、档案学专业。入校后可参与选拔项目“经济学-科学”实验班，传播学-公共管理、统计-公共管理、资源环境经济学-公共管理学3个双主学位项目。国际交流美国华盛顿大学、德国慕尼黑工业大学、荷兰格罗宁根大学、加拿大里贾纳及萨斯喀彻温大学、日本一桥大学等院际学生交换项目）,,,584,2023,本科批,,1900,584,0,上海,综合,,,中国人民大学
,major_line_2023,金融学类,金融学类（含金融学、金融工程、保险学、信用管理专业。入校后可参与选拔项目金融学-数学、金融学-数据科学与大数据技术）（工学2个双主学位项目。国际交流含剑桥大学本科生访学、康奈尔大学暑期学校、伊利诺伊大学香槟分校、明尼苏达双城大学、杜伦大学、玛丽女王大学、法兰克福大学、新加坡管理大学双硕士学位联合培养等）,,,592,2023,本科批,,1573,587,0,上海,综合,,,中国人民大学
,major_line_2023,电子信息类,人工智能（拔尖班。本硕博贯通长周期、“有温度的”AI+交叉培养，配有与国际接轨的专业课程，设置“本科生科研领航计划”，已和20多家企事业单位成立了实践基地，和华为、快手、百度、京东、阿里开展了广泛科研合作，培养人工智能领域拔尖人才）,,,590,2023,本科批,,1366,589,0,上海,综合,,,中国人民大学
,major_line_2023,统计学类,统计学类（含经济统计学、应用统计学、统计学、数据科学与大数据技术专业。入校后可参与选拔项目统计学）（统计与数据科学拔尖班，应用经济-数据科学）（理学、经济学、统计-公共管理）（经济学、管理学、数据科学-营销管理）（理学、管理学3个双主学位项目。国际交流含威斯康星大学统计学本硕连读项目、爱荷华州立大学统计学博士推荐项目等）,,,588,2023,本科批,,1468,588,0,上海,综合,,,中国人民大学
,major_line_2023,法学类,法学（入校后可参与选拔项目法学-新闻学、工商管理-法学、涉外法治3个双主学位项目。国际交流含哈佛大学、鲁汶大学、新加坡国立大学等免学费交换项目，“亚洲校园+”项目）（中日韩三国政府奖学金支持、中欧欧洲法国际组织后备人才培养项目）（国家留基委资助等）,,,609,2023,本科批,,212,609,0,上海,综合,,,中国人民大学
,major_line_2023,新闻传播学类,新闻传播学类（含新闻学、广播电视学、广告学、传播学、国际新闻与传播专业。无时点专业选择。入校后可参与选拔项目法学-新闻学）（保研率超70%、传播学-公共管理、新媒体运营-数据管理3个双主学位项目，创意传播实验班。国际交流与哥伦比亚大学、加州大学戴维斯分校等世界知名大学新闻院系是姊妹院校合作关系，境外交流奖学金资助全员覆盖）,,,603,2023,本科批,,437,603,0,上海,综合,,,中国人民大学
,major_line_2023,人文科学试验班,人文科学试验班（汉语言、历史学、世界史、考古学、艺术管理专业）（艺术管理专业选择遵循学生意愿，不设人数限制。入校后可参与选拔项目古典学实验班，政治学历史学、经济学历史学、社会学历史学、国学古典学）（保研率超80%4个双主学位项目。国际交流含日本东京大学互访研学项目、牛津大学赫特福德学院学生交换项目、比利时根特大学和美国夏威夷大学3+1+1本硕联合培养项目等）,,,601,2023,本科批,,535,601,0,上海,综合,,,中国人民大学
,major_line_2023,经济学类,经济学类（含经济学、国民经济管理、能源经济、国际经济与贸易、数字经济专业。无时点专业选择。入校后可参与选拔项目经济学-数学、应用经济-数据科学、应用经济-农村区域发展管理、经济学-社会学、经济学-历史学5个双主学位项目，经济学）（中国特色经济学拔尖班。国际交流含美国伊利诺伊大学香槟分校、威斯康星大学麦迪逊分校等联合培养项目）,,,598,2023,本科批,,1288,590,0,上海,综合,,,中国人民大学
,major_line_2023,社会科学试验班,社会科学试验班（管理学科类。含资源与环境经济学、农林经济管理、农村区域发展、行政管理、城市管理、土地资源管理、信息资源管理、档案学专业。入校后可参与选拔项目“经济学-科学”实验班，传播学-公共管理、统计-公共管理、资源环境经济学-公共管理学3个双主学位项目。国际交流美国华盛顿大学、德国慕尼黑工业大学、荷兰格罗宁根大学、加拿大里贾纳及萨斯喀彻温大学、日本一桥大学等院际学生交换项目）,,,584,2023,本科批,,1900,584,0,上海,综合,,,中国人民大学
,major_line_2023,经济学类,经济学,,,572,2023,本科批,,4260,568,0,上海,综合,,,北京师范大学
,major_line_2023,金融学类,金融学,,,568,2023,本科批,,4260,568,0,上海,综合,,,北京师范大学
,major_line_2023,外国语言文学类,英语（语种:英语）,,,568,2023,本科批,,4260,568,0,上海,综合,,,北京师范大学
,major_line_2023,经济学类,经济学,,,572,2023,本科批,,4260,568,0,上海,综合,,,北京师范大学
,major_line_2023,金融学类,金融学,,,568,2023,本科批,,4260,568,0,上海,综合,,,北京师范大学
,major_line_2023,外国语言文学类,英语（语种:英语）,,,568,2023,本科批,,4260,568,0,上海,综合,,,北京师范大学
,major_line_2023,工科试验班,工科试验班（未来技术学院。考生可任选“未来智能机器与系统”平台、储能科学与工程专业以及全校所有招生大类内的所有专业）,,,572,2023,本科批,,3741,571,0,上海,综合,,,天津大学
,major_line_2023,工科试验班,工科试验班（电子科学技术类。含集成电路设计与集成系统、电子科学与技术）（微电子专业）,,,571,2023,本科批,,3741,571,0,上海,综合,,,天津大学
,major_line_2023,建筑类,建筑类（含建筑学、城乡规划、风景园林专业）,,,570,2023,本科批,,4096,569,0,上海,综合,,,天津大学
,major_line_2023,化学类,分子科学与工程（与南开大学合办）,,,571,2023,本科批,,4260,568,0,上海,综合,,,天津大学
,major_line_2023,化工与制药类,化工与制药类（化工能源与生命医药试验班。含化学工程与工艺、生物工程、合成生物学、食品科学与工程、精细化工、制药工程专业）,,,568,2023,本科批,,4425,567,0,上海,综合,,,天津大学
,major_line_2023,建筑类,建筑学（中外合作办学）（学费在该校期间为20000元/年，大四在法国期间为7500欧元/年）（中外合作办学）,,,566,2023,本科批,,5080,563,0,上海,综合,,,天津大学
,major_line_2023,化学类,分子科学与工程（与南开大学合办）,,,571,2023,本科批,,4260,568,0,上海,综合,,,天津大学
,major_line_2023,建筑类,建筑学（中外合作办学）（学费在该校期间为20000元/年，大四在法国期间为7500欧元/年）（中外合作办学）,,,566,2023,本科批,,5080,563,0,上海,综合,,,天津大学
,major_line_2023,化工与制药类,化工与制药类（化工能源与生命医药试验班。含化学工程与工艺、生物工程、合成生物学、食品科学与工程、精细化工、制药工程专业）,,,568,2023,本科批,,4425,567,0,上海,综合,,,天津大学
,major_line_2023,建筑类,建筑类（含建筑学、城乡规划、风景园林专业）,,,570,2023,本科批,,4096,569,0,上海,综合,,,天津大学
,major_line_2023,工科试验班,工科试验班（未来技术学院。考生可任选“未来智能机器与系统”平台、储能科学与工程专业以及全校所有招生大类内的所有专业）,,,572,2023,本科批,,3741,571,0,上海,综合,,,天津大学
,major_line_2023,工科试验班,工科试验班（电子科学技术类。含集成电路设计与集成系统、电子科学与技术）（微电子专业）,,,571,2023,本科批,,3741,571,0,上海,综合,,,天津大学
,major_line_2023,中国语言文学类,中国语言文学类（含汉语言文学、新闻学、网络与新媒体、汉语国际教育专业。国家文科基础学科人才培养和科学研究优秀基地，国家级一流本科专业，中国语言文学博士一级学科。汉语国际教育为八大国家对外汉语教学基地之一。所含各专业均有与海外名校的交流项目）（八里台校区、津南校区）,,,577,2023,本科批,,2821,577,0,上海,综合,,,南开大学
,major_line_2023,理科试验班,理科试验班（数学与大数据方向。含数学与应用数学信息与计算科学、数据科学与大数据技术、统计学专业）（八里台校区）,,,576,2023,本科批,,3118,575,0,上海,综合,,,南开大学
,major_line_2023,经济学类,经济学类（含经济学、国际经济与贸易、财政学、商务经济学、数字经济专业）（八里台校区）,,,574,2023,本科批,,3270,574,0,上海,综合,,,南开大学
,major_line_2023,金融学类,金融学类（含金融学、保险学、金融工程、精算学、金融科技专业）（津南校区）,,,576,2023,本科批,,3404,573,0,上海,综合,,,南开大学
,major_line_2023,理科试验班,理科试验班（数学与大数据方向。含数学与应用数学信息与计算科学、数据科学与大数据技术、统计学专业）（八里台校区）,,,576,2023,本科批,,3118,575,0,上海,综合,,,南开大学
,major_line_2023,中国语言文学类,中国语言文学类（含汉语言文学、新闻学、网络与新媒体、汉语国际教育专业。国家文科基础学科人才培养和科学研究优秀基地，国家级一流本科专业，中国语言文学博士一级学科。汉语国际教育为八大国家对外汉语教学基地之一。所含各专业均有与海外名校的交流项目）（八里台校区、津南校区）,,,577,2023,本科批,,2821,577,0,上海,综合,,,南开大学
,major_line_2023,经济学类,经济学类（含经济学、国际经济与贸易、财政学、商务经济学、数字经济专业）（八里台校区）,,,574,2023,本科批,,3270,574,0,上海,综合,,,南开大学
,major_line_2023,金融学类,金融学类（含金融学、保险学、金融工程、精算学、金融科技专业）（津南校区）,,,576,2023,本科批,,3404,573,0,上海,综合,,,南开大学
,major_line_2023,口腔医学类,口腔医学（无色盲、色弱）,,,577,2023,本科批,,3404,573,0,上海,综合,,,山东大学
,major_line_2023,历史学类,历史学类（含历史学、考古学、档案学专业。含“考古+”拔尖2.0班）（吴金鼎班）,,,565,2023,本科批,,5080,563,0,上海,综合,,,山东大学
,major_line_2023,数学类,数学类（含数学与应用数学、信息与计算科学、统计学专业。含潘承洞基地班、数学拔尖2.0班）（泰山学堂）（语种:不限在校本部）,,,572,2023,本科批,,3586,572,0,上海,综合,,,山东大学
,major_line_2023,电气类,电气工程及其自动化（含卓越工程师培养计划、全球能源互联网新工科特色班）（语种:不限在校本部）,,,572,2023,本科批,,3741,571,0,上海,综合,,,山东大学
,major_line_2023,物理学类,物理学类（含物理学、应用物理学专业。含王淦昌基地班、物理拔尖2.0班）（泰山学堂、严济慈英才班）（语种:不限在校本部）,,,572,2023,本科批,,3741,571,0,上海,综合,,,山东大学
,major_line_2023,计算机类,计算机类（软件数媒与大数据方向。含软件工程、数字媒体技术、数据科学与大数据技术专业。含人工智能国际班、新工科创新实验班、软件菁英班）（语种:不限在校本部）,,,571,2023,本科批,,3914,570,0,上海,综合,,,山东大学
,major_line_2023,计算机类,网络空间安全（可向密码科学与技术分流）（语种:不限在青岛校区）,,,570,2023,本科批,,4096,569,0,上海,综合,,,山东大学
,major_line_2023,中国语言文学类,中国语言文学类（汉语言文学专业。含闻一多基地班、中文拔尖2.0班）（语种:不限在校本部）,,,568,2023,本科批,,4425,567,0,上海,综合,,,山东大学
,major_line_2023,经济学类,经济学类（含经济学、财政学、金融学、国际经济与贸易专业。含经济学拔尖2.0班）（薛暮桥班、彭实戈班、PPE新文科基地班等。单色识别不全者不取）（语种:不限在校本部）,,,566,2023,本科批,,4600,566,0,上海,综合,,,山东大学
,major_line_2023,政治学类,政治学类（含政治学与行政学、国际政治专业。含PPE新文科基地班、“国际政治+英语”双学位班、华岗特色班）（科学社会主义）（语种:不限在青岛校区）,,,566,2023,本科批,,4750,565,0,上海,综合,,,山东大学
,major_line_2023,哲学类,哲学类（含哲学、宗教学专业。含哲学拔尖2.0班、PPE新文科基地班）（语种:不限在校本部）,,,565,2023,本科批,,4910,564,0,上海,综合,,,山东大学
,major_line_2023,新闻传播学类,新闻传播学类（含新闻学、国际新闻与传播专业。含融合新闻、策略传播、大数据与智能媒体3个特色方向）（语种:不限在校本部）,,,563,2023,本科批,,5080,563,0,上海,综合,,,山东大学
,major_line_2023,工商管理类,工商管理类（含工商管理、会计学专业。工商管理创新实验班。单色识别不全者不取）（语种:不限在校本部）,,,563,2023,本科批,,5270,562,0,上海,综合,,,山东大学
,major_line_2023,口腔医学类,口腔医学（无色盲、色弱）,,,577,2023,本科批,,3404,573,0,上海,综合,,,山东大学
,major_line_2023,数学类,数学类（含数学与应用数学、信息与计算科学、统计学专业。含潘承洞基地班、数学拔尖2.0班）（泰山学堂）（语种:不限在校本部）,,,572,2023,本科批,,3586,572,0,上海,综合,,,山东大学
,major_line_2023,电气类,电气工程及其自动化（含卓越工程师培养计划、全球能源互联网新工科特色班）（语种:不限在校本部）,,,572,2023,本科批,,3741,571,0,上海,综合,,,山东大学
,major_line_2023,物理学类,物理学类（含物理学、应用物理学专业。含王淦昌基地班、物理拔尖2.0班）（泰山学堂、严济慈英才班）（语种:不限在校本部）,,,572,2023,本科批,,3741,571,0,上海,综合,,,山东大学
,major_line_2023,计算机类,计算机类（软件数媒与大数据方向。含软件工程、数字媒体技术、数据科学与大数据技术专业。含人工智能国际班、新工科创新实验班、软件菁英班）（语种:不限在校本部）,,,571,2023,本科批,,3914,570,0,上海,综合,,,山东大学
,major_line_2023,计算机类,网络空间安全（可向密码科学与技术分流）（语种:不限在青岛校区）,,,570,2023,本科批,,4096,569,0,上海,综合,,,山东大学
,major_line_2023,中国语言文学类,中国语言文学类（汉语言文学专业。含闻一多基地班、中文拔尖2.0班）（语种:不限在校本部）,,,568,2023,本科批,,4425,567,0,上海,综合,,,山东大学
,major_line_2023,经济学类,经济学类（含经济学、财政学、金融学、国际经济与贸易专业。含经济学拔尖2.0班）（薛暮桥班、彭实戈班、PPE新文科基地班等。单色识别不全者不取）（语种:不限在校本部）,,,566,2023,本科批,,4600,566,0,上海,综合,,,山东大学
,major_line_2023,政治学类,政治学类（含政治学与行政学、国际政治专业。含PPE新文科基地班、“国际政治+英语”双学位班、华岗特色班）（科学社会主义）（语种:不限在青岛校区）,,,566,2023,本科批,,4750,565,0,上海,综合,,,山东大学
,major_line_2023,哲学类,哲学类（含哲学、宗教学专业。含哲学拔尖2.0班、PPE新文科基地班）（语种:不限在校本部）,,,565,2023,本科批,,4910,564,0,上海,综合,,,山东大学
,major_line_2023,历史学类,历史学类（含历史学、考古学、档案学专业。含“考古+”拔尖2.0班）（吴金鼎班）,,,565,2023,本科批,,5080,563,0,上海,综合,,,山东大学
,major_line_2023,新闻传播学类,新闻传播学类（含新闻学、国际新闻与传播专业。含融合新闻、策略传播、大数据与智能媒体3个特色方向）（语种:不限在校本部）,,,563,2023,本科批,,5080,563,0,上海,综合,,,山东大学
,major_line_2023,工商管理类,工商管理类（含工商管理、会计学专业。工商管理创新实验班。单色识别不全者不取）（语种:不限在校本部）,,,563,2023,本科批,,5270,562,0,上海,综合,,,山东大学
,major_line_2023,材料类,材料科学与工程（中外合作办学）（中外合作办学）,,,563,2023,本科批,,5453,561,0,上海,综合,,,西北工业大学
,major_line_2023,材料类,高分子材料与工程（中外合作办学）（中外合作办学）,,,559,2023,本科批,,6028,558,0,上海,综合,,,西北工业大学
,major_line_2023,生物科学类,生物技术（生命科学试验班）,,,568,2023,本科批,,4750,565,0,上海,综合,,,西北工业大学
,major_line_2023,生物科学类,生态学（生态文明交叉试验班）,,,565,2023,本科批,,4750,565,0,上海,综合,,,西北工业大学
,major_line_2023,工商管理类,工商管理类（管理试验班。含工商管理、会计学、市场营销专业）,,,564,2023,本科批,,4910,564,0,上海,综合,,,西北工业大学
,major_line_2023,航空航天类,航空航天类（黄玉珊航空班。飞行器设计与工程专业）,,,575,2023,本科批,,3118,575,0,上海,综合,,,西北工业大学
,major_line_2023,航空航天类,航空航天类（智慧三航本研衔接班。含飞行器设计与工程、计算机科学与技术专业）,,,575,2023,本科批,,3404,573,0,上海,综合,,,西北工业大学
,major_line_2023,计算机类,计算机类（网络安全方向。含网络空间安全、信息安全、保密技术专业）,,,572,2023,本科批,,3586,572,0,上海,综合,,,西北工业大学
,major_line_2023,海洋工程类,海洋工程类（黄震中海洋班。含船舶与海洋工程、水声工程、信息工程专业）,,,572,2023,本科批,,3741,571,0,上海,综合,,,西北工业大学
,major_line_2023,电子信息类,电子信息类（集成电路方向。含微电子科学与工程、集成电路设计与集成系统专业）,,,570,2023,本科批,,3914,570,0,上海,综合,,,西北工业大学
,major_line_2023,航空航天类,航空航天类（含飞行器设计与工程、飞行器动力工程、飞行器控制与信息工程、航空航天工程专业）,,,570,2023,本科批,,4096,569,0,上海,综合,,,西北工业大学
,major_line_2023,航空航天类,航空航天类（民用航空方向。含飞行器设计与工程、飞行器控制与信息工程专业）,,,570,2023,本科批,,4096,569,0,上海,综合,,,西北工业大学
,major_line_2023,材料类,材料类（新材料与化工试验班。含材料科学与工程、材料成型及控制工程、复合材料与工程、增材制造工程、高分子材料与工程、化学工程与工艺专业）,,,569,2023,本科批,,4096,569,0,上海,综合,,,西北工业大学
,major_line_2023,海洋工程类,海洋工程类（智慧海洋试验班。含船舶与海洋工程、水声工程、信息工程、海洋工程与技术专业）,,,568,2023,本科批,,4260,568,0,上海,综合,,,西北工业大学
,major_line_2023,能源动力类,能源动力类（航空动力与新能源试验班。含飞行器动力工程、能源与动力工程专业）,,,568,2023,本科批,,4425,567,0,上海,综合,,,西北工业大学
,major_line_2023,航空航天类,航空航天类（黄玉珊航空班。飞行器设计与工程专业）,,,575,2023,本科批,,3118,575,0,上海,综合,,,西北工业大学
,major_line_2023,航空航天类,航空航天类（智慧三航本研衔接班。含飞行器设计与工程、计算机科学与技术专业）,,,575,2023,本科批,,3404,573,0,上海,综合,,,西北工业大学
,major_line_2023,计算机类,计算机类（网络安全方向。含网络空间安全、信息安全、保密技术专业）,,,572,2023,本科批,,3586,572,0,上海,综合,,,西北工业大学
,major_line_2023,海洋工程类,海洋工程类（黄震中海洋班。含船舶与海洋工程、水声工程、信息工程专业）,,,572,2023,本科批,,3741,571,0,上海,综合,,,西北工业大学
,major_line_2023,电子信息类,电子信息类（集成电路方向。含微电子科学与工程、集成电路设计与集成系统专业）,,,570,2023,本科批,,3914,570,0,上海,综合,,,西北工业大学
,major_line_2023,航空航天类,航空航天类（含飞行器设计与工程、飞行器动力工程、飞行器控制与信息工程、航空航天工程专业）,,,570,2023,本科批,,4096,569,0,上海,综合,,,西北工业大学
,major_line_2023,航空航天类,航空航天类（民用航空方向。含飞行器设计与工程、飞行器控制与信息工程专业）,,,570,2023,本科批,,4096,569,0,上海,综合,,,西北工业大学
,major_line_2023,材料类,材料类（新材料与化工试验班。含材料科学与工程、材料成型及控制工程、复合材料与工程、增材制造工程、高分子材料与工程、化学工程与工艺专业）,,,569,2023,本科批,,4096,569,0,上海,综合,,,西北工业大学
,major_line_2023,海洋工程类,海洋工程类（智慧海洋试验班。含船舶与海洋工程、水声工程、信息工程、海洋工程与技术专业）,,,568,2023,本科批,,4260,568,0,上海,综合,,,西北工业大学
,major_line_2023,能源动力类,能源动力类（航空动力与新能源试验班。含飞行器动力工程、能源与动力工程专业）,,,568,2023,本科批,,4425,567,0,上海,综合,,,西北工业大学
,major_line_2023,生物科学类,生物技术（生命科学试验班）,,,568,2023,本科批,,4750,565,0,上海,综合,,,西北工业大学
,major_line_2023,生物科学类,生态学（生态文明交叉试验班）,,,565,2023,本科批,,4750,565,0,上海,综合,,,西北工业大学
,major_line_2023,工商管理类,工商管理类（管理试验班。含工商管理、会计学、市场营销专业）,,,564,2023,本科批,,4910,564,0,上海,综合,,,西北工业大学
,major_line_2023,材料类,材料科学与工程（中外合作办学）（中外合作办学）,,,563,2023,本科批,,5453,561,0,上海,综合,,,西北工业大学
,major_line_2023,材料类,高分子材料与工程（中外合作办学）（中外合作办学）,,,559,2023,本科批,,6028,558,0,上海,综合,,,西北工业大学
,major_line_2023,计算机类,计算机类（含计算机科学与技术、网络空间安全、人工智能、软件工程、数字媒体技术专业。软件工程、数字媒体技术专业三、四年级按学分收费，400元/学分，两年不超过80学分）（语种:不限在翔安校区）,,,575,2023,本科批,,3270,574,0,上海,综合,,,厦门大学
,major_line_2023,电子信息类,电子信息类（含电子信息工程、集成电路设计与集成系统、微电子科学与工程、电子信息科学与技术、电磁场与无线技术、通信工程专业。集成电路设计与集成系统专业三、四年级按学分收费，400元/学分，两年不超过80学分）（语种:不限在翔安校区）,,,574,2023,本科批,,3404,573,0,上海,综合,,,厦门大学
,major_line_2023,计算机类,数据科学与大数据技术（语种:不限在思明校区）,,,573,2023,本科批,,3404,573,0,上海,综合,,,厦门大学
,major_line_2023,统计学类,统计学类（统计学专业。招收的考生全部进入统计学国际化专业建设计划，专业课程采用全英文授课）（语种:不限在思明校区）,,,573,2023,本科批,,3404,573,0,上海,综合,,,厦门大学
,major_line_2023,数学类,数学类（含数学与应用数学、统计学、信息与计算科学专业）（语种:不限在思明校区）,,,573,2023,本科批,,3586,572,0,上海,综合,,,厦门大学
,major_line_2023,法学类,法学类（法学专业）,,,575,2023,本科批,,3404,573,0,上海,综合,,,厦门大学
,major_line_2023,外国语言文学类,外国语言文学类（外国语言文学类+会计学/财务管理。含英语）（+会计学/财务管理、日语）（+会计学/财务管理、法语）（+会计学/财务管理、俄语）（+会计学/财务管理、德语）（+会计学/财务管理、西班牙语）（+会计学/财务管理专业。外国语言文学类+会计学/财务管理主辅修项目，主修外国语言文学类专业学费5460元/学年；辅修会计学或财务管理专业课程采用全英文授课，120元/学分，4年总学分以当年度辅修项目招生简章为准）（语种:英语）,,,572,2023,本科批,,3586,572,0,上海,综合,,,厦门大学
,major_line_2023,工商管理类,会计学（含会计、财务、审计。含会计学、财务管理、审计学专业）,,,572,2023,本科批,,3914,570,0,上海,综合,,,厦门大学
,major_line_2023,新闻传播学类,新闻传播学类（含新闻学、广播电视学、广告学、传播学、国际新闻与传播专业）,,,570,2023,本科批,,3914,570,0,上海,综合,,,厦门大学
,major_line_2023,经济学类,经济学类（含金融学、金融工程、财政学、税收学、国际经济与贸易、国际商务、经济学、经济统计学专业）,,,570,2023,本科批,,4096,569,0,上海,综合,,,厦门大学
,major_line_2023,外国语言文学类,外国语言文学类（含英语、日语、法语、俄语、德语、西班牙语专业）（语种:英语）,,,568,2023,本科批,,4260,568,0,上海,综合,,,厦门大学
,major_line_2023,计算机类,计算机类（含计算机科学与技术、网络空间安全、人工智能、软件工程、数字媒体技术专业。软件工程、数字媒体技术专业三、四年级按学分收费，400元/学分，两年不超过80学分）（语种:不限在翔安校区）,,,575,2023,本科批,,3270,574,0,上海,综合,,,厦门大学
,major_line_2023,法学类,法学类（法学专业）,,,575,2023,本科批,,3404,573,0,上海,综合,,,厦门大学
,major_line_2023,电子信息类,电子信息类（含电子信息工程、集成电路设计与集成系统、微电子科学与工程、电子信息科学与技术、电磁场与无线技术、通信工程专业。集成电路设计与集成系统专业三、四年级按学分收费，400元/学分，两年不超过80学分）（语种:不限在翔安校区）,,,574,2023,本科批,,3404,573,0,上海,综合,,,厦门大学
,major_line_2023,计算机类,数据科学与大数据技术（语种:不限在思明校区）,,,573,2023,本科批,,3404,573,0,上海,综合,,,厦门大学
,major_line_2023,统计学类,统计学类（统计学专业。招收的考生全部进入统计学国际化专业建设计划，专业课程采用全英文授课）（语种:不限在思明校区）,,,573,2023,本科批,,3404,573,0,上海,综合,,,厦门大学
,major_line_2023,数学类,数学类（含数学与应用数学、统计学、信息与计算科学专业）（语种:不限在思明校区）,,,573,2023,本科批,,3586,572,0,上海,综合,,,厦门大学
,major_line_2023,外国语言文学类,外国语言文学类（外国语言文学类+会计学/财务管理。含英语）（+会计学/财务管理、日语）（+会计学/财务管理、法语）（+会计学/财务管理、俄语）（+会计学/财务管理、德语）（+会计学/财务管理、西班牙语）（+会计学/财务管理专业。外国语言文学类+会计学/财务管理主辅修项目，主修外国语言文学类专业学费5460元/学年；辅修会计学或财务管理专业课程采用全英文授课，120元/学分，4年总学分以当年度辅修项目招生简章为准）（语种:英语）,,,572,2023,本科批,,3586,572,0,上海,综合,,,厦门大学
,major_line_2023,工商管理类,会计学（含会计、财务、审计。含会计学、财务管理、审计学专业）,,,572,2023,本科批,,3914,570,0,上海,综合,,,厦门大学
,major_line_2023,新闻传播学类,新闻传播学类（含新闻学、广播电视学、广告学、传播学、国际新闻与传播专业）,,,570,2023,本科批,,3914,570,0,上海,综合,,,厦门大学
,major_line_2023,经济学类,经济学类（含金融学、金融工程、财政学、税收学、国际经济与贸易、国际商务、经济学、经济统计学专业）,,,570,2023,本科批,,4096,569,0,上海,综合,,,厦门大学
,major_line_2023,生物科学类,生物科学类（含生物科学、生物技术专业）,,,569,2023,本科批,,4096,569,0,上海,综合,,,厦门大学
,major_line_2023,理科试验班,理科试验班（海洋生态环境类。含海洋科学、海洋技术环境科学、生态学、环境生态工程专业）,,,571,2023,本科批,,4260,568,0,上海,综合,,,厦门大学
,major_line_2023,外国语言文学类,外国语言文学类（含英语、日语、法语、俄语、德语、西班牙语专业）（语种:英语）,,,568,2023,本科批,,4260,568,0,上海,综合,,,厦门大学
,major_line_2023,生物科学类,生物科学类（含生物科学、生物技术专业）,,,569,2023,本科批,,4096,569,0,上海,综合,,,厦门大学
,major_line_2023,理科试验班,理科试验班（海洋生态环境类。含海洋科学、海洋技术环境科学、生态学、环境生态工程专业）,,,571,2023,本科批,,4260,568,0,上海,综合,,,厦门大学
,major_line_2023,临床医学类,临床医学（1-6学年按本科生标准）（7800元/年收取，7-8学年）（转入博士生阶段按临床医学专业学位博士生学费标准）（15000元/年收取）,,,578,2023,本科批,,2821,577,0,上海,综合,,,中南大学
,major_line_2023,临床医学类,临床医学类（临床及口腔五年制医学类。含临床医学）（五年制、口腔医学）（五年制、麻醉学、精神医学专业）,,,572,2023,本科批,,3741,571,0,上海,综合,,,中南大学
,major_line_2023,数学类,数学与应用数学（中外合作办学）（中南大学邓迪国际学院）（中外合作办学）,,,563,2023,本科批,,5270,562,0,上海,综合,,,中南大学
,major_line_2023,计算机类,计算机科学与技术（中外合作办学）（中南大学邓迪国际学院）（中外合作办学）,,,563,2023,本科批,,5270,562,0,上海,综合,,,中南大学
,major_line_2023,数学类,数学与应用数学（中外合作办学）（中南大学邓迪国际学院）（中外合作办学）,,,563,2023,本科批,,5270,562,0,上海,综合,,,中南大学
,major_line_2023,计算机类,计算机科学与技术（中外合作办学）（中南大学邓迪国际学院）（中外合作办学）,,,563,2023,本科批,,5270,562,0,上海,综合,,,中南大学
,major_line_2023,临床医学类,临床医学类（临床及口腔五年制医学类。含临床医学）（五年制、口腔医学）（五年制、麻醉学、精神医学专业）,,,572,2023,本科批,,3741,571,0,上海,综合,,,中南大学
,major_line_2023,临床医学类,临床医学（1-6学年按本科生标准）（7800元/年收取，7-8学年）（转入博士生阶段按临床医学专业学位博士生学费标准）（15000元/年收取）,,,578,2023,本科批,,2821,577,0,上海,综合,,,中南大学
,major_line_2023,法学类,法学,,,566,2023,本科批,,4750,565,0,上海,综合,,,吉林大学
,major_line_2023,中国语言文学类,汉语言文学,,,562,2023,本科批,,5453,561,0,上海,综合,,,吉林大学
,major_line_2023,计算机类,计算机科学与技术（非英语语种考生慎报）（前卫南区）,,,567,2023,本科批,,4600,566,0,上海,综合,,,吉林大学
,major_line_2023,临床医学类,临床医学（5+3一体化。白求恩第三临床医学院）,,,566,2023,本科批,,4600,566,0,上海,综合,,,吉林大学
,major_line_2023,法学类,法学,,,566,2023,本科批,,4750,565,0,上海,综合,,,吉林大学
,major_line_2023,电子信息类,通信工程（南湖校区）,,,565,2023,本科批,,4910,564,0,上海,综合,,,吉林大学
,major_line_2023,物理学类,物理学类（含物理学、应用物理学、核物理、光电信息科学与工程专业）（前卫南区）,,,565,2023,本科批,,5080,563,0,上海,综合,,,吉林大学
,major_line_2023,数学类,数学类（含数学与应用数学、信息与计算科学、统计学专业）（前卫南区）,,,563,2023,本科批,,5453,561,0,上海,综合,,,吉林大学
,major_line_2023,中国语言文学类,汉语言文学,,,562,2023,本科批,,5453,561,0,上海,综合,,,吉林大学
,major_line_2023,机械类,车辆工程（饶斌班。本研贯通）（南岭校区）,,,561,2023,本科批,,5453,561,0,上海,综合,,,吉林大学
,major_line_2023,历史学类,考古学（按类招生。含考古学、文物与博物馆学专业）,,,561,2023,本科批,,5664,560,0,上海,综合,,,吉林大学
,major_line_2023,机械类,车辆工程（南岭校区）,,,561,2023,本科批,,5664,560,0,上海,综合,,,吉林大学
,major_line_2023,机械类,机械工程（南岭校区）,,,560,2023,本科批,,5664,560,0,上海,综合,,,吉林大学
,major_line_2023,生物工程类,生物工程类（含生物制药、药物制剂专业）,,,560,2023,本科批,,5843,559,0,上海,综合,,,吉林大学
,major_line_2023,食品科学与工程类,食品科学与工程类（含食品科学与工程、食品质量与安全专业）,,,555,2023,本科批,,7242,552,0,上海,综合,,,吉林大学
,major_line_2023,计算机类,计算机科学与技术（非英语语种考生慎报）（前卫南区）,,,567,2023,本科批,,4600,566,0,上海,综合,,,吉林大学
,major_line_2023,电子信息类,通信工程（南湖校区）,,,565,2023,本科批,,4910,564,0,上海,综合,,,吉林大学
,major_line_2023,物理学类,物理学类（含物理学、应用物理学、核物理、光电信息科学与工程专业）（前卫南区）,,,565,2023,本科批,,5080,563,0,上海,综合,,,吉林大学
,major_line_2023,历史学类,考古学（按类招生。含考古学、文物与博物馆学专业）,,,561,2023,本科批,,5664,560,0,上海,综合,,,吉林大学
,major_line_2023,生物工程类,生物工程类（含生物制药、药物制剂专业）,,,560,2023,本科批,,5843,559,0,上海,综合,,,吉林大学
,major_line_2023,食品科学与工程类,食品科学与工程类（含食品科学与工程、食品质量与安全专业）,,,555,2023,本科批,,7242,552,0,上海,综合,,,吉林大学
,major_line_2023,数学类,数学类（含数学与应用数学、信息与计算科学、统计学专业）（前卫南区）,,,563,2023,本科批,,5453,561,0,上海,综合,,,吉林大学
,major_line_2023,机械类,车辆工程（饶斌班。本研贯通）（南岭校区）,,,561,2023,本科批,,5453,561,0,上海,综合,,,吉林大学
,major_line_2023,机械类,车辆工程（南岭校区）,,,561,2023,本科批,,5664,560,0,上海,综合,,,吉林大学
,major_line_2023,机械类,机械工程（南岭校区）,,,560,2023,本科批,,5664,560,0,上海,综合,,,吉林大学
,major_line_2023,临床医学类,临床医学（5+3一体化。白求恩第三临床医学院）,,,566,2023,本科批,,4600,566,0,上海,综合,,,吉林大学
,major_line_2023,动物医学类,动物医学类（含动物医学、中兽医学、兽医公共卫生专业）,,,578,2023,本科批,,3270,574,0,上海,综合,,,中国农业大学
,major_line_2023,化学类,化学类（含化学、应用化学专业）,,,567,2023,本科批,,4425,567,0,上海,综合,,,中国农业大学
,major_line_2023,食品科学与工程类,食品科学与工程类（含食品科学与工程、食品质量与安全、葡萄与葡萄酒工程、食品营养与健康专业）,,,566,2023,本科批,,4750,565,0,上海,综合,,,中国农业大学
,major_line_2023,动物医学类,动物医学类（含动物医学、中兽医学、兽医公共卫生专业）,,,578,2023,本科批,,3270,574,0,上海,综合,,,中国农业大学
,major_line_2023,生物科学类,生物科学类,,,574,2023,本科批,,3270,574,0,上海,综合,,,中国农业大学
,major_line_2023,化学类,化学类（含化学、应用化学专业）,,,567,2023,本科批,,4425,567,0,上海,综合,,,中国农业大学
,major_line_2023,植物生产类,农学,,,566,2023,本科批,,4600,566,0,上海,综合,,,中国农业大学
,major_line_2023,食品科学与工程类,食品科学与工程类（含食品科学与工程、食品质量与安全、葡萄与葡萄酒工程、食品营养与健康专业）,,,566,2023,本科批,,4750,565,0,上海,综合,,,中国农业大学
,major_line_2023,植物生产类,园艺,,,565,2023,本科批,,4750,565,0,上海,综合,,,中国农业大学
,major_line_2023,植物生产类,植物保护,,,565,2023,本科批,,4750,565,0,上海,综合,,,中国农业大学
,major_line_2023,草学类,草业科学,,,564,2023,本科批,,4910,564,0,上海,综合,,,中国农业大学
,major_line_2023,生物科学类,生物科学类,,,574,2023,本科批,,3270,574,0,上海,综合,,,中国农业大学
,major_line_2023,植物生产类,农学,,,566,2023,本科批,,4600,566,0,上海,综合,,,中国农业大学
,major_line_2023,植物生产类,园艺,,,565,2023,本科批,,4750,565,0,上海,综合,,,中国农业大学
,major_line_2023,植物生产类,植物保护,,,565,2023,本科批,,4750,565,0,上海,综合,,,中国农业大学
,major_line_2023,草学类,草业科学,,,564,2023,本科批,,4910,564,0,上海,综合,,,中国农业大学
,major_line_2023,电子信息类,电子信息类（创新班。含电气工程及其自动化、自动化、电子信息工程、计算机科学与技术、生物医学工程专业）,,,569,2023,本科批,,4260,568,0,上海,综合,,,大连理工大学
,major_line_2023,电子信息类,人工智能（创新班）,,,569,2023,本科批,,4260,568,0,上海,综合,,,大连理工大学
,major_line_2023,数学类,数学类（数学类及华罗庚数学基础科学拔尖计划班。含数学与应用数学、信息与计算科学、数学与应用数学）（华罗庚数学基础科学拔尖计划班、信息与计算科学）（华罗庚数学基础科学拔尖计划班专业）,,,568,2023,本科批,,4260,568,0,上海,综合,,,大连理工大学
,major_line_2023,机械类,机械设计制造及其自动化（中外合作办学）（与美国加州大学欧文分校合作，部分课程采用英语授课，非英语语种考生慎报）（中外合作办学）,,,564,2023,本科批,,4910,564,0,上海,综合,,,大连理工大学
,major_line_2023,电子信息类,电子信息类（创新班。含电气工程及其自动化、自动化、电子信息工程、计算机科学与技术、生物医学工程专业）,,,569,2023,本科批,,4260,568,0,上海,综合,,,大连理工大学
,major_line_2023,电子信息类,人工智能（创新班）,,,569,2023,本科批,,4260,568,0,上海,综合,,,大连理工大学
,major_line_2023,数学类,数学类（数学类及华罗庚数学基础科学拔尖计划班。含数学与应用数学、信息与计算科学、数学与应用数学）（华罗庚数学基础科学拔尖计划班、信息与计算科学）（华罗庚数学基础科学拔尖计划班专业）,,,568,2023,本科批,,4260,568,0,上海,综合,,,大连理工大学
,major_line_2023,机械类,机械设计制造及其自动化（中外合作办学）（与美国加州大学欧文分校合作，部分课程采用英语授课，非英语语种考生慎报）（中外合作办学）,,,564,2023,本科批,,4910,564,0,上海,综合,,,大连理工大学
,major_line_2023,心理学类,心理学（办学点在普陀校区；（与计算机科学与技术进行双学士学位培养））,,,584,2023,本科批,,1900,584,0,上海,综合,,,华东师范大学
,major_line_2023,法学类,法学（与心理学进行双学士学位培养）,,,584,2023,本科批,,2011,583,0,上海,综合,,,华东师范大学
,major_line_2023,统计学类,统计学（办学点在闵行校区；（与计算机科学与技术进行双学士学位培养））,,,583,2023,本科批,,2134,582,0,上海,综合,,,华东师范大学
,major_line_2023,中国语言文学类,汉语言文学,,,581,2023,本科批,,2393,580,0,上海,综合,,,华东师范大学
,major_line_2023,心理学类,心理学类（办学点在普陀校区；（含心理学、应用心理学2个专业））,,,581,2023,本科批,,2520,579,0,上海,综合,,,华东师范大学
,major_line_2023,生物科学类,生物科学类（办学点在闵行校区；（含生物科学、生物技术2个专业））,,,580,2023,本科批,,2520,579,0,上海,综合,,,华东师范大学
,major_line_2023,数学类,数学与应用数学（办学点在闵行校区；）,,,580,2023,本科批,,2821,577,0,上海,综合,,,华东师范大学
,major_line_2023,计算机类,软件工程（办学点在普陀校区；（第三、四年学费为16000元/年））,,,579,2023,本科批,,2821,577,0,上海,综合,,,华东师范大学
,major_line_2023,历史学类,历史学,,,579,2023,本科批,,2821,577,0,上海,综合,,,华东师范大学
,major_line_2023,金融学类,金融学（与统计学进行双学士学位培养）,,,579,2023,本科批,,2821,577,0,上海,综合,,,华东师范大学
,major_line_2023,化学类,化学（办学点在闵行校区；）,,,578,2023,本科批,,2821,577,0,上海,综合,,,华东师范大学
,major_line_2023,统计学类,统计学类（办学点在闵行校区；（含统计学、保险学2个专业））,,,577,2023,本科批,,3118,575,0,上海,综合,,,华东师范大学
,major_line_2023,计算机类,数据科学与大数据技术（办学点在普陀校区；）,,,577,2023,本科批,,3118,575,0,上海,综合,,,华东师范大学
,major_line_2023,外国语言文学类,翻译（与历史学进行双学士学位培养）（语种:英语）,,,579,2023,本科批,,3270,574,0,上海,综合,,,华东师范大学
,major_line_2023,物理学类,物理学（办学点在闵行校区；）,,,577,2023,本科批,,3270,574,0,上海,综合,,,华东师范大学
,major_line_2023,地理科学类,地理信息科学（办学点在闵行校区；）,,,577,2023,本科批,,3270,574,0,上海,综合,,,华东师范大学
,major_line_2023,计算机类,计算机科学与技术（办学点在普陀校区；）,,,575,2023,本科批,,3270,574,0,上海,综合,,,华东师范大学
,major_line_2023,环境科学与工程类,环境科学与工程类（办学点在闵行校区；（含环境科学、环境生态工程2个专业））,,,575,2023,本科批,,3270,574,0,上海,综合,,,华东师范大学
,major_line_2023,生物科学类,生态学（办学点在闵行校区；）,,,575,2023,本科批,,3270,574,0,上海,综合,,,华东师范大学
,major_line_2023,地理科学类,人文地理与城乡规划（办学点在闵行校区；）,,,574,2023,本科批,,3270,574,0,上海,综合,,,华东师范大学
,major_line_2023,地理科学类,地理科学（办学点在闵行校区；）,,,580,2023,本科批,,3404,573,0,上海,综合,,,华东师范大学
,major_line_2023,电子信息类,微电子科学与工程（办学点在闵行校区；）,,,575,2023,本科批,,3404,573,0,上海,综合,,,华东师范大学
,major_line_2023,电子信息类,通信工程（办学点在闵行校区；（与教育技术学进行双学士学位培养））,,,574,2023,本科批,,3404,573,0,上海,综合,,,华东师范大学
,major_line_2023,电子信息类,通信工程（办学点在闵行校区；）,,,574,2023,本科批,,3404,573,0,上海,综合,,,华东师范大学
,major_line_2023,电子信息类,电子信息科学与技术（办学点在闵行校区；）,,,573,2023,本科批,,3404,573,0,上海,综合,,,华东师范大学
,major_line_2023,外国语言文学类,英语（语种:英语）,,,576,2023,本科批,,3586,572,0,上海,综合,,,华东师范大学
,major_line_2023,工商管理类,人力资源管理（与应用心理学进行双学士学位培养）,,,576,2023,本科批,,3586,572,0,上海,综合,,,华东师范大学
,major_line_2023,公共管理类,公共管理类（含人力资源管理、行政管理2个专业）,,,572,2023,本科批,,3586,572,0,上海,综合,,,华东师范大学
,major_line_2023,法学类,法学,,,577,2023,本科批,,3741,571,0,上海,综合,,,华东师范大学
,major_line_2023,新闻传播学类,新闻学（与数据科学与大数据技术进行双学士学位培养）,,,577,2023,本科批,,3741,571,0,上海,综合,,,华东师范大学
,major_line_2023,政治学类,政治学与行政学,,,574,2023,本科批,,3741,571,0,上海,综合,,,华东师范大学
,major_line_2023,新闻传播学类,新闻传播学类（含新闻学、编辑出版学2个专业）,,,573,2023,本科批,,3741,571,0,上海,综合,,,华东师范大学
,major_line_2023,社会学类,社会学类（含社会学、社会工作2个专业。定向西藏就业，只录取有该专业志愿的考生，不调剂录取）,,,575,2023,本科批,,3914,570,0,上海,综合,,,华东师范大学
,major_line_2023,社会学类,社会学类（含社会学、社会工作2个专业）,,,575,2023,本科批,,3914,570,0,上海,综合,,,华东师范大学
,major_line_2023,金融学类,金融学类（含金融学、经济学2个专业）,,,572,2023,本科批,,3914,570,0,上海,综合,,,华东师范大学
,major_line_2023,外国语言文学类,法语（语种:英语）,,,571,2023,本科批,,3914,570,0,上海,综合,,,华东师范大学
,major_line_2023,工商管理类,工商管理类（含工商管理、会计学、旅游管理3个专业）,,,570,2023,本科批,,3914,570,0,上海,综合,,,华东师范大学
,major_line_2023,中国语言文学类,汉语国际教育,,,572,2023,本科批,,4096,569,0,上海,综合,,,华东师范大学
,major_line_2023,外国语言文学类,德语（语种:英语）,,,570,2023,本科批,,4096,569,0,上海,综合,,,华东师范大学
,major_line_2023,哲学类,哲学,,,570,2023,本科批,,4096,569,0,上海,综合,,,华东师范大学
,major_line_2023,工商管理类,工商管理（中法创新实验班。与法国里昂商学院合办，专业课程为全英文授课，须学法语。后两年可申请去法国，另按法方规定缴纳学费）,,,570,2023,本科批,,4096,569,0,上海,综合,,,华东师范大学
,major_line_2023,政治学类,政治学与行政学（与新闻学进行双学士学位培养）,,,570,2023,本科批,,4096,569,0,上海,综合,,,华东师范大学
,major_line_2023,教育学类,教育学类（含学前教育、特殊教育、教育康复学、公共事业管理4个专业）,,,569,2023,本科批,,4096,569,0,上海,综合,,,华东师范大学
,major_line_2023,外国语言文学类,西班牙语（语种:英语）,,,569,2023,本科批,,4096,569,0,上海,综合,,,华东师范大学
,major_line_2023,医学技术类,听力与言语康复学,,,564,2023,本科批,,5453,561,0,上海,综合,,,华东师范大学
,major_line_2023,医学技术类,听力与言语康复学,,,564,2023,本科批,,5453,561,0,上海,综合,,,华东师范大学
,major_line_2023,心理学类,心理学（办学点在普陀校区；（与计算机科学与技术进行双学士学位培养））,,,584,2023,本科批,,1900,584,0,上海,综合,,,华东师范大学
,major_line_2023,心理学类,心理学类（办学点在普陀校区；（含心理学、应用心理学2个专业））,,,581,2023,本科批,,2520,579,0,上海,综合,,,华东师范大学
,major_line_2023,生物科学类,生物科学类（办学点在闵行校区；（含生物科学、生物技术2个专业））,,,580,2023,本科批,,2520,579,0,上海,综合,,,华东师范大学
,major_line_2023,化学类,化学（办学点在闵行校区；）,,,578,2023,本科批,,2821,577,0,上海,综合,,,华东师范大学
,major_line_2023,地理科学类,地理信息科学（办学点在闵行校区；）,,,577,2023,本科批,,3270,574,0,上海,综合,,,华东师范大学
,major_line_2023,环境科学与工程类,环境科学与工程类（办学点在闵行校区；（含环境科学、环境生态工程2个专业））,,,575,2023,本科批,,3270,574,0,上海,综合,,,华东师范大学
,major_line_2023,生物科学类,生态学（办学点在闵行校区；）,,,575,2023,本科批,,3270,574,0,上海,综合,,,华东师范大学
,major_line_2023,地理科学类,人文地理与城乡规划（办学点在闵行校区；）,,,574,2023,本科批,,3270,574,0,上海,综合,,,华东师范大学
,major_line_2023,地理科学类,地理科学（办学点在闵行校区；）,,,580,2023,本科批,,3404,573,0,上海,综合,,,华东师范大学
,major_line_2023,中国语言文学类,汉语言文学,,,581,2023,本科批,,2393,580,0,上海,综合,,,华东师范大学
,major_line_2023,历史学类,历史学,,,579,2023,本科批,,2821,577,0,上海,综合,,,华东师范大学
,major_line_2023,外国语言文学类,翻译（与历史学进行双学士学位培养）（语种:英语）,,,579,2023,本科批,,3270,574,0,上海,综合,,,华东师范大学
,major_line_2023,外国语言文学类,英语（语种:英语）,,,576,2023,本科批,,3586,572,0,上海,综合,,,华东师范大学
,major_line_2023,新闻传播学类,新闻学（与数据科学与大数据技术进行双学士学位培养）,,,577,2023,本科批,,3741,571,0,上海,综合,,,华东师范大学
,major_line_2023,政治学类,政治学与行政学,,,574,2023,本科批,,3741,571,0,上海,综合,,,华东师范大学
,major_line_2023,新闻传播学类,新闻传播学类（含新闻学、编辑出版学2个专业）,,,573,2023,本科批,,3741,571,0,上海,综合,,,华东师范大学
,major_line_2023,外国语言文学类,法语（语种:英语）,,,571,2023,本科批,,3914,570,0,上海,综合,,,华东师范大学
,major_line_2023,中国语言文学类,汉语国际教育,,,572,2023,本科批,,4096,569,0,上海,综合,,,华东师范大学
,major_line_2023,外国语言文学类,德语（语种:英语）,,,570,2023,本科批,,4096,569,0,上海,综合,,,华东师范大学
,major_line_2023,哲学类,哲学,,,570,2023,本科批,,4096,569,0,上海,综合,,,华东师范大学
,major_line_2023,政治学类,政治学与行政学（与新闻学进行双学士学位培养）,,,570,2023,本科批,,4096,569,0,上海,综合,,,华东师范大学
,major_line_2023,外国语言文学类,西班牙语（语种:英语）,,,569,2023,本科批,,4096,569,0,上海,综合,,,华东师范大学
,major_line_2023,统计学类,统计学（办学点在闵行校区；（与计算机科学与技术进行双学士学位培养））,,,583,2023,本科批,,2134,582,0,上海,综合,,,华东师范大学
,major_line_2023,数学类,数学与应用数学（办学点在闵行校区；）,,,580,2023,本科批,,2821,577,0,上海,综合,,,华东师范大学
,major_line_2023,计算机类,软件工程（办学点在普陀校区；（第三、四年学费为16000元/年））,,,579,2023,本科批,,2821,577,0,上海,综合,,,华东师范大学
,major_line_2023,统计学类,统计学类（办学点在闵行校区；（含统计学、保险学2个专业））,,,577,2023,本科批,,3118,575,0,上海,综合,,,华东师范大学
,major_line_2023,计算机类,数据科学与大数据技术（办学点在普陀校区；）,,,577,2023,本科批,,3118,575,0,上海,综合,,,华东师范大学
,major_line_2023,物理学类,物理学（办学点在闵行校区；）,,,577,2023,本科批,,3270,574,0,上海,综合,,,华东师范大学
,major_line_2023,计算机类,计算机科学与技术（办学点在普陀校区；）,,,575,2023,本科批,,3270,574,0,上海,综合,,,华东师范大学
,major_line_2023,电子信息类,微电子科学与工程（办学点在闵行校区；）,,,575,2023,本科批,,3404,573,0,上海,综合,,,华东师范大学
,major_line_2023,电子信息类,通信工程（办学点在闵行校区；（与教育技术学进行双学士学位培养））,,,574,2023,本科批,,3404,573,0,上海,综合,,,华东师范大学
,major_line_2023,电子信息类,通信工程（办学点在闵行校区；）,,,574,2023,本科批,,3404,573,0,上海,综合,,,华东师范大学
,major_line_2023,电子信息类,电子信息科学与技术（办学点在闵行校区；）,,,573,2023,本科批,,3404,573,0,上海,综合,,,华东师范大学
,major_line_2023,法学类,法学（与心理学进行双学士学位培养）,,,584,2023,本科批,,2011,583,0,上海,综合,,,华东师范大学
,major_line_2023,金融学类,金融学（与统计学进行双学士学位培养）,,,579,2023,本科批,,2821,577,0,上海,综合,,,华东师范大学
,major_line_2023,工商管理类,人力资源管理（与应用心理学进行双学士学位培养）,,,576,2023,本科批,,3586,572,0,上海,综合,,,华东师范大学
,major_line_2023,公共管理类,公共管理类（含人力资源管理、行政管理2个专业）,,,572,2023,本科批,,3586,572,0,上海,综合,,,华东师范大学
,major_line_2023,法学类,法学,,,577,2023,本科批,,3741,571,0,上海,综合,,,华东师范大学
,major_line_2023,社会学类,社会学类（含社会学、社会工作2个专业。定向西藏就业，只录取有该专业志愿的考生，不调剂录取）,,,575,2023,本科批,,3914,570,0,上海,综合,,,华东师范大学
,major_line_2023,社会学类,社会学类（含社会学、社会工作2个专业）,,,575,2023,本科批,,3914,570,0,上海,综合,,,华东师范大学
,major_line_2023,金融学类,金融学类（含金融学、经济学2个专业）,,,572,2023,本科批,,3914,570,0,上海,综合,,,华东师范大学
,major_line_2023,工商管理类,工商管理类（含工商管理、会计学、旅游管理3个专业）,,,570,2023,本科批,,3914,570,0,上海,综合,,,华东师范大学
,major_line_2023,工商管理类,工商管理（中法创新实验班。与法国里昂商学院合办，专业课程为全英文授课，须学法语。后两年可申请去法国，另按法方规定缴纳学费）,,,570,2023,本科批,,4096,569,0,上海,综合,,,华东师范大学
,major_line_2023,教育学类,教育学类（含学前教育、特殊教育、教育康复学、公共事业管理4个专业）,,,569,2023,本科批,,4096,569,0,上海,综合,,,华东师范大学
,major_line_2023,食品科学与工程类,食品科学与工程类（含食品科学与工程、食品质量与安全、食品营养与健康专业）,,,567,2023,本科批,,4425,567,0,上海,综合,,,华南理工大学
,major_line_2023,计算机类,计算机类（含计算机科学与技术、网络工程、信息安全专业。单色识别不全者不取）,,,573,2023,本科批,,3404,573,0,上海,综合,,,华南理工大学
,major_line_2023,电气类,电气类（含电气工程及其自动化、能源与动力工程专业。单色识别不全者不取）,,,571,2023,本科批,,3741,571,0,上海,综合,,,华南理工大学
,major_line_2023,电子信息类,信息工程,,,570,2023,本科批,,3914,570,0,上海,综合,,,华南理工大学
,major_line_2023,金融学类,金融科技,,,570,2023,本科批,,3914,570,0,上海,综合,,,华南理工大学
,major_line_2023,管理科学与工程类,大数据管理与应用,,,570,2023,本科批,,3914,570,0,上海,综合,,,华南理工大学
,major_line_2023,工科试验班,工科试验班（智能装备与先进制造方向。含机械工程、机械电子工程、智能车辆工程、过程装备与控制工程、材料成型及控制工程专业）,,,570,2023,本科批,,3914,570,0,上海,综合,,,华南理工大学
,major_line_2023,计算机类,计算机类（含计算机科学与技术、网络工程、信息安全专业。单色识别不全者不取）,,,573,2023,本科批,,3404,573,0,上海,综合,,,华南理工大学
,major_line_2023,电气类,电气类（含电气工程及其自动化、能源与动力工程专业。单色识别不全者不取）,,,571,2023,本科批,,3741,571,0,上海,综合,,,华南理工大学
,major_line_2023,电子信息类,信息工程,,,570,2023,本科批,,3914,570,0,上海,综合,,,华南理工大学
,major_line_2023,金融学类,金融科技,,,570,2023,本科批,,3914,570,0,上海,综合,,,华南理工大学
,major_line_2023,管理科学与工程类,大数据管理与应用,,,570,2023,本科批,,3914,570,0,上海,综合,,,华南理工大学
,major_line_2023,工科试验班,工科试验班（智能装备与先进制造方向。含机械工程、机械电子工程、智能车辆工程、过程装备与控制工程、材料成型及控制工程专业）,,,570,2023,本科批,,3914,570,0,上海,综合,,,华南理工大学
,major_line_2023,食品科学与工程类,食品科学与工程类（含食品科学与工程、食品质量与安全、食品营养与健康专业）,,,567,2023,本科批,,4425,567,0,上海,综合,,,华南理工大学
,major_line_2023,电子信息类,电子信息类（信息与通信方向。含通信工程、电子信息工程、网络工程、物联网工程、信息对抗技术专业）,,,574,2023,本科批,,3270,574,0,上海,综合,,,电子科技大学
,major_line_2023,电子信息类,电子信息类（光电集成与光网络方向。含光电信息科学与工程、信息工程专业）,,,574,2023,本科批,,3270,574,0,上海,综合,,,电子科技大学
,major_line_2023,经济管理试验班,经济管理试验班（管理与电子工程双学位培养方向。含电子信息工程、金融学、工商管理、电子商务专业）,,,573,2023,本科批,,3404,573,0,上海,综合,,,电子科技大学
,major_line_2023,电子信息类,电子信息类（信息与通信方向。含通信工程、电子信息工程、网络工程、物联网工程、信息对抗技术专业）,,,574,2023,本科批,,3270,574,0,上海,综合,,,电子科技大学
,major_line_2023,电子信息类,电子信息类（光电集成与光网络方向。含光电信息科学与工程、信息工程专业）,,,574,2023,本科批,,3270,574,0,上海,综合,,,电子科技大学
,major_line_2023,经济管理试验班,经济管理试验班（管理与电子工程双学位培养方向。含电子信息工程、金融学、工商管理、电子商务专业）,,,573,2023,本科批,,3404,573,0,上海,综合,,,电子科技大学
,major_line_2023,机械类,工业设计,,,565,2023,本科批,,5664,560,0,上海,综合,,,湖南大学
,major_line_2023,金融学类,金融学（可分流至金融学、金融学）（金融工程专业）,,,561,2023,本科批,,5664,560,0,上海,综合,,,湖南大学
,major_line_2023,经济学类,经济学类（含经济学、财政学专业）,,,561,2023,本科批,,5664,560,0,上海,综合,,,湖南大学
,major_line_2023,工商管理类,会计学（可分流至会计学、财务管理专业）,,,560,2023,本科批,,5664,560,0,上海,综合,,,湖南大学
,major_line_2023,金融学类,精算学,,,559,2023,本科批,,5843,559,0,上海,综合,,,湖南大学
,major_line_2023,经济与贸易类,国际经济与贸易（实验班）,,,559,2023,本科批,,6028,558,0,上海,综合,,,湖南大学
,major_line_2023,工商管理类,工商管理（可分流至工商管理、市场营销、财务管理）（金融工程专业）,,,559,2023,本科批,,6028,558,0,上海,综合,,,湖南大学
,major_line_2023,机械类,智能制造工程,,,567,2023,本科批,,4600,566,0,上海,综合,,,湖南大学
,major_line_2023,电子信息类,人工智能,,,565,2023,本科批,,4910,564,0,上海,综合,,,湖南大学
,major_line_2023,土木类,土木工程（智能土木实验班）,,,564,2023,本科批,,4910,564,0,上海,综合,,,湖南大学
,major_line_2023,力学类,工程力学（力学实验班）,,,563,2023,本科批,,5270,562,0,上海,综合,,,湖南大学
,major_line_2023,机械类,工业设计,,,565,2023,本科批,,5664,560,0,上海,综合,,,湖南大学
,major_line_2023,金融学类,金融学（可分流至金融学、金融学）（金融工程专业）,,,561,2023,本科批,,5664,560,0,上海,综合,,,湖南大学
,major_line_2023,经济学类,经济学类（含经济学、财政学专业）,,,561,2023,本科批,,5664,560,0,上海,综合,,,湖南大学
,major_line_2023,工商管理类,会计学（可分流至会计学、财务管理专业）,,,560,2023,本科批,,5664,560,0,上海,综合,,,湖南大学
,major_line_2023,金融学类,精算学,,,559,2023,本科批,,5843,559,0,上海,综合,,,湖南大学
,major_line_2023,经济与贸易类,国际经济与贸易（实验班）,,,559,2023,本科批,,6028,558,0,上海,综合,,,湖南大学
,major_line_2023,工商管理类,工商管理（可分流至工商管理、市场营销、财务管理）（金融工程专业）,,,559,2023,本科批,,6028,558,0,上海,综合,,,湖南大学
,major_line_2023,历史学类,历史学,,,557,2023,本科批,,6451,556,0,上海,综合,,,湖南大学
,major_line_2023,外国语言文学类,英语（语言智能实验班）（语种:英语）,,,555,2023,本科批,,6846,554,0,上海,综合,,,湖南大学
,major_line_2023,机械类,智能制造工程,,,567,2023,本科批,,4600,566,0,上海,综合,,,湖南大学
,major_line_2023,电子信息类,人工智能,,,565,2023,本科批,,4910,564,0,上海,综合,,,湖南大学
,major_line_2023,土木类,土木工程（智能土木实验班）,,,564,2023,本科批,,4910,564,0,上海,综合,,,湖南大学
,major_line_2023,力学类,工程力学（力学实验班）,,,563,2023,本科批,,5270,562,0,上海,综合,,,湖南大学
,major_line_2023,历史学类,历史学,,,557,2023,本科批,,6451,556,0,上海,综合,,,湖南大学
,major_line_2023,外国语言文学类,英语（语言智能实验班）（语种:英语）,,,555,2023,本科批,,6846,554,0,上海,综合,,,湖南大学
,major_line_2023,工科试验班,工科试验班（电气信息类。含电气工程及其自动化、通信工程、计算机科学与技术、软件工程、人工智能、数据科学与大数据技术、智能感知工程、测控技术与仪器、自动化、信息安全、电子信息工程、电子科学与技术、物联网工程、集成电路设计与集成系统专业。其中软件工程、人工智能、数据科学与大数据技术专业第三、四学年预交学费标准为15000元/年）（语种:不限在虎溪校区）,,,567,2023,本科批,,4600,566,0,上海,综合,,,重庆大学
,major_line_2023,理科试验班,理科试验班（数学物理类。含数学与应用数学、金融数学、物理学、电子信息科学与技术、信息与计算科学、应用物理学、统计学专业）（语种:不限在虎溪校区）,,,566,2023,本科批,,4750,565,0,上海,综合,,,重庆大学
,major_line_2023,建筑类,建筑类（含建筑学、城乡规划、风景园林专业）（语种:不限在B区）,,,566,2023,本科批,,4910,564,0,上海,综合,,,重庆大学
,major_line_2023,工科试验班,工科试验班（新工科类。含机器人工程、碳储科学与工程、储能科学与工程、智能制造工程、智能建造、智能采矿工程专业）（语种:不限在虎溪校区）,,,565,2023,本科批,,4910,564,0,上海,综合,,,重庆大学
,major_line_2023,人文科学试验班,人文科学试验班（博雅类。含汉语言文学、哲学专业）（语种:不限在A区）,,,561,2023,本科批,,5453,561,0,上海,综合,,,重庆大学
,major_line_2023,人文科学试验班,人文科学试验班（法学新闻类。含法学、新闻学、广播电视学、知识产权专业）（语种:不限在B区）,,,560,2023,本科批,,5664,560,0,上海,综合,,,重庆大学
,major_line_2023,工科试验班,工科试验班（电气信息类。含电气工程及其自动化、通信工程、计算机科学与技术、软件工程、人工智能、数据科学与大数据技术、智能感知工程、测控技术与仪器、自动化、信息安全、电子信息工程、电子科学与技术、物联网工程、集成电路设计与集成系统专业。其中软件工程、人工智能、数据科学与大数据技术专业第三、四学年预交学费标准为15000元/年）（语种:不限在虎溪校区）,,,567,2023,本科批,,4600,566,0,上海,综合,,,重庆大学
,major_line_2023,理科试验班,理科试验班（数学物理类。含数学与应用数学、金融数学、物理学、电子信息科学与技术、信息与计算科学、应用物理学、统计学专业）（语种:不限在虎溪校区）,,,566,2023,本科批,,4750,565,0,上海,综合,,,重庆大学
,major_line_2023,建筑类,建筑类（含建筑学、城乡规划、风景园林专业）（语种:不限在B区）,,,566,2023,本科批,,4910,564,0,上海,综合,,,重庆大学
,major_line_2023,工科试验班,工科试验班（新工科类。含机器人工程、碳储科学与工程、储能科学与工程、智能制造工程、智能建造、智能采矿工程专业）（语种:不限在虎溪校区）,,,565,2023,本科批,,4910,564,0,上海,综合,,,重庆大学
,major_line_2023,人文科学试验班,人文科学试验班（博雅类。含汉语言文学、哲学专业）（语种:不限在A区）,,,561,2023,本科批,,5453,561,0,上海,综合,,,重庆大学
,major_line_2023,人文科学试验班,人文科学试验班（法学新闻类。含法学、新闻学、广播电视学、知识产权专业）（语种:不限在B区）,,,560,2023,本科批,,5664,560,0,上海,综合,,,重庆大学
,major_line_2023,计算机类,计算机类（含计算机科学与技术、信息安全、物联网工程专业。入校一年后可进入计算机科学与技术、信息安全、物联网工程专业学习）,,,565,2023,本科批,,4750,565,0,上海,综合,,,北京科技大学
,major_line_2023,材料类,材料科学与工程（本博贯通高精尖班）,,,559,2023,本科批,,5843,559,0,上海,综合,,,北京科技大学
,major_line_2023,机械类,机械类（含机械工程、机器人工程、车辆工程、物流工程、工业设计专业。入校一年后可进入机械工程、机器人工程、车辆工程、物流工程、工业设计专业学习）,,,559,2023,本科批,,6238,557,0,上海,综合,,,北京科技大学
,major_line_2023,材料类,材料科学与工程（入校一年后可进入材料科学与工程、材料物理、材料化学、材料成型及控制工程、无机非金属材料工程专业学习）,,,558,2023,本科批,,6238,557,0,上海,综合,,,北京科技大学
,major_line_2023,管理科学与工程类,管理科学与工程类（大数据管理试验班。含大数据管理与应用、信息管理与信息系统、工程管理专业。入校一年后可进入大数据管理与应用、信息管理与信息系统、工程管理专业学习）,,,556,2023,本科批,,6649,555,0,上海,综合,,,北京科技大学
,major_line_2023,计算机类,计算机类（含计算机科学与技术、信息安全、物联网工程专业。入校一年后可进入计算机科学与技术、信息安全、物联网工程专业学习）,,,565,2023,本科批,,4750,565,0,上海,综合,,,北京科技大学
,major_line_2023,材料类,材料科学与工程（本博贯通高精尖班）,,,559,2023,本科批,,5843,559,0,上海,综合,,,北京科技大学
,major_line_2023,机械类,机械类（含机械工程、机器人工程、车辆工程、物流工程、工业设计专业。入校一年后可进入机械工程、机器人工程、车辆工程、物流工程、工业设计专业学习）,,,559,2023,本科批,,6238,557,0,上海,综合,,,北京科技大学
,major_line_2023,材料类,材料科学与工程（入校一年后可进入材料科学与工程、材料物理、材料化学、材料成型及控制工程、无机非金属材料工程专业学习）,,,558,2023,本科批,,6238,557,0,上海,综合,,,北京科技大学
,major_line_2023,管理科学与工程类,管理科学与工程类（大数据管理试验班。含大数据管理与应用、信息管理与信息系统、工程管理专业。入校一年后可进入大数据管理与应用、信息管理与信息系统、工程管理专业学习）,,,556,2023,本科批,,6649,555,0,上海,综合,,,北京科技大学
,major_line_2023,工商管理类,工商管理类（数智经济与管理试验班。含工商管理、会计学、国际经济与贸易、金融工程专业。入校一年后可进入工商管理、会计学、国际经济与贸易、金融工程专业学习）,,,552,2023,本科批,,7242,552,0,上海,综合,,,北京科技大学
,major_line_2023,工商管理类,工商管理类（数智经济与管理试验班。含工商管理、会计学、国际经济与贸易、金融工程专业。入校一年后可进入工商管理、会计学、国际经济与贸易、金融工程专业学习）,,,552,2023,本科批,,7242,552,0,上海,综合,,,北京科技大学
,major_line_2023,金融学类,金融学（双学士学位。统计学和金融学方向。就读统计与管理学院）,,,582,2023,本科批,,2393,580,0,上海,综合,,,上海财经大学
,major_line_2023,工商管理类,会计学,,,580,2023,本科批,,2821,577,0,上海,综合,,,上海财经大学
,major_line_2023,经济学类,经济学（双学士学位。经济学院和数学学院培养方向）,,,577,2023,本科批,,3270,574,0,上海,综合,,,上海财经大学
,major_line_2023,金融学类,金融学,,,576,2023,本科批,,3586,572,0,上海,综合,,,上海财经大学
,major_line_2023,统计学类,统计学（双学士学位。统计与管理学院和商学院培养方向。就读统计与管理学院）,,,574,2023,本科批,,3586,572,0,上海,综合,,,上海财经大学
,major_line_2023,法学类,法学（双学士学位。法学和金融学方向）,,,572,2023,本科批,,3741,571,0,上海,综合,,,上海财经大学
,major_line_2023,工商管理类,财务管理（智能化方向）,,,572,2023,本科批,,3914,570,0,上海,综合,,,上海财经大学
,major_line_2023,计算机类,计算机科学与技术,,,570,2023,本科批,,3914,570,0,上海,综合,,,上海财经大学
,major_line_2023,工商管理类,工商管理（中外合作办学）（会计学ACCA方向）（中外合作办学）,,,573,2023,本科批,,4096,569,0,上海,综合,,,上海财经大学
,major_line_2023,数学类,数学与应用数学（双学士学位。数学学院和经济学院培养方向）,,,571,2023,本科批,,4096,569,0,上海,综合,,,上海财经大学
,major_line_2023,统计学类,统计学类（含统计学）（实验班、经济充计学）（金融统计与风险管理、数据科学与大数据技术）（理学专业）,,,571,2023,本科批,,4096,569,0,上海,综合,,,上海财经大学
,major_line_2023,财政学类,财政学类（含财政学、税收学专业）,,,570,2023,本科批,,4096,569,0,上海,综合,,,上海财经大学
,major_line_2023,数学类,数学类（含信息与计算科学、数学与应用数学专业）,,,570,2023,本科批,,4096,569,0,上海,综合,,,上海财经大学
,major_line_2023,金融学类,投资学（双学士学位、公管学院和数学学院培养方向）,,,572,2023,本科批,,4260,568,0,上海,综合,,,上海财经大学
,major_line_2023,金融学类,金融学（中外合作办学）（银行与国际金融方向）（中外合作办学）,,,570,2023,本科批,,4260,568,0,上海,综合,,,上海财经大学
,major_line_2023,计算机类,数据科学与大数据技术（工学方向）,,,570,2023,本科批,,4260,568,0,上海,综合,,,上海财经大学
,major_line_2023,经济学类,经济学（中外合作办学）（数量经济方向）（中外合作办学）,,,569,2023,本科批,,4260,568,0,上海,综合,,,上海财经大学
,major_line_2023,金融学类,保险学（保险精算方向）,,,569,2023,本科批,,4260,568,0,上海,综合,,,上海财经大学
,major_line_2023,管理科学与工程类,信息管理与信息系统,,,568,2023,本科批,,4260,568,0,上海,综合,,,上海财经大学
,major_line_2023,电子商务类,电子商务,,,568,2023,本科批,,4260,568,0,上海,综合,,,上海财经大学
,major_line_2023,经济学类,经济学,,,569,2023,本科批,,4425,567,0,上海,综合,,,上海财经大学
,major_line_2023,经济与贸易类,国际经济与贸易,,,568,2023,本科批,,4425,567,0,上海,综合,,,上海财经大学
,major_line_2023,金融学类,投资学（含投资学、房地产开发与管理方向）,,,568,2023,本科批,,4425,567,0,上海,综合,,,上海财经大学
,major_line_2023,工商管理类,工商管理类（含工商管理）（商务分析、工商管理）（战略与创新创业、工商管理）（人力资源管理、市场营销专业）,,,568,2023,本科批,,4425,567,0,上海,综合,,,上海财经大学
,major_line_2023,公共管理类,公共管理类（含行政管理、劳动与社会保障专业）,,,567,2023,本科批,,4425,567,0,上海,综合,,,上海财经大学
,major_line_2023,法学类,法学,,,568,2023,本科批,,4600,566,0,上海,综合,,,上海财经大学
,major_line_2023,新闻传播学类,新闻学,,,567,2023,本科批,,4600,566,0,上海,综合,,,上海财经大学
,major_line_2023,社会学类,社会学（经济社会学方向）,,,566,2023,本科批,,4600,566,0,上海,综合,,,上海财经大学
,major_line_2023,统计学类,统计学（双学士学位。统计与管理学院和商学院培养方向。就读统计与管理学院）,,,574,2023,本科批,,3586,572,0,上海,综合,,,上海财经大学
,major_line_2023,计算机类,计算机科学与技术,,,570,2023,本科批,,3914,570,0,上海,综合,,,上海财经大学
,major_line_2023,数学类,数学与应用数学（双学士学位。数学学院和经济学院培养方向）,,,571,2023,本科批,,4096,569,0,上海,综合,,,上海财经大学
,major_line_2023,统计学类,统计学类（含统计学）（实验班、经济充计学）（金融统计与风险管理、数据科学与大数据技术）（理学专业）,,,571,2023,本科批,,4096,569,0,上海,综合,,,上海财经大学
,major_line_2023,数学类,数学类（含信息与计算科学、数学与应用数学专业）,,,570,2023,本科批,,4096,569,0,上海,综合,,,上海财经大学
,major_line_2023,计算机类,数据科学与大数据技术（工学方向）,,,570,2023,本科批,,4260,568,0,上海,综合,,,上海财经大学
,major_line_2023,经济学类,经济学（中外合作办学）（数量经济方向）（中外合作办学）,,,569,2023,本科批,,4260,568,0,上海,综合,,,上海财经大学
,major_line_2023,金融学类,保险学（保险精算方向）,,,569,2023,本科批,,4260,568,0,上海,综合,,,上海财经大学
,major_line_2023,管理科学与工程类,信息管理与信息系统,,,568,2023,本科批,,4260,568,0,上海,综合,,,上海财经大学
,major_line_2023,电子商务类,电子商务,,,568,2023,本科批,,4260,568,0,上海,综合,,,上海财经大学
,major_line_2023,金融学类,金融学（双学士学位。统计学和金融学方向。就读统计与管理学院）,,,582,2023,本科批,,2393,580,0,上海,综合,,,上海财经大学
,major_line_2023,经济学类,经济学（双学士学位。经济学院和数学学院培养方向）,,,577,2023,本科批,,3270,574,0,上海,综合,,,上海财经大学
,major_line_2023,金融学类,金融学,,,576,2023,本科批,,3586,572,0,上海,综合,,,上海财经大学
,major_line_2023,法学类,法学（双学士学位。法学和金融学方向）,,,572,2023,本科批,,3741,571,0,上海,综合,,,上海财经大学
,major_line_2023,金融学类,金融学（中外合作办学）（银行与国际金融方向）（中外合作办学）,,,570,2023,本科批,,4260,568,0,上海,综合,,,上海财经大学
,major_line_2023,经济学类,经济学,,,569,2023,本科批,,4425,567,0,上海,综合,,,上海财经大学
,major_line_2023,法学类,法学,,,568,2023,本科批,,4600,566,0,上海,综合,,,上海财经大学
,major_line_2023,新闻传播学类,新闻学,,,567,2023,本科批,,4600,566,0,上海,综合,,,上海财经大学
,major_line_2023,社会学类,社会学（经济社会学方向）,,,566,2023,本科批,,4600,566,0,上海,综合,,,上海财经大学
,major_line_2023,工商管理类,会计学,,,580,2023,本科批,,2821,577,0,上海,综合,,,上海财经大学
,major_line_2023,工商管理类,财务管理（智能化方向）,,,572,2023,本科批,,3914,570,0,上海,综合,,,上海财经大学
,major_line_2023,工商管理类,工商管理（中外合作办学）（会计学ACCA方向）（中外合作办学）,,,573,2023,本科批,,4096,569,0,上海,综合,,,上海财经大学
,major_line_2023,财政学类,财政学类（含财政学、税收学专业）,,,570,2023,本科批,,4096,569,0,上海,综合,,,上海财经大学
,major_line_2023,金融学类,投资学（双学士学位、公管学院和数学学院培养方向）,,,572,2023,本科批,,4260,568,0,上海,综合,,,上海财经大学
,major_line_2023,经济与贸易类,国际经济与贸易,,,568,2023,本科批,,4425,567,0,上海,综合,,,上海财经大学
,major_line_2023,金融学类,投资学（含投资学、房地产开发与管理方向）,,,568,2023,本科批,,4425,567,0,上海,综合,,,上海财经大学
,major_line_2023,工商管理类,工商管理类（含工商管理）（商务分析、工商管理）（战略与创新创业、工商管理）（人力资源管理、市场营销专业）,,,568,2023,本科批,,4425,567,0,上海,综合,,,上海财经大学
,major_line_2023,公共管理类,公共管理类（含行政管理、劳动与社会保障专业）,,,567,2023,本科批,,4425,567,0,上海,综合,,,上海财经大学
,major_line_2023,航空航天类,航空航天类（含飞行器设计与工程、飞行器环境与生命保障工程、飞行器动力工程、飞行器制造工程、航空航天工程、飞行器控制与信息工程专业）（将军路校区）,,,567,2023,本科批,,4750,565,0,上海,综合,,,南京航空航天大学
,major_line_2023,电子信息类,电子信息类（含电子信息科学与技术、信息工程专业）（一、二年级在常州市天目湖校区，三、四年级在南京市将军路校区）,,,565,2023,本科批,,4910,564,0,上海,综合,,,南京航空航天大学
,major_line_2023,航空航天类,飞行器适航技术（报考该专业须仔细阅读该校招生章程）（一、二年级在常州市天目湖校区，三、四年级在南京市将军路校区）,,,562,2023,本科批,,5270,562,0,上海,综合,,,南京航空航天大学
,major_line_2023,机械类,车辆工程（将军路校区）,,,562,2023,本科批,,5270,562,0,上海,综合,,,南京航空航天大学
,major_line_2023,自动化类,自动化（一、二年级在常州市天目湖校区，三、四年级在南京市将军路校区）,,,562,2023,本科批,,5270,562,0,上海,综合,,,南京航空航天大学
,major_line_2023,交通运输类,交通运输（空中交通管制与签派方向。报考该专业须仔细阅读该校招生章程）（一、二年级在常州市天目湖校区，三、四年级在南京市将军路校区）,,,561,2023,本科批,,5453,561,0,上海,综合,,,南京航空航天大学
,major_line_2023,交通运输类,交通运输（中外合作办学）（机场运行与管理方向。报考该专业须仔细阅读该校招生章程）（中外合作办学）,,,559,2023,本科批,,6028,558,0,上海,综合,,,南京航空航天大学
,major_line_2023,金融学类,金融学,,,545,2023,本科批,,9655,541,0,上海,综合,,,南京航空航天大学
,major_line_2023,外国语言文学类,英语（含民航业务、国际贸易方向）（语种:英语）,,,546,2023,本科批,,9864,540,0,上海,综合,,,南京航空航天大学
,major_line_2023,交通运输类,交通运输（中外合作办学）（机场运行与管理方向。报考该专业须仔细阅读该校招生章程）（中外合作办学）,,,559,2023,本科批,,6028,558,0,上海,综合,,,南京航空航天大学
,major_line_2023,航空航天类,航空航天类（含飞行器设计与工程、飞行器环境与生命保障工程、飞行器动力工程、飞行器制造工程、航空航天工程、飞行器控制与信息工程专业）（将军路校区）,,,567,2023,本科批,,4750,565,0,上海,综合,,,南京航空航天大学
,major_line_2023,电子信息类,电子信息类（含电子信息科学与技术、信息工程专业）（一、二年级在常州市天目湖校区，三、四年级在南京市将军路校区）,,,565,2023,本科批,,4910,564,0,上海,综合,,,南京航空航天大学
,major_line_2023,航空航天类,飞行器适航技术（报考该专业须仔细阅读该校招生章程）（一、二年级在常州市天目湖校区，三、四年级在南京市将军路校区）,,,562,2023,本科批,,5270,562,0,上海,综合,,,南京航空航天大学
,major_line_2023,机械类,车辆工程（将军路校区）,,,562,2023,本科批,,5270,562,0,上海,综合,,,南京航空航天大学
,major_line_2023,自动化类,自动化（一、二年级在常州市天目湖校区，三、四年级在南京市将军路校区）,,,562,2023,本科批,,5270,562,0,上海,综合,,,南京航空航天大学
,major_line_2023,交通运输类,交通运输（空中交通管制与签派方向。报考该专业须仔细阅读该校招生章程）（一、二年级在常州市天目湖校区，三、四年级在南京市将军路校区）,,,561,2023,本科批,,5453,561,0,上海,综合,,,南京航空航天大学
,major_line_2023,金融学类,金融学,,,545,2023,本科批,,9655,541,0,上海,综合,,,南京航空航天大学
,major_line_2023,外国语言文学类,英语（含民航业务、国际贸易方向）（语种:英语）,,,546,2023,本科批,,9864,540,0,上海,综合,,,南京航空航天大学
,major_line_2023,计算机类,计算机类（含计算机科学与技术、软件工程、智能科学与技术专业）,,,561,2023,本科批,,5664,560,0,上海,综合,,,南京理工大学
,major_line_2023,电子信息类,电子信息类（含电子科学与技术、电子信息工程、光电信息科学与工程、通信工程专业）,,,561,2023,本科批,,5843,559,0,上海,综合,,,南京理工大学
,major_line_2023,电子信息类,微电子科学与工程,,,559,2023,本科批,,5843,559,0,上海,综合,,,南京理工大学
,major_line_2023,机械类,机械类（钱学森学院。含车辆工程、工业工程、机械工程专业）,,,559,2023,本科批,,5843,559,0,上海,综合,,,南京理工大学
,major_line_2023,机械类,机械类（含车辆工程、工业工程、机械工程专业）,,,558,2023,本科批,,6028,558,0,上海,综合,,,南京理工大学
,major_line_2023,材料类,材料类（含材料科学与工程、材料物理、纳米材料与技术、材料成型及控制工程专业）,,,557,2023,本科批,,6451,556,0,上海,综合,,,南京理工大学
,major_line_2023,能源动力类,能源动力类（含建筑环境与能源应用工程、能源与动力工程专业）,,,556,2023,本科批,,6649,555,0,上海,综合,,,南京理工大学
,major_line_2023,计算机类,计算机类（含计算机科学与技术、软件工程、智能科学与技术专业）,,,561,2023,本科批,,5664,560,0,上海,综合,,,南京理工大学
,major_line_2023,电子信息类,电子信息类（含电子科学与技术、电子信息工程、光电信息科学与工程、通信工程专业）,,,561,2023,本科批,,5843,559,0,上海,综合,,,南京理工大学
,major_line_2023,电子信息类,微电子科学与工程,,,559,2023,本科批,,5843,559,0,上海,综合,,,南京理工大学
,major_line_2023,机械类,机械类（钱学森学院。含车辆工程、工业工程、机械工程专业）,,,559,2023,本科批,,5843,559,0,上海,综合,,,南京理工大学
,major_line_2023,机械类,机械类（含车辆工程、工业工程、机械工程专业）,,,558,2023,本科批,,6028,558,0,上海,综合,,,南京理工大学
,major_line_2023,材料类,材料类（含材料科学与工程、材料物理、纳米材料与技术、材料成型及控制工程专业）,,,557,2023,本科批,,6451,556,0,上海,综合,,,南京理工大学
,major_line_2023,能源动力类,能源动力类（含建筑环境与能源应用工程、能源与动力工程专业）,,,556,2023,本科批,,6649,555,0,上海,综合,,,南京理工大学
,major_line_2023,工商管理类,工商管理类（含会计学、市场营销、人力资源管理、信息管理与信息系统、行政管理专业）,,,540,2023,本科批,,10808,536,0,上海,综合,,,兰州大学
,major_line_2023,材料类,材料类（含材料物理、材料化学、功能材料、新能源材料与器件专业）,,,546,2023,本科批,,9179,543,0,上海,综合,,,兰州大学
,major_line_2023,物理学类,物理学类（含物理学）（基地班、物理学、微电子科学与工程专业）,,,554,2023,本科批,,7242,552,0,上海,综合,,,兰州大学
,major_line_2023,电子信息类,电子信息类（含电子信息科学与技术、通信工程、人工智能专业）,,,555,2023,本科批,,7444,551,0,上海,综合,,,兰州大学
,major_line_2023,物理学类,物理学类（含物理学）（基地班、物理学、微电子科学与工程专业）,,,554,2023,本科批,,7242,552,0,上海,综合,,,兰州大学
,major_line_2023,电子信息类,电子信息类（含电子信息科学与技术、通信工程、人工智能专业）,,,555,2023,本科批,,7444,551,0,上海,综合,,,兰州大学
,major_line_2023,材料类,材料类（含材料物理、材料化学、功能材料、新能源材料与器件专业）,,,546,2023,本科批,,9179,543,0,上海,综合,,,兰州大学
,major_line_2023,经济学类,经济学类（含经济学、国际经济与贸易、金融学、金融工程专业）,,,548,2023,本科批,,9418,542,0,上海,综合,,,兰州大学
,major_line_2023,新闻传播学类,新闻传播学类（含新闻学、广告学专业）,,,539,2023,本科批,,10340,538,0,上海,综合,,,兰州大学
,major_line_2023,工商管理类,工商管理类（含会计学、市场营销、人力资源管理、信息管理与信息系统、行政管理专业）,,,540,2023,本科批,,10808,536,0,上海,综合,,,兰州大学
,major_line_2023,经济学类,经济学类（含经济学、国际经济与贸易、金融学、金融工程专业）,,,548,2023,本科批,,9418,542,0,上海,综合,,,兰州大学
,major_line_2023,新闻传播学类,新闻传播学类（含新闻学、广告学专业）,,,539,2023,本科批,,10340,538,0,上海,综合,,,兰州大学
,major_line_2023,计算机类,计算机类（含软件工程、信息安全、数字媒体技术专业。入学后部分课程采用英文教材和英语授课，非英语语种考生慎报。原则上只录取有该专业志愿的考生。学费前两年为5200元/年，后两年为16000元/年）,,,566,2023,本科批,,5080,563,0,上海,综合,,,东北大学
,major_line_2023,机械类,机械类（含机械工程、过程装备与控制工程、车辆工程、工业设计专业）,,,563,2023,本科批,,5080,563,0,上海,综合,,,东北大学
,major_line_2023,机械类,智能制造工程,,,563,2023,本科批,,5080,563,0,上海,综合,,,东北大学
,major_line_2023,计算机类,计算机类（含软件工程、信息安全、数字媒体技术专业。入学后部分课程采用英文教材和英语授课，非英语语种考生慎报。原则上只录取有该专业志愿的考生。学费前两年为5200元/年，后两年为16000元/年）,,,566,2023,本科批,,5080,563,0,上海,综合,,,东北大学
,major_line_2023,机械类,机械类（含机械工程、过程装备与控制工程、车辆工程、工业设计专业）,,,563,2023,本科批,,5080,563,0,上海,综合,,,东北大学
,major_line_2023,机械类,智能制造工程,,,563,2023,本科批,,5080,563,0,上海,综合,,,东北大学
,major_line_2023,电子信息类,电子信息类（含通信、电子信息、微电子方向。含通信工程、信息工程、空间信息与数字技术、电子信息工程、信息对抗技术、遥感科学与技术、电磁场与无线技术、微电子科学与工程、集成电路设计与集成系统专业）,,,569,2023,本科批,,4260,568,0,上海,综合,,,西安电子科技大学
,major_line_2023,计算机类,计算机类（含计算机科学与技术、物联网工程、数据科学与大数据技术、软件工程、人工智能、智能科学与技术、信息安全、网络工程、网络空间安全专业。其中软件工程专业大一、大二学费为6600元/年，大三、大四按学分计，每学分不超过400元，总学分不高于80学分）,,,567,2023,本科批,,4425,567,0,上海,综合,,,西安电子科技大学
,major_line_2023,电子信息类,电子信息类（含通信、电子信息、微电子方向。含通信工程、信息工程、空间信息与数字技术、电子信息工程、信息对抗技术、遥感科学与技术、电磁场与无线技术、微电子科学与工程、集成电路设计与集成系统专业）,,,569,2023,本科批,,4260,568,0,上海,综合,,,西安电子科技大学
,major_line_2023,计算机类,计算机类（含计算机科学与技术、物联网工程、数据科学与大数据技术、软件工程、人工智能、智能科学与技术、信息安全、网络工程、网络空间安全专业。其中软件工程专业大一、大二学费为6600元/年，大三、大四按学分计，每学分不超过400元，总学分不高于80学分）,,,567,2023,本科批,,4425,567,0,上海,综合,,,西安电子科技大学
,major_line_2023,机械类,机械电子工程（中外合作办学）（中外合作办学）,,,555,2023,本科批,,6846,554,0,上海,综合,,,北京交通大学
,major_line_2023,理科试验班类,理科试验班类（詹天佑本博直升试点班。含通信工程、轨道交通信号与控制、计算机科学与技术、人工智能、信息安全、经济学、物流管理、交通运输、交通工程、物流工程、系统科学与工程、土木工程、机械工程、电气工程及其自动化、软件工程、应用物理学、工程力学、数学与应用数学专业。詹天佑“3+5”本博贯通拔尖创新人才培养特区，本科阶段类内专业任选。只录取有该专业志愿考生）,,,569,2023,本科批,,4096,569,0,上海,综合,,,北京交通大学
,major_line_2023,计算机类,计算机类（含计算机科学与技术、计算机科学与技术）（铁路信息技术、人工智能、物联网工程、信息安全、保密技术专业）,,,568,2023,本科批,,4260,568,0,上海,综合,,,北京交通大学
,major_line_2023,计算机类,软件工程,,,567,2023,本科批,,4425,567,0,上海,综合,,,北京交通大学
,major_line_2023,电子信息类,电子信息类（通信与控制方向。含通信工程、轨道交通信号与控制、自动化、电子科学与技术、信息工程、智能装备与系统专业）,,,567,2023,本科批,,4425,567,0,上海,综合,,,北京交通大学
,major_line_2023,理科试验班,理科试验班（数学与统计方向。含信息与计算科学、统计学、数据科学专业）,,,566,2023,本科批,,4600,566,0,上海,综合,,,北京交通大学
,major_line_2023,材料类,纳米材料与技术（中外合作办学）（合作院校为加拿大滑铁卢大学。色盲、色弱者不宜）（中外合作办学）,,,550,2023,本科批,,7855,549,0,上海,综合,,,北京交通大学
,major_line_2023,新闻传播学类,新闻传播学类（含传播学、网络与新媒体专业）,,,551,2023,本科批,,8061,548,0,上海,综合,,,北京交通大学
,major_line_2023,理科试验班类,理科试验班类（詹天佑本博直升试点班。含通信工程、轨道交通信号与控制、计算机科学与技术、人工智能、信息安全、经济学、物流管理、交通运输、交通工程、物流工程、系统科学与工程、土木工程、机械工程、电气工程及其自动化、软件工程、应用物理学、工程力学、数学与应用数学专业。詹天佑“3+5”本博贯通拔尖创新人才培养特区，本科阶段类内专业任选。只录取有该专业志愿考生）,,,569,2023,本科批,,4096,569,0,上海,综合,,,北京交通大学
,major_line_2023,计算机类,计算机类（含计算机科学与技术、计算机科学与技术）（铁路信息技术、人工智能、物联网工程、信息安全、保密技术专业）,,,568,2023,本科批,,4260,568,0,上海,综合,,,北京交通大学
,major_line_2023,计算机类,软件工程,,,567,2023,本科批,,4425,567,0,上海,综合,,,北京交通大学
,major_line_2023,电子信息类,电子信息类（通信与控制方向。含通信工程、轨道交通信号与控制、自动化、电子科学与技术、信息工程、智能装备与系统专业）,,,567,2023,本科批,,4425,567,0,上海,综合,,,北京交通大学
,major_line_2023,理科试验班,理科试验班（数学与统计方向。含信息与计算科学、统计学、数据科学专业）,,,566,2023,本科批,,4600,566,0,上海,综合,,,北京交通大学
,major_line_2023,机械类,机械电子工程（中外合作办学）（中外合作办学）,,,555,2023,本科批,,6846,554,0,上海,综合,,,北京交通大学
,major_line_2023,材料类,纳米材料与技术（中外合作办学）（合作院校为加拿大滑铁卢大学。色盲、色弱者不宜）（中外合作办学）,,,550,2023,本科批,,7855,549,0,上海,综合,,,北京交通大学
,major_line_2023,新闻传播学类,新闻传播学类（含传播学、网络与新媒体专业）,,,551,2023,本科批,,8061,548,0,上海,综合,,,北京交通大学
,major_line_2023,工商管理类,工商管理（威海校区）（中外合作办学）（合作院校为英国兰卡斯特大学，“4+0”模式。大量全英文授课，专业课全英文教材，须有较高的英语基础）（中外合作办学）,,,532,2023,本科批,,11977,531,0,上海,综合,,,北京交通大学
,major_line_2023,工商管理类,工商管理（威海校区）（中外合作办学）（合作院校为英国兰卡斯特大学，“4+0”模式。大量全英文授课，专业课全英文教材，须有较高的英语基础）（中外合作办学）,,,532,2023,本科批,,11977,531,0,上海,综合,,,北京交通大学
,major_line_2023,护理学类,护理学,,,537,2023,本科批,,10565,537,0,上海,综合,,,苏州大学
,major_line_2023,临床医学类,临床医学,,,567,2023,本科批,,4425,567,0,上海,综合,,,苏州大学
,major_line_2023,材料类,纳米材料与技术,,,553,2023,本科批,,7041,553,0,上海,综合,,,苏州大学
,major_line_2023,材料类,材料类（含材料科学与工程、高分子材料与工程专业）,,,551,2023,本科批,,7855,549,0,上海,综合,,,苏州大学
,major_line_2023,材料类,新能源材料与器件,,,548,2023,本科批,,8061,548,0,上海,综合,,,苏州大学
,major_line_2023,纺织类,服装设计与工程,,,547,2023,本科批,,8255,547,0,上海,综合,,,苏州大学
,major_line_2023,药学类,药学（省拔尖人才培养基地）,,,552,2023,本科批,,7242,552,0,上海,综合,,,苏州大学
,major_line_2023,建筑类,建筑学（须具有一定的美术基础）,,,551,2023,本科批,,7444,551,0,上海,综合,,,苏州大学
,major_line_2023,生物科学类,生物技术,,,551,2023,本科批,,7651,550,0,上海,综合,,,苏州大学
,major_line_2023,计算机类,软件工程,,,556,2023,本科批,,6649,555,0,上海,综合,,,苏州大学
,major_line_2023,数学类,数学类（含数学与应用数学、数学与应用数学）（师范专业）,,,555,2023,本科批,,6649,555,0,上海,综合,,,苏州大学
,major_line_2023,自动化类,机器人工程,,,555,2023,本科批,,6649,555,0,上海,综合,,,苏州大学
,major_line_2023,计算机类,数据科学与大数据技术,,,555,2023,本科批,,6649,555,0,上海,综合,,,苏州大学
,major_line_2023,电子信息类,光电信息科学与工程,,,553,2023,本科批,,7041,553,0,上海,综合,,,苏州大学
,major_line_2023,电子信息类,通信工程,,,553,2023,本科批,,7041,553,0,上海,综合,,,苏州大学
,major_line_2023,机械类,机械电子工程,,,553,2023,本科批,,7041,553,0,上海,综合,,,苏州大学
,major_line_2023,机械类,智能制造工程,,,553,2023,本科批,,7041,553,0,上海,综合,,,苏州大学
,major_line_2023,电子信息类,智能测控工程,,,553,2023,本科批,,7041,553,0,上海,综合,,,苏州大学
,major_line_2023,机械类,机械工程,,,552,2023,本科批,,7242,552,0,上海,综合,,,苏州大学
,major_line_2023,临床医学类,临床医学,,,567,2023,本科批,,4425,567,0,上海,综合,,,苏州大学
,major_line_2023,计算机类,软件工程,,,556,2023,本科批,,6649,555,0,上海,综合,,,苏州大学
,major_line_2023,数学类,数学类（含数学与应用数学、数学与应用数学）（师范专业）,,,555,2023,本科批,,6649,555,0,上海,综合,,,苏州大学
,major_line_2023,自动化类,机器人工程,,,555,2023,本科批,,6649,555,0,上海,综合,,,苏州大学
,major_line_2023,计算机类,数据科学与大数据技术,,,555,2023,本科批,,6649,555,0,上海,综合,,,苏州大学
,major_line_2023,中国语言文学类,汉语言文学（师范）,,,554,2023,本科批,,6846,554,0,上海,综合,,,苏州大学
,major_line_2023,电子信息类,光电信息科学与工程,,,553,2023,本科批,,7041,553,0,上海,综合,,,苏州大学
,major_line_2023,材料类,纳米材料与技术,,,553,2023,本科批,,7041,553,0,上海,综合,,,苏州大学
,major_line_2023,电子信息类,通信工程,,,553,2023,本科批,,7041,553,0,上海,综合,,,苏州大学
,major_line_2023,机械类,机械电子工程,,,553,2023,本科批,,7041,553,0,上海,综合,,,苏州大学
,major_line_2023,机械类,智能制造工程,,,553,2023,本科批,,7041,553,0,上海,综合,,,苏州大学
,major_line_2023,电子信息类,智能测控工程,,,553,2023,本科批,,7041,553,0,上海,综合,,,苏州大学
,major_line_2023,药学类,药学（省拔尖人才培养基地）,,,552,2023,本科批,,7242,552,0,上海,综合,,,苏州大学
,major_line_2023,机械类,机械工程,,,552,2023,本科批,,7242,552,0,上海,综合,,,苏州大学
,major_line_2023,建筑类,建筑学（须具有一定的美术基础）,,,551,2023,本科批,,7444,551,0,上海,综合,,,苏州大学
,major_line_2023,中国语言文学类,汉语言文学（省拔尖人才培养基地）,,,551,2023,本科批,,7444,551,0,上海,综合,,,苏州大学
,major_line_2023,生物科学类,生物技术,,,551,2023,本科批,,7651,550,0,上海,综合,,,苏州大学
,major_line_2023,材料类,材料类（含材料科学与工程、高分子材料与工程专业）,,,551,2023,本科批,,7855,549,0,上海,综合,,,苏州大学
,major_line_2023,法学类,法学,,,549,2023,本科批,,7855,549,0,上海,综合,,,苏州大学
,major_line_2023,材料类,新能源材料与器件,,,548,2023,本科批,,8061,548,0,上海,综合,,,苏州大学
,major_line_2023,公共管理类,劳动与社会保障,,,547,2023,本科批,,8255,547,0,上海,综合,,,苏州大学
,major_line_2023,纺织类,服装设计与工程,,,547,2023,本科批,,8255,547,0,上海,综合,,,苏州大学
,major_line_2023,新闻传播学类,新闻传播学类（含新闻学、广告学、网络与新媒体专业）,,,548,2023,本科批,,8464,546,0,上海,综合,,,苏州大学
,major_line_2023,财政学类,财政学,,,546,2023,本科批,,8464,546,0,上海,综合,,,苏州大学
,major_line_2023,护理学类,护理学,,,537,2023,本科批,,10565,537,0,上海,综合,,,苏州大学
,major_line_2023,中国语言文学类,汉语言文学（师范）,,,554,2023,本科批,,6846,554,0,上海,综合,,,苏州大学
,major_line_2023,中国语言文学类,汉语言文学（省拔尖人才培养基地）,,,551,2023,本科批,,7444,551,0,上海,综合,,,苏州大学
,major_line_2023,法学类,法学,,,549,2023,本科批,,7855,549,0,上海,综合,,,苏州大学
,major_line_2023,公共管理类,劳动与社会保障,,,547,2023,本科批,,8255,547,0,上海,综合,,,苏州大学
,major_line_2023,新闻传播学类,新闻传播学类（含新闻学、广告学、网络与新媒体专业）,,,548,2023,本科批,,8464,546,0,上海,综合,,,苏州大学
,major_line_2023,财政学类,财政学,,,546,2023,本科批,,8464,546,0,上海,综合,,,苏州大学
,major_line_2023,经济与贸易类,国际经济与贸易（通过国际精英商学院协会AACSB认证，全英文教学。国际经济与贸易入选国家一流本科专业建设点）,,,554,2023,本科批,,7444,551,0,上海,综合,,,华东理工大学
,major_line_2023,经济学类,经济学类（含经济学、金融学专业。全部专业通过国际精英商学院协会AACSB认证。金融学入选国家一流本科专业建设点）,,,554,2023,本科批,,7651,550,0,上海,综合,,,华东理工大学
,major_line_2023,工商管理类,工商管理类（含工商管理）（商务分析方向、市场营销）（大数据营销、人力资源管理）（人力资源数据分析方向、会计学）（大数据会计、财务管理）（智能财务方向专业。全部专业通过国际精英商学院协会AACSB认证。工商管理）（商务分析方向、市场营销）（大数据营销、会计学）（大数据会计入选国家一流本科专业建设点）,,,550,2023,本科批,,8255,547,0,上海,综合,,,华东理工大学
,major_line_2023,法学类,法学（卓越法律人才基地，具有与理工交融的培养特色，培养多学科交叉型的法律人才）,,,547,2023,本科批,,8464,546,0,上海,综合,,,华东理工大学
,major_line_2023,外国语言文学类,外国语言文学类（外语语种为英语、日语、德语。含英语、德语、日语专业。口吃、听力障碍（两耳听力均在3米以内，或一耳听力在5米另一耳全聋者不取。英语入选国家一流本科专业建设点））,,,547,2023,本科批,,8712,545,0,上海,综合,,,华东理工大学
,major_line_2023,公共管理类,公共管理类（含社会学、社会工作、公共事业管理、行政管理、劳动与社会保障专业。依托上海市重点学科社会学，培养与理工交融的复合型人才。社会学、社会工作、公共事业管理、行政管理入选国家一流本科专业建设点，社会工作入选国家特色专业）,,,547,2023,本科批,,8712,545,0,上海,综合,,,华东理工大学
,major_line_2023,计算机类,计算机科学与技术（“计算机与金融”双学士学位项目。不能准确在显示器上识别红、黄、绿、蓝、紫各颜色中任何一种颜色的数码、字母者不取。学生达到教学要求后，可获得本科毕业证书和双学士学位证书）（工学学士、经济学学士。计算机科学与技术、金融学入选国家一流本科专业建设点）,,,568,2023,本科批,,4600,566,0,上海,综合,,,华东理工大学
,major_line_2023,化工与制药类,化学工程与工艺（“化工与工程管理”双学士学位项目。色盲、色弱、嗅觉迟钝者不取。学生达到教学要求后，可获得本科毕业证书和双学士学位证书）（工学学士、管理学学士。化学工程与工艺、工程管理入选国家一流本科专业建设点）,,,566,2023,本科批,,4600,566,0,上海,综合,,,华东理工大学
,major_line_2023,工科试验班,工科试验班（生物医药方向。含生物工程、制药工程专业。色盲、色弱、嗅觉迟钝者不取。生物工程、制药工程专业入选国家首批一流本科专业建设点、国家特色专业，通过国家工程教育专业认证。含拔尖创新人才培养计划）（3+1+X本硕博贯通制）,,,566,2023,本科批,,5270,562,0,上海,综合,,,华东理工大学
,major_line_2023,计算机类,计算机类（含计算机科学与技术、软件工程专业。不能准确在显示器上识别红、黄、绿、蓝、紫各颜色中任何一种颜色的数码、字母者不取。计算机科学与技术、软件工程入选国家一流本科专业建设点，通过国家工程教育专业认证。含拔尖创新人才培养计划（3+1+X本硕博贯通制））,,,565,2023,本科批,,5270,562,0,上海,综合,,,华东理工大学
,major_line_2023,电子信息类,电子信息类（智能与机器人实验班。含人工智能、机器人工程专业。无色盲。含拔尖创新人才培养计划）（3+1+X本硕博贯通制）,,,564,2023,本科批,,5664,560,0,上海,综合,,,华东理工大学
,major_line_2023,化学类,应用化学（中外合作办学）（国际卓越工程师班。色盲、色弱、嗅觉迟钝者不取。实施本硕贯通培养方案。学院采用中文、法文、英文相结合的方式开展教学。法语学习零起点。外方学校FGL联盟学校）（法国19所专长于化学化工领域的顶尖高等工程师院校。不报不录，入学后不能转入非中外合作办学专业）（中外合作办学）,,,560,2023,本科批,,5664,560,0,上海,综合,,,华东理工大学
,major_line_2023,电子信息类,电子信息类（含自动化、电气工程及其自动化、信息工程专业。无色盲。信息工程、自动化入选国家一流本科专业建设点、通过国家工程教育专业认证。电气工程及其自动化专业入选上海市一流专业。自动化入选国家特色专业，建有卓越工程师班。含拔尖创新人才培养计划）（3+1+X本硕博贯通制）,,,561,2023,本科批,,6028,558,0,上海,综合,,,华东理工大学
,major_line_2023,机械类,工业设计（科专业建设点，依托上海市设计学高峰学科。含海外一流设计学院国际交流项目（3+1，3+1+1））,,,560,2023,本科批,,6238,557,0,上海,综合,,,华东理工大学
,major_line_2023,药学类,药学（色盲、色弱、嗅觉迟钝者不取。药学入选国家首批一流本科专业建设点，含拔尖创新人才培养计划）（3+1+X本硕博贯通制）,,,560,2023,本科批,,6451,556,0,上海,综合,,,华东理工大学
,major_line_2023,工科试验班,工科试验班（能源与环境方向。含能源与动力工程、环境工程、储能科学与工程专业。色盲、色弱、嗅觉迟钝者不取。能源与动力工程、环境工程入选国家一流本科专业建设点。环境工程入选国家特色专业、通过国家工程教育专业认证。建有卓越工程师班）,,,560,2023,本科批,,6451,556,0,上海,综合,,,华东理工大学
,major_line_2023,数学类,数学类（含数学与应用数学、信息与计算科学专业。数学与应用数学入选国家一流本科专业建设点）,,,559,2023,本科批,,6451,556,0,上海,综合,,,华东理工大学
,major_line_2023,化工与制药类,化学工程与工艺（中外合作办学）（国际卓越工程师班。色盲、色弱、嗅觉迟钝者不取。实施本硕贯通培养方案。学院采用中文、法文、英文相结合的方式开展教学。法语学习零起点。外方学校FGL联盟学校）（法国19所专长于化学化工领域的顶尖高等工程师院校。不报不录，入学后不能转入非中外合作办学专业）（中外合作办学）,,,560,2023,本科批,,6649,555,0,上海,综合,,,华东理工大学
,major_line_2023,生物工程类,生物工程类（含生物工程、生物科学、生物技术、食品科学与工程、食品质量与安全专业。色盲、色弱、嗅觉迟钝者不取。生物工程、生物技术、生物科学、食品科学与工程入选国家一流本科专业建设点。含拔尖创新人才培养计划）（3+1+X本硕博贯通制）,,,558,2023,本科批,,6649,555,0,上海,综合,,,华东理工大学
,major_line_2023,能源动力类,能源与动力工程（“能源与经济”双学士学位项目。色盲、色弱、嗅觉迟钝者不取。学生达到教学要求后，可获得本科毕业证书和双学士学位证书）（工学学士、经济学学士。能源与动力工程入选国家一流本科专业建设点）,,,558,2023,本科批,,6846,554,0,上海,综合,,,华东理工大学
,major_line_2023,物理学类,物理学类（含应用物理学、光电信息科学与工程专业。无色盲。应用物理学入选国家一流本科专业建设点）,,,557,2023,本科批,,6846,554,0,上海,综合,,,华东理工大学
,major_line_2023,材料类,材料类（含无机非金属材料工程、高分子材料与工程、高分子材料与工程）（集成电路材料方向、复合材料与工程、新能源材料与器件、材料化学）（绿色与能源催化方向专业。色盲、色弱、嗅觉迟钝者不取。高分子材料与工程、无机非金属材料工程、复合材料与工程、新能源材料与器件入选国家一流本科专业建设点。高分子材料与工程含拔尖创新人才培养计划）（3+1+X本硕博贯通制和卓越工程师班。材料化学入选教育部基础学科拔尖学生培养计划2.0基地）,,,557,2023,本科批,,6846,554,0,上海,综合,,,华东理工大学
,major_line_2023,材料类,高分子材料与工程（中外合作办学）（国际卓越工程师班。色盲、色弱、嗅觉迟钝者不取。实施本硕贯通培养方案。学院采用中文、法文、英文相结合的方式开展教学。法语学习零起点。外方学校FGL联盟学校）（法国19所专长于化学化工领域的顶尖高等工程师院校。不报不录，入学后不能转入非中外合作办学专业）（中外合作办学）,,,556,2023,本科批,,6846,554,0,上海,综合,,,华东理工大学
,major_line_2023,机械类,机械类（机械智能化实验班。含机械设计制造及其自动化、过程装备与控制工程、智能制造工程专业。无色盲。过程装备与控制工程专业入选国家一流本科专业建设点、国家特色专业，通过国家工程教育专业认证，建有卓越工程师班。机械设计制造及其自动化专业入选国家一流本科专业建设点并通过国家工程教育专业认证）,,,556,2023,本科批,,6846,554,0,上海,综合,,,华东理工大学
,major_line_2023,工科试验班,工科试验班（智慧化工方向。含化学工程与工艺、油气储运工程、精细化工）（光电信息材料方向、资源循环科学与工程专业。色盲、色弱、嗅觉迟钝者不取。化学工程与工艺、油气储运工程、资源循环科学与工程入选国家一流本科专业建设点，含拔尖创新人才培养计划）（3+1+X本硕博贯通制）,,,558,2023,本科批,,7041,553,0,上海,综合,,,华东理工大学
,major_line_2023,管理科学与工程类,管理科学与工程类（含信息管理与信息系统、工程管理、物流管理）（供应链方向专业。全部专业通过国际精英商学院协会AACSB认证。信息管理与信息系统、工程管理、物流管理）（供应链方向入选国家一流本科专业建设点、国家特色专业）,,,556,2023,本科批,,7041,553,0,上海,综合,,,华东理工大学
,major_line_2023,化学类,化学类（含化学、应用化学、轻化工程专业。色盲色弱、嗅觉迟钝者不取。化学、应用化学含拔尖创新人才培养计划）（3+1+X本硕博贯通制，入选国家一流本科专业建设点、“化学拔尖学生培养基地”）（入选教育部基础学科拔尖学生培养计划2.0基地）,,,555,2023,本科批,,7041,553,0,上海,综合,,,华东理工大学
,major_line_2023,环境科学与工程类,环境工程（“环境工程-社会学”双学士学位项目。色盲、色弱、嗅觉迟钝者不取。学生达到教学要求后，可获得本科毕业证书和双学士学位证书）（工学学士、法学学士。环境工程、社会学入选国家一流本科专业建设点）,,,554,2023,本科批,,7041,553,0,上海,综合,,,华东理工大学
,major_line_2023,建筑类,风景园林（景观建筑规划方向。无色盲、色弱。依托上海市高峰学科——设计学；包含海外一流设计学院国际交流项目）（3+1，3+1+1）,,,553,2023,本科批,,7041,553,0,上海,综合,,,华东理工大学
,major_line_2023,经济与贸易类,国际经济与贸易（通过国际精英商学院协会AACSB认证，全英文教学。国际经济与贸易入选国家一流本科专业建设点）,,,554,2023,本科批,,7444,551,0,上海,综合,,,华东理工大学
,major_line_2023,经济学类,经济学类（含经济学、金融学专业。全部专业通过国际精英商学院协会AACSB认证。金融学入选国家一流本科专业建设点）,,,554,2023,本科批,,7651,550,0,上海,综合,,,华东理工大学
,major_line_2023,工商管理类,工商管理类（含工商管理）（商务分析方向、市场营销）（大数据营销、人力资源管理）（人力资源数据分析方向、会计学）（大数据会计、财务管理）（智能财务方向专业。全部专业通过国际精英商学院协会AACSB认证。工商管理）（商务分析方向、市场营销）（大数据营销、会计学）（大数据会计入选国家一流本科专业建设点）,,,550,2023,本科批,,8255,547,0,上海,综合,,,华东理工大学
,major_line_2023,法学类,法学（卓越法律人才基地，具有与理工交融的培养特色，培养多学科交叉型的法律人才）,,,547,2023,本科批,,8464,546,0,上海,综合,,,华东理工大学
,major_line_2023,外国语言文学类,外国语言文学类（外语语种为英语、日语、德语。含英语、德语、日语专业。口吃、听力障碍（两耳听力均在3米以内，或一耳听力在5米另一耳全聋者不取。英语入选国家一流本科专业建设点））,,,547,2023,本科批,,8712,545,0,上海,综合,,,华东理工大学
,major_line_2023,公共管理类,公共管理类（含社会学、社会工作、公共事业管理、行政管理、劳动与社会保障专业。依托上海市重点学科社会学，培养与理工交融的复合型人才。社会学、社会工作、公共事业管理、行政管理入选国家一流本科专业建设点，社会工作入选国家特色专业）,,,547,2023,本科批,,8712,545,0,上海,综合,,,华东理工大学
,major_line_2023,计算机类,计算机科学与技术（“计算机与金融”双学士学位项目。不能准确在显示器上识别红、黄、绿、蓝、紫各颜色中任何一种颜色的数码、字母者不取。学生达到教学要求后，可获得本科毕业证书和双学士学位证书）（工学学士、经济学学士。计算机科学与技术、金融学入选国家一流本科专业建设点）,,,568,2023,本科批,,4600,566,0,上海,综合,,,华东理工大学
,major_line_2023,计算机类,计算机类（含计算机科学与技术、软件工程专业。不能准确在显示器上识别红、黄、绿、蓝、紫各颜色中任何一种颜色的数码、字母者不取。计算机科学与技术、软件工程入选国家一流本科专业建设点，通过国家工程教育专业认证。含拔尖创新人才培养计划（3+1+X本硕博贯通制））,,,565,2023,本科批,,5270,562,0,上海,综合,,,华东理工大学
,major_line_2023,电子信息类,电子信息类（智能与机器人实验班。含人工智能、机器人工程专业。无色盲。含拔尖创新人才培养计划）（3+1+X本硕博贯通制）,,,564,2023,本科批,,5664,560,0,上海,综合,,,华东理工大学
,major_line_2023,电子信息类,电子信息类（含自动化、电气工程及其自动化、信息工程专业。无色盲。信息工程、自动化入选国家一流本科专业建设点、通过国家工程教育专业认证。电气工程及其自动化专业入选上海市一流专业。自动化入选国家特色专业，建有卓越工程师班。含拔尖创新人才培养计划）（3+1+X本硕博贯通制）,,,561,2023,本科批,,6028,558,0,上海,综合,,,华东理工大学
,major_line_2023,机械类,工业设计（科专业建设点，依托上海市设计学高峰学科。含海外一流设计学院国际交流项目（3+1，3+1+1））,,,560,2023,本科批,,6238,557,0,上海,综合,,,华东理工大学
,major_line_2023,数学类,数学类（含数学与应用数学、信息与计算科学专业。数学与应用数学入选国家一流本科专业建设点）,,,559,2023,本科批,,6451,556,0,上海,综合,,,华东理工大学
,major_line_2023,物理学类,物理学类（含应用物理学、光电信息科学与工程专业。无色盲。应用物理学入选国家一流本科专业建设点）,,,557,2023,本科批,,6846,554,0,上海,综合,,,华东理工大学
,major_line_2023,材料类,材料类（含无机非金属材料工程、高分子材料与工程、高分子材料与工程）（集成电路材料方向、复合材料与工程、新能源材料与器件、材料化学）（绿色与能源催化方向专业。色盲、色弱、嗅觉迟钝者不取。高分子材料与工程、无机非金属材料工程、复合材料与工程、新能源材料与器件入选国家一流本科专业建设点。高分子材料与工程含拔尖创新人才培养计划）（3+1+X本硕博贯通制和卓越工程师班。材料化学入选教育部基础学科拔尖学生培养计划2.0基地）,,,557,2023,本科批,,6846,554,0,上海,综合,,,华东理工大学
,major_line_2023,材料类,高分子材料与工程（中外合作办学）（国际卓越工程师班。色盲、色弱、嗅觉迟钝者不取。实施本硕贯通培养方案。学院采用中文、法文、英文相结合的方式开展教学。法语学习零起点。外方学校FGL联盟学校）（法国19所专长于化学化工领域的顶尖高等工程师院校。不报不录，入学后不能转入非中外合作办学专业）（中外合作办学）,,,556,2023,本科批,,6846,554,0,上海,综合,,,华东理工大学
,major_line_2023,机械类,机械类（机械智能化实验班。含机械设计制造及其自动化、过程装备与控制工程、智能制造工程专业。无色盲。过程装备与控制工程专业入选国家一流本科专业建设点、国家特色专业，通过国家工程教育专业认证，建有卓越工程师班。机械设计制造及其自动化专业入选国家一流本科专业建设点并通过国家工程教育专业认证）,,,556,2023,本科批,,6846,554,0,上海,综合,,,华东理工大学
,major_line_2023,化工与制药类,化学工程与工艺（“化工与工程管理”双学士学位项目。色盲、色弱、嗅觉迟钝者不取。学生达到教学要求后，可获得本科毕业证书和双学士学位证书）（工学学士、管理学学士。化学工程与工艺、工程管理入选国家一流本科专业建设点）,,,566,2023,本科批,,4600,566,0,上海,综合,,,华东理工大学
,major_line_2023,工科试验班,工科试验班（生物医药方向。含生物工程、制药工程专业。色盲、色弱、嗅觉迟钝者不取。生物工程、制药工程专业入选国家首批一流本科专业建设点、国家特色专业，通过国家工程教育专业认证。含拔尖创新人才培养计划）（3+1+X本硕博贯通制）,,,566,2023,本科批,,5270,562,0,上海,综合,,,华东理工大学
,major_line_2023,化学类,应用化学（中外合作办学）（国际卓越工程师班。色盲、色弱、嗅觉迟钝者不取。实施本硕贯通培养方案。学院采用中文、法文、英文相结合的方式开展教学。法语学习零起点。外方学校FGL联盟学校）（法国19所专长于化学化工领域的顶尖高等工程师院校。不报不录，入学后不能转入非中外合作办学专业）（中外合作办学）,,,560,2023,本科批,,5664,560,0,上海,综合,,,华东理工大学
,major_line_2023,药学类,药学（色盲、色弱、嗅觉迟钝者不取。药学入选国家首批一流本科专业建设点，含拔尖创新人才培养计划）（3+1+X本硕博贯通制）,,,560,2023,本科批,,6451,556,0,上海,综合,,,华东理工大学
,major_line_2023,工科试验班,工科试验班（能源与环境方向。含能源与动力工程、环境工程、储能科学与工程专业。色盲、色弱、嗅觉迟钝者不取。能源与动力工程、环境工程入选国家一流本科专业建设点。环境工程入选国家特色专业、通过国家工程教育专业认证。建有卓越工程师班）,,,560,2023,本科批,,6451,556,0,上海,综合,,,华东理工大学
,major_line_2023,化工与制药类,化学工程与工艺（中外合作办学）（国际卓越工程师班。色盲、色弱、嗅觉迟钝者不取。实施本硕贯通培养方案。学院采用中文、法文、英文相结合的方式开展教学。法语学习零起点。外方学校FGL联盟学校）（法国19所专长于化学化工领域的顶尖高等工程师院校。不报不录，入学后不能转入非中外合作办学专业）（中外合作办学）,,,560,2023,本科批,,6649,555,0,上海,综合,,,华东理工大学
,major_line_2023,生物工程类,生物工程类（含生物工程、生物科学、生物技术、食品科学与工程、食品质量与安全专业。色盲、色弱、嗅觉迟钝者不取。生物工程、生物技术、生物科学、食品科学与工程入选国家一流本科专业建设点。含拔尖创新人才培养计划）（3+1+X本硕博贯通制）,,,558,2023,本科批,,6649,555,0,上海,综合,,,华东理工大学
,major_line_2023,能源动力类,能源与动力工程（“能源与经济”双学士学位项目。色盲、色弱、嗅觉迟钝者不取。学生达到教学要求后，可获得本科毕业证书和双学士学位证书）（工学学士、经济学学士。能源与动力工程入选国家一流本科专业建设点）,,,558,2023,本科批,,6846,554,0,上海,综合,,,华东理工大学
,major_line_2023,工科试验班,工科试验班（智慧化工方向。含化学工程与工艺、油气储运工程、精细化工）（光电信息材料方向、资源循环科学与工程专业。色盲、色弱、嗅觉迟钝者不取。化学工程与工艺、油气储运工程、资源循环科学与工程入选国家一流本科专业建设点，含拔尖创新人才培养计划）（3+1+X本硕博贯通制）,,,558,2023,本科批,,7041,553,0,上海,综合,,,华东理工大学
,major_line_2023,管理科学与工程类,管理科学与工程类（含信息管理与信息系统、工程管理、物流管理）（供应链方向专业。全部专业通过国际精英商学院协会AACSB认证。信息管理与信息系统、工程管理、物流管理）（供应链方向入选国家一流本科专业建设点、国家特色专业）,,,556,2023,本科批,,7041,553,0,上海,综合,,,华东理工大学
,major_line_2023,化学类,化学类（含化学、应用化学、轻化工程专业。色盲色弱、嗅觉迟钝者不取。化学、应用化学含拔尖创新人才培养计划）（3+1+X本硕博贯通制，入选国家一流本科专业建设点、“化学拔尖学生培养基地”）（入选教育部基础学科拔尖学生培养计划2.0基地）,,,555,2023,本科批,,7041,553,0,上海,综合,,,华东理工大学
,major_line_2023,环境科学与工程类,环境工程（“环境工程-社会学”双学士学位项目。色盲、色弱、嗅觉迟钝者不取。学生达到教学要求后，可获得本科毕业证书和双学士学位证书）（工学学士、法学学士。环境工程、社会学入选国家一流本科专业建设点）,,,554,2023,本科批,,7041,553,0,上海,综合,,,华东理工大学
,major_line_2023,建筑类,风景园林（景观建筑规划方向。无色盲、色弱。依托上海市高峰学科——设计学；包含海外一流设计学院国际交流项目）（3+1，3+1+1）,,,553,2023,本科批,,7041,553,0,上海,综合,,,华东理工大学
,major_line_2023,金融学类,金融学类（含金融学、金融工程、金融科技、金融学）（北京外国语大学英语专业联培专业）,,,567,2023,本科批,,4425,567,0,上海,综合,,,中央财经大学
,major_line_2023,金融学类,金融学（国际金融与公司理财方向）,,,567,2023,本科批,,4600,566,0,上海,综合,,,中央财经大学
,major_line_2023,金融学类,保险学,,,567,2023,本科批,,4600,566,0,上海,综合,,,中央财经大学
,major_line_2023,电子商务类,电子商务类（含电子商务）（商务智能、信息管理与信息系统）（数据分析与管理专业）,,,566,2023,本科批,,4600,566,0,上海,综合,,,中央财经大学
,major_line_2023,管理科学与工程类,大数据管理与应用（许国志大数据英才班）,,,566,2023,本科批,,4600,566,0,上海,综合,,,中央财经大学
,major_line_2023,法学类,法学（卓越法治人才教育培养计划）,,,568,2023,本科批,,4260,568,0,上海,综合,,,中央财经大学
,major_line_2023,工商管理类,工商管理类（会计学院。含会计学、财务管理专业）,,,567,2023,本科批,,4750,565,0,上海,综合,,,中央财经大学
,major_line_2023,经济学类,经济学类（含经济学、国民经济管理专业）,,,566,2023,本科批,,4750,565,0,上海,综合,,,中央财经大学
,major_line_2023,经济学类,经济学（数理经济与数理金融方向）,,,566,2023,本科批,,4910,564,0,上海,综合,,,中央财经大学
,major_line_2023,财政学类,财政学类（含财政学、税收学、资产评估、财政学）（财政基础理论基地班、税收学）（全球税收治理菁英班专业）,,,564,2023,本科批,,4910,564,0,上海,综合,,,中央财经大学
,major_line_2023,法学类,法学（卓越法治人才教育培养计划）,,,568,2023,本科批,,4260,568,0,上海,综合,,,中央财经大学
,major_line_2023,金融学类,金融学类（含金融学、金融工程、金融科技、金融学）（北京外国语大学英语专业联培专业）,,,567,2023,本科批,,4425,567,0,上海,综合,,,中央财经大学
,major_line_2023,金融学类,金融学（国际金融与公司理财方向）,,,567,2023,本科批,,4600,566,0,上海,综合,,,中央财经大学
,major_line_2023,金融学类,保险学,,,567,2023,本科批,,4600,566,0,上海,综合,,,中央财经大学
,major_line_2023,电子商务类,电子商务类（含电子商务）（商务智能、信息管理与信息系统）（数据分析与管理专业）,,,566,2023,本科批,,4600,566,0,上海,综合,,,中央财经大学
,major_line_2023,管理科学与工程类,大数据管理与应用（许国志大数据英才班）,,,566,2023,本科批,,4600,566,0,上海,综合,,,中央财经大学
,major_line_2023,工商管理类,工商管理类（会计学院。含会计学、财务管理专业）,,,567,2023,本科批,,4750,565,0,上海,综合,,,中央财经大学
,major_line_2023,经济学类,经济学类（含经济学、国民经济管理专业）,,,566,2023,本科批,,4750,565,0,上海,综合,,,中央财经大学
,major_line_2023,经济学类,经济学（数理经济与数理金融方向）,,,566,2023,本科批,,4910,564,0,上海,综合,,,中央财经大学
,major_line_2023,财政学类,财政学类（含财政学、税收学、资产评估、财政学）（财政基础理论基地班、税收学）（全球税收治理菁英班专业）,,,564,2023,本科批,,4910,564,0,上海,综合,,,中央财经大学
,major_line_2023,自动化类,自动化类（含自动化、电气工程及其自动化、测控技术与仪器、探测制导与控制技术、机器人工程、人工智能专业）,,,552,2023,本科批,,7855,549,0,上海,综合,,,哈尔滨工程大学
,major_line_2023,计算机类,计算机类（含计算机科学与技术、信息安全专业。单色异常者不取）,,,551,2023,本科批,,7855,549,0,上海,综合,,,哈尔滨工程大学
,major_line_2023,海洋工程类,海洋工程类（含船舶与海洋工程、港口航道与海岸工程、海洋机器人专业）,,,548,2023,本科批,,8464,546,0,上海,综合,,,哈尔滨工程大学
,major_line_2023,机械类,智能制造工程,,,547,2023,本科批,,8464,546,0,上海,综合,,,哈尔滨工程大学
,major_line_2023,自动化类,自动化类（含自动化、电气工程及其自动化、测控技术与仪器、探测制导与控制技术、机器人工程、人工智能专业）,,,552,2023,本科批,,7855,549,0,上海,综合,,,哈尔滨工程大学
,major_line_2023,计算机类,计算机类（含计算机科学与技术、信息安全专业。单色异常者不取）,,,551,2023,本科批,,7855,549,0,上海,综合,,,哈尔滨工程大学
,major_line_2023,海洋工程类,海洋工程类（含船舶与海洋工程、港口航道与海岸工程、海洋机器人专业）,,,548,2023,本科批,,8464,546,0,上海,综合,,,哈尔滨工程大学
,major_line_2023,机械类,智能制造工程,,,547,2023,本科批,,8464,546,0,上海,综合,,,哈尔滨工程大学
,major_line_2023,中国语言文学类,汉语言文学（师范）（自由校区）,,,525,2023,本科批,,13398,525,0,上海,综合,,,东北师范大学
,major_line_2023,外国语言文学类,德语（师范）（净月校区）,,,523,2023,本科批,,14182,522,0,上海,综合,,,东北师范大学
,major_line_2023,经济学类,经济学类（含金融学、会计学、人力资源管理、经济学、市场营销专业）（净月校区）,,,522,2023,本科批,,14672,520,0,上海,综合,,,东北师范大学
,major_line_2023,环境科学与工程类,环境科学与工程类（含环境科学、环境工程、生态学专业）,,,482,2023,本科批,,33965,440,0,上海,综合,,,东北师范大学
,major_line_2023,物理学类,物理学类（含物理学、电子信息科学与技术、材料物理专业）,,,538,2023,本科批,,10808,536,0,上海,综合,,,东北师范大学
,major_line_2023,物理学类,物理学类（含物理学、电子信息科学与技术、材料物理专业）,,,538,2023,本科批,,10808,536,0,上海,综合,,,东北师范大学
,major_line_2023,中国语言文学类,汉语言文学（师范）（自由校区）,,,525,2023,本科批,,13398,525,0,上海,综合,,,东北师范大学
,major_line_2023,外国语言文学类,德语（师范）（净月校区）,,,523,2023,本科批,,14182,522,0,上海,综合,,,东北师范大学
,major_line_2023,经济学类,经济学类（含金融学、会计学、人力资源管理、经济学、市场营销专业）（净月校区）,,,522,2023,本科批,,14672,520,0,上海,综合,,,东北师范大学
,major_line_2023,环境科学与工程类,环境科学与工程类（含环境科学、环境工程、生态学专业）,,,482,2023,本科批,,33965,440,0,上海,综合,,,东北师范大学
,major_line_2023,临床医学类,临床医学（本硕博连读）,,,577,2023,本科批,,2821,577,0,上海,综合,,,南方医科大学
,major_line_2023,临床医学类,临床医学,,,566,2023,本科批,,4750,565,0,上海,综合,,,南方医科大学
,major_line_2023,临床医学类,临床医学（本硕博连读）,,,577,2023,本科批,,2821,577,0,上海,综合,,,南方医科大学
,major_line_2023,临床医学类,临床医学,,,566,2023,本科批,,4750,565,0,上海,综合,,,南方医科大学
,major_line_2023,中西医结合类,中西医临床医学（语种:不限在广州校区）（大一、大二在顺德校区进行书院制培养，大三起在所属学院学习）,,,538,2023,本科批,,10565,537,0,上海,综合,,,南方医科大学
,major_line_2023,药学类,药学（语种:不限在广州校区）（大一、大二在顺德校区进行书院制培养，大三起在所属学院学习）,,,535,2023,本科批,,11029,535,0,上海,综合,,,南方医科大学
,major_line_2023,口腔医学类,口腔医学（语种:不限在广州校区）（大一、大二在顺德校区进行书院制培养，大三起在所属学院学习）,,,534,2023,本科批,,11501,533,0,上海,综合,,,南方医科大学
,major_line_2023,医学技术类,医学检验技术（语种:不限在广州校区）（大一、大二在顺德校区进行书院制培养，大三起在所属学院学习）,,,531,2023,本科批,,12194,530,0,上海,综合,,,南方医科大学
,major_line_2023,生物科学类,生物技术（语种:不限在广州校区）（大一、大二在顺德校区进行书院制培养，大三起在所属学院学习）,,,527,2023,本科批,,12910,527,0,上海,综合,,,南方医科大学
,major_line_2023,公共卫生与预防医学类,预防医学（语种:不限在广州校区）（大一、大二在顺德校区进行书院制培养，大三起在所属学院学习）,,,528,2023,本科批,,13398,525,0,上海,综合,,,南方医科大学
,major_line_2023,医学技术类,康复治疗学（语种:不限在顺德校区）,,,525,2023,本科批,,13398,525,0,上海,综合,,,南方医科大学
,major_line_2023,生物医学工程类,生物医学工程（语种:不限在顺德校区）,,,527,2023,本科批,,14182,522,0,上海,综合,,,南方医科大学
,major_line_2023,中西医结合类,中西医临床医学（语种:不限在广州校区）（大一、大二在顺德校区进行书院制培养，大三起在所属学院学习）,,,538,2023,本科批,,10565,537,0,上海,综合,,,南方医科大学
,major_line_2023,药学类,药学（语种:不限在广州校区）（大一、大二在顺德校区进行书院制培养，大三起在所属学院学习）,,,535,2023,本科批,,11029,535,0,上海,综合,,,南方医科大学
,major_line_2023,口腔医学类,口腔医学（语种:不限在广州校区）（大一、大二在顺德校区进行书院制培养，大三起在所属学院学习）,,,534,2023,本科批,,11501,533,0,上海,综合,,,南方医科大学
,major_line_2023,医学技术类,医学检验技术（语种:不限在广州校区）（大一、大二在顺德校区进行书院制培养，大三起在所属学院学习）,,,531,2023,本科批,,12194,530,0,上海,综合,,,南方医科大学
,major_line_2023,生物科学类,生物技术（语种:不限在广州校区）（大一、大二在顺德校区进行书院制培养，大三起在所属学院学习）,,,527,2023,本科批,,12910,527,0,上海,综合,,,南方医科大学
,major_line_2023,公共卫生与预防医学类,预防医学（语种:不限在广州校区）（大一、大二在顺德校区进行书院制培养，大三起在所属学院学习）,,,528,2023,本科批,,13398,525,0,上海,综合,,,南方医科大学
,major_line_2023,医学技术类,康复治疗学（语种:不限在顺德校区）,,,525,2023,本科批,,13398,525,0,上海,综合,,,南方医科大学
,major_line_2023,生物医学工程类,生物医学工程（语种:不限在顺德校区）,,,527,2023,本科批,,14182,522,0,上海,综合,,,南方医科大学
,major_line_2023,管理科学与工程类,大数据管理与应用,,,535,2023,本科批,,11029,535,0,上海,综合,,,华中农业大学
,major_line_2023,机械类,机械类（含机械设计制造及其自动化、机械电子工程、自动化、机器人工程专业）,,,532,2023,本科批,,12194,530,0,上海,综合,,,华中农业大学
,major_line_2023,生物工程类,生物工程,,,540,2023,本科批,,9864,540,0,上海,综合,,,华中农业大学
,major_line_2023,动物生产类,动物科学（国家卓越农林人才计划）,,,539,2023,本科批,,10565,537,0,上海,综合,,,华中农业大学
,major_line_2023,植物生产类,植物生产类（含农学）（国家卓越农林人才计划、植物科学与技术、种子科学与工程、植物保护）（国家卓越农林人才计划、应用生物科学专业）,,,538,2023,本科批,,10565,537,0,上海,综合,,,华中农业大学
,major_line_2023,植物生产类,园艺（国家卓越农林人才计划）,,,536,2023,本科批,,10808,536,0,上海,综合,,,华中农业大学
,major_line_2023,管理科学与工程类,大数据管理与应用,,,535,2023,本科批,,11029,535,0,上海,综合,,,华中农业大学
,major_line_2023,机械类,机械类（含机械设计制造及其自动化、机械电子工程、自动化、机器人工程专业）,,,532,2023,本科批,,12194,530,0,上海,综合,,,华中农业大学
,major_line_2023,生物工程类,生物工程,,,540,2023,本科批,,9864,540,0,上海,综合,,,华中农业大学
,major_line_2023,动物生产类,动物科学（国家卓越农林人才计划）,,,539,2023,本科批,,10565,537,0,上海,综合,,,华中农业大学
,major_line_2023,植物生产类,植物生产类（含农学）（国家卓越农林人才计划、植物科学与技术、种子科学与工程、植物保护）（国家卓越农林人才计划、应用生物科学专业）,,,538,2023,本科批,,10565,537,0,上海,综合,,,华中农业大学
,major_line_2023,植物生产类,园艺（国家卓越农林人才计划）,,,536,2023,本科批,,10808,536,0,上海,综合,,,华中农业大学
,major_line_2023,化工与制药类,化工与制药类（含化学工程与工艺、能源化学工程专业）,,,542,2023,本科批,,9655,541,0,上海,综合,,,中国石油大学（北京）
,major_line_2023,经济学类,经济学类（含能源经济、金融学专业）,,,541,2023,本科批,,9655,541,0,上海,综合,,,中国石油大学（北京）
,major_line_2023,环境科学与工程类,环境科学与工程类（含环境工程、环境科学专业）,,,538,2023,本科批,,10340,538,0,上海,综合,,,中国石油大学（北京）
,major_line_2023,工商管理类,工商管理类（含会计学、财务管理、市场营销专业）,,,536,2023,本科批,,11501,533,0,上海,综合,,,中国石油大学（北京）
,major_line_2023,矿业类,油气储运工程,,,543,2023,本科批,,9179,543,0,上海,综合,,,中国石油大学（北京）
,major_line_2023,矿业类,油气储运工程,,,543,2023,本科批,,9179,543,0,上海,综合,,,中国石油大学（北京）
,major_line_2023,化工与制药类,化工与制药类（含化学工程与工艺、能源化学工程专业）,,,542,2023,本科批,,9655,541,0,上海,综合,,,中国石油大学（北京）
,major_line_2023,经济学类,经济学类（含能源经济、金融学专业）,,,541,2023,本科批,,9655,541,0,上海,综合,,,中国石油大学（北京）
,major_line_2023,环境科学与工程类,环境科学与工程类（含环境工程、环境科学专业）,,,538,2023,本科批,,10340,538,0,上海,综合,,,中国石油大学（北京）
,major_line_2023,工商管理类,工商管理类（含会计学、财务管理、市场营销专业）,,,536,2023,本科批,,11501,533,0,上海,综合,,,中国石油大学（北京）
,major_line_2023,口腔医学类,口腔医学,,,555,2023,本科批,,10105,539,0,上海,综合,,,南京医科大学
,major_line_2023,临床医学类,临床医学,,,554,2023,本科批,,12442,529,0,上海,综合,,,南京医科大学
,major_line_2023,临床医学类,临床医学（儿科医学方向。5+3一体化）,,,525,2023,本科批,,16172,514,0,上海,综合,,,南京医科大学
,major_line_2023,统计学类,生物统计学,,,513,2023,本科批,,17631,508,0,上海,综合,,,南京医科大学
,major_line_2023,公共卫生与预防医学类,预防医学,,,512,2023,本科批,,17631,508,0,上海,综合,,,南京医科大学
,major_line_2023,医学技术类,智能医学工程,,,512,2023,本科批,,17631,508,0,上海,综合,,,南京医科大学
,major_line_2023,医学技术类,卫生检验与检疫,,,505,2023,本科批,,19158,502,0,上海,综合,,,南京医科大学
,major_line_2023,医学技术类,康复治疗学,,,482,2023,本科批,,26866,471,0,上海,综合,,,南京医科大学
,major_line_2023,口腔医学类,口腔医学,,,555,2023,本科批,,10105,539,0,上海,综合,,,南京医科大学
,major_line_2023,药学类,临床药学,,,541,2023,本科批,,10808,536,0,上海,综合,,,南京医科大学
,major_line_2023,临床医学类,临床医学,,,554,2023,本科批,,12442,529,0,上海,综合,,,南京医科大学
,major_line_2023,护理学类,护理学,,,529,2023,本科批,,13919,523,0,上海,综合,,,南京医科大学
,major_line_2023,公共管理类,公共事业管理（卫生事业管理方向）,,,524,2023,本科批,,13919,523,0,上海,综合,,,南京医科大学
,major_line_2023,临床医学类,临床医学（儿科医学方向。5+3一体化）,,,525,2023,本科批,,16172,514,0,上海,综合,,,南京医科大学
,major_line_2023,统计学类,生物统计学,,,513,2023,本科批,,17631,508,0,上海,综合,,,南京医科大学
,major_line_2023,公共卫生与预防医学类,预防医学,,,512,2023,本科批,,17631,508,0,上海,综合,,,南京医科大学
,major_line_2023,医学技术类,智能医学工程,,,512,2023,本科批,,17631,508,0,上海,综合,,,南京医科大学
,major_line_2023,医学技术类,卫生检验与检疫,,,505,2023,本科批,,19158,502,0,上海,综合,,,南京医科大学
,major_line_2023,医学技术类,康复治疗学,,,482,2023,本科批,,26866,471,0,上海,综合,,,南京医科大学
,major_line_2023,公共管理类,公共事业管理（卫生事业管理方向）,,,524,2023,本科批,,13919,523,0,上海,综合,,,南京医科大学
,major_line_2023,药学类,临床药学,,,541,2023,本科批,,10808,536,0,上海,综合,,,南京医科大学
,major_line_2023,护理学类,护理学,,,529,2023,本科批,,13919,523,0,上海,综合,,,南京医科大学
,major_line_2023,动物医学类,动物医学类（含动物医学、动物药学专业）,,,542,2023,本科批,,10565,537,0,上海,综合,,,南京农业大学
,major_line_2023,动物生产类,动物科学,,,545,2023,本科批,,10808,536,0,上海,综合,,,南京农业大学
,major_line_2023,植物生产类,植物保护,,,539,2023,本科批,,11029,535,0,上海,综合,,,南京农业大学
,major_line_2023,食品科学与工程类,食品科学与工程类（含食品科学与工程、食品质量与安全、生物工程、食品营养与健康专业）,,,537,2023,本科批,,11029,535,0,上海,综合,,,南京农业大学
,major_line_2023,环境科学与工程类,环境科学与工程类（含环境工程、环境科学、农业资源与环境生态学专业）,,,534,2023,本科批,,11501,533,0,上海,综合,,,南京农业大学
,major_line_2023,植物生产类,园艺,,,535,2023,本科批,,11977,531,0,上海,综合,,,南京农业大学
,major_line_2023,金融学类,金融学,,,540,2023,本科批,,10105,539,0,上海,综合,,,南京农业大学
,major_line_2023,经济与贸易类,国际经济与贸易,,,537,2023,本科批,,10565,537,0,上海,综合,,,南京农业大学
,major_line_2023,社会学类,社会学类（含法学、社会学、旅游管理、农村区域发展专业）,,,537,2023,本科批,,10565,537,0,上海,综合,,,南京农业大学
,major_line_2023,金融学类,投资学,,,536,2023,本科批,,11029,535,0,上海,综合,,,南京农业大学
,major_line_2023,工商管理类,会计学,,,538,2023,本科批,,11977,531,0,上海,综合,,,南京农业大学
,major_line_2023,公共管理类,公共管理类（含土地资源管理、人力资源管理、劳动与社会保障、行政管理专业）,,,531,2023,本科批,,12194,530,0,上海,综合,,,南京农业大学
,major_line_2023,外国语言文学类,英语（语种:英语）,,,530,2023,本科批,,12442,529,0,上海,综合,,,南京农业大学
,major_line_2023,工商管理类,工商管理类（含工商管理、市场营销、电子商务专业）,,,528,2023,本科批,,12669,528,0,上海,综合,,,南京农业大学
,major_line_2023,外国语言文学类,日语,,,529,2023,本科批,,12910,527,0,上海,综合,,,南京农业大学
,major_line_2023,金融学类,金融学,,,540,2023,本科批,,10105,539,0,上海,综合,,,南京农业大学
,major_line_2023,动物医学类,动物医学类（含动物医学、动物药学专业）,,,542,2023,本科批,,10565,537,0,上海,综合,,,南京农业大学
,major_line_2023,经济与贸易类,国际经济与贸易,,,537,2023,本科批,,10565,537,0,上海,综合,,,南京农业大学
,major_line_2023,社会学类,社会学类（含法学、社会学、旅游管理、农村区域发展专业）,,,537,2023,本科批,,10565,537,0,上海,综合,,,南京农业大学
,major_line_2023,动物生产类,动物科学,,,545,2023,本科批,,10808,536,0,上海,综合,,,南京农业大学
,major_line_2023,植物生产类,植物保护,,,539,2023,本科批,,11029,535,0,上海,综合,,,南京农业大学
,major_line_2023,食品科学与工程类,食品科学与工程类（含食品科学与工程、食品质量与安全、生物工程、食品营养与健康专业）,,,537,2023,本科批,,11029,535,0,上海,综合,,,南京农业大学
,major_line_2023,金融学类,投资学,,,536,2023,本科批,,11029,535,0,上海,综合,,,南京农业大学
,major_line_2023,环境科学与工程类,环境科学与工程类（含环境工程、环境科学、农业资源与环境生态学专业）,,,534,2023,本科批,,11501,533,0,上海,综合,,,南京农业大学
,major_line_2023,工商管理类,会计学,,,538,2023,本科批,,11977,531,0,上海,综合,,,南京农业大学
,major_line_2023,植物生产类,园艺,,,535,2023,本科批,,11977,531,0,上海,综合,,,南京农业大学
,major_line_2023,公共管理类,公共管理类（含土地资源管理、人力资源管理、劳动与社会保障、行政管理专业）,,,531,2023,本科批,,12194,530,0,上海,综合,,,南京农业大学
,major_line_2023,外国语言文学类,英语（语种:英语）,,,530,2023,本科批,,12442,529,0,上海,综合,,,南京农业大学
,major_line_2023,工商管理类,工商管理类（含工商管理、市场营销、电子商务专业）,,,528,2023,本科批,,12669,528,0,上海,综合,,,南京农业大学
,major_line_2023,外国语言文学类,日语,,,529,2023,本科批,,12910,527,0,上海,综合,,,南京农业大学
,major_line_2023,自动化类,自动化类（含自动化、生物医学工程、电气工程及其自动化专业）,,,539,2023,本科批,,10340,538,0,上海,综合,,,郑州大学
,major_line_2023,生物科学类,生物科学类（含生物技术、生物信息学、生物工程、植物科学与技术专业。色盲、色弱及单色识别不全者不取）,,,537,2023,本科批,,10565,537,0,上海,综合,,,郑州大学
,major_line_2023,自动化类,自动化类（含自动化、生物医学工程、电气工程及其自动化专业）,,,539,2023,本科批,,10340,538,0,上海,综合,,,郑州大学
,major_line_2023,生物科学类,生物科学类（含生物技术、生物信息学、生物工程、植物科学与技术专业。色盲、色弱及单色识别不全者不取）,,,537,2023,本科批,,10565,537,0,上海,综合,,,郑州大学
,major_line_2023,法学类,法学,,,536,2023,本科批,,11029,535,0,上海,综合,,,郑州大学
,major_line_2023,经济学类,经济学类（含经济学、经济统计学、金融学、国际经济与贸易专业）,,,532,2023,本科批,,11977,531,0,上海,综合,,,郑州大学
,major_line_2023,新闻传播学类,新闻传播学类（含新闻学、广播电视学、广告学、网络与新媒体专业）,,,531,2023,本科批,,11977,531,0,上海,综合,,,郑州大学
,major_line_2023,法学类,法学,,,536,2023,本科批,,11029,535,0,上海,综合,,,郑州大学
,major_line_2023,经济学类,经济学类（含经济学、经济统计学、金融学、国际经济与贸易专业）,,,532,2023,本科批,,11977,531,0,上海,综合,,,郑州大学
,major_line_2023,新闻传播学类,新闻传播学类（含新闻学、广播电视学、广告学、网络与新媒体专业）,,,531,2023,本科批,,11977,531,0,上海,综合,,,郑州大学
,major_line_2023,化学类,应用化学,,,541,2023,本科批,,10105,539,0,上海,综合,,,暨南大学
,major_line_2023,工商管理类,会计学（全英语教学）（语种:不限在番禺校区）,,,550,2023,本科批,,8061,548,0,上海,综合,,,暨南大学
,major_line_2023,新闻传播学类,国际新闻与传播（全英语教学）（语种:不限在石牌校区）,,,542,2023,本科批,,9418,542,0,上海,综合,,,暨南大学
,major_line_2023,工商管理类,工商管理（语种:不限在番禺校区）,,,540,2023,本科批,,10105,539,0,上海,综合,,,暨南大学
,major_line_2023,中国语言文学类,汉语国际教育（语种:不限在广园东校区）,,,539,2023,本科批,,10340,538,0,上海,综合,,,暨南大学
,major_line_2023,外国语言文学类,翻译（语种:不限在珠海校区）,,,541,2023,本科批,,10565,537,0,上海,综合,,,暨南大学
,major_line_2023,口腔医学类,口腔医学（无色盲、色弱）,,,561,2023,本科批,,5664,560,0,上海,综合,,,暨南大学
,major_line_2023,食品科学与工程类,食品科学与工程,,,554,2023,本科批,,7242,552,0,上海,综合,,,暨南大学
,major_line_2023,电气类,电气工程及其自动化（语种:不限在珠海校区）,,,544,2023,本科批,,8940,544,0,上海,综合,,,暨南大学
,major_line_2023,管理科学与工程类,信息管理与信息系统（语种:不限在番禺校区）,,,543,2023,本科批,,9179,543,0,上海,综合,,,暨南大学
,major_line_2023,电子信息类,光电信息科学与工程（语种:不限在石牌校区）,,,543,2023,本科批,,9179,543,0,上海,综合,,,暨南大学
,major_line_2023,口腔医学类,口腔医学（无色盲、色弱）,,,561,2023,本科批,,5664,560,0,上海,综合,,,暨南大学
,major_line_2023,食品科学与工程类,食品科学与工程,,,554,2023,本科批,,7242,552,0,上海,综合,,,暨南大学
,major_line_2023,工商管理类,会计学（全英语教学）（语种:不限在番禺校区）,,,550,2023,本科批,,8061,548,0,上海,综合,,,暨南大学
,major_line_2023,电气类,电气工程及其自动化（语种:不限在珠海校区）,,,544,2023,本科批,,8940,544,0,上海,综合,,,暨南大学
,major_line_2023,管理科学与工程类,信息管理与信息系统（语种:不限在番禺校区）,,,543,2023,本科批,,9179,543,0,上海,综合,,,暨南大学
,major_line_2023,电子信息类,光电信息科学与工程（语种:不限在石牌校区）,,,543,2023,本科批,,9179,543,0,上海,综合,,,暨南大学
,major_line_2023,新闻传播学类,国际新闻与传播（全英语教学）（语种:不限在石牌校区）,,,542,2023,本科批,,9418,542,0,上海,综合,,,暨南大学
,major_line_2023,化学类,应用化学,,,541,2023,本科批,,10105,539,0,上海,综合,,,暨南大学
,major_line_2023,工商管理类,工商管理（语种:不限在番禺校区）,,,540,2023,本科批,,10105,539,0,上海,综合,,,暨南大学
,major_line_2023,中国语言文学类,汉语国际教育（语种:不限在广园东校区）,,,539,2023,本科批,,10340,538,0,上海,综合,,,暨南大学
,major_line_2023,外国语言文学类,翻译（语种:不限在珠海校区）,,,541,2023,本科批,,10565,537,0,上海,综合,,,暨南大学
,major_line_2023,口腔医学类,口腔医学,,,546,2023,本科批,,8464,546,0,上海,综合,,,哈尔滨医科大学
,major_line_2023,临床医学类,临床医学（5+3一体化）,,,547,2023,本科批,,9418,542,0,上海,综合,,,哈尔滨医科大学
,major_line_2023,临床医学类,临床医学,,,541,2023,本科批,,10105,539,0,上海,综合,,,哈尔滨医科大学
,major_line_2023,临床医学类,医学影像学,,,539,2023,本科批,,10105,539,0,上海,综合,,,哈尔滨医科大学
,major_line_2023,口腔医学类,口腔医学,,,546,2023,本科批,,8464,546,0,上海,综合,,,哈尔滨医科大学
,major_line_2023,临床医学类,临床医学（5+3一体化）,,,547,2023,本科批,,9418,542,0,上海,综合,,,哈尔滨医科大学
,major_line_2023,临床医学类,临床医学,,,541,2023,本科批,,10105,539,0,上海,综合,,,哈尔滨医科大学
,major_line_2023,临床医学类,医学影像学,,,539,2023,本科批,,10105,539,0,上海,综合,,,哈尔滨医科大学
,major_line_2023,临床医学类,精神医学,,,505,2023,本科批,,20398,497,0,上海,综合,,,哈尔滨医科大学
,major_line_2023,医学技术类,医学影像技术,,,494,2023,本科批,,22166,490,0,上海,综合,,,哈尔滨医科大学
,major_line_2023,医学技术类,医学检验技术,,,487,2023,本科批,,23334,485,0,上海,综合,,,哈尔滨医科大学
,major_line_2023,医学技术类,康复治疗学,,,484,2023,本科批,,24077,482,0,上海,综合,,,哈尔滨医科大学
,major_line_2023,药学类,药物制剂,,,485,2023,本科批,,24317,481,0,上海,综合,,,哈尔滨医科大学
,major_line_2023,中药学类,中药学,,,481,2023,本科批,,25081,478,0,上海,综合,,,哈尔滨医科大学
,major_line_2023,护理学类,护理学,,,476,2023,本科批,,25848,475,0,上海,综合,,,哈尔滨医科大学
,major_line_2023,临床医学类,精神医学,,,505,2023,本科批,,20398,497,0,上海,综合,,,哈尔滨医科大学
,major_line_2023,护理学类,护理学,,,476,2023,本科批,,25848,475,0,上海,综合,,,哈尔滨医科大学
,major_line_2023,药学类,药物制剂,,,485,2023,本科批,,24317,481,0,上海,综合,,,哈尔滨医科大学
,major_line_2023,中药学类,中药学,,,481,2023,本科批,,25081,478,0,上海,综合,,,哈尔滨医科大学
,major_line_2023,医学技术类,医学影像技术,,,494,2023,本科批,,22166,490,0,上海,综合,,,哈尔滨医科大学
,major_line_2023,医学技术类,医学检验技术,,,487,2023,本科批,,23334,485,0,上海,综合,,,哈尔滨医科大学
,major_line_2023,医学技术类,康复治疗学,,,484,2023,本科批,,24077,482,0,上海,综合,,,哈尔滨医科大学
,major_line_2023,历史学类,历史学类（含历史学）（师范、非师范、考古学专业）,,,554,2023,本科批,,7041,553,0,上海,综合,,,南京师范大学
,major_line_2023,教育学类,学前教育（师范）,,,553,2023,本科批,,8712,545,0,上海,综合,,,南京师范大学
,major_line_2023,教育学类,小学教育（师范）,,,551,2023,本科批,,9179,543,0,上海,综合,,,南京师范大学
,major_line_2023,历史学类,历史学类（含历史学）（师范、非师范、考古学专业）,,,554,2023,本科批,,7041,553,0,上海,综合,,,南京师范大学
,major_line_2023,教育学类,学前教育（师范）,,,553,2023,本科批,,8712,545,0,上海,综合,,,南京师范大学
,major_line_2023,教育学类,小学教育（师范）,,,551,2023,本科批,,9179,543,0,上海,综合,,,南京师范大学
,major_line_2023,化学类,化学类（含化学）（师范、非师范、应用化学专业）,,,546,2023,本科批,,10340,538,0,上海,综合,,,南京师范大学
,major_line_2023,海洋科学类,海洋资源与环境,,,538,2023,本科批,,10565,537,0,上海,综合,,,南京师范大学
,major_line_2023,化学类,化学类（含化学）（师范、非师范、应用化学专业）,,,546,2023,本科批,,10340,538,0,上海,综合,,,南京师范大学
,major_line_2023,海洋科学类,海洋资源与环境,,,538,2023,本科批,,10565,537,0,上海,综合,,,南京师范大学
,major_line_2023,工商管理类,工商管理类（含市场营销、财务管理、人力资源管理、工商管理、会计学、创业管理专业）,,,540,2023,本科批,,10105,539,0,上海,综合,,,武汉理工大学
,major_line_2023,经济学类,经济学类（含经济学、金融学、国际经济与贸易、电子商务专业）,,,538,2023,本科批,,10565,537,0,上海,综合,,,武汉理工大学
,major_line_2023,计算机类,计算机类（含计算机科学与技术、软件工程、物联网工程、数据科学与大数据技术、人工智能专业）,,,551,2023,本科批,,8061,548,0,上海,综合,,,武汉理工大学
,major_line_2023,电子信息类,电子信息类（含电子信息工程、电子科学与技术、通信工程、信息工程、集成电路设计与集成系统专业）,,,550,2023,本科批,,8061,548,0,上海,综合,,,武汉理工大学
,major_line_2023,材料类,材料类（含材料成型及控制工程、材料科学与工程、材料物理、材料化学、无机非金属材料工程、高分子材料与工程、复合材料与工程、新能源材料与器件专业）,,,549,2023,本科批,,8061,548,0,上海,综合,,,武汉理工大学
,major_line_2023,数学类,数学类（含光电信息科学与工程、电子信息科学与技术、信息与计算科学、统计学、工程力学专业）,,,548,2023,本科批,,8712,545,0,上海,综合,,,武汉理工大学
,major_line_2023,管理科学与工程类,管理科学与工程类（大数据管理与安全科学方向。含安全工程、应急管理、大数据管理与应用专业）,,,545,2023,本科批,,8712,545,0,上海,综合,,,武汉理工大学
,major_line_2023,自动化类,自动化类（含电气工程及其自动化、自动化、机器人工程专业）,,,545,2023,本科批,,8940,544,0,上海,综合,,,武汉理工大学
,major_line_2023,土木类,土木类（含土木工程、建筑环境与能源应用工程、给排水科学与工程、工程管理专业）,,,544,2023,本科批,,9179,543,0,上海,综合,,,武汉理工大学
,major_line_2023,机械类,机械类（车辆方向。含车辆工程、能源与动力工程）（车辆、汽车服务工程、储能科学与工程专业）,,,544,2023,本科批,,9179,543,0,上海,综合,,,武汉理工大学
,major_line_2023,计算机类,计算机类（含计算机科学与技术、软件工程、物联网工程、数据科学与大数据技术、人工智能专业）,,,551,2023,本科批,,8061,548,0,上海,综合,,,武汉理工大学
,major_line_2023,电子信息类,电子信息类（含电子信息工程、电子科学与技术、通信工程、信息工程、集成电路设计与集成系统专业）,,,550,2023,本科批,,8061,548,0,上海,综合,,,武汉理工大学
,major_line_2023,材料类,材料类（含材料成型及控制工程、材料科学与工程、材料物理、材料化学、无机非金属材料工程、高分子材料与工程、复合材料与工程、新能源材料与器件专业）,,,549,2023,本科批,,8061,548,0,上海,综合,,,武汉理工大学
,major_line_2023,数学类,数学类（含光电信息科学与工程、电子信息科学与技术、信息与计算科学、统计学、工程力学专业）,,,548,2023,本科批,,8712,545,0,上海,综合,,,武汉理工大学
,major_line_2023,管理科学与工程类,管理科学与工程类（大数据管理与安全科学方向。含安全工程、应急管理、大数据管理与应用专业）,,,545,2023,本科批,,8712,545,0,上海,综合,,,武汉理工大学
,major_line_2023,自动化类,自动化类（含电气工程及其自动化、自动化、机器人工程专业）,,,545,2023,本科批,,8940,544,0,上海,综合,,,武汉理工大学
,major_line_2023,土木类,土木类（含土木工程、建筑环境与能源应用工程、给排水科学与工程、工程管理专业）,,,544,2023,本科批,,9179,543,0,上海,综合,,,武汉理工大学
,major_line_2023,机械类,机械类（车辆方向。含车辆工程、能源与动力工程）（车辆、汽车服务工程、储能科学与工程专业）,,,544,2023,本科批,,9179,543,0,上海,综合,,,武汉理工大学
,major_line_2023,工商管理类,工商管理类（含市场营销、财务管理、人力资源管理、工商管理、会计学、创业管理专业）,,,540,2023,本科批,,10105,539,0,上海,综合,,,武汉理工大学
,major_line_2023,经济学类,经济学类（含经济学、金融学、国际经济与贸易、电子商务专业）,,,538,2023,本科批,,10565,537,0,上海,综合,,,武汉理工大学
,major_line_2023,电气类,电气工程及其自动化,,,543,2023,本科批,,9418,542,0,上海,综合,,,中国矿业大学
,major_line_2023,电子信息类,人工智能,,,544,2023,本科批,,9655,541,0,上海,综合,,,中国矿业大学
,major_line_2023,管理科学与工程类,大数据管理与应用（单色色盲者可不予录取）,,,542,2023,本科批,,9655,541,0,上海,综合,,,中国矿业大学
,major_line_2023,金融学类,金融学,,,537,2023,本科批,,10808,536,0,上海,综合,,,中国矿业大学
,major_line_2023,电气类,电气工程及其自动化,,,543,2023,本科批,,9418,542,0,上海,综合,,,中国矿业大学
,major_line_2023,电子信息类,人工智能,,,544,2023,本科批,,9655,541,0,上海,综合,,,中国矿业大学
,major_line_2023,管理科学与工程类,大数据管理与应用（单色色盲者可不予录取）,,,542,2023,本科批,,9655,541,0,上海,综合,,,中国矿业大学
,major_line_2023,金融学类,金融学,,,537,2023,本科批,,10808,536,0,上海,综合,,,中国矿业大学
,major_line_2023,计算机类,数据科学与大数据技术,,,564,2023,本科批,,4910,564,0,上海,综合,,,对外经济贸易大学
,major_line_2023,统计学类,统计学,,,564,2023,本科批,,4910,564,0,上海,综合,,,对外经济贸易大学
,major_line_2023,金融学类,金融学类（含金融学、金融学）（国际金融与市场、经济与金融、投资学、保险学）（含与大数据专业双学士学位项目专业）,,,565,2023,本科批,,5080,563,0,上海,综合,,,对外经济贸易大学
,major_line_2023,工商管理类,工商管理类（含会计学、财务管理、人力资源管理、市场营销、工商管理）（全球管理实验班专业。大类分流时完全按照志愿进行）,,,562,2023,本科批,,5453,561,0,上海,综合,,,对外经济贸易大学
,major_line_2023,政治学类,政治学类（含国际政治、政治学与行政学、政治学与行政学）（与金融学专业双学士学位项目、国际政治）（与英语专业双学士学位项目专业）,,,562,2023,本科批,,5453,561,0,上海,综合,,,对外经济贸易大学
,major_line_2023,公共管理类,公共管理类（含海关管理、行政管理、公共事业管理、文化产业管理专业）,,,561,2023,本科批,,5664,560,0,上海,综合,,,对外经济贸易大学
,major_line_2023,计算机类,数据科学与大数据技术,,,564,2023,本科批,,4910,564,0,上海,综合,,,对外经济贸易大学
,major_line_2023,统计学类,统计学,,,564,2023,本科批,,4910,564,0,上海,综合,,,对外经济贸易大学
,major_line_2023,金融学类,金融学类（含金融学、金融学）（国际金融与市场、经济与金融、投资学、保险学）（含与大数据专业双学士学位项目专业）,,,565,2023,本科批,,5080,563,0,上海,综合,,,对外经济贸易大学
,major_line_2023,工商管理类,工商管理类（含会计学、财务管理、人力资源管理、市场营销、工商管理）（全球管理实验班专业。大类分流时完全按照志愿进行）,,,562,2023,本科批,,5453,561,0,上海,综合,,,对外经济贸易大学
,major_line_2023,政治学类,政治学类（含国际政治、政治学与行政学、政治学与行政学）（与金融学专业双学士学位项目、国际政治）（与英语专业双学士学位项目专业）,,,562,2023,本科批,,5453,561,0,上海,综合,,,对外经济贸易大学
,major_line_2023,公共管理类,公共管理类（含海关管理、行政管理、公共事业管理、文化产业管理专业）,,,561,2023,本科批,,5664,560,0,上海,综合,,,对外经济贸易大学
,major_line_2023,临床医学类,临床医学,,,544,2023,本科批,,10105,539,0,上海,综合,,,中国医科大学
,major_line_2023,临床医学类,医学影像学,,,539,2023,本科批,,10105,539,0,上海,综合,,,中国医科大学
,major_line_2023,药学类,药物制剂（中外合作办学）（外语单科成绩不低于105分）（中外合作办学）,,,494,2023,本科批,,21932,491,0,上海,综合,,,中国医科大学
,major_line_2023,药学类,药物制剂（中外合作办学）（外语单科成绩不低于105分）（中外合作办学）,,,494,2023,本科批,,21932,491,0,上海,综合,,,中国医科大学
,major_line_2023,临床医学类,临床医学,,,544,2023,本科批,,10105,539,0,上海,综合,,,中国医科大学
,major_line_2023,临床医学类,医学影像学,,,539,2023,本科批,,10105,539,0,上海,综合,,,中国医科大学
,major_line_2023,法学类,法学（与北京外国语大学联合培养涉外法治人才。第二学年集中到北京外国语大学学习。符合两校学位授予标准的，授予联合学士学位。经考核合格的，将获得中国政法大学免试攻读研究生推荐资格。详见学校招生章程）,,,584,2023,本科批,,2393,580,0,上海,综合,,,中国政法大学
,major_line_2023,法学类,法学（法学人才培养模式改革实验班。第一阶段四年基础学习必修课成绩排名前90%且考核合格的学生，获得学校免试攻读研究生推荐资格，通过学校接收选拔后，进入第二阶段即两年应用学习阶段的学习，合格后授予法律硕士学位）,,,581,2023,本科批,,2520,579,0,上海,综合,,,中国政法大学
,major_line_2023,法学类,法学,,,575,2023,本科批,,4600,566,0,上海,综合,,,中国政法大学
,major_line_2023,金融学类,金融工程,,,565,2023,本科批,,5080,563,0,上海,综合,,,中国政法大学
,major_line_2023,工商管理类,工商管理,,,562,2023,本科批,,5270,562,0,上海,综合,,,中国政法大学
,major_line_2023,外国语言文学类,德语（法律德语实验班。外语语种为英语、德语。本科学习阶段综合考核排前4名的学生，将获得学校免试攻读研究生推荐资格。详见学校招生章程）,,,562,2023,本科批,,5270,562,0,上海,综合,,,中国政法大学
,major_line_2023,工商管理类,国际商务,,,561,2023,本科批,,5453,561,0,上海,综合,,,中国政法大学
,major_line_2023,公共管理类,行政管理,,,561,2023,本科批,,5453,561,0,上海,综合,,,中国政法大学
,major_line_2023,外国语言文学类,翻译（法律翻译实验班。本科学习阶段综合考核排前8名的学生，将获得学校免试攻读研究生推荐资格。详见学校招生章程）（语种:英语）,,,560,2023,本科批,,5664,560,0,上海,综合,,,中国政法大学
,major_line_2023,法学类,法学（与北京外国语大学联合培养涉外法治人才。第二学年集中到北京外国语大学学习。符合两校学位授予标准的，授予联合学士学位。经考核合格的，将获得中国政法大学免试攻读研究生推荐资格。详见学校招生章程）,,,584,2023,本科批,,2393,580,0,上海,综合,,,中国政法大学
,major_line_2023,法学类,法学（法学人才培养模式改革实验班。第一阶段四年基础学习必修课成绩排名前90%且考核合格的学生，获得学校免试攻读研究生推荐资格，通过学校接收选拔后，进入第二阶段即两年应用学习阶段的学习，合格后授予法律硕士学位）,,,581,2023,本科批,,2520,579,0,上海,综合,,,中国政法大学
,major_line_2023,法学类,法学,,,575,2023,本科批,,4600,566,0,上海,综合,,,中国政法大学
,major_line_2023,金融学类,金融工程,,,565,2023,本科批,,5080,563,0,上海,综合,,,中国政法大学
,major_line_2023,工商管理类,工商管理,,,562,2023,本科批,,5270,562,0,上海,综合,,,中国政法大学
,major_line_2023,外国语言文学类,德语（法律德语实验班。外语语种为英语、德语。本科学习阶段综合考核排前4名的学生，将获得学校免试攻读研究生推荐资格。详见学校招生章程）,,,562,2023,本科批,,5270,562,0,上海,综合,,,中国政法大学
,major_line_2023,工商管理类,国际商务,,,561,2023,本科批,,5453,561,0,上海,综合,,,中国政法大学
,major_line_2023,公共管理类,行政管理,,,561,2023,本科批,,5453,561,0,上海,综合,,,中国政法大学
,major_line_2023,外国语言文学类,翻译（法律翻译实验班。本科学习阶段综合考核排前8名的学生，将获得学校免试攻读研究生推荐资格。详见学校招生章程）（语种:英语）,,,560,2023,本科批,,5664,560,0,上海,综合,,,中国政法大学
,major_line_2023,工商管理类,工商管理（中外合作办学）（第四学年赴澳大利亚蒙纳士大学学习国外学习阶段学费按协议执行）（中外合作办学）,,,539,2023,本科批,,10565,537,0,上海,综合,,,江南大学
,major_line_2023,计算机类,计算机科学与技术,,,544,2023,本科批,,8940,544,0,上海,综合,,,江南大学
,major_line_2023,计算机类,数字媒体技术,,,543,2023,本科批,,9179,543,0,上海,综合,,,江南大学
,major_line_2023,计算机类,物联网工程,,,543,2023,本科批,,9179,543,0,上海,综合,,,江南大学
,major_line_2023,法学类,法学,,,542,2023,本科批,,9864,540,0,上海,综合,,,江南大学
,major_line_2023,工商管理类,会计学,,,542,2023,本科批,,9864,540,0,上海,综合,,,江南大学
,major_line_2023,经济与贸易类,国际经济与贸易,,,539,2023,本科批,,10340,538,0,上海,综合,,,江南大学
,major_line_2023,外国语言文学类,英语（语种:英语）,,,538,2023,本科批,,10340,538,0,上海,综合,,,江南大学
,major_line_2023,食品科学与工程类,食品科学与工程,,,541,2023,本科批,,10565,537,0,上海,综合,,,江南大学
,major_line_2023,工商管理类,工商管理（中外合作办学）（第四学年赴澳大利亚蒙纳士大学学习国外学习阶段学费按协议执行）（中外合作办学）,,,539,2023,本科批,,10565,537,0,上海,综合,,,江南大学
,major_line_2023,食品科学与工程类,食品营养与健康,,,537,2023,本科批,,10808,536,0,上海,综合,,,江南大学
,major_line_2023,食品科学与工程类,食品质量与安全,,,535,2023,本科批,,11276,534,0,上海,综合,,,江南大学
,major_line_2023,食品科学与工程类,食品科学与工程（中外合作办学）（第四学年赴新西兰梅西大学学习，国外学习阶段学费按协议执行）（中外合作办学）,,,526,2023,本科批,,14672,520,0,上海,综合,,,江南大学
,major_line_2023,食品科学与工程类,食品科学与工程（中外合作办学）（第四学年赴新西兰梅西大学学习，国外学习阶段学费按协议执行）（中外合作办学）,,,526,2023,本科批,,14672,520,0,上海,综合,,,江南大学
,major_line_2023,法学类,法学,,,542,2023,本科批,,9864,540,0,上海,综合,,,江南大学
,major_line_2023,工商管理类,会计学,,,542,2023,本科批,,9864,540,0,上海,综合,,,江南大学
,major_line_2023,经济与贸易类,国际经济与贸易,,,539,2023,本科批,,10340,538,0,上海,综合,,,江南大学
,major_line_2023,外国语言文学类,英语（语种:英语）,,,538,2023,本科批,,10340,538,0,上海,综合,,,江南大学
,major_line_2023,食品科学与工程类,食品科学与工程,,,541,2023,本科批,,10565,537,0,上海,综合,,,江南大学
,major_line_2023,食品科学与工程类,食品营养与健康,,,537,2023,本科批,,10808,536,0,上海,综合,,,江南大学
,major_line_2023,食品科学与工程类,食品质量与安全,,,535,2023,本科批,,11276,534,0,上海,综合,,,江南大学
,major_line_2023,计算机类,计算机科学与技术,,,544,2023,本科批,,8940,544,0,上海,综合,,,江南大学
,major_line_2023,计算机类,数字媒体技术,,,543,2023,本科批,,9179,543,0,上海,综合,,,江南大学
,major_line_2023,计算机类,物联网工程,,,543,2023,本科批,,9179,543,0,上海,综合,,,江南大学
,major_line_2023,金融学类,金融学（办学点在宝山校区；）,,,558,2023,本科批,,6451,556,0,上海,综合,,,上海大学
,major_line_2023,工商管理类,会计学（办学点在宝山校区；）,,,557,2023,本科批,,6846,554,0,上海,综合,,,上海大学
,major_line_2023,经济学类,经济学类（办学点在宝山校区；（含经济学、金融学、国际经济与贸易、工商管理、会计学、财务管理、人力资源管理、档案学、信息资源管理、物流管理专业。该专业代表经济管理类。按类招生，第一学年末进行专业分流））,,,550,2023,本科批,,8940,544,0,上海,综合,,,上海大学
,major_line_2023,金融学类,金融学（办学点在嘉定校区；（中外合作办学）（中澳合作））（中外合作办学）,,,546,2023,本科批,,9179,543,0,上海,综合,,,上海大学
,major_line_2023,经济与贸易类,国际经济与贸易（办学点在嘉定校区；（中外合作办学）（中澳合作））（中外合作办学）,,,545,2023,本科批,,9418,542,0,上海,综合,,,上海大学
,major_line_2023,工商管理类,工商管理（办学点在嘉定校区；（中外合作办学）（中澳合作））（中外合作办学）,,,544,2023,本科批,,9418,542,0,上海,综合,,,上海大学
,major_line_2023,社会学类,社会学,,,561,2023,本科批,,6028,558,0,上海,综合,,,上海大学
,major_line_2023,外国语言文学类,法语（外语单科成绩不低于115分）,,,551,2023,本科批,,8464,546,0,上海,综合,,,上海大学
,major_line_2023,社会学类,社会学类（含哲学、法学、知识产权、社会学、社会工作、汉语言文学、汉语国际教育、新闻学、广播电视学、广告学、网络与新媒体、会展专业。该专业代表人文社科类。按类招生，第一学年末进行专业分流）,,,549,2023,本科批,,9418,542,0,上海,综合,,,上海大学
,major_line_2023,外国语言文学类,英语（外语单科成绩不低于115分）,,,547,2023,本科批,,9418,542,0,上海,综合,,,上海大学
,major_line_2023,外国语言文学类,日语（外语单科成绩不低于110分）,,,543,2023,本科批,,9418,542,0,上海,综合,,,上海大学
,major_line_2023,理科试验班类,理科试验班类（含数学与应用数学、应用物理学、材料设计科学与工程、理论与应用力学专业。由钱伟长学院）（国家试点学院和学校拔尖创新人才培养基地培养。第一学年末进行专业分流并实行动态进出机制。无色盲）,,,566,2023,本科批,,4910,564,0,上海,综合,,,上海大学
,major_line_2023,计算机类,计算机科学与技术（无色盲）,,,562,2023,本科批,,5664,560,0,上海,综合,,,上海大学
,major_line_2023,社会学类,社会学,,,561,2023,本科批,,6028,558,0,上海,综合,,,上海大学
,major_line_2023,电子信息类,人工智能（无色盲）,,,559,2023,本科批,,6028,558,0,上海,综合,,,上海大学
,major_line_2023,数学类,数学与应用数学,,,560,2023,本科批,,6238,557,0,上海,综合,,,上海大学
,major_line_2023,电子信息类,微电子科学与工程（无色盲）,,,559,2023,本科批,,6451,556,0,上海,综合,,,上海大学
,major_line_2023,电子信息类,电子信息工程（无色盲）,,,559,2023,本科批,,6451,556,0,上海,综合,,,上海大学
,major_line_2023,金融学类,金融学（办学点在宝山校区；）,,,558,2023,本科批,,6451,556,0,上海,综合,,,上海大学
,major_line_2023,计算机类,数据科学与大数据技术（无色盲）,,,557,2023,本科批,,6451,556,0,上海,综合,,,上海大学
,major_line_2023,理科试验班,理科试验班（含应用化学、生物工程专业。由钱伟长学院）（国家试点学院和学校拔尖创新人才培养基地培养。第一学年末进行专业分流并实行动态进出机制）,,,558,2023,本科批,,6649,555,0,上海,综合,,,上海大学
,major_line_2023,电子信息类,通信工程（无色盲）,,,557,2023,本科批,,6649,555,0,上海,综合,,,上海大学
,major_line_2023,计算机类,网络空间安全（无色盲）,,,556,2023,本科批,,6649,555,0,上海,综合,,,上海大学
,major_line_2023,工商管理类,会计学（办学点在宝山校区；）,,,557,2023,本科批,,6846,554,0,上海,综合,,,上海大学
,major_line_2023,计算机类,智能科学与技术（无色盲）,,,556,2023,本科批,,6846,554,0,上海,综合,,,上海大学
,major_line_2023,机械类,智能制造工程,,,555,2023,本科批,,6846,554,0,上海,综合,,,上海大学
,major_line_2023,电子信息类,电子信息类（办学点在宝山校区；（含机械电子工程、人工智能、机器人工程专业。由未来技术学院实施“未来智能无人系统领军计划”，第一学年末进行专业分流并实行动态进出机制。无色盲））,,,555,2023,本科批,,7041,553,0,上海,综合,,,上海大学
,major_line_2023,电子信息类,电子信息工程（办学点在宝山校区；（卓越工程师班。无色盲））,,,554,2023,本科批,,7041,553,0,上海,综合,,,上海大学
,major_line_2023,电子信息类,通信工程（办学点在宝山校区；（卓越工程师班。无色盲））,,,553,2023,本科批,,7041,553,0,上海,综合,,,上海大学
,major_line_2023,电气类,电气类（办学点在宝山校区；（含数学与应用数学、信息与计算科学、应用物理学、理论与应用力学、机械设计制造及其自动化、机械电子工程、智能制造工程、测控技术与仪器、新能源材料与器件、电子信息工程、电子科学与技术、通信工程、微电子科学与工程、光电信息科学与工程、电子信息科学与技术、人工智能、自动化、机器人工程、计算机科学与技术、数字媒体技术、智能科学与技术、数据科学与大数据技术、网络空间安全、生物医学工程、建筑学、城乡规划、工业工程、电影制作、城市设计专业。该专业代表理学工学Ⅰ类。按类招生，第一学年末进行专业分流。无色盲））,,,550,2023,本科批,,8255,547,0,上海,综合,,,上海大学
,major_line_2023,外国语言文学类,法语（外语单科成绩不低于115分）,,,551,2023,本科批,,8464,546,0,上海,综合,,,上海大学
,major_line_2023,电气类,电气工程及其自动化（办学点在宝山校区；（中外合作办学）（中葡合作））（中外合作办学）,,,547,2023,本科批,,8712,545,0,上海,综合,,,上海大学
,major_line_2023,电子信息类,信息工程（办学点在宝山校区；（中外合作办学）（中法合作。无色盲））（中外合作办学）,,,547,2023,本科批,,8712,545,0,上海,综合,,,上海大学
,major_line_2023,经济学类,经济学类（办学点在宝山校区；（含经济学、金融学、国际经济与贸易、工商管理、会计学、财务管理、人力资源管理、档案学、信息资源管理、物流管理专业。该专业代表经济管理类。按类招生，第一学年末进行专业分流））,,,550,2023,本科批,,8940,544,0,上海,综合,,,上海大学
,major_line_2023,管理科学与工程类,管理科学与工程类（办学点在宝山校区；（含管理科学、信息管理与信息系统、工程管理专业。第一学年末进行专业分流））,,,547,2023,本科批,,8940,544,0,上海,综合,,,上海大学
,major_line_2023,管理科学与工程类,信息管理与信息系统（办学点在嘉定校区；（中外合作办学）（中澳合作））（中外合作办学）,,,545,2023,本科批,,8940,544,0,上海,综合,,,上海大学
,major_line_2023,机械类,机械工程（办学点在宝山校区；（中外合作办学）（中法合作。无色盲））（中外合作办学）,,,545,2023,本科批,,8940,544,0,上海,综合,,,上海大学
,major_line_2023,材料类,材料科学与工程（办学点在宝山校区；（中外合作办学）（中法合作。无色盲））（中外合作办学）,,,545,2023,本科批,,8940,544,0,上海,综合,,,上海大学
,major_line_2023,土木类,土木工程（办学点在宝山校区；（中外合作办学）（中葡合作））（中外合作办学）,,,544,2023,本科批,,8940,544,0,上海,综合,,,上海大学
,major_line_2023,金融学类,金融学（办学点在嘉定校区；（中外合作办学）（中澳合作））（中外合作办学）,,,546,2023,本科批,,9179,543,0,上海,综合,,,上海大学
,major_line_2023,社会学类,社会学类（含哲学、法学、知识产权、社会学、社会工作、汉语言文学、汉语国际教育、新闻学、广播电视学、广告学、网络与新媒体、会展专业。该专业代表人文社科类。按类招生，第一学年末进行专业分流）,,,549,2023,本科批,,9418,542,0,上海,综合,,,上海大学
,major_line_2023,外国语言文学类,英语（外语单科成绩不低于115分）,,,547,2023,本科批,,9418,542,0,上海,综合,,,上海大学
,major_line_2023,经济与贸易类,国际经济与贸易（办学点在嘉定校区；（中外合作办学）（中澳合作））（中外合作办学）,,,545,2023,本科批,,9418,542,0,上海,综合,,,上海大学
,major_line_2023,工商管理类,工商管理（办学点在嘉定校区；（中外合作办学）（中澳合作））（中外合作办学）,,,544,2023,本科批,,9418,542,0,上海,综合,,,上海大学
,major_line_2023,外国语言文学类,日语（外语单科成绩不低于110分）,,,543,2023,本科批,,9418,542,0,上海,综合,,,上海大学
,major_line_2023,材料类,材料类（含应用化学、冶金工程、金属材料工程、无机非金属材料工程、高分子材料与工程、化学工程与工艺、食品科学与工程、生物工程、生物制药专业。该专业代表理学工学Ⅱ类，其中冶金工程专业含冶金工程信息管理与信息系统双学士学位项目。按类招生，第一学年末进行专业分流）,,,544,2023,本科批,,10105,539,0,上海,综合,,,上海大学
,major_line_2023,环境科学与工程类,环境工程（中外合作办学）（中葡合作）（中外合作办学）,,,540,2023,本科批,,10340,538,0,上海,综合,,,上海大学
,major_line_2023,理科试验班类,理科试验班类（含数学与应用数学、应用物理学、材料设计科学与工程、理论与应用力学专业。由钱伟长学院）（国家试点学院和学校拔尖创新人才培养基地培养。第一学年末进行专业分流并实行动态进出机制。无色盲）,,,566,2023,本科批,,4910,564,0,上海,综合,,,上海大学
,major_line_2023,计算机类,计算机科学与技术（无色盲）,,,562,2023,本科批,,5664,560,0,上海,综合,,,上海大学
,major_line_2023,电子信息类,人工智能（无色盲）,,,559,2023,本科批,,6028,558,0,上海,综合,,,上海大学
,major_line_2023,数学类,数学与应用数学,,,560,2023,本科批,,6238,557,0,上海,综合,,,上海大学
,major_line_2023,电子信息类,微电子科学与工程（无色盲）,,,559,2023,本科批,,6451,556,0,上海,综合,,,上海大学
,major_line_2023,电子信息类,电子信息工程（无色盲）,,,559,2023,本科批,,6451,556,0,上海,综合,,,上海大学
,major_line_2023,计算机类,数据科学与大数据技术（无色盲）,,,557,2023,本科批,,6451,556,0,上海,综合,,,上海大学
,major_line_2023,电子信息类,通信工程（无色盲）,,,557,2023,本科批,,6649,555,0,上海,综合,,,上海大学
,major_line_2023,计算机类,网络空间安全（无色盲）,,,556,2023,本科批,,6649,555,0,上海,综合,,,上海大学
,major_line_2023,计算机类,智能科学与技术（无色盲）,,,556,2023,本科批,,6846,554,0,上海,综合,,,上海大学
,major_line_2023,机械类,智能制造工程,,,555,2023,本科批,,6846,554,0,上海,综合,,,上海大学
,major_line_2023,理科试验班,理科试验班（含应用化学、生物工程专业。由钱伟长学院）（国家试点学院和学校拔尖创新人才培养基地培养。第一学年末进行专业分流并实行动态进出机制）,,,558,2023,本科批,,6649,555,0,上海,综合,,,上海大学
,major_line_2023,材料类,材料类（含应用化学、冶金工程、金属材料工程、无机非金属材料工程、高分子材料与工程、化学工程与工艺、食品科学与工程、生物工程、生物制药专业。该专业代表理学工学Ⅱ类，其中冶金工程专业含冶金工程信息管理与信息系统双学士学位项目。按类招生，第一学年末进行专业分流）,,,544,2023,本科批,,10105,539,0,上海,综合,,,上海大学
,major_line_2023,环境科学与工程类,环境工程（中外合作办学）（中葡合作）（中外合作办学）,,,540,2023,本科批,,10340,538,0,上海,综合,,,上海大学
,major_line_2023,电子信息类,电子信息类（办学点在宝山校区；（含机械电子工程、人工智能、机器人工程专业。由未来技术学院实施“未来智能无人系统领军计划”，第一学年末进行专业分流并实行动态进出机制。无色盲））,,,555,2023,本科批,,7041,553,0,上海,综合,,,上海大学
,major_line_2023,电子信息类,电子信息工程（办学点在宝山校区；（卓越工程师班。无色盲））,,,554,2023,本科批,,7041,553,0,上海,综合,,,上海大学
,major_line_2023,电子信息类,通信工程（办学点在宝山校区；（卓越工程师班。无色盲））,,,553,2023,本科批,,7041,553,0,上海,综合,,,上海大学
,major_line_2023,电气类,电气类（办学点在宝山校区；（含数学与应用数学、信息与计算科学、应用物理学、理论与应用力学、机械设计制造及其自动化、机械电子工程、智能制造工程、测控技术与仪器、新能源材料与器件、电子信息工程、电子科学与技术、通信工程、微电子科学与工程、光电信息科学与工程、电子信息科学与技术、人工智能、自动化、机器人工程、计算机科学与技术、数字媒体技术、智能科学与技术、数据科学与大数据技术、网络空间安全、生物医学工程、建筑学、城乡规划、工业工程、电影制作、城市设计专业。该专业代表理学工学Ⅰ类。按类招生，第一学年末进行专业分流。无色盲））,,,550,2023,本科批,,8255,547,0,上海,综合,,,上海大学
,major_line_2023,电气类,电气工程及其自动化（办学点在宝山校区；（中外合作办学）（中葡合作））（中外合作办学）,,,547,2023,本科批,,8712,545,0,上海,综合,,,上海大学
,major_line_2023,电子信息类,信息工程（办学点在宝山校区；（中外合作办学）（中法合作。无色盲））（中外合作办学）,,,547,2023,本科批,,8712,545,0,上海,综合,,,上海大学
,major_line_2023,管理科学与工程类,管理科学与工程类（办学点在宝山校区；（含管理科学、信息管理与信息系统、工程管理专业。第一学年末进行专业分流））,,,547,2023,本科批,,8940,544,0,上海,综合,,,上海大学
,major_line_2023,管理科学与工程类,信息管理与信息系统（办学点在嘉定校区；（中外合作办学）（中澳合作））（中外合作办学）,,,545,2023,本科批,,8940,544,0,上海,综合,,,上海大学
,major_line_2023,机械类,机械工程（办学点在宝山校区；（中外合作办学）（中法合作。无色盲））（中外合作办学）,,,545,2023,本科批,,8940,544,0,上海,综合,,,上海大学
,major_line_2023,材料类,材料科学与工程（办学点在宝山校区；（中外合作办学）（中法合作。无色盲））（中外合作办学）,,,545,2023,本科批,,8940,544,0,上海,综合,,,上海大学
,major_line_2023,土木类,土木工程（办学点在宝山校区；（中外合作办学）（中葡合作））（中外合作办学）,,,544,2023,本科批,,8940,544,0,上海,综合,,,上海大学
,major_line_2023,生物科学类,生物科学类（含生态学、生物技术、生物科学专业）,,,557,2023,本科批,,6846,554,0,上海,综合,,,中国海洋大学
,major_line_2023,药学类,药学,,,553,2023,本科批,,7242,552,0,上海,综合,,,中国海洋大学
,major_line_2023,经济与贸易类,国际经济与贸易,,,548,2023,本科批,,8255,547,0,上海,综合,,,中国海洋大学
,major_line_2023,新闻传播学类,新闻传播学类（含新闻学、网络与新媒体专业）,,,546,2023,本科批,,8464,546,0,上海,综合,,,中国海洋大学
,major_line_2023,计算机类,计算机类（含计算机科学与技术、智能科学与技术、数据科学与大数据技术、网络空间安全、软件工程、保密技术专业）（语种:不限在崂山校区）,,,557,2023,本科批,,6451,556,0,上海,综合,,,中国海洋大学
,major_line_2023,生物科学类,生物科学类（含生态学、生物技术、生物科学专业）,,,557,2023,本科批,,6846,554,0,上海,综合,,,中国海洋大学
,major_line_2023,海洋科学类,海洋科学（语种:不限在崂山校区）,,,558,2023,本科批,,7041,553,0,上海,综合,,,中国海洋大学
,major_line_2023,药学类,药学,,,553,2023,本科批,,7242,552,0,上海,综合,,,中国海洋大学
,major_line_2023,食品科学与工程类,食品科学与工程类（含食品科学与工程、食品营养与健康专业）（语种:不限在鱼山校区）,,,552,2023,本科批,,7242,552,0,上海,综合,,,中国海洋大学
,major_line_2023,材料类,材料类（含材料科学与工程、高分子材料与工程专业）,,,552,2023,本科批,,7444,551,0,上海,综合,,,中国海洋大学
,major_line_2023,经济与贸易类,国际经济与贸易,,,548,2023,本科批,,8255,547,0,上海,综合,,,中国海洋大学
,major_line_2023,新闻传播学类,新闻传播学类（含新闻学、网络与新媒体专业）,,,546,2023,本科批,,8464,546,0,上海,综合,,,中国海洋大学
,major_line_2023,数学类,数学与应用数学（中外合作办学）（中外合作办学）,,,550,2023,本科批,,8712,545,0,上海,综合,,,中国海洋大学
,major_line_2023,计算机类,计算机类（含计算机科学与技术、智能科学与技术、数据科学与大数据技术、网络空间安全、软件工程、保密技术专业）（语种:不限在崂山校区）,,,557,2023,本科批,,6451,556,0,上海,综合,,,中国海洋大学
,major_line_2023,海洋科学类,海洋科学（语种:不限在崂山校区）,,,558,2023,本科批,,7041,553,0,上海,综合,,,中国海洋大学
,major_line_2023,食品科学与工程类,食品科学与工程类（含食品科学与工程、食品营养与健康专业）（语种:不限在鱼山校区）,,,552,2023,本科批,,7242,552,0,上海,综合,,,中国海洋大学
,major_line_2023,材料类,材料类（含材料科学与工程、高分子材料与工程专业）,,,552,2023,本科批,,7444,551,0,上海,综合,,,中国海洋大学
,major_line_2023,数学类,数学与应用数学（中外合作办学）（中外合作办学）,,,550,2023,本科批,,8712,545,0,上海,综合,,,中国海洋大学
,major_line_2023,教育学类,教育学类（含教育学、学前教育、融合教育专业）,,,550,2023,本科批,,8712,545,0,上海,综合,,,华中师范大学
,major_line_2023,化学类,化学类（含化学、应用化学、化学）（英才直博班、化学）（化学生物交叉班专业）,,,549,2023,本科批,,8255,547,0,上海,综合,,,华中师范大学
,major_line_2023,中国语言文学类,中国语言文学类（含汉语言文学、汉语言、汉语言文学）（国家拔尖学生培养基地专业）,,,556,2023,本科批,,6846,554,0,上海,综合,,,华中师范大学
,major_line_2023,中国语言文学类,中国语言文学类（含汉语言文学、汉语言、汉语言文学）（国家拔尖学生培养基地专业）,,,556,2023,本科批,,6846,554,0,上海,综合,,,华中师范大学
,major_line_2023,化学类,化学类（含化学、应用化学、化学）（英才直博班、化学）（化学生物交叉班专业）,,,549,2023,本科批,,8255,547,0,上海,综合,,,华中师范大学
,major_line_2023,教育学类,教育学类（含教育学、学前教育、融合教育专业）,,,550,2023,本科批,,8712,545,0,上海,综合,,,华中师范大学
,major_line_2023,社会学类,社会学类（含社会工作、社会学专业）,,,545,2023,本科批,,8940,544,0,上海,综合,,,华中师范大学
,major_line_2023,社会学类,社会学类（含社会工作、社会学专业）,,,545,2023,本科批,,8940,544,0,上海,综合,,,华中师范大学
,major_line_2023,交通运输类,交通运输类（含交通运输、交通工程专业）,,,546,2023,本科批,,8464,546,0,上海,综合,,,西南交通大学
,major_line_2023,电气类,电气工程及其自动化,,,545,2023,本科批,,8712,545,0,上海,综合,,,西南交通大学
,major_line_2023,机械类,机械类（含机械设计制造及其自动化、测控技术与仪器、工业工程专业）,,,544,2023,本科批,,8940,544,0,上海,综合,,,西南交通大学
,major_line_2023,机械类,智能制造工程（在学校成都东部）（国际校区正式启用前，该专业过渡办学点在成都犀浦校区）,,,544,2023,本科批,,8940,544,0,上海,综合,,,西南交通大学
,major_line_2023,计算机类,计算机科学与技术（中外合作办学）（中外合作办学）,,,549,2023,本科批,,7855,549,0,上海,综合,,,西南交通大学
,major_line_2023,电子信息类,电子信息工程（中外合作办学）（中外合作办学）,,,548,2023,本科批,,8061,548,0,上海,综合,,,西南交通大学
,major_line_2023,机械类,机械设计制造及其自动化（中外合作办学）（中外合作办学）,,,547,2023,本科批,,8255,547,0,上海,综合,,,西南交通大学
,major_line_2023,交通运输类,交通运输类（含交通运输、交通工程专业）,,,546,2023,本科批,,8464,546,0,上海,综合,,,西南交通大学
,major_line_2023,电气类,电气工程及其自动化,,,545,2023,本科批,,8712,545,0,上海,综合,,,西南交通大学
,major_line_2023,机械类,机械类（含机械设计制造及其自动化、测控技术与仪器、工业工程专业）,,,544,2023,本科批,,8940,544,0,上海,综合,,,西南交通大学
,major_line_2023,机械类,智能制造工程（在学校成都东部）（国际校区正式启用前，该专业过渡办学点在成都犀浦校区）,,,544,2023,本科批,,8940,544,0,上海,综合,,,西南交通大学
,major_line_2023,材料类,材料科学与工程（中外合作办学）（中外合作办学）,,,541,2023,本科批,,9655,541,0,上海,综合,,,西南交通大学
,major_line_2023,土木类,土木工程（中外合作办学）（中外合作办学）,,,540,2023,本科批,,9864,540,0,上海,综合,,,西南交通大学
,major_line_2023,生物工程类,生物工程（中外合作办学）（中外合作办学）,,,538,2023,本科批,,10340,538,0,上海,综合,,,西南交通大学
,major_line_2023,环境科学与工程类,环境工程（中外合作办学）（中外合作办学）,,,529,2023,本科批,,12442,529,0,上海,综合,,,西南交通大学
,major_line_2023,安全科学与工程类,安全工程（中外合作办学）（中外合作办学）,,,528,2023,本科批,,12669,528,0,上海,综合,,,西南交通大学
,major_line_2023,环境科学与工程类,环境工程（中外合作办学）（中外合作办学）,,,529,2023,本科批,,12442,529,0,上海,综合,,,西南交通大学
,major_line_2023,安全科学与工程类,安全工程（中外合作办学）（中外合作办学）,,,528,2023,本科批,,12669,528,0,上海,综合,,,西南交通大学
,major_line_2023,计算机类,计算机科学与技术（中外合作办学）（中外合作办学）,,,549,2023,本科批,,7855,549,0,上海,综合,,,西南交通大学
,major_line_2023,电子信息类,电子信息工程（中外合作办学）（中外合作办学）,,,548,2023,本科批,,8061,548,0,上海,综合,,,西南交通大学
,major_line_2023,机械类,机械设计制造及其自动化（中外合作办学）（中外合作办学）,,,547,2023,本科批,,8255,547,0,上海,综合,,,西南交通大学
,major_line_2023,材料类,材料科学与工程（中外合作办学）（中外合作办学）,,,541,2023,本科批,,9655,541,0,上海,综合,,,西南交通大学
,major_line_2023,土木类,土木工程（中外合作办学）（中外合作办学）,,,540,2023,本科批,,9864,540,0,上海,综合,,,西南交通大学
,major_line_2023,生物工程类,生物工程（中外合作办学）（中外合作办学）,,,538,2023,本科批,,10340,538,0,上海,综合,,,西南交通大学
,major_line_2023,工商管理类,市场营销,,,532,2023,本科批,,11739,532,0,上海,综合,,,中国石油大学（华东）
,major_line_2023,电气类,电气工程及其自动化,,,541,2023,本科批,,9864,540,0,上海,综合,,,中国石油大学（华东）
,major_line_2023,计算机类,软件工程,,,540,2023,本科批,,10105,539,0,上海,综合,,,中国石油大学（华东）
,major_line_2023,管理科学与工程类,管理科学与工程类（含工程管理、信息管理与信息系统专业）,,,539,2023,本科批,,10105,539,0,上海,综合,,,中国石油大学（华东）
,major_line_2023,机械类,机械类（智能装备工程方向。含机械设计制造及其自动化、车辆工程、智能制造工程专业）,,,539,2023,本科批,,10105,539,0,上海,综合,,,中国石油大学（华东）
,major_line_2023,电气类,电气工程及其自动化,,,541,2023,本科批,,9864,540,0,上海,综合,,,中国石油大学（华东）
,major_line_2023,计算机类,软件工程,,,540,2023,本科批,,10105,539,0,上海,综合,,,中国石油大学（华东）
,major_line_2023,管理科学与工程类,管理科学与工程类（含工程管理、信息管理与信息系统专业）,,,539,2023,本科批,,10105,539,0,上海,综合,,,中国石油大学（华东）
,major_line_2023,机械类,机械类（智能装备工程方向。含机械设计制造及其自动化、车辆工程、智能制造工程专业）,,,539,2023,本科批,,10105,539,0,上海,综合,,,中国石油大学（华东）
,major_line_2023,工商管理类,市场营销,,,532,2023,本科批,,11739,532,0,上海,综合,,,中国石油大学（华东）
,major_line_2023,地理科学类,地理科学类（含地理科学、地理信息科学专业）,,,528,2023,本科批,,13398,525,0,上海,综合,,,中国地质大学（武汉）
,major_line_2023,经济学类,经济学类（含经济学、国际经济与贸易专业）,,,534,2023,本科批,,11501,533,0,上海,综合,,,中国地质大学（武汉）
,major_line_2023,经济学类,经济学类（含经济学、国际经济与贸易专业）,,,534,2023,本科批,,11501,533,0,上海,综合,,,中国地质大学（武汉）
,major_line_2023,地理科学类,地理科学类（含地理科学、地理信息科学专业）,,,528,2023,本科批,,13398,525,0,上海,综合,,,中国地质大学（武汉）
,major_line_2023,计算机类,计算机类（含计算机科学与技术）（创新实验班、人工智能、软件工程专业）,,,539,2023,本科批,,10340,538,0,上海,综合,,,陕西师范大学
,major_line_2023,中国语言文学类,中国语言文学类（含汉语言文学）（师范、秘书学、汉语言文学）（拔尖基地班专业）,,,546,2023,本科批,,8940,544,0,上海,综合,,,陕西师范大学
,major_line_2023,计算机类,计算机类（含计算机科学与技术）（创新实验班、人工智能、软件工程专业）,,,539,2023,本科批,,10340,538,0,上海,综合,,,陕西师范大学
,major_line_2023,生物科学类,生物科学类（含生物科学）（师范、生物科学）（理科基地班、生物技术）（哲民实验班、生态学专业）,,,533,2023,本科批,,11739,532,0,上海,综合,,,陕西师范大学
,major_line_2023,新闻传播学类,新闻传播学类（含新闻学、编辑出版学、网络与新媒体专业）,,,533,2023,本科批,,13152,526,0,上海,综合,,,陕西师范大学
,major_line_2023,中国语言文学类,中国语言文学类（含汉语言文学）（师范、秘书学、汉语言文学）（拔尖基地班专业）,,,546,2023,本科批,,8940,544,0,上海,综合,,,陕西师范大学
,major_line_2023,生物科学类,生物科学类（含生物科学）（师范、生物科学）（理科基地班、生物技术）（哲民实验班、生态学专业）,,,533,2023,本科批,,11739,532,0,上海,综合,,,陕西师范大学
,major_line_2023,新闻传播学类,新闻传播学类（含新闻学、编辑出版学、网络与新媒体专业）,,,533,2023,本科批,,13152,526,0,上海,综合,,,陕西师范大学
,major_line_2023,计算机类,物联网工程（宏福校区）（中外合作办学）（中外合作办学）,,,567,2023,本科批,,4425,567,0,上海,综合,,,北京邮电大学
,major_line_2023,电子信息类,电信工程及管理（宏福校区）（中外合作办学）（中外合作办学）,,,566,2023,本科批,,4750,565,0,上海,综合,,,北京邮电大学
,major_line_2023,计算机类,数字媒体技术（宏福校区）（中外合作办学）（中外合作办学）,,,557,2023,本科批,,6238,557,0,上海,综合,,,北京邮电大学
,major_line_2023,数学类,信息与计算科学（宏福校区）（中外合作办学）（中外合作办学）,,,554,2023,本科批,,7041,553,0,上海,综合,,,北京邮电大学
,major_line_2023,电子信息类,电子信息类（元班。含通信工程、电子科学与技术专业）,,,574,2023,本科批,,3270,574,0,上海,综合,,,北京邮电大学
,major_line_2023,计算机类,计算机类（元班。含计算机科学与技术、网络空间安全专业）,,,574,2023,本科批,,3270,574,0,上海,综合,,,北京邮电大学
,major_line_2023,计算机类,计算机类（含计算机科学与技术、网络工程、数据科学与大数据技术专业）（一年级在沙河校区，二年级起将根据学校规划安排在沙河校区或西土城路校区）,,,572,2023,本科批,,3586,572,0,上海,综合,,,北京邮电大学
,major_line_2023,电子信息类,通信工程（大类招生。含电子信息工程、通信工程、空间信息与数字技术专业）（一年级在沙河校区，二年级起将根据学校规划安排在沙河校区或西土城路校区）,,,571,2023,本科批,,3914,570,0,上海,综合,,,北京邮电大学
,major_line_2023,电子信息类,电子信息类（含电子信息科学与技术、电子科学与技术、光电信息科学与工程、集成电路设计与集成系统专业）（一年级在沙河校区，二年级起将根据学校规划安排在沙河校区或西土城路校区）,,,570,2023,本科批,,3914,570,0,上海,综合,,,北京邮电大学
,major_line_2023,计算机类,软件工程（用英语授课，建议非英语语种考生慎报）（一年级在沙河校区，二年级起将根据学校规划安排在沙河校区或西土城路校区）,,,570,2023,本科批,,4096,569,0,上海,综合,,,北京邮电大学
,major_line_2023,电子信息类,人工智能（大类招生。含信息工程、人工智能、自动化、智能医学工程专业）（一年级在沙河校区，二年级起将根据学校规划安排在沙河校区或西土城路校区）,,,570,2023,本科批,,4096,569,0,上海,综合,,,北京邮电大学
,major_line_2023,理科试验班,理科试验班（信息科学方向。含数学与应用数学、信息与计算科学、应用物理学专业）（沙河校区）,,,569,2023,本科批,,4096,569,0,上海,综合,,,北京邮电大学
,major_line_2023,机械类,智能交互设计（沙河校区）,,,569,2023,本科批,,4096,569,0,上海,综合,,,北京邮电大学
,major_line_2023,计算机类,物联网工程（宏福校区）（中外合作办学）（中外合作办学）,,,567,2023,本科批,,4425,567,0,上海,综合,,,北京邮电大学
,major_line_2023,电子信息类,电信工程及管理（宏福校区）（中外合作办学）（中外合作办学）,,,566,2023,本科批,,4750,565,0,上海,综合,,,北京邮电大学
,major_line_2023,计算机类,数字媒体技术（宏福校区）（中外合作办学）（中外合作办学）,,,557,2023,本科批,,6238,557,0,上海,综合,,,北京邮电大学
,major_line_2023,数学类,信息与计算科学（宏福校区）（中外合作办学）（中外合作办学）,,,554,2023,本科批,,7041,553,0,上海,综合,,,北京邮电大学
,major_line_2023,计算机类,计算机类（含计算机科学与技术、网络工程、数据科学与大数据技术专业）（一年级在沙河校区，二年级起将根据学校规划安排在沙河校区或西土城路校区）,,,572,2023,本科批,,3586,572,0,上海,综合,,,北京邮电大学
,major_line_2023,电子信息类,通信工程（大类招生。含电子信息工程、通信工程、空间信息与数字技术专业）（一年级在沙河校区，二年级起将根据学校规划安排在沙河校区或西土城路校区）,,,571,2023,本科批,,3914,570,0,上海,综合,,,北京邮电大学
,major_line_2023,电子信息类,电子信息类（含电子信息科学与技术、电子科学与技术、光电信息科学与工程、集成电路设计与集成系统专业）（一年级在沙河校区，二年级起将根据学校规划安排在沙河校区或西土城路校区）,,,570,2023,本科批,,3914,570,0,上海,综合,,,北京邮电大学
,major_line_2023,计算机类,软件工程（用英语授课，建议非英语语种考生慎报）（一年级在沙河校区，二年级起将根据学校规划安排在沙河校区或西土城路校区）,,,570,2023,本科批,,4096,569,0,上海,综合,,,北京邮电大学
,major_line_2023,电子信息类,人工智能（大类招生。含信息工程、人工智能、自动化、智能医学工程专业）（一年级在沙河校区，二年级起将根据学校规划安排在沙河校区或西土城路校区）,,,570,2023,本科批,,4096,569,0,上海,综合,,,北京邮电大学
,major_line_2023,理科试验班,理科试验班（信息科学方向。含数学与应用数学、信息与计算科学、应用物理学专业）（沙河校区）,,,569,2023,本科批,,4096,569,0,上海,综合,,,北京邮电大学
,major_line_2023,机械类,智能交互设计（沙河校区）,,,569,2023,本科批,,4096,569,0,上海,综合,,,北京邮电大学
,major_line_2023,电子信息类,电子信息类（元班。含通信工程、电子科学与技术专业）,,,574,2023,本科批,,3270,574,0,上海,综合,,,北京邮电大学
,major_line_2023,计算机类,计算机类（元班。含计算机科学与技术、网络空间安全专业）,,,574,2023,本科批,,3270,574,0,上海,综合,,,北京邮电大学
,major_line_2023,法学类,法学,,,515,2023,本科批,,16921,511,0,上海,综合,,,浙江工业大学
,major_line_2023,计算机类,计算机类（含计算机科学与技术、软件工程、网络工程、数字媒体技术专业）,,,536,2023,本科批,,11276,534,0,上海,综合,,,浙江工业大学
,major_line_2023,机械类,工业设计,,,532,2023,本科批,,11977,531,0,上海,综合,,,浙江工业大学
,major_line_2023,计算机类,软件工程（中外合作办学）（外语单科成绩不低于100分）（中外合作办学）,,,526,2023,本科批,,13919,523,0,上海,综合,,,浙江工业大学
,major_line_2023,金融学类,金融学,,,519,2023,本科批,,14925,519,0,上海,综合,,,浙江工业大学
,major_line_2023,经济与贸易类,国际经济与贸易,,,517,2023,本科批,,15390,517,0,上海,综合,,,浙江工业大学
,major_line_2023,法学类,法学,,,515,2023,本科批,,16921,511,0,上海,综合,,,浙江工业大学
,major_line_2023,建筑类,建筑类（含建筑学、城乡规划专业）,,,512,2023,本科批,,18398,505,0,上海,综合,,,浙江工业大学
,major_line_2023,计算机类,软件工程（中外合作办学）（外语单科成绩不低于100分）（中外合作办学）,,,526,2023,本科批,,13919,523,0,上海,综合,,,浙江工业大学
,major_line_2023,计算机类,计算机类（含计算机科学与技术、软件工程、网络工程、数字媒体技术专业）,,,536,2023,本科批,,11276,534,0,上海,综合,,,浙江工业大学
,major_line_2023,机械类,工业设计,,,532,2023,本科批,,11977,531,0,上海,综合,,,浙江工业大学
,major_line_2023,金融学类,金融学,,,519,2023,本科批,,14925,519,0,上海,综合,,,浙江工业大学
,major_line_2023,经济与贸易类,国际经济与贸易,,,517,2023,本科批,,15390,517,0,上海,综合,,,浙江工业大学
,major_line_2023,建筑类,建筑类（含建筑学、城乡规划专业）,,,512,2023,本科批,,18398,505,0,上海,综合,,,浙江工业大学
,major_line_2023,水利类,水利水电工程（大一、大三、大四在南京相应校区，大二在常州校区）,,,550,2023,本科批,,8712,545,0,上海,综合,,,河海大学
,major_line_2023,电气类,电气工程及其自动化（大一、大三、大四在南京相应校区，大二在常州校区）,,,553,2023,本科批,,8940,544,0,上海,综合,,,河海大学
,major_line_2023,计算机类,物联网工程（大一在南京相应校区，大二起在常州校区）,,,547,2023,本科批,,8940,544,0,上海,综合,,,河海大学
,major_line_2023,自动化类,机器人工程（大一在南京相应校区，大二起在常州校区）,,,544,2023,本科批,,8940,544,0,上海,综合,,,河海大学
,major_line_2023,水利类,水文与水资源工程（大一、大三、大四在南京相应校区，大二在常州校区）,,,546,2023,本科批,,9179,543,0,上海,综合,,,河海大学
,major_line_2023,机械类,机械工程（大一在南京相应校区，大二起在常州校区）,,,544,2023,本科批,,9179,543,0,上海,综合,,,河海大学
,major_line_2023,计算机类,智能科学与技术（大一在南京相应校区，大二起在常州校区）,,,544,2023,本科批,,9179,543,0,上海,综合,,,河海大学
,major_line_2023,水利类,港口航道与海岸工程（大一、大三、大四在南京相应校区，大二在常州校区）,,,543,2023,本科批,,9179,543,0,上海,综合,,,河海大学
,major_line_2023,海洋工程类,船舶与海洋工程（大一、大三、大四在南京相应校区，大二在常州校区）,,,543,2023,本科批,,9179,543,0,上海,综合,,,河海大学
,major_line_2023,水利类,水利水电工程（大一、大三、大四在南京相应校区，大二在常州校区）,,,550,2023,本科批,,8712,545,0,上海,综合,,,河海大学
,major_line_2023,电气类,电气工程及其自动化（大一、大三、大四在南京相应校区，大二在常州校区）,,,553,2023,本科批,,8940,544,0,上海,综合,,,河海大学
,major_line_2023,计算机类,物联网工程（大一在南京相应校区，大二起在常州校区）,,,547,2023,本科批,,8940,544,0,上海,综合,,,河海大学
,major_line_2023,自动化类,机器人工程（大一在南京相应校区，大二起在常州校区）,,,544,2023,本科批,,8940,544,0,上海,综合,,,河海大学
,major_line_2023,水利类,水文与水资源工程（大一、大三、大四在南京相应校区，大二在常州校区）,,,546,2023,本科批,,9179,543,0,上海,综合,,,河海大学
,major_line_2023,机械类,机械工程（大一在南京相应校区，大二起在常州校区）,,,544,2023,本科批,,9179,543,0,上海,综合,,,河海大学
,major_line_2023,计算机类,智能科学与技术（大一在南京相应校区，大二起在常州校区）,,,544,2023,本科批,,9179,543,0,上海,综合,,,河海大学
,major_line_2023,水利类,港口航道与海岸工程（大一、大三、大四在南京相应校区，大二在常州校区）,,,543,2023,本科批,,9179,543,0,上海,综合,,,河海大学
,major_line_2023,海洋工程类,船舶与海洋工程（大一、大三、大四在南京相应校区，大二在常州校区）,,,543,2023,本科批,,9179,543,0,上海,综合,,,河海大学
,major_line_2023,金融学类,金融工程（大一在南京相应校区，大二起在常州校区）,,,540,2023,本科批,,10105,539,0,上海,综合,,,河海大学
,major_line_2023,外国语言文学类,英语（语种:英语）（大一、大三、大四在南京相应校区，大二在常州校区）,,,538,2023,本科批,,10565,537,0,上海,综合,,,河海大学
,major_line_2023,环境科学与工程类,环境科学（中外合作办学）（中外合作办学）,,,538,2023,本科批,,10565,537,0,上海,综合,,,河海大学
,major_line_2023,金融学类,金融工程（大一在南京相应校区，大二起在常州校区）,,,540,2023,本科批,,10105,539,0,上海,综合,,,河海大学
,major_line_2023,外国语言文学类,英语（语种:英语）（大一、大三、大四在南京相应校区，大二在常州校区）,,,538,2023,本科批,,10565,537,0,上海,综合,,,河海大学
,major_line_2023,环境科学与工程类,环境科学（中外合作办学）（中外合作办学）,,,538,2023,本科批,,10565,537,0,上海,综合,,,河海大学
,major_line_2023,历史学类,考古学,,,558,2023,本科批,,6028,558,0,上海,综合,,,西北大学
,major_line_2023,外国语言文学类,外国语言文学类（含英语、日语、俄语专业）,,,532,2023,本科批,,11739,532,0,上海,综合,,,西北大学
,major_line_2023,历史学类,考古学,,,558,2023,本科批,,6028,558,0,上海,综合,,,西北大学
,major_line_2023,金融学类,金融工程,,,534,2023,本科批,,11501,533,0,上海,综合,,,西北大学
,major_line_2023,外国语言文学类,外国语言文学类（含英语、日语、俄语专业）,,,532,2023,本科批,,11739,532,0,上海,综合,,,西北大学
,major_line_2023,金融学类,金融工程,,,534,2023,本科批,,11501,533,0,上海,综合,,,西北大学
,major_line_2023,工科试验班,工科试验班（绿色化工与生物医药方向。含化学工程与工艺、能源化学工程、环境工程、生物工程、生物医学工程、制药工程、氢能科学与工程专业）,,,538,2023,本科批,,10565,537,0,上海,综合,,,北京化工大学
,major_line_2023,工科试验班,工科试验班（先进材料与绿色化学方向。含材料科学与工程、高分子材料与工程、功能材料、应用化学、能源化学、资源化学专业）,,,533,2023,本科批,,12442,529,0,上海,综合,,,北京化工大学
,major_line_2023,工科试验班,工科试验班（绿色化工与生物医药方向。含化学工程与工艺、能源化学工程、环境工程、生物工程、生物医学工程、制药工程、氢能科学与工程专业）,,,538,2023,本科批,,10565,537,0,上海,综合,,,北京化工大学
,major_line_2023,工科试验班,工科试验班（先进材料与绿色化学方向。含材料科学与工程、高分子材料与工程、功能材料、应用化学、能源化学、资源化学专业）,,,533,2023,本科批,,12442,529,0,上海,综合,,,北京化工大学
,major_line_2023,经济学类,经济学类（含经济学、金融学专业）,,,540,2023,本科批,,9864,540,0,上海,综合,,,西南大学
,major_line_2023,工商管理类,工商管理类（含工商管理、人力资源管理、会计学、旅游管理专业）,,,538,2023,本科批,,10340,538,0,上海,综合,,,西南大学
,major_line_2023,计算机类,软件工程（第三、四学年学费为10500元/年）,,,543,2023,本科批,,9179,543,0,上海,综合,,,西南大学
,major_line_2023,计算机类,智能科学与技术,,,543,2023,本科批,,9418,542,0,上海,综合,,,西南大学
,major_line_2023,电子信息类,电子信息类（含通信工程、电子信息工程专业）,,,542,2023,本科批,,9418,542,0,上海,综合,,,西南大学
,major_line_2023,计算机类,计算机科学与技术（中外合作办学）（中外合作办学）,,,541,2023,本科批,,9655,541,0,上海,综合,,,西南大学
,major_line_2023,计算机类,软件工程（中外合作办学）（中外合作办学）,,,541,2023,本科批,,9655,541,0,上海,综合,,,西南大学
,major_line_2023,自动化类,自动化（中外合作办学）（中外合作办学）,,,540,2023,本科批,,9864,540,0,上海,综合,,,西南大学
,major_line_2023,经济学类,经济学类（含经济学、金融学专业）,,,540,2023,本科批,,9864,540,0,上海,综合,,,西南大学
,major_line_2023,化工与制药类,制药工程,,,539,2023,本科批,,10105,539,0,上海,综合,,,西南大学
,major_line_2023,工商管理类,工商管理类（含工商管理、人力资源管理、会计学、旅游管理专业）,,,538,2023,本科批,,10340,538,0,上海,综合,,,西南大学
,major_line_2023,药学类,药学,,,540,2023,本科批,,10808,536,0,上海,综合,,,西南大学
,major_line_2023,心理学类,应用心理学,,,539,2023,本科批,,10808,536,0,上海,综合,,,西南大学
,major_line_2023,化工与制药类,制药工程,,,539,2023,本科批,,10105,539,0,上海,综合,,,西南大学
,major_line_2023,药学类,药学,,,540,2023,本科批,,10808,536,0,上海,综合,,,西南大学
,major_line_2023,心理学类,应用心理学,,,539,2023,本科批,,10808,536,0,上海,综合,,,西南大学
,major_line_2023,计算机类,软件工程（第三、四学年学费为10500元/年）,,,543,2023,本科批,,9179,543,0,上海,综合,,,西南大学
,major_line_2023,计算机类,智能科学与技术,,,543,2023,本科批,,9418,542,0,上海,综合,,,西南大学
,major_line_2023,电子信息类,电子信息类（含通信工程、电子信息工程专业）,,,542,2023,本科批,,9418,542,0,上海,综合,,,西南大学
,major_line_2023,计算机类,计算机科学与技术（中外合作办学）（中外合作办学）,,,541,2023,本科批,,9655,541,0,上海,综合,,,西南大学
,major_line_2023,计算机类,软件工程（中外合作办学）（中外合作办学）,,,541,2023,本科批,,9655,541,0,上海,综合,,,西南大学
,major_line_2023,自动化类,自动化（中外合作办学）（中外合作办学）,,,540,2023,本科批,,9864,540,0,上海,综合,,,西南大学
,major_line_2023,法学类,法学,,,524,2023,本科批,,13919,523,0,上海,综合,,,云南大学
,major_line_2023,化学类,化学类（含化学、高分子材料与工程、化学工程与工艺、制药工程专业。大类培养分流办法详见院校招生章程）,,,530,2023,本科批,,12442,529,0,上海,综合,,,云南大学
,major_line_2023,生物科学类,生态学（菁英班）,,,543,2023,本科批,,9179,543,0,上海,综合,,,云南大学
,major_line_2023,生物科学类,生物技术（国家生命科学与技术基地班）,,,544,2023,本科批,,10105,539,0,上海,综合,,,云南大学
,major_line_2023,生物科学类,生物科学类（含生物科学、生物技术专业。大类培养分流办法详见院校招生章程）,,,539,2023,本科批,,10105,539,0,上海,综合,,,云南大学
,major_line_2023,电子信息类,电子信息类（含电子信息工程、通信工程专业。归属电子信息与计算机类，大类培养阶段结束后在电子信息类、计算机类下属全部专业范围内分流。其中软件工程、数字媒体技术、网络空间安全、人工智能专业第三、四学年学费为12000元/年）,,,531,2023,本科批,,12194,530,0,上海,综合,,,云南大学
,major_line_2023,化学类,化学类（含化学、高分子材料与工程、化学工程与工艺、制药工程专业。大类培养分流办法详见院校招生章程）,,,530,2023,本科批,,12442,529,0,上海,综合,,,云南大学
,major_line_2023,计算机类,计算机类（含计算机科学与技术、物联网工程、智能科学与技术、软件工程、数字媒体技术、网络空间安全、人工智能专业。归属电子信息与计算机类，大类培养阶段结束后在电子信息类、计算机类下属全部专业范围内分流。其中软件工程、数字媒体技术、网络空间安全、人工智能专业第三、四学年学费为12000元/年）,,,530,2023,本科批,,12669,528,0,上海,综合,,,云南大学
,major_line_2023,计算机类,数据科学与大数据技术,,,528,2023,本科批,,12910,527,0,上海,综合,,,云南大学
,major_line_2023,经济学类,经济学类（含经济学、财政学、金融学、国际经济与贸易专业。大类培养分流办法详见院校招生章程）,,,528,2023,本科批,,12910,527,0,上海,综合,,,云南大学
,major_line_2023,政治学类,政治学与行政学,,,524,2023,本科批,,13663,524,0,上海,综合,,,云南大学
,major_line_2023,法学类,法学,,,524,2023,本科批,,13919,523,0,上海,综合,,,云南大学
,major_line_2023,电子信息类,电子信息类（含电子信息工程、通信工程专业。归属电子信息与计算机类，大类培养阶段结束后在电子信息类、计算机类下属全部专业范围内分流。其中软件工程、数字媒体技术、网络空间安全、人工智能专业第三、四学年学费为12000元/年）,,,531,2023,本科批,,12194,530,0,上海,综合,,,云南大学
,major_line_2023,计算机类,计算机类（含计算机科学与技术、物联网工程、智能科学与技术、软件工程、数字媒体技术、网络空间安全、人工智能专业。归属电子信息与计算机类，大类培养阶段结束后在电子信息类、计算机类下属全部专业范围内分流。其中软件工程、数字媒体技术、网络空间安全、人工智能专业第三、四学年学费为12000元/年）,,,530,2023,本科批,,12669,528,0,上海,综合,,,云南大学
,major_line_2023,计算机类,数据科学与大数据技术,,,528,2023,本科批,,12910,527,0,上海,综合,,,云南大学
,major_line_2023,经济学类,经济学类（含经济学、财政学、金融学、国际经济与贸易专业。大类培养分流办法详见院校招生章程）,,,528,2023,本科批,,12910,527,0,上海,综合,,,云南大学
,major_line_2023,政治学类,政治学与行政学,,,524,2023,本科批,,13663,524,0,上海,综合,,,云南大学
,major_line_2023,生物科学类,生态学（菁英班）,,,543,2023,本科批,,9179,543,0,上海,综合,,,云南大学
,major_line_2023,生物科学类,生物技术（国家生命科学与技术基地班）,,,544,2023,本科批,,10105,539,0,上海,综合,,,云南大学
,major_line_2023,生物科学类,生物科学类（含生物科学、生物技术专业。大类培养分流办法详见院校招生章程）,,,539,2023,本科批,,10105,539,0,上海,综合,,,云南大学
,major_line_2023,金融学类,金融学（经管国际化创新实验班）,,,563,2023,本科批,,5080,563,0,上海,综合,,,西南财经大学
,major_line_2023,数学类,数学与应用数学（数学与经济学双学位）,,,560,2023,本科批,,5664,560,0,上海,综合,,,西南财经大学
,major_line_2023,统计学类,统计学类（含统计学、数据科学与大数据技术专业）,,,560,2023,本科批,,5664,560,0,上海,综合,,,西南财经大学
,major_line_2023,金融学类,金融学类（含金融学、金融工程、信用管理、金融学）（证券与期货方向、投资学专业）,,,560,2023,本科批,,6028,558,0,上海,综合,,,西南财经大学
,major_line_2023,工商管理类,会计学（注册会计师专门化方向）,,,558,2023,本科批,,6028,558,0,上海,综合,,,西南财经大学
,major_line_2023,金融学类,金融数学,,,557,2023,本科批,,6238,557,0,上海,综合,,,西南财经大学
,major_line_2023,管理科学与工程类,计算金融,,,556,2023,本科批,,6451,556,0,上海,综合,,,西南财经大学
,major_line_2023,经济学类,数字经济,,,556,2023,本科批,,6451,556,0,上海,综合,,,西南财经大学
,major_line_2023,经济学类,经济学（国家经济学基础人才培养基地班）,,,555,2023,本科批,,6846,554,0,上海,综合,,,西南财经大学
,major_line_2023,法学类,法学（法学与金融学双学位）,,,554,2023,本科批,,6846,554,0,上海,综合,,,西南财经大学
,major_line_2023,工商管理类,会计学（双语实验班）,,,554,2023,本科批,,6846,554,0,上海,综合,,,西南财经大学
,major_line_2023,金融学类,金融科技,,,554,2023,本科批,,6846,554,0,上海,综合,,,西南财经大学
,major_line_2023,工商管理类,工商管理（双语实验班）,,,553,2023,本科批,,7041,553,0,上海,综合,,,西南财经大学
,major_line_2023,工商管理类,工商管理类（含工商管理、市场营销、旅游管理、供应链管理、人力资源管理专业）,,,553,2023,本科批,,7041,553,0,上海,综合,,,西南财经大学
,major_line_2023,工商管理类,工商管理类（会计学院。含会计学）（大数据会计、财务管理、审计学专业）,,,555,2023,本科批,,7242,552,0,上海,综合,,,西南财经大学
,major_line_2023,工商管理类,会计学（中外合作办学）（中外合作办学）,,,547,2023,本科批,,8940,544,0,上海,综合,,,西南财经大学
,major_line_2023,金融学类,金融数学（中外合作办学）（金融服务与量化分析方向）（中外合作办学）,,,542,2023,本科批,,9418,542,0,上海,综合,,,西南财经大学
,major_line_2023,工商管理类,市场营销（中外合作办学）（金融服务与营销方向）（中外合作办学）,,,541,2023,本科批,,9655,541,0,上海,综合,,,西南财经大学
,major_line_2023,管理科学与工程类,信息管理与信息系统（中外合作办学）（信息系统与数据管理方向）（中外合作办学）,,,540,2023,本科批,,10105,539,0,上海,综合,,,西南财经大学
,major_line_2023,物流管理与工程类,物流管理（中外合作办学）（运营管理与商务分析方向）（中外合作办学）,,,538,2023,本科批,,10565,537,0,上海,综合,,,西南财经大学
,major_line_2023,数学类,数学与应用数学（数学与经济学双学位）,,,560,2023,本科批,,5664,560,0,上海,综合,,,西南财经大学
,major_line_2023,统计学类,统计学类（含统计学、数据科学与大数据技术专业）,,,560,2023,本科批,,5664,560,0,上海,综合,,,西南财经大学
,major_line_2023,金融学类,金融数学,,,557,2023,本科批,,6238,557,0,上海,综合,,,西南财经大学
,major_line_2023,管理科学与工程类,计算金融,,,556,2023,本科批,,6451,556,0,上海,综合,,,西南财经大学
,major_line_2023,经济学类,数字经济,,,556,2023,本科批,,6451,556,0,上海,综合,,,西南财经大学
,major_line_2023,金融学类,金融学（经管国际化创新实验班）,,,563,2023,本科批,,5080,563,0,上海,综合,,,西南财经大学
,major_line_2023,金融学类,金融学类（含金融学、金融工程、信用管理、金融学）（证券与期货方向、投资学专业）,,,560,2023,本科批,,6028,558,0,上海,综合,,,西南财经大学
,major_line_2023,工商管理类,会计学（注册会计师专门化方向）,,,558,2023,本科批,,6028,558,0,上海,综合,,,西南财经大学
,major_line_2023,经济学类,经济学（国家经济学基础人才培养基地班）,,,555,2023,本科批,,6846,554,0,上海,综合,,,西南财经大学
,major_line_2023,法学类,法学（法学与金融学双学位）,,,554,2023,本科批,,6846,554,0,上海,综合,,,西南财经大学
,major_line_2023,工商管理类,会计学（双语实验班）,,,554,2023,本科批,,6846,554,0,上海,综合,,,西南财经大学
,major_line_2023,金融学类,金融科技,,,554,2023,本科批,,6846,554,0,上海,综合,,,西南财经大学
,major_line_2023,工商管理类,工商管理（双语实验班）,,,553,2023,本科批,,7041,553,0,上海,综合,,,西南财经大学
,major_line_2023,工商管理类,工商管理类（含工商管理、市场营销、旅游管理、供应链管理、人力资源管理专业）,,,553,2023,本科批,,7041,553,0,上海,综合,,,西南财经大学
,major_line_2023,工商管理类,工商管理类（会计学院。含会计学）（大数据会计、财务管理、审计学专业）,,,555,2023,本科批,,7242,552,0,上海,综合,,,西南财经大学
,major_line_2023,金融学类,金融数学（中外合作办学）（金融服务与量化分析方向）（中外合作办学）,,,542,2023,本科批,,9418,542,0,上海,综合,,,西南财经大学
,major_line_2023,管理科学与工程类,信息管理与信息系统（中外合作办学）（信息系统与数据管理方向）（中外合作办学）,,,540,2023,本科批,,10105,539,0,上海,综合,,,西南财经大学
,major_line_2023,物流管理与工程类,物流管理（中外合作办学）（运营管理与商务分析方向）（中外合作办学）,,,538,2023,本科批,,10565,537,0,上海,综合,,,西南财经大学
,major_line_2023,工商管理类,会计学（中外合作办学）（中外合作办学）,,,547,2023,本科批,,8940,544,0,上海,综合,,,西南财经大学
,major_line_2023,工商管理类,市场营销（中外合作办学）（金融服务与营销方向）（中外合作办学）,,,541,2023,本科批,,9655,541,0,上海,综合,,,西南财经大学
,major_line_2023,临床医学类,临床医学（中外合作办学）（中英合作双学位）（中外合作办学）,,,554,2023,本科批,,8464,546,0,上海,综合,,,南昌大学
,major_line_2023,临床医学类,临床医学,,,551,2023,本科批,,7651,550,0,上海,综合,,,南昌大学
,major_line_2023,生物科学类,生物科学类（含生物科学、生物技术专业）,,,537,2023,本科批,,10808,536,0,上海,综合,,,南昌大学
,major_line_2023,临床医学类,临床医学,,,551,2023,本科批,,7651,550,0,上海,综合,,,南昌大学
,major_line_2023,临床医学类,临床医学（中外合作办学）（中英合作双学位）（中外合作办学）,,,554,2023,本科批,,8464,546,0,上海,综合,,,南昌大学
,major_line_2023,电气类,电气工程及其自动化,,,540,2023,本科批,,9864,540,0,上海,综合,,,南昌大学
,major_line_2023,生物科学类,生物科学类（含生物科学、生物技术专业）,,,537,2023,本科批,,10808,536,0,上海,综合,,,南昌大学
,major_line_2023,金融学类,金融学,,,533,2023,本科批,,11977,531,0,上海,综合,,,南昌大学
,major_line_2023,金融学类,金融学,,,533,2023,本科批,,11977,531,0,上海,综合,,,南昌大学
,major_line_2023,电气类,电气工程及其自动化,,,540,2023,本科批,,9864,540,0,上海,综合,,,南昌大学
,major_line_2023,计算机类,计算机类（含计算机科学与技术、信息安全、信息管理与信息系统、大数据管理与应用）（仅招双学位班、人工智能）（仅招双学位班专业）,,,544,2023,本科批,,9179,543,0,上海,综合,,,中南财经政法大学
,major_line_2023,金融学类,金融学类（保险精算方向。含保险学、精算学专业）（语种:不限在首义校区）,,,558,2023,本科批,,6028,558,0,上海,综合,,,中南财经政法大学
,major_line_2023,金融学类,金融学类（含金融学、金融工程、投资学专业）（语种:不限在首义校区）,,,552,2023,本科批,,7242,552,0,上海,综合,,,中南财经政法大学
,major_line_2023,经济与贸易类,经济与贸易类（含国际经济与贸易、贸易经济专业）（语种:不限在首义校区）,,,550,2023,本科批,,7651,550,0,上海,综合,,,中南财经政法大学
,major_line_2023,工商管理类,工商管理类（会计学院。含会计学、会计学）（注册会计师方向、财务管理专业）（语种:不限在首义校区）,,,550,2023,本科批,,7651,550,0,上海,综合,,,中南财经政法大学
,major_line_2023,法学类,法学类（含法学、法学）（民商法方向、法学）（涉外法治方向、法学）（政府法治方向、法学）（刑事司法方向、法学）（社会治理方向、知识产权专业）（语种:不限在南湖校区）,,,551,2023,本科批,,7855,549,0,上海,综合,,,中南财经政法大学
,major_line_2023,工商管理类,国际商务（语种:不限在首义校区）,,,550,2023,本科批,,8061,548,0,上海,综合,,,中南财经政法大学
,major_line_2023,外国语言文学类,外国语言文学类（含英语、英语）（翻译方向、商务英语专业）（语种:英语在首义校区）,,,548,2023,本科批,,8061,548,0,上海,综合,,,中南财经政法大学
,major_line_2023,外国语言文学类,法语（外语语种为英语、法语（在首义校区））,,,547,2023,本科批,,8255,547,0,上海,综合,,,中南财经政法大学
,major_line_2023,金融学类,金融学类（保险精算方向。含保险学、精算学专业）（语种:不限在首义校区）,,,558,2023,本科批,,6028,558,0,上海,综合,,,中南财经政法大学
,major_line_2023,金融学类,金融学类（含金融学、金融工程、投资学专业）（语种:不限在首义校区）,,,552,2023,本科批,,7242,552,0,上海,综合,,,中南财经政法大学
,major_line_2023,经济与贸易类,经济与贸易类（含国际经济与贸易、贸易经济专业）（语种:不限在首义校区）,,,550,2023,本科批,,7651,550,0,上海,综合,,,中南财经政法大学
,major_line_2023,工商管理类,工商管理类（会计学院。含会计学、会计学）（注册会计师方向、财务管理专业）（语种:不限在首义校区）,,,550,2023,本科批,,7651,550,0,上海,综合,,,中南财经政法大学
,major_line_2023,法学类,法学类（含法学、法学）（民商法方向、法学）（涉外法治方向、法学）（政府法治方向、法学）（刑事司法方向、法学）（社会治理方向、知识产权专业）（语种:不限在南湖校区）,,,551,2023,本科批,,7855,549,0,上海,综合,,,中南财经政法大学
,major_line_2023,工商管理类,国际商务（语种:不限在首义校区）,,,550,2023,本科批,,8061,548,0,上海,综合,,,中南财经政法大学
,major_line_2023,外国语言文学类,外国语言文学类（含英语、英语）（翻译方向、商务英语专业）（语种:英语在首义校区）,,,548,2023,本科批,,8061,548,0,上海,综合,,,中南财经政法大学
,major_line_2023,外国语言文学类,法语（外语语种为英语、法语（在首义校区））,,,547,2023,本科批,,8255,547,0,上海,综合,,,中南财经政法大学
,major_line_2023,计算机类,计算机类（含计算机科学与技术、信息安全、信息管理与信息系统、大数据管理与应用）（仅招双学位班、人工智能）（仅招双学位班专业）,,,544,2023,本科批,,9179,543,0,上海,综合,,,中南财经政法大学
,major_line_2023,计算机类,计算机科学与技术,,,547,2023,本科批,,8712,545,0,上海,综合,,,深圳大学
,major_line_2023,电子信息类,电子信息工程,,,545,2023,本科批,,8712,545,0,上海,综合,,,深圳大学
,major_line_2023,建筑类,建筑学（卓越班。无色盲）,,,545,2023,本科批,,8712,545,0,上海,综合,,,深圳大学
,major_line_2023,计算机类,计算机科学与技术,,,547,2023,本科批,,8712,545,0,上海,综合,,,深圳大学
,major_line_2023,电子信息类,电子信息工程,,,545,2023,本科批,,8712,545,0,上海,综合,,,深圳大学
,major_line_2023,建筑类,建筑学（卓越班。无色盲）,,,545,2023,本科批,,8712,545,0,上海,综合,,,深圳大学
,major_line_2023,法学类,法学,,,544,2023,本科批,,8940,544,0,上海,综合,,,深圳大学
,major_line_2023,经济与贸易类,国际经济与贸易,,,541,2023,本科批,,9864,540,0,上海,综合,,,深圳大学
,major_line_2023,新闻传播学类,网络与新媒体,,,541,2023,本科批,,10340,538,0,上海,综合,,,深圳大学
,major_line_2023,法学类,法学,,,544,2023,本科批,,8940,544,0,上海,综合,,,深圳大学
,major_line_2023,经济与贸易类,国际经济与贸易,,,541,2023,本科批,,9864,540,0,上海,综合,,,深圳大学
,major_line_2023,新闻传播学类,网络与新媒体,,,541,2023,本科批,,10340,538,0,上海,综合,,,深圳大学
,major_line_2023,工商管理类,工商管理类（含市场营销、土地资源管理、农林经济管理、工商管理、会计学专业）,,,529,2023,本科批,,12910,527,0,上海,综合,,,西北农林科技大学
,major_line_2023,经济学类,经济学类（含经济学、国际经济与贸易、金融学专业）,,,528,2023,本科批,,12910,527,0,上海,综合,,,西北农林科技大学
,major_line_2023,法学类,法学,,,526,2023,本科批,,13152,526,0,上海,综合,,,西北农林科技大学
,major_line_2023,动物医学类,动物医学类（含动物医学）（学制5年、动物药学）（学制4年专业）,,,538,2023,本科批,,10340,538,0,上海,综合,,,西北农林科技大学
,major_line_2023,生物科学类,生物科学类（含生物科学、生物技术、生物工程专业）,,,540,2023,本科批,,10808,536,0,上海,综合,,,西北农林科技大学
,major_line_2023,食品科学与工程类,食品营养与健康（卓越班）,,,536,2023,本科批,,11276,534,0,上海,综合,,,西北农林科技大学
,major_line_2023,建筑类,风景园林,,,534,2023,本科批,,11276,534,0,上海,综合,,,西北农林科技大学
,major_line_2023,工商管理类,工商管理类（含市场营销、土地资源管理、农林经济管理、工商管理、会计学专业）,,,529,2023,本科批,,12910,527,0,上海,综合,,,西北农林科技大学
,major_line_2023,经济学类,经济学类（含经济学、国际经济与贸易、金融学专业）,,,528,2023,本科批,,12910,527,0,上海,综合,,,西北农林科技大学
,major_line_2023,法学类,法学,,,526,2023,本科批,,13152,526,0,上海,综合,,,西北农林科技大学
,major_line_2023,动物医学类,动物医学类（含动物医学）（学制5年、动物药学）（学制4年专业）,,,538,2023,本科批,,10340,538,0,上海,综合,,,西北农林科技大学
,major_line_2023,生物科学类,生物科学类（含生物科学、生物技术、生物工程专业）,,,540,2023,本科批,,10808,536,0,上海,综合,,,西北农林科技大学
,major_line_2023,食品科学与工程类,食品营养与健康（卓越班）,,,536,2023,本科批,,11276,534,0,上海,综合,,,西北农林科技大学
,major_line_2023,建筑类,风景园林,,,534,2023,本科批,,11276,534,0,上海,综合,,,西北农林科技大学
,major_line_2023,外国语言文学类,英语（语种:英语）（中国政法大学联合培养涉外法治人才）,,,563,2023,本科批,,5080,563,0,上海,综合,,,北京外国语大学
,major_line_2023,经济与贸易类,国际经济与贸易,,,560,2023,本科批,,5664,560,0,上海,综合,,,北京外国语大学
,major_line_2023,外国语言文学类,俄语,,,560,2023,本科批,,5664,560,0,上海,综合,,,北京外国语大学
,major_line_2023,外国语言文学类,西班牙语（中国人民大学国际新闻传播专业联合培养）,,,560,2023,本科批,,5664,560,0,上海,综合,,,北京外国语大学
,major_line_2023,外国语言文学类,英语（语种:英语）,,,559,2023,本科批,,5843,559,0,上海,综合,,,北京外国语大学
,major_line_2023,外国语言文学类,德语,,,559,2023,本科批,,6028,558,0,上海,综合,,,北京外国语大学
,major_line_2023,外国语言文学类,英语（语种:英语）（中国政法大学联合培养涉外法治人才）,,,563,2023,本科批,,5080,563,0,上海,综合,,,北京外国语大学
,major_line_2023,经济与贸易类,国际经济与贸易,,,560,2023,本科批,,5664,560,0,上海,综合,,,北京外国语大学
,major_line_2023,外国语言文学类,俄语,,,560,2023,本科批,,5664,560,0,上海,综合,,,北京外国语大学
,major_line_2023,外国语言文学类,西班牙语（中国人民大学国际新闻传播专业联合培养）,,,560,2023,本科批,,5664,560,0,上海,综合,,,北京外国语大学
,major_line_2023,外国语言文学类,英语（语种:英语）,,,559,2023,本科批,,5843,559,0,上海,综合,,,北京外国语大学
,major_line_2023,外国语言文学类,德语,,,559,2023,本科批,,6028,558,0,上海,综合,,,北京外国语大学
,major_line_2023,工商管理类,工商管理类（含工商管理、会计学专业。单色识别不全者不取）,,,530,2023,本科批,,12669,528,0,上海,综合,,,中国地质大学（北京）
,major_line_2023,材料类,宝石及材料工艺学（色盲、色弱、单色识别不全者不取）,,,527,2023,本科批,,12910,527,0,上海,综合,,,中国地质大学（北京）
,major_line_2023,工商管理类,工商管理类（含工商管理、会计学专业。单色识别不全者不取）,,,530,2023,本科批,,12669,528,0,上海,综合,,,中国地质大学（北京）
,major_line_2023,材料类,宝石及材料工艺学（色盲、色弱、单色识别不全者不取）,,,527,2023,本科批,,12910,527,0,上海,综合,,,中国地质大学（北京）
,major_line_2023,电气类,电气类（含电气工程及其自动化、智能电网信息工程专业）,,,558,2023,本科批,,6451,556,0,上海,综合,,,华北电力大学
,major_line_2023,能源动力类,能源与动力工程,,,555,2023,本科批,,6649,555,0,上海,综合,,,华北电力大学
,major_line_2023,能源动力类,能源动力类（新能源方向。含新能源科学与工程、新能源材料与器件专业）,,,555,2023,本科批,,6649,555,0,上海,综合,,,华北电力大学
,major_line_2023,自动化类,自动化类（含自动化、机器人工程专业）,,,553,2023,本科批,,7041,553,0,上海,综合,,,华北电力大学
,major_line_2023,计算机类,计算机类（计算机方向。含计算机科学与技术、软件工程、信息安全专业）,,,552,2023,本科批,,7242,552,0,上海,综合,,,华北电力大学
,major_line_2023,能源动力类,氢能科学与工程,,,552,2023,本科批,,7242,552,0,上海,综合,,,华北电力大学
,major_line_2023,材料类,材料科学与工程,,,551,2023,本科批,,7444,551,0,上海,综合,,,华北电力大学
,major_line_2023,计算机类,计算机类（智能方向。含物联网工程、智能科学与技术、人工智能专业）,,,551,2023,本科批,,7444,551,0,上海,综合,,,华北电力大学
,major_line_2023,能源动力类,储能科学与工程,,,551,2023,本科批,,7444,551,0,上海,综合,,,华北电力大学
,major_line_2023,电子信息类,电子信息类（含电子信息工程、电子科学与技术、通信工程专业）,,,552,2023,本科批,,7651,550,0,上海,综合,,,华北电力大学
,major_line_2023,仪器类,测控技术与仪器,,,550,2023,本科批,,7651,550,0,上海,综合,,,华北电力大学
,major_line_2023,矿业类,碳储科学与工程,,,550,2023,本科批,,7651,550,0,上海,综合,,,华北电力大学
,major_line_2023,管理科学与工程类,管理科学与工程类,,,549,2023,本科批,,7855,549,0,上海,综合,,,华北电力大学
,major_line_2023,工商管理类,工商管理类（含会计学、财务管理、工商管理、人力资源管理、市场营销专业）,,,545,2023,本科批,,8712,545,0,上海,综合,,,华北电力大学
,major_line_2023,法学类,法学,,,536,2023,本科批,,10808,536,0,上海,综合,,,华北电力大学
,major_line_2023,外国语言文学类,外国语言文学类（含英语、翻译专业）（语种:英语）,,,535,2023,本科批,,11029,535,0,上海,综合,,,华北电力大学
,major_line_2023,电气类,电气类（含电气工程及其自动化、智能电网信息工程专业）,,,558,2023,本科批,,6451,556,0,上海,综合,,,华北电力大学
,major_line_2023,能源动力类,能源与动力工程,,,555,2023,本科批,,6649,555,0,上海,综合,,,华北电力大学
,major_line_2023,能源动力类,能源动力类（新能源方向。含新能源科学与工程、新能源材料与器件专业）,,,555,2023,本科批,,6649,555,0,上海,综合,,,华北电力大学
,major_line_2023,自动化类,自动化类（含自动化、机器人工程专业）,,,553,2023,本科批,,7041,553,0,上海,综合,,,华北电力大学
,major_line_2023,计算机类,计算机类（计算机方向。含计算机科学与技术、软件工程、信息安全专业）,,,552,2023,本科批,,7242,552,0,上海,综合,,,华北电力大学
,major_line_2023,能源动力类,氢能科学与工程,,,552,2023,本科批,,7242,552,0,上海,综合,,,华北电力大学
,major_line_2023,材料类,材料科学与工程,,,551,2023,本科批,,7444,551,0,上海,综合,,,华北电力大学
,major_line_2023,计算机类,计算机类（智能方向。含物联网工程、智能科学与技术、人工智能专业）,,,551,2023,本科批,,7444,551,0,上海,综合,,,华北电力大学
,major_line_2023,能源动力类,储能科学与工程,,,551,2023,本科批,,7444,551,0,上海,综合,,,华北电力大学
,major_line_2023,电子信息类,电子信息类（含电子信息工程、电子科学与技术、通信工程专业）,,,552,2023,本科批,,7651,550,0,上海,综合,,,华北电力大学
,major_line_2023,仪器类,测控技术与仪器,,,550,2023,本科批,,7651,550,0,上海,综合,,,华北电力大学
,major_line_2023,矿业类,碳储科学与工程,,,550,2023,本科批,,7651,550,0,上海,综合,,,华北电力大学
,major_line_2023,管理科学与工程类,管理科学与工程类,,,549,2023,本科批,,7855,549,0,上海,综合,,,华北电力大学
,major_line_2023,工商管理类,工商管理类（含会计学、财务管理、工商管理、人力资源管理、市场营销专业）,,,545,2023,本科批,,8712,545,0,上海,综合,,,华北电力大学
,major_line_2023,法学类,法学,,,536,2023,本科批,,10808,536,0,上海,综合,,,华北电力大学
,major_line_2023,外国语言文学类,外国语言文学类（含英语、翻译专业）（语种:英语）,,,535,2023,本科批,,11029,535,0,上海,综合,,,华北电力大学
,major_line_2023,计算机类,计算机类（办学点在松江校区；（含软件工程、计算机科学与技术、信息安全专业。其中软件工程、计算机科学与技术为国家级一流本科专业））,,,552,2023,本科批,,7444,551,0,上海,综合,,,东华大学
,major_line_2023,理科试验班类,理科试验班类（办学点在松江校区；（贯彻“加强基础、因材施教、分流培养”的指导思想，强调高起点、强基础，突出基础科学教学，并强化学生人文科学和社会素养，加强创新实践和创新能力培养，依托科研基地、实验中心建立创新平台和竞赛基地，面向学生开放，鼓励和支持学生参加课外科技活动和各类学科竞赛，并在经费上予以优先考虑，在图书借阅上享受研究生待遇。大一结束后按相关规定可优先在全校范围内选择专业））,,,552,2023,本科批,,7444,551,0,上海,综合,,,东华大学
,major_line_2023,计算机类,数据科学与大数据技术（办学点在松江校区；）,,,551,2023,本科批,,7651,550,0,上海,综合,,,东华大学
,major_line_2023,计算机类,智能科学与技术（办学点在松江校区；）,,,549,2023,本科批,,7855,549,0,上海,综合,,,东华大学
,major_line_2023,电子信息类,电子信息类（办学点在松江校区；（含电气工程及其自动化、自动化、通信工程、电子信息工程专业。其中自动化为国家级一流本科专业））,,,549,2023,本科批,,8061,548,0,上海,综合,,,东华大学
,major_line_2023,电子信息类,人工智能（办学点在松江校区；）,,,549,2023,本科批,,8061,548,0,上海,综合,,,东华大学
,major_line_2023,数学类,数学类（办学点在松江校区；（金融与统计方向。含数学与应用数学、统计学专业。该大类所含专业均为国家级一流本科专业））,,,548,2023,本科批,,8464,546,0,上海,综合,,,东华大学
,major_line_2023,机械类,机械工程（办学点在松江校区；（国家级一流本科专业））,,,547,2023,本科批,,8464,546,0,上海,综合,,,东华大学
,major_line_2023,机械类,智能制造工程（办学点在松江校区；）,,,546,2023,本科批,,8464,546,0,上海,综合,,,东华大学
,major_line_2023,管理科学与工程类,管理科学与工程类（办学点在延安路校区；（含信息管理与信息系统、电子商务、供应链管理专业。其中信息管理与信息系统、电子商务为国家级一流本科专业，信息管理与信息系统为国家级特色专业））,,,547,2023,本科批,,8712,545,0,上海,综合,,,东华大学
,major_line_2023,机械类,工业设计（办学点在松江校区；（国家级一流本科专业））,,,546,2023,本科批,,8712,545,0,上海,综合,,,东华大学
,major_line_2023,物理学类,物理学类（办学点在松江校区；（光电与能源新技术方向。含应用物理学、光电信息科学与工程专业。其中应用物理学为国家级特色专业））,,,546,2023,本科批,,8712,545,0,上海,综合,,,东华大学
,major_line_2023,能源动力类,能源与环境系统工程（办学点在松江校区；（国家级特色专业））,,,545,2023,本科批,,8712,545,0,上海,综合,,,东华大学
,major_line_2023,土木类,建筑环境与能源应用工程（办学点在松江校区；（国家级一流本科专业））,,,545,2023,本科批,,8712,545,0,上海,综合,,,东华大学
,major_line_2023,经济管理试验班,经济管理试验班（含市场营销、财务管理、会计学、旅游管理、工商管理专业。其中市场营销为国家级一流本科专业）,,,546,2023,本科批,,9179,543,0,上海,综合,,,东华大学
,major_line_2023,经济与贸易类,经济与贸易类（含国际经济与贸易、金融学专业）,,,543,2023,本科批,,9418,542,0,上海,综合,,,东华大学
,major_line_2023,新闻传播学类,新闻传播学类（含行政管理、法学专业含传播学、公共关系学、教育技术学专业。其中传播学为国家级一流本科专业）,,,544,2023,本科批,,9655,541,0,上海,综合,,,东华大学
,major_line_2023,外国语言文学类,英语（语种:英语）,,,543,2023,本科批,,9655,541,0,上海,综合,,,东华大学
,major_line_2023,社会科学试验班,社会科学试验班,,,541,2023,本科批,,9655,541,0,上海,综合,,,东华大学
,major_line_2023,计算机类,计算机类（办学点在松江校区；（含软件工程、计算机科学与技术、信息安全专业。其中软件工程、计算机科学与技术为国家级一流本科专业））,,,552,2023,本科批,,7444,551,0,上海,综合,,,东华大学
,major_line_2023,理科试验班类,理科试验班类（办学点在松江校区；（贯彻“加强基础、因材施教、分流培养”的指导思想，强调高起点、强基础，突出基础科学教学，并强化学生人文科学和社会素养，加强创新实践和创新能力培养，依托科研基地、实验中心建立创新平台和竞赛基地，面向学生开放，鼓励和支持学生参加课外科技活动和各类学科竞赛，并在经费上予以优先考虑，在图书借阅上享受研究生待遇。大一结束后按相关规定可优先在全校范围内选择专业））,,,552,2023,本科批,,7444,551,0,上海,综合,,,东华大学
,major_line_2023,计算机类,数据科学与大数据技术（办学点在松江校区；）,,,551,2023,本科批,,7651,550,0,上海,综合,,,东华大学
,major_line_2023,计算机类,智能科学与技术（办学点在松江校区；）,,,549,2023,本科批,,7855,549,0,上海,综合,,,东华大学
,major_line_2023,电子信息类,电子信息类（办学点在松江校区；（含电气工程及其自动化、自动化、通信工程、电子信息工程专业。其中自动化为国家级一流本科专业））,,,549,2023,本科批,,8061,548,0,上海,综合,,,东华大学
,major_line_2023,电子信息类,人工智能（办学点在松江校区；）,,,549,2023,本科批,,8061,548,0,上海,综合,,,东华大学
,major_line_2023,纺织类,纺织工程（办学点在松江校区；（纺织工程与产品设计双学士学位项目。纺织工程为“双一流”学科、国家级特色专业，纺织工程与产品设计均为国家级一流本科专业））,,,548,2023,本科批,,8061,548,0,上海,综合,,,东华大学
,major_line_2023,材料类,材料类（“双一流”学科。含高分子材料与工程、无机非金属材料工程、复合材料与工程专业。该大类所含专业均为国家级一流本科专业，其中高分子材料与工程为国家级特色专业）,,,551,2023,本科批,,8255,547,0,上海,综合,,,东华大学
,major_line_2023,材料类,功能材料（“双一流”学科。国家一流本科专业、国家级特色专业）,,,548,2023,本科批,,8464,546,0,上海,综合,,,东华大学
,major_line_2023,数学类,数学类（办学点在松江校区；（金融与统计方向。含数学与应用数学、统计学专业。该大类所含专业均为国家级一流本科专业））,,,548,2023,本科批,,8464,546,0,上海,综合,,,东华大学
,major_line_2023,机械类,机械工程（办学点在松江校区；（国家级一流本科专业））,,,547,2023,本科批,,8464,546,0,上海,综合,,,东华大学
,major_line_2023,机械类,智能制造工程（办学点在松江校区；）,,,546,2023,本科批,,8464,546,0,上海,综合,,,东华大学
,major_line_2023,理科试验班,理科试验班（办学点在松江校区；（贯彻“加强基础、因材施教、分流培养”的指导思想，强调高起点、强基础，突出基础科学教学，并强化学生人文科学和社会素养，加强创新实践和创新能力培养，依托科研基地、实验中心建立创新平台和竞赛基地，面向学生开放，鼓励和支持学生参加课外科技活动和各类学科竞赛，并在经费上予以优先考虑，在图书借阅上享受研究生待遇。大一结束后按相关规定可优先在全校范围内选择专业））,,,548,2023,本科批,,8712,545,0,上海,综合,,,东华大学
,major_line_2023,生物工程类,生物工程（办学点在松江校区；（生物医药方向。国家级一流本科专业））,,,547,2023,本科批,,8712,545,0,上海,综合,,,东华大学
,major_line_2023,管理科学与工程类,管理科学与工程类（办学点在延安路校区；（含信息管理与信息系统、电子商务、供应链管理专业。其中信息管理与信息系统、电子商务为国家级一流本科专业，信息管理与信息系统为国家级特色专业））,,,547,2023,本科批,,8712,545,0,上海,综合,,,东华大学
,major_line_2023,机械类,工业设计（办学点在松江校区；（国家级一流本科专业））,,,546,2023,本科批,,8712,545,0,上海,综合,,,东华大学
,major_line_2023,物理学类,物理学类（办学点在松江校区；（光电与能源新技术方向。含应用物理学、光电信息科学与工程专业。其中应用物理学为国家级特色专业））,,,546,2023,本科批,,8712,545,0,上海,综合,,,东华大学
,major_line_2023,能源动力类,能源与环境系统工程（办学点在松江校区；（国家级特色专业））,,,545,2023,本科批,,8712,545,0,上海,综合,,,东华大学
,major_line_2023,土木类,建筑环境与能源应用工程（办学点在松江校区；（国家级一流本科专业））,,,545,2023,本科批,,8712,545,0,上海,综合,,,东华大学
,major_line_2023,纺织类,纺织类（办学点在松江校区；（“双一流”学科。含纺织工程、非织造材料与工程专业。该大类所含专业均为国家级一流本科专业，其中纺织工程为国家级特色专业））,,,545,2023,本科批,,8940,544,0,上海,综合,,,东华大学
,major_line_2023,化学类,化学类（办学点在松江校区；（含轻化工程、应用化学专业。该大类所含专业均为国家级一流本科专业，轻化工程为国家级特色专业））,,,545,2023,本科批,,8940,544,0,上海,综合,,,东华大学
,major_line_2023,纺织类,服装设计与工程（办学点延安路校区；（“双一流”学科、国家级一流本科专业、国家级特色专业））,,,546,2023,本科批,,9179,543,0,上海,综合,,,东华大学
,major_line_2023,经济管理试验班,经济管理试验班（含市场营销、财务管理、会计学、旅游管理、工商管理专业。其中市场营销为国家级一流本科专业）,,,546,2023,本科批,,9179,543,0,上海,综合,,,东华大学
,major_line_2023,经济与贸易类,经济与贸易类（含国际经济与贸易、金融学专业）,,,543,2023,本科批,,9418,542,0,上海,综合,,,东华大学
,major_line_2023,新闻传播学类,新闻传播学类（含行政管理、法学专业含传播学、公共关系学、教育技术学专业。其中传播学为国家级一流本科专业）,,,544,2023,本科批,,9655,541,0,上海,综合,,,东华大学
,major_line_2023,外国语言文学类,英语（语种:英语）,,,543,2023,本科批,,9655,541,0,上海,综合,,,东华大学
,major_line_2023,社会科学试验班,社会科学试验班,,,541,2023,本科批,,9655,541,0,上海,综合,,,东华大学
,major_line_2023,外国语言文学类,日语（外语语种为英语、日语。国家级一流本科专业、国家级特色专业）,,,540,2023,本科批,,10105,539,0,上海,综合,,,东华大学
,major_line_2023,纺织类,纺织工程（办学点在松江校区；（纺织工程与产品设计双学士学位项目。纺织工程为“双一流”学科、国家级特色专业，纺织工程与产品设计均为国家级一流本科专业））,,,548,2023,本科批,,8061,548,0,上海,综合,,,东华大学
,major_line_2023,理科试验班,理科试验班（办学点在松江校区；（贯彻“加强基础、因材施教、分流培养”的指导思想，强调高起点、强基础，突出基础科学教学，并强化学生人文科学和社会素养，加强创新实践和创新能力培养，依托科研基地、实验中心建立创新平台和竞赛基地，面向学生开放，鼓励和支持学生参加课外科技活动和各类学科竞赛，并在经费上予以优先考虑，在图书借阅上享受研究生待遇。大一结束后按相关规定可优先在全校范围内选择专业））,,,548,2023,本科批,,8712,545,0,上海,综合,,,东华大学
,major_line_2023,生物工程类,生物工程（办学点在松江校区；（生物医药方向。国家级一流本科专业））,,,547,2023,本科批,,8712,545,0,上海,综合,,,东华大学
,major_line_2023,纺织类,纺织类（办学点在松江校区；（“双一流”学科。含纺织工程、非织造材料与工程专业。该大类所含专业均为国家级一流本科专业，其中纺织工程为国家级特色专业））,,,545,2023,本科批,,8940,544,0,上海,综合,,,东华大学
,major_line_2023,化学类,化学类（办学点在松江校区；（含轻化工程、应用化学专业。该大类所含专业均为国家级一流本科专业，轻化工程为国家级特色专业））,,,545,2023,本科批,,8940,544,0,上海,综合,,,东华大学
,major_line_2023,纺织类,服装设计与工程（办学点延安路校区；（“双一流”学科、国家级一流本科专业、国家级特色专业））,,,546,2023,本科批,,9179,543,0,上海,综合,,,东华大学
,major_line_2023,材料类,材料类（“双一流”学科。含高分子材料与工程、无机非金属材料工程、复合材料与工程专业。该大类所含专业均为国家级一流本科专业，其中高分子材料与工程为国家级特色专业）,,,551,2023,本科批,,8255,547,0,上海,综合,,,东华大学
,major_line_2023,材料类,功能材料（“双一流”学科。国家一流本科专业、国家级特色专业）,,,548,2023,本科批,,8464,546,0,上海,综合,,,东华大学
,major_line_2023,外国语言文学类,日语（外语语种为英语、日语。国家级一流本科专业、国家级特色专业）,,,540,2023,本科批,,10105,539,0,上海,综合,,,东华大学
,major_line_2023,经济学类,经济学类（含经济学、国际经济与贸易、金融学、金融工程专业）,,,522,2023,本科批,,14416,521,0,上海,综合,,,宁波大学
,major_line_2023,外国语言文学类,英语（外语单科成绩不低于115分）,,,516,2023,本科批,,16670,512,0,上海,综合,,,宁波大学
,major_line_2023,旅游管理类,旅游管理（中外合作办学）（中法合作。符合条件者第四学年可选赴法国昂热大学，可获中法双文凭，法方不另收学费）（中外合作办学）,,,508,2023,本科批,,18398,505,0,上海,综合,,,宁波大学
,major_line_2023,外国语言文学类,英语（外语单科成绩不低于115分）,,,516,2023,本科批,,16670,512,0,上海,综合,,,宁波大学
,major_line_2023,经济学类,经济学类（含经济学、国际经济与贸易、金融学、金融工程专业）,,,522,2023,本科批,,14416,521,0,上海,综合,,,宁波大学
,major_line_2023,旅游管理类,旅游管理（中外合作办学）（中法合作。符合条件者第四学年可选赴法国昂热大学，可获中法双文凭，法方不另收学费）（中外合作办学）,,,508,2023,本科批,,18398,505,0,上海,综合,,,宁波大学
,major_line_2023,计算机类,计算机科学与技术,,,533,2023,本科批,,12442,529,0,上海,综合,,,江苏大学
,major_line_2023,电子信息类,电子信息工程,,,531,2023,本科批,,12910,527,0,上海,综合,,,江苏大学
,major_line_2023,计算机类,软件工程,,,529,2023,本科批,,13152,526,0,上海,综合,,,江苏大学
,major_line_2023,机械类,机械电子工程,,,527,2023,本科批,,13398,525,0,上海,综合,,,江苏大学
,major_line_2023,公共卫生与预防医学类,预防医学,,,526,2023,本科批,,13398,525,0,上海,综合,,,江苏大学
,major_line_2023,机械类,智能制造工程,,,525,2023,本科批,,13663,524,0,上海,综合,,,江苏大学
,major_line_2023,自动化类,自动化,,,524,2023,本科批,,13663,524,0,上海,综合,,,江苏大学
,major_line_2023,物理学类,物理学,,,523,2023,本科批,,14182,522,0,上海,综合,,,江苏大学
,major_line_2023,物流管理与工程类,物流管理,,,501,2023,本科批,,20893,495,0,上海,综合,,,江苏大学
,major_line_2023,金融学类,金融学,,,495,2023,本科批,,20893,495,0,上海,综合,,,江苏大学
,major_line_2023,工商管理类,人力资源管理,,,495,2023,本科批,,20893,495,0,上海,综合,,,江苏大学
,major_line_2023,工商管理类,工商管理,,,498,2023,本科批,,21430,493,0,上海,综合,,,江苏大学
,major_line_2023,外国语言文学类,英语（语种:英语）,,,496,2023,本科批,,21430,493,0,上海,综合,,,江苏大学
,major_line_2023,工商管理类,会计学,,,493,2023,本科批,,21430,493,0,上海,综合,,,江苏大学
,major_line_2023,外国语言文学类,日语（语种:英语）,,,491,2023,本科批,,21932,491,0,上海,综合,,,江苏大学
,major_line_2023,计算机类,计算机科学与技术,,,533,2023,本科批,,12442,529,0,上海,综合,,,江苏大学
,major_line_2023,电子信息类,电子信息工程,,,531,2023,本科批,,12910,527,0,上海,综合,,,江苏大学
,major_line_2023,计算机类,软件工程,,,529,2023,本科批,,13152,526,0,上海,综合,,,江苏大学
,major_line_2023,机械类,机械电子工程,,,527,2023,本科批,,13398,525,0,上海,综合,,,江苏大学
,major_line_2023,公共卫生与预防医学类,预防医学,,,526,2023,本科批,,13398,525,0,上海,综合,,,江苏大学
,major_line_2023,机械类,智能制造工程,,,525,2023,本科批,,13663,524,0,上海,综合,,,江苏大学
,major_line_2023,自动化类,自动化,,,524,2023,本科批,,13663,524,0,上海,综合,,,江苏大学
,major_line_2023,物理学类,物理学,,,523,2023,本科批,,14182,522,0,上海,综合,,,江苏大学
,major_line_2023,物流管理与工程类,物流管理,,,501,2023,本科批,,20893,495,0,上海,综合,,,江苏大学
,major_line_2023,金融学类,金融学,,,495,2023,本科批,,20893,495,0,上海,综合,,,江苏大学
,major_line_2023,工商管理类,人力资源管理,,,495,2023,本科批,,20893,495,0,上海,综合,,,江苏大学
,major_line_2023,工商管理类,工商管理,,,498,2023,本科批,,21430,493,0,上海,综合,,,江苏大学
,major_line_2023,外国语言文学类,英语（语种:英语）,,,496,2023,本科批,,21430,493,0,上海,综合,,,江苏大学
,major_line_2023,工商管理类,会计学,,,493,2023,本科批,,21430,493,0,上海,综合,,,江苏大学
,major_line_2023,外国语言文学类,日语（语种:英语）,,,491,2023,本科批,,21932,491,0,上海,综合,,,江苏大学
,major_line_2023,计算机类,软件工程（后两年收费标准为13000元/年）,,,542,2023,本科批,,9655,541,0,上海,综合,,,福州大学
,major_line_2023,电子信息类,电子信息类（含电子信息工程、通信工程专业）,,,542,2023,本科批,,9655,541,0,上海,综合,,,福州大学
,major_line_2023,电子信息类,人工智能,,,541,2023,本科批,,9655,541,0,上海,综合,,,福州大学
,major_line_2023,机械类,机械设计制造及其自动化,,,541,2023,本科批,,9864,540,0,上海,综合,,,福州大学
,major_line_2023,电气类,智能电网信息工程,,,540,2023,本科批,,9864,540,0,上海,综合,,,福州大学
,major_line_2023,工商管理类,会计学,,,537,2023,本科批,,10808,536,0,上海,综合,,,福州大学
,major_line_2023,中国语言文学类,汉语言文学,,,536,2023,本科批,,11276,534,0,上海,综合,,,福州大学
,major_line_2023,公共管理类,公共事业管理,,,534,2023,本科批,,11501,533,0,上海,综合,,,福州大学
,major_line_2023,工商管理类,会计学,,,537,2023,本科批,,10808,536,0,上海,综合,,,福州大学
,major_line_2023,中国语言文学类,汉语言文学,,,536,2023,本科批,,11276,534,0,上海,综合,,,福州大学
,major_line_2023,公共管理类,公共事业管理,,,534,2023,本科批,,11501,533,0,上海,综合,,,福州大学
,major_line_2023,计算机类,软件工程（后两年收费标准为13000元/年）,,,542,2023,本科批,,9655,541,0,上海,综合,,,福州大学
,major_line_2023,电子信息类,电子信息类（含电子信息工程、通信工程专业）,,,542,2023,本科批,,9655,541,0,上海,综合,,,福州大学
,major_line_2023,电子信息类,人工智能,,,541,2023,本科批,,9655,541,0,上海,综合,,,福州大学
,major_line_2023,机械类,机械设计制造及其自动化,,,541,2023,本科批,,9864,540,0,上海,综合,,,福州大学
,major_line_2023,电气类,智能电网信息工程,,,540,2023,本科批,,9864,540,0,上海,综合,,,福州大学
,major_line_2023,数学类,数学与应用数学（师范类）,,,521,2023,本科批,,14416,521,0,上海,综合,,,扬州大学
,major_line_2023,电子信息类,电子信息工程,,,518,2023,本科批,,15390,517,0,上海,综合,,,扬州大学
,major_line_2023,动物医学类,动物医学,,,517,2023,本科批,,15390,517,0,上海,综合,,,扬州大学
,major_line_2023,生物工程类,生物制药,,,517,2023,本科批,,15390,517,0,上海,综合,,,扬州大学
,major_line_2023,经济学类,经济学,,,515,2023,本科批,,15916,515,0,上海,综合,,,扬州大学
,major_line_2023,电气类,电气工程及其自动化,,,515,2023,本科批,,15916,515,0,上海,综合,,,扬州大学
,major_line_2023,材料类,高分子材料与工程,,,515,2023,本科批,,16172,514,0,上海,综合,,,扬州大学
,major_line_2023,中国语言文学类,汉语言文学（师范类）,,,514,2023,本科批,,16172,514,0,上海,综合,,,扬州大学
,major_line_2023,环境科学与工程类,环境工程,,,517,2023,本科批,,16423,513,0,上海,综合,,,扬州大学
,major_line_2023,生物科学类,生物技术,,,514,2023,本科批,,16670,512,0,上海,综合,,,扬州大学
,major_line_2023,土木类,给排水科学与工程,,,511,2023,本科批,,16921,511,0,上海,综合,,,扬州大学
,major_line_2023,中国语言文学类,汉语国际教育,,,511,2023,本科批,,16921,511,0,上海,综合,,,扬州大学
,major_line_2023,法学类,法学,,,510,2023,本科批,,17139,510,0,上海,综合,,,扬州大学
,major_line_2023,工商管理类,工商管理,,,509,2023,本科批,,17377,509,0,上海,综合,,,扬州大学
,major_line_2023,新闻传播学类,广播电视学,,,509,2023,本科批,,17631,508,0,上海,综合,,,扬州大学
,major_line_2023,水利类,水文与水资源工程,,,505,2023,本科批,,18398,505,0,上海,综合,,,扬州大学
,major_line_2023,数学类,数学与应用数学（师范类）,,,521,2023,本科批,,14416,521,0,上海,综合,,,扬州大学
,major_line_2023,电子信息类,电子信息工程,,,518,2023,本科批,,15390,517,0,上海,综合,,,扬州大学
,major_line_2023,电气类,电气工程及其自动化,,,515,2023,本科批,,15916,515,0,上海,综合,,,扬州大学
,major_line_2023,土木类,给排水科学与工程,,,511,2023,本科批,,16921,511,0,上海,综合,,,扬州大学
,major_line_2023,水利类,水文与水资源工程,,,505,2023,本科批,,18398,505,0,上海,综合,,,扬州大学
,major_line_2023,经济学类,经济学,,,515,2023,本科批,,15916,515,0,上海,综合,,,扬州大学
,major_line_2023,中国语言文学类,汉语言文学（师范类）,,,514,2023,本科批,,16172,514,0,上海,综合,,,扬州大学
,major_line_2023,中国语言文学类,汉语国际教育,,,511,2023,本科批,,16921,511,0,上海,综合,,,扬州大学
,major_line_2023,法学类,法学,,,510,2023,本科批,,17139,510,0,上海,综合,,,扬州大学
,major_line_2023,工商管理类,工商管理,,,509,2023,本科批,,17377,509,0,上海,综合,,,扬州大学
,major_line_2023,新闻传播学类,广播电视学,,,509,2023,本科批,,17631,508,0,上海,综合,,,扬州大学
,major_line_2023,动物医学类,动物医学,,,517,2023,本科批,,15390,517,0,上海,综合,,,扬州大学
,major_line_2023,生物工程类,生物制药,,,517,2023,本科批,,15390,517,0,上海,综合,,,扬州大学
,major_line_2023,环境科学与工程类,环境工程,,,517,2023,本科批,,16423,513,0,上海,综合,,,扬州大学
,major_line_2023,生物科学类,生物技术,,,514,2023,本科批,,16670,512,0,上海,综合,,,扬州大学
,major_line_2023,材料类,高分子材料与工程,,,515,2023,本科批,,16172,514,0,上海,综合,,,扬州大学
,major_line_2023,材料类,高分子材料与工程,,,533,2023,本科批,,11977,531,0,上海,综合,,,合肥工业大学
,major_line_2023,经济与贸易类,国际经济与贸易（中外合作办学）（中外合作办学）,,,532,2023,本科批,,12910,527,0,上海,综合,,,合肥工业大学
,major_line_2023,计算机类,计算机科学与技术,,,545,2023,本科批,,9179,543,0,上海,综合,,,合肥工业大学
,major_line_2023,电气类,电气工程及其自动化,,,544,2023,本科批,,9418,542,0,上海,综合,,,合肥工业大学
,major_line_2023,电子信息类,微电子科学与工程,,,543,2023,本科批,,9418,542,0,上海,综合,,,合肥工业大学
,major_line_2023,自动化类,自动化,,,543,2023,本科批,,9418,542,0,上海,综合,,,合肥工业大学
,major_line_2023,机械类,机械类（智能制造方向。含机械设计制造及其自动化、飞行器制造工程、智能制造工程专业）,,,543,2023,本科批,,9418,542,0,上海,综合,,,合肥工业大学
,major_line_2023,计算机类,软件工程,,,542,2023,本科批,,9418,542,0,上海,综合,,,合肥工业大学
,major_line_2023,机械类,车辆工程,,,542,2023,本科批,,9418,542,0,上海,综合,,,合肥工业大学
,major_line_2023,土木类,土木类（含土木工程、建筑环境与能源应用工程、给排水科学与工程专业）,,,542,2023,本科批,,9418,542,0,上海,综合,,,合肥工业大学
,major_line_2023,测绘类,遥感科学与技术,,,542,2023,本科批,,9655,541,0,上海,综合,,,合肥工业大学
,major_line_2023,食品科学与工程类,食品科学与工程类（含食品科学与工程、生物工程、生物技术食品质量与安全、制药工程、药学专业）,,,536,2023,本科批,,11029,535,0,上海,综合,,,合肥工业大学
,major_line_2023,计算机类,计算机科学与技术,,,545,2023,本科批,,9179,543,0,上海,综合,,,合肥工业大学
,major_line_2023,电气类,电气工程及其自动化,,,544,2023,本科批,,9418,542,0,上海,综合,,,合肥工业大学
,major_line_2023,电子信息类,微电子科学与工程,,,543,2023,本科批,,9418,542,0,上海,综合,,,合肥工业大学
,major_line_2023,自动化类,自动化,,,543,2023,本科批,,9418,542,0,上海,综合,,,合肥工业大学
,major_line_2023,机械类,机械类（智能制造方向。含机械设计制造及其自动化、飞行器制造工程、智能制造工程专业）,,,543,2023,本科批,,9418,542,0,上海,综合,,,合肥工业大学
,major_line_2023,计算机类,软件工程,,,542,2023,本科批,,9418,542,0,上海,综合,,,合肥工业大学
,major_line_2023,机械类,车辆工程,,,542,2023,本科批,,9418,542,0,上海,综合,,,合肥工业大学
,major_line_2023,土木类,土木类（含土木工程、建筑环境与能源应用工程、给排水科学与工程专业）,,,542,2023,本科批,,9418,542,0,上海,综合,,,合肥工业大学
,major_line_2023,测绘类,遥感科学与技术,,,542,2023,本科批,,9655,541,0,上海,综合,,,合肥工业大学
,major_line_2023,食品科学与工程类,食品科学与工程类（含食品科学与工程、生物工程、生物技术食品质量与安全、制药工程、药学专业）,,,536,2023,本科批,,11029,535,0,上海,综合,,,合肥工业大学
,major_line_2023,材料类,高分子材料与工程,,,533,2023,本科批,,11977,531,0,上海,综合,,,合肥工业大学
,major_line_2023,经济与贸易类,国际经济与贸易（中外合作办学）（中外合作办学）,,,532,2023,本科批,,12910,527,0,上海,综合,,,合肥工业大学
,major_line_2023,中医学类,中医学（领军人才培养计划）,,,590,2023,本科批,,1288,590,0,上海,综合,,,北京中医药大学
,major_line_2023,中西医结合类,中西医临床医学（华佗班）,,,564,2023,本科批,,4910,564,0,上海,综合,,,北京中医药大学
,major_line_2023,中医学类,中医学（卓越5+3一体化）,,,564,2023,本科批,,5453,561,0,上海,综合,,,北京中医药大学
,major_line_2023,中医学类,中医学（领军人才培养计划）,,,590,2023,本科批,,1288,590,0,上海,综合,,,北京中医药大学
,major_line_2023,中西医结合类,中西医临床医学（华佗班）,,,564,2023,本科批,,4910,564,0,上海,综合,,,北京中医药大学
,major_line_2023,中医学类,中医学（卓越5+3一体化）,,,564,2023,本科批,,5453,561,0,上海,综合,,,北京中医药大学
,major_line_2023,林学类,园林,,,534,2023,本科批,,11501,533,0,上海,综合,,,北京林业大学
,major_line_2023,统计学类,统计学,,,532,2023,本科批,,11739,532,0,上海,综合,,,北京林业大学
,major_line_2023,林业工程类,木材科学与工程（中加合作办学项目）（中外合作办学）,,,531,2023,本科批,,11977,531,0,上海,综合,,,北京林业大学
,major_line_2023,经济与贸易类,国际经济与贸易,,,528,2023,本科批,,12910,527,0,上海,综合,,,北京林业大学
,major_line_2023,电子信息类,电子信息科学与技术,,,543,2023,本科批,,9179,543,0,上海,综合,,,北京林业大学
,major_line_2023,计算机类,计算机类,,,543,2023,本科批,,9179,543,0,上海,综合,,,北京林业大学
,major_line_2023,电气类,电气工程及其自动化,,,542,2023,本科批,,9418,542,0,上海,综合,,,北京林业大学
,major_line_2023,生物科学类,生物技术（中加合作办学项目）（中外合作办学）,,,539,2023,本科批,,11029,535,0,上海,综合,,,北京林业大学
,major_line_2023,林学类,林学类（梁希实验班）,,,533,2023,本科批,,11501,533,0,上海,综合,,,北京林业大学
,major_line_2023,植物生产类,园艺（观赏园艺方向）,,,531,2023,本科批,,12194,530,0,上海,综合,,,北京林业大学
,major_line_2023,林学类,林学类,,,529,2023,本科批,,12669,528,0,上海,综合,,,北京林业大学
,major_line_2023,建筑类,风景园林,,,558,2023,本科批,,6451,556,0,上海,综合,,,北京林业大学
,major_line_2023,心理学类,应用心理学,,,533,2023,本科批,,11977,531,0,上海,综合,,,北京林业大学
,major_line_2023,外国语言文学类,英语,,,533,2023,本科批,,11977,531,0,上海,综合,,,北京林业大学
,major_line_2023,工商管理类,工商管理类,,,532,2023,本科批,,11977,531,0,上海,综合,,,北京林业大学
,major_line_2023,建筑类,风景园林,,,558,2023,本科批,,6451,556,0,上海,综合,,,北京林业大学
,major_line_2023,电子信息类,电子信息科学与技术,,,543,2023,本科批,,9179,543,0,上海,综合,,,北京林业大学
,major_line_2023,计算机类,计算机类,,,543,2023,本科批,,9179,543,0,上海,综合,,,北京林业大学
,major_line_2023,电气类,电气工程及其自动化,,,542,2023,本科批,,9418,542,0,上海,综合,,,北京林业大学
,major_line_2023,生物科学类,生物技术（中加合作办学项目）（中外合作办学）,,,539,2023,本科批,,11029,535,0,上海,综合,,,北京林业大学
,major_line_2023,林学类,园林,,,534,2023,本科批,,11501,533,0,上海,综合,,,北京林业大学
,major_line_2023,林学类,林学类（梁希实验班）,,,533,2023,本科批,,11501,533,0,上海,综合,,,北京林业大学
,major_line_2023,统计学类,统计学,,,532,2023,本科批,,11739,532,0,上海,综合,,,北京林业大学
,major_line_2023,心理学类,应用心理学,,,533,2023,本科批,,11977,531,0,上海,综合,,,北京林业大学
,major_line_2023,外国语言文学类,英语,,,533,2023,本科批,,11977,531,0,上海,综合,,,北京林业大学
,major_line_2023,工商管理类,工商管理类,,,532,2023,本科批,,11977,531,0,上海,综合,,,北京林业大学
,major_line_2023,林业工程类,木材科学与工程（中加合作办学项目）（中外合作办学）,,,531,2023,本科批,,11977,531,0,上海,综合,,,北京林业大学
,major_line_2023,植物生产类,园艺（观赏园艺方向）,,,531,2023,本科批,,12194,530,0,上海,综合,,,北京林业大学
,major_line_2023,林学类,林学类,,,529,2023,本科批,,12669,528,0,上海,综合,,,北京林业大学
,major_line_2023,经济与贸易类,国际经济与贸易,,,528,2023,本科批,,12910,527,0,上海,综合,,,北京林业大学
,major_line_2023,计算机类,数字媒体技术（游戏设计技术方向）,,,563,2023,本科批,,5080,563,0,上海,综合,,,中国传媒大学
,major_line_2023,计算机类,数字媒体技术,,,560,2023,本科批,,6028,558,0,上海,综合,,,中国传媒大学
,major_line_2023,电子信息类,广播电视工程（智能视听技术方向）,,,558,2023,本科批,,6238,557,0,上海,综合,,,中国传媒大学
,major_line_2023,电子信息类,人工智能,,,557,2023,本科批,,6649,555,0,上海,综合,,,中国传媒大学
,major_line_2023,计算机类,网络空间安全,,,554,2023,本科批,,6846,554,0,上海,综合,,,中国传媒大学
,major_line_2023,计算机类,智能科学与技术（中外合作办学）（中外合作办学）,,,534,2023,本科批,,12194,530,0,上海,综合,,,中国传媒大学
,major_line_2023,新闻传播学类,传播学（中外合作办学）（中外合作办学）,,,560,2023,本科批,,5843,559,0,上海,综合,,,中国传媒大学
,major_line_2023,新闻传播学类,广告学（中外合作办学）（中外合作办学）,,,556,2023,本科批,,6451,556,0,上海,综合,,,中国传媒大学
,major_line_2023,新闻传播学类,新闻学（数据新闻方向）,,,565,2023,本科批,,5080,563,0,上海,综合,,,中国传媒大学
,major_line_2023,计算机类,数字媒体技术（游戏设计技术方向）,,,563,2023,本科批,,5080,563,0,上海,综合,,,中国传媒大学
,major_line_2023,新闻传播学类,广告学,,,563,2023,本科批,,5270,562,0,上海,综合,,,中国传媒大学
,major_line_2023,新闻传播学类,国际新闻与传播,,,562,2023,本科批,,5453,561,0,上海,综合,,,中国传媒大学
,major_line_2023,新闻传播学类,传播学（中外合作办学）（中外合作办学）,,,560,2023,本科批,,5843,559,0,上海,综合,,,中国传媒大学
,major_line_2023,计算机类,数字媒体技术,,,560,2023,本科批,,6028,558,0,上海,综合,,,中国传媒大学
,major_line_2023,新闻传播学类,数字出版,,,559,2023,本科批,,6028,558,0,上海,综合,,,中国传媒大学
,major_line_2023,电子信息类,广播电视工程（智能视听技术方向）,,,558,2023,本科批,,6238,557,0,上海,综合,,,中国传媒大学
,major_line_2023,公共管理类,公共关系学,,,558,2023,本科批,,6238,557,0,上海,综合,,,中国传媒大学
,major_line_2023,工商管理类,文化产业管理,,,558,2023,本科批,,6238,557,0,上海,综合,,,中国传媒大学
,major_line_2023,新闻传播学类,广告学（中外合作办学）（中外合作办学）,,,556,2023,本科批,,6451,556,0,上海,综合,,,中国传媒大学
,major_line_2023,电子信息类,人工智能,,,557,2023,本科批,,6649,555,0,上海,综合,,,中国传媒大学
,major_line_2023,计算机类,网络空间安全,,,554,2023,本科批,,6846,554,0,上海,综合,,,中国传媒大学
,major_line_2023,计算机类,智能科学与技术（中外合作办学）（中外合作办学）,,,534,2023,本科批,,12194,530,0,上海,综合,,,中国传媒大学
,major_line_2023,新闻传播学类,新闻学（数据新闻方向）,,,565,2023,本科批,,5080,563,0,上海,综合,,,中国传媒大学
,major_line_2023,新闻传播学类,广告学,,,563,2023,本科批,,5270,562,0,上海,综合,,,中国传媒大学
,major_line_2023,新闻传播学类,国际新闻与传播,,,562,2023,本科批,,5453,561,0,上海,综合,,,中国传媒大学
,major_line_2023,新闻传播学类,数字出版,,,559,2023,本科批,,6028,558,0,上海,综合,,,中国传媒大学
,major_line_2023,公共管理类,公共关系学,,,558,2023,本科批,,6238,557,0,上海,综合,,,中国传媒大学
,major_line_2023,工商管理类,文化产业管理,,,558,2023,本科批,,6238,557,0,上海,综合,,,中国传媒大学
,major_line_2023,电子信息类,通信工程,,,550,2023,本科批,,7855,549,0,上海,综合,,,南京邮电大学
,major_line_2023,电子信息类,电子信息工程,,,547,2023,本科批,,8255,547,0,上海,综合,,,南京邮电大学
,major_line_2023,电子信息类,电子科学与技术,,,548,2023,本科批,,8464,546,0,上海,综合,,,南京邮电大学
,major_line_2023,计算机类,信息安全,,,547,2023,本科批,,8712,545,0,上海,综合,,,南京邮电大学
,major_line_2023,电子信息类,光电信息科学与工程,,,545,2023,本科批,,8712,545,0,上海,综合,,,南京邮电大学
,major_line_2023,计算机类,网络工程,,,545,2023,本科批,,8940,544,0,上海,综合,,,南京邮电大学
,major_line_2023,电子信息类,通信工程,,,550,2023,本科批,,7855,549,0,上海,综合,,,南京邮电大学
,major_line_2023,电子信息类,电子信息工程,,,547,2023,本科批,,8255,547,0,上海,综合,,,南京邮电大学
,major_line_2023,电子信息类,电子科学与技术,,,548,2023,本科批,,8464,546,0,上海,综合,,,南京邮电大学
,major_line_2023,计算机类,信息安全,,,547,2023,本科批,,8712,545,0,上海,综合,,,南京邮电大学
,major_line_2023,电子信息类,光电信息科学与工程,,,545,2023,本科批,,8712,545,0,上海,综合,,,南京邮电大学
,major_line_2023,计算机类,网络工程,,,545,2023,本科批,,8940,544,0,上海,综合,,,南京邮电大学
,major_line_2023,外国语言文学类,外国语言文学类（含英语、俄语、德语、法语、西班牙语、阿拉伯语、日语、朝鲜语、葡葡牙语、翻译专业。含世承书院锺书班）,,,529,2023,本科批,,13663,524,0,上海,综合,,,湖南师范大学
,major_line_2023,生物科学类,生物科学类（含生物科学、生物技术专业。含世承书院国家生命科学与技术人才培养基地班）,,,534,2023,本科批,,11501,533,0,上海,综合,,,湖南师范大学
,major_line_2023,计算机类,软件工程,,,536,2023,本科批,,11029,535,0,上海,综合,,,湖南师范大学
,major_line_2023,计算机类,软件工程,,,536,2023,本科批,,11029,535,0,上海,综合,,,湖南师范大学
,major_line_2023,生物科学类,生物科学类（含生物科学、生物技术专业。含世承书院国家生命科学与技术人才培养基地班）,,,534,2023,本科批,,11501,533,0,上海,综合,,,湖南师范大学
,major_line_2023,外国语言文学类,外国语言文学类（含英语、俄语、德语、法语、西班牙语、阿拉伯语、日语、朝鲜语、葡葡牙语、翻译专业。含世承书院锺书班）,,,529,2023,本科批,,13663,524,0,上海,综合,,,湖南师范大学
,major_line_2023,法医学类,法医学,,,522,2023,本科批,,14182,522,0,上海,综合,,,重庆医科大学
,major_line_2023,公共卫生与预防医学类,预防医学,,,523,2023,本科批,,15390,517,0,上海,综合,,,重庆医科大学
,major_line_2023,生物医学工程类,生物医学工程,,,517,2023,本科批,,15390,517,0,上海,综合,,,重庆医科大学
,major_line_2023,医学技术类,卫生检验与检疫,,,513,2023,本科批,,16423,513,0,上海,综合,,,重庆医科大学
,major_line_2023,医学技术类,口腔医学技术,,,512,2023,本科批,,16670,512,0,上海,综合,,,重庆医科大学
,major_line_2023,医学技术类,康复治疗学,,,515,2023,本科批,,17377,509,0,上海,综合,,,重庆医科大学
,major_line_2023,公共卫生与预防医学类,食品卫生与营养学,,,509,2023,本科批,,17377,509,0,上海,综合,,,重庆医科大学
,major_line_2023,口腔医学类,口腔医学,,,558,2023,本科批,,6238,557,0,上海,综合,,,重庆医科大学
,major_line_2023,电子信息类,医学信息工程,,,506,2023,本科批,,18898,503,0,上海,综合,,,重庆医科大学
,major_line_2023,药学类,药学,,,522,2023,本科批,,14182,522,0,上海,综合,,,重庆医科大学
,major_line_2023,药学类,临床药学,,,512,2023,本科批,,16670,512,0,上海,综合,,,重庆医科大学
,major_line_2023,临床医学类,临床医学（5+3一体化。第一年在西南大学培养）,,,544,2023,本科批,,8940,544,0,上海,综合,,,重庆医科大学
,major_line_2023,临床医学类,眼视光医学,,,540,2023,本科批,,9864,540,0,上海,综合,,,重庆医科大学
,major_line_2023,临床医学类,临床医学,,,550,2023,本科批,,10808,536,0,上海,综合,,,重庆医科大学
,major_line_2023,临床医学类,精神医学,,,535,2023,本科批,,11029,535,0,上海,综合,,,重庆医科大学
,major_line_2023,临床医学类,儿科学,,,535,2023,本科批,,11029,535,0,上海,综合,,,重庆医科大学
,major_line_2023,临床医学类,麻醉学,,,533,2023,本科批,,11501,533,0,上海,综合,,,重庆医科大学
,major_line_2023,医学技术类,医学检验技术,,,531,2023,本科批,,11977,531,0,上海,综合,,,重庆医科大学
,major_line_2023,临床医学类,医学影像学,,,527,2023,本科批,,13152,526,0,上海,综合,,,重庆医科大学
,major_line_2023,口腔医学类,口腔医学,,,558,2023,本科批,,6238,557,0,上海,综合,,,重庆医科大学
,major_line_2023,临床医学类,临床医学（5+3一体化。第一年在西南大学培养）,,,544,2023,本科批,,8940,544,0,上海,综合,,,重庆医科大学
,major_line_2023,临床医学类,眼视光医学,,,540,2023,本科批,,9864,540,0,上海,综合,,,重庆医科大学
,major_line_2023,临床医学类,临床医学,,,550,2023,本科批,,10808,536,0,上海,综合,,,重庆医科大学
,major_line_2023,临床医学类,精神医学,,,535,2023,本科批,,11029,535,0,上海,综合,,,重庆医科大学
,major_line_2023,临床医学类,儿科学,,,535,2023,本科批,,11029,535,0,上海,综合,,,重庆医科大学
,major_line_2023,临床医学类,麻醉学,,,533,2023,本科批,,11501,533,0,上海,综合,,,重庆医科大学
,major_line_2023,医学技术类,医学检验技术,,,531,2023,本科批,,11977,531,0,上海,综合,,,重庆医科大学
,major_line_2023,临床医学类,临床医学（中外合作办学）（外语单科成绩不低于120分）（中外合作办学）,,,530,2023,本科批,,12669,528,0,上海,综合,,,重庆医科大学
,major_line_2023,临床医学类,医学影像学,,,527,2023,本科批,,13152,526,0,上海,综合,,,重庆医科大学
,major_line_2023,法医学类,法医学,,,522,2023,本科批,,14182,522,0,上海,综合,,,重庆医科大学
,major_line_2023,药学类,药学,,,522,2023,本科批,,14182,522,0,上海,综合,,,重庆医科大学
,major_line_2023,公共卫生与预防医学类,预防医学,,,523,2023,本科批,,15390,517,0,上海,综合,,,重庆医科大学
,major_line_2023,生物医学工程类,生物医学工程,,,517,2023,本科批,,15390,517,0,上海,综合,,,重庆医科大学
,major_line_2023,医学技术类,卫生检验与检疫,,,513,2023,本科批,,16423,513,0,上海,综合,,,重庆医科大学
,major_line_2023,药学类,临床药学,,,512,2023,本科批,,16670,512,0,上海,综合,,,重庆医科大学
,major_line_2023,医学技术类,口腔医学技术,,,512,2023,本科批,,16670,512,0,上海,综合,,,重庆医科大学
,major_line_2023,医学技术类,康复治疗学,,,515,2023,本科批,,17377,509,0,上海,综合,,,重庆医科大学
,major_line_2023,公共卫生与预防医学类,食品卫生与营养学,,,509,2023,本科批,,17377,509,0,上海,综合,,,重庆医科大学
,major_line_2023,电子信息类,医学信息工程,,,506,2023,本科批,,18898,503,0,上海,综合,,,重庆医科大学
,major_line_2023,护理学类,护理学,,,488,2023,本科批,,23115,486,0,上海,综合,,,重庆医科大学
,major_line_2023,临床医学类,临床医学（中外合作办学）（外语单科成绩不低于120分）（中外合作办学）,,,530,2023,本科批,,12669,528,0,上海,综合,,,重庆医科大学
,major_line_2023,护理学类,护理学,,,488,2023,本科批,,23115,486,0,上海,综合,,,重庆医科大学
,major_line_2023,计算机类,计算机类（含计算机科学与技术）（师范、计算机科学与技术）（非师范、软件工程、智能科学与技术专业）,,,520,2023,本科批,,15161,518,0,上海,综合,,,浙江师范大学
,major_line_2023,电子信息类,电子信息类（含电子信息工程、通信工程、光电信息科学与工程专业）,,,516,2023,本科批,,15916,515,0,上海,综合,,,浙江师范大学
,major_line_2023,数学类,数学与应用数学（师范）,,,515,2023,本科批,,16172,514,0,上海,综合,,,浙江师范大学
,major_line_2023,机械类,智能制造工程,,,513,2023,本科批,,16921,511,0,上海,综合,,,浙江师范大学
,major_line_2023,自动化类,机器人工程,,,512,2023,本科批,,16921,511,0,上海,综合,,,浙江师范大学
,major_line_2023,生物科学类,生物科学类（含生物科学）（师范、生物技术）（制药、科学教育）（师范专业）,,,513,2023,本科批,,17139,510,0,上海,综合,,,浙江师范大学
,major_line_2023,机械类,工业设计,,,511,2023,本科批,,17139,510,0,上海,综合,,,浙江师范大学
,major_line_2023,环境科学与工程类,环境科学与工程,,,509,2023,本科批,,17631,508,0,上海,综合,,,浙江师范大学
,major_line_2023,外国语言文学类,日语（外语单科成绩不低于115分）,,,500,2023,本科批,,19672,500,0,上海,综合,,,浙江师范大学
,major_line_2023,工商管理类,工商管理类（含财务管理、电子商务、会计学、工商管理专业）,,,498,2023,本科批,,20653,496,0,上海,综合,,,浙江师范大学
,major_line_2023,交通运输类,交通运输,,,495,2023,本科批,,21165,494,0,上海,综合,,,浙江师范大学
,major_line_2023,药学类,药学,,,497,2023,本科批,,21695,492,0,上海,综合,,,浙江师范大学
,major_line_2023,教育学类,小学教育（中外合作办学）（师范。与美国堪萨斯大学合作办学。学费最终以物价部门审批结果为准）（中外合作办学）,,,499,2023,本科批,,22166,490,0,上海,综合,,,浙江师范大学
,major_line_2023,生物科学类,生物科学类（含生物科学）（师范、生物技术）（制药、科学教育）（师范专业）,,,513,2023,本科批,,17139,510,0,上海,综合,,,浙江师范大学
,major_line_2023,环境科学与工程类,环境科学与工程,,,509,2023,本科批,,17631,508,0,上海,综合,,,浙江师范大学
,major_line_2023,交通运输类,交通运输,,,495,2023,本科批,,21165,494,0,上海,综合,,,浙江师范大学
,major_line_2023,药学类,药学,,,497,2023,本科批,,21695,492,0,上海,综合,,,浙江师范大学
,major_line_2023,教育学类,小学教育（中外合作办学）（师范。与美国堪萨斯大学合作办学。学费最终以物价部门审批结果为准）（中外合作办学）,,,499,2023,本科批,,22166,490,0,上海,综合,,,浙江师范大学
,major_line_2023,计算机类,计算机类（含计算机科学与技术）（师范、计算机科学与技术）（非师范、软件工程、智能科学与技术专业）,,,520,2023,本科批,,15161,518,0,上海,综合,,,浙江师范大学
,major_line_2023,电子信息类,电子信息类（含电子信息工程、通信工程、光电信息科学与工程专业）,,,516,2023,本科批,,15916,515,0,上海,综合,,,浙江师范大学
,major_line_2023,数学类,数学与应用数学（师范）,,,515,2023,本科批,,16172,514,0,上海,综合,,,浙江师范大学
,major_line_2023,机械类,智能制造工程,,,513,2023,本科批,,16921,511,0,上海,综合,,,浙江师范大学
,major_line_2023,自动化类,机器人工程,,,512,2023,本科批,,16921,511,0,上海,综合,,,浙江师范大学
,major_line_2023,机械类,工业设计,,,511,2023,本科批,,17139,510,0,上海,综合,,,浙江师范大学
,major_line_2023,外国语言文学类,日语（外语单科成绩不低于115分）,,,500,2023,本科批,,19672,500,0,上海,综合,,,浙江师范大学
,major_line_2023,工商管理类,工商管理类（含财务管理、电子商务、会计学、工商管理专业）,,,498,2023,本科批,,20653,496,0,上海,综合,,,浙江师范大学
,major_line_2023,能源动力类,能源与动力工程,,,531,2023,本科批,,12669,528,0,上海,综合,,,南京工业大学
,major_line_2023,法学类,法学,,,505,2023,本科批,,19420,501,0,上海,综合,,,南京工业大学
,major_line_2023,工商管理类,会计学,,,500,2023,本科批,,20181,498,0,上海,综合,,,南京工业大学
,major_line_2023,中国语言文学类,汉语国际教育,,,498,2023,本科批,,20398,497,0,上海,综合,,,南京工业大学
,major_line_2023,金融学类,金融学,,,497,2023,本科批,,20653,496,0,上海,综合,,,南京工业大学
,major_line_2023,外国语言文学类,英语,,,497,2023,本科批,,20893,495,0,上海,综合,,,南京工业大学
,major_line_2023,经济与贸易类,国际经济与贸易,,,495,2023,本科批,,20893,495,0,上海,综合,,,南京工业大学
,major_line_2023,能源动力类,能源与动力工程,,,531,2023,本科批,,12669,528,0,上海,综合,,,南京工业大学
,major_line_2023,化工与制药类,化学工程与工艺,,,525,2023,本科批,,14182,522,0,上海,综合,,,南京工业大学
,major_line_2023,电子信息类,通信工程,,,524,2023,本科批,,14182,522,0,上海,综合,,,南京工业大学
,major_line_2023,电子信息类,光电信息科学与工程,,,521,2023,本科批,,14416,521,0,上海,综合,,,南京工业大学
,major_line_2023,自动化类,自动化,,,521,2023,本科批,,14672,520,0,上海,综合,,,南京工业大学
,major_line_2023,机械类,机械工程,,,521,2023,本科批,,14672,520,0,上海,综合,,,南京工业大学
,major_line_2023,建筑类,建筑学,,,523,2023,本科批,,14925,519,0,上海,综合,,,南京工业大学
,major_line_2023,材料类,材料科学与工程,,,520,2023,本科批,,14925,519,0,上海,综合,,,南京工业大学
,major_line_2023,土木类,城市地下空间工程,,,520,2023,本科批,,14925,519,0,上海,综合,,,南京工业大学
,major_line_2023,生物工程类,生物工程,,,520,2023,本科批,,14925,519,0,上海,综合,,,南京工业大学
,major_line_2023,土木类,智能建造,,,519,2023,本科批,,14925,519,0,上海,综合,,,南京工业大学
,major_line_2023,药学类,药学,,,519,2023,本科批,,15161,518,0,上海,综合,,,南京工业大学
,major_line_2023,食品科学与工程类,食品质量与安全,,,518,2023,本科批,,15161,518,0,上海,综合,,,南京工业大学
,major_line_2023,法学类,法学,,,505,2023,本科批,,19420,501,0,上海,综合,,,南京工业大学
,major_line_2023,工商管理类,会计学,,,500,2023,本科批,,20181,498,0,上海,综合,,,南京工业大学
,major_line_2023,中国语言文学类,汉语国际教育,,,498,2023,本科批,,20398,497,0,上海,综合,,,南京工业大学
,major_line_2023,金融学类,金融学,,,497,2023,本科批,,20653,496,0,上海,综合,,,南京工业大学
,major_line_2023,外国语言文学类,英语,,,497,2023,本科批,,20893,495,0,上海,综合,,,南京工业大学
,major_line_2023,经济与贸易类,国际经济与贸易,,,495,2023,本科批,,20893,495,0,上海,综合,,,南京工业大学
,major_line_2023,化工与制药类,化学工程与工艺,,,525,2023,本科批,,14182,522,0,上海,综合,,,南京工业大学
,major_line_2023,建筑类,建筑学,,,523,2023,本科批,,14925,519,0,上海,综合,,,南京工业大学
,major_line_2023,生物工程类,生物工程,,,520,2023,本科批,,14925,519,0,上海,综合,,,南京工业大学
,major_line_2023,药学类,药学,,,519,2023,本科批,,15161,518,0,上海,综合,,,南京工业大学
,major_line_2023,食品科学与工程类,食品质量与安全,,,518,2023,本科批,,15161,518,0,上海,综合,,,南京工业大学
,major_line_2023,电子信息类,通信工程,,,524,2023,本科批,,14182,522,0,上海,综合,,,南京工业大学
,major_line_2023,电子信息类,光电信息科学与工程,,,521,2023,本科批,,14416,521,0,上海,综合,,,南京工业大学
,major_line_2023,自动化类,自动化,,,521,2023,本科批,,14672,520,0,上海,综合,,,南京工业大学
,major_line_2023,机械类,机械工程,,,521,2023,本科批,,14672,520,0,上海,综合,,,南京工业大学
,major_line_2023,材料类,材料科学与工程,,,520,2023,本科批,,14925,519,0,上海,综合,,,南京工业大学
,major_line_2023,土木类,城市地下空间工程,,,520,2023,本科批,,14925,519,0,上海,综合,,,南京工业大学
,major_line_2023,土木类,智能建造,,,519,2023,本科批,,14925,519,0,上海,综合,,,南京工业大学
,major_line_2023,海洋科学类,海洋科学,,,511,2023,本科批,,17631,508,0,上海,综合,,,广西大学
,major_line_2023,生物科学类,生物技术,,,504,2023,本科批,,19420,501,0,上海,综合,,,广西大学
,major_line_2023,海洋科学类,海洋科学,,,511,2023,本科批,,17631,508,0,上海,综合,,,广西大学
,major_line_2023,生物科学类,生物技术,,,504,2023,本科批,,19420,501,0,上海,综合,,,广西大学
,major_line_2023,计算机类,计算机类（含计算机科学与技术、软件工程、物联网工程专业）,,,539,2023,本科批,,10340,538,0,上海,综合,,,长安大学
,major_line_2023,电气类,电气工程及其自动化,,,538,2023,本科批,,10340,538,0,上海,综合,,,长安大学
,major_line_2023,土木类,道路桥梁与渡河工程,,,538,2023,本科批,,10340,538,0,上海,综合,,,长安大学
,major_line_2023,机械类,智能车辆工程,,,538,2023,本科批,,10340,538,0,上海,综合,,,长安大学
,major_line_2023,经济学类,经济学类（含经济统计学、国际经济与贸易专业）（语种:不限在南校区）,,,525,2023,本科批,,13398,525,0,上海,综合,,,长安大学
,major_line_2023,新闻传播学类,新闻传播学类（含新闻学、汉语言文学专业）（语种:不限在北校区）,,,524,2023,本科批,,13663,524,0,上海,综合,,,长安大学
,major_line_2023,工商管理类,工商管理类（含工商管理、市场营销、会计学专业）（语种:不限在南校区）,,,523,2023,本科批,,13919,523,0,上海,综合,,,长安大学
,major_line_2023,能源动力类,能源与动力工程,,,538,2023,本科批,,10340,538,0,上海,综合,,,长安大学
,major_line_2023,计算机类,计算机类（含计算机科学与技术、软件工程、物联网工程专业）,,,539,2023,本科批,,10340,538,0,上海,综合,,,长安大学
,major_line_2023,电气类,电气工程及其自动化,,,538,2023,本科批,,10340,538,0,上海,综合,,,长安大学
,major_line_2023,能源动力类,能源与动力工程,,,538,2023,本科批,,10340,538,0,上海,综合,,,长安大学
,major_line_2023,土木类,道路桥梁与渡河工程,,,538,2023,本科批,,10340,538,0,上海,综合,,,长安大学
,major_line_2023,机械类,智能车辆工程,,,538,2023,本科批,,10340,538,0,上海,综合,,,长安大学
,major_line_2023,经济学类,经济学类（含经济统计学、国际经济与贸易专业）（语种:不限在南校区）,,,525,2023,本科批,,13398,525,0,上海,综合,,,长安大学
,major_line_2023,新闻传播学类,新闻传播学类（含新闻学、汉语言文学专业）（语种:不限在北校区）,,,524,2023,本科批,,13663,524,0,上海,综合,,,长安大学
,major_line_2023,工商管理类,工商管理类（含工商管理、市场营销、会计学专业）（语种:不限在南校区）,,,523,2023,本科批,,13919,523,0,上海,综合,,,长安大学
,major_line_2023,计算机类,计算机科学与技术,,,519,2023,本科批,,15390,517,0,上海,综合,,,南京林业大学
,major_line_2023,生物科学类,生物技术,,,517,2023,本科批,,15632,516,0,上海,综合,,,南京林业大学
,major_line_2023,林学类,园林,,,522,2023,本科批,,15916,515,0,上海,综合,,,南京林业大学
,major_line_2023,环境科学与工程类,环境工程,,,515,2023,本科批,,16172,514,0,上海,综合,,,南京林业大学
,major_line_2023,机械类,机械设计制造及其自动化,,,513,2023,本科批,,16921,511,0,上海,综合,,,南京林业大学
,major_line_2023,电子信息类,电子信息工程,,,516,2023,本科批,,17377,509,0,上海,综合,,,南京林业大学
,major_line_2023,土木类,土木类（含土木工程、给排水科学与工程专业）,,,512,2023,本科批,,17377,509,0,上海,综合,,,南京林业大学
,major_line_2023,法学类,法学,,,510,2023,本科批,,17631,508,0,上海,综合,,,南京林业大学
,major_line_2023,机械类,工业设计,,,507,2023,本科批,,17863,507,0,上海,综合,,,南京林业大学
,major_line_2023,测绘类,测绘工程,,,505,2023,本科批,,18398,505,0,上海,综合,,,南京林业大学
,major_line_2023,法学类,法学,,,510,2023,本科批,,17631,508,0,上海,综合,,,南京林业大学
,major_line_2023,生物科学类,生物技术,,,517,2023,本科批,,15632,516,0,上海,综合,,,南京林业大学
,major_line_2023,林学类,园林,,,522,2023,本科批,,15916,515,0,上海,综合,,,南京林业大学
,major_line_2023,环境科学与工程类,环境工程,,,515,2023,本科批,,16172,514,0,上海,综合,,,南京林业大学
,major_line_2023,计算机类,计算机科学与技术,,,519,2023,本科批,,15390,517,0,上海,综合,,,南京林业大学
,major_line_2023,机械类,机械设计制造及其自动化,,,513,2023,本科批,,16921,511,0,上海,综合,,,南京林业大学
,major_line_2023,电子信息类,电子信息工程,,,516,2023,本科批,,17377,509,0,上海,综合,,,南京林业大学
,major_line_2023,土木类,土木类（含土木工程、给排水科学与工程专业）,,,512,2023,本科批,,17377,509,0,上海,综合,,,南京林业大学
,major_line_2023,机械类,工业设计,,,507,2023,本科批,,17863,507,0,上海,综合,,,南京林业大学
,major_line_2023,测绘类,测绘工程,,,505,2023,本科批,,18398,505,0,上海,综合,,,南京林业大学
,major_line_2023,动物医学类,动物医学（丁颖创新班）,,,549,2023,本科批,,7855,549,0,上海,综合,,,华南农业大学
,major_line_2023,动物医学类,动物医学,,,529,2023,本科批,,13398,525,0,上海,综合,,,华南农业大学
,major_line_2023,植物生产类,植物保护,,,522,2023,本科批,,14672,520,0,上海,综合,,,华南农业大学
,major_line_2023,动物医学类,动物医学（丁颖创新班）,,,549,2023,本科批,,7855,549,0,上海,综合,,,华南农业大学
,major_line_2023,动物医学类,动物医学,,,529,2023,本科批,,13398,525,0,上海,综合,,,华南农业大学
,major_line_2023,植物生产类,植物保护,,,522,2023,本科批,,14672,520,0,上海,综合,,,华南农业大学
,major_line_2023,中药学类,中药学（创新班。“4+5”本博连读专业。国家级一流本科专业建设点，教育部“新农科”建设项目）,,,561,2023,本科批,,5453,561,0,上海,综合,,,上海中医药大学
,major_line_2023,中医学类,中医学（5+3一体化针灸推拿英语方向。外语单科成绩不低于105分。国家级一流本科专业建设点，本硕连读与中医住院医师规范化培训结合）,,,570,2023,本科批,,4750,565,0,上海,综合,,,上海中医药大学
,major_line_2023,中医学类,中医学（5+3一体化汇聚创新班。国家级一流本科专业建设点，本硕连读与中医住院医师规范化培训结合）,,,565,2023,本科批,,5270,562,0,上海,综合,,,上海中医药大学
,major_line_2023,中医学类,中医学（5+3一体化。国家级一流本科专业建设点，本硕连读与中医住院医师规范化培训结合）,,,565,2023,本科批,,5453,561,0,上海,综合,,,上海中医药大学
,major_line_2023,中医学类,中医学（5+3一体化针灸推拿英语方向。外语单科成绩不低于105分。国家级一流本科专业建设点，本硕连读与中医住院医师规范化培训结合）,,,570,2023,本科批,,4750,565,0,上海,综合,,,上海中医药大学
,major_line_2023,中医学类,中医学（5+3一体化汇聚创新班。国家级一流本科专业建设点，本硕连读与中医住院医师规范化培训结合）,,,565,2023,本科批,,5270,562,0,上海,综合,,,上海中医药大学
,major_line_2023,中医学类,中医学（5+3一体化。国家级一流本科专业建设点，本硕连读与中医住院医师规范化培训结合）,,,565,2023,本科批,,5453,561,0,上海,综合,,,上海中医药大学
,major_line_2023,中药学类,中药学（创新班。“4+5”本博连读专业。国家级一流本科专业建设点，教育部“新农科”建设项目）,,,561,2023,本科批,,5453,561,0,上海,综合,,,上海中医药大学
,major_line_2023,中医学类,中医学（五年制。国家级一流本科专业建设点）,,,558,2023,本科批,,6649,555,0,上海,综合,,,上海中医药大学
,major_line_2023,中医学类,针灸推拿学（国家级一流本科专业建设点）,,,552,2023,本科批,,7651,550,0,上海,综合,,,上海中医药大学
,major_line_2023,公共卫生与预防医学类,预防医学,,,543,2023,本科批,,10340,538,0,上海,综合,,,上海中医药大学
,major_line_2023,中药学类,中药学（国家级一流本科专业建设点教育部。新农科”建设项目）,,,543,2023,本科批,,10340,538,0,上海,综合,,,上海中医药大学
,major_line_2023,公共卫生与预防医学类,食品卫生与营养学（上海高校应用型本科建设项目）,,,537,2023,本科批,,11029,535,0,上海,综合,,,上海中医药大学
,major_line_2023,生物医学工程类,生物医学工程（中医信息与工程方向。教育部“新工科”建设项目）,,,537,2023,本科批,,11029,535,0,上海,综合,,,上海中医药大学
,major_line_2023,医学技术类,智能医学工程,,,533,2023,本科批,,11739,532,0,上海,综合,,,上海中医药大学
,major_line_2023,药学类,药学（中外合作办学）（外语单科成绩不低于90分。国家级一流本科专业建设点）（中外合作办学）,,,534,2023,本科批,,11977,531,0,上海,综合,,,上海中医药大学
,major_line_2023,医学技术类,听力与言语康复学,,,532,2023,本科批,,12194,530,0,上海,综合,,,上海中医药大学
,major_line_2023,公共管理类,公共事业管理（卫生管理方向。上海高校应用型本科建设项目）,,,524,2023,本科批,,15390,517,0,上海,综合,,,上海中医药大学
,major_line_2023,护理学类,护理学（无色盲、色弱。上海高校应用型本科建设项目）,,,517,2023,本科批,,16423,513,0,上海,综合,,,上海中医药大学
,major_line_2023,公共卫生与预防医学类,食品卫生与营养学（上海高校应用型本科建设项目）,,,537,2023,本科批,,11029,535,0,上海,综合,,,上海中医药大学
,major_line_2023,生物医学工程类,生物医学工程（中医信息与工程方向。教育部“新工科”建设项目）,,,537,2023,本科批,,11029,535,0,上海,综合,,,上海中医药大学
,major_line_2023,医学技术类,智能医学工程,,,533,2023,本科批,,11739,532,0,上海,综合,,,上海中医药大学
,major_line_2023,药学类,药学（中外合作办学）（外语单科成绩不低于90分。国家级一流本科专业建设点）（中外合作办学）,,,534,2023,本科批,,11977,531,0,上海,综合,,,上海中医药大学
,major_line_2023,医学技术类,听力与言语康复学,,,532,2023,本科批,,12194,530,0,上海,综合,,,上海中医药大学
,major_line_2023,中医学类,中医学（五年制。国家级一流本科专业建设点）,,,558,2023,本科批,,6649,555,0,上海,综合,,,上海中医药大学
,major_line_2023,中医学类,针灸推拿学（国家级一流本科专业建设点）,,,552,2023,本科批,,7651,550,0,上海,综合,,,上海中医药大学
,major_line_2023,公共卫生与预防医学类,预防医学,,,543,2023,本科批,,10340,538,0,上海,综合,,,上海中医药大学
,major_line_2023,中药学类,中药学（国家级一流本科专业建设点教育部。新农科”建设项目）,,,543,2023,本科批,,10340,538,0,上海,综合,,,上海中医药大学
,major_line_2023,公共管理类,公共事业管理（卫生管理方向。上海高校应用型本科建设项目）,,,524,2023,本科批,,15390,517,0,上海,综合,,,上海中医药大学
,major_line_2023,护理学类,护理学（无色盲、色弱。上海高校应用型本科建设项目）,,,517,2023,本科批,,16423,513,0,上海,综合,,,上海中医药大学
,major_line_2023,计算机类,数据科学与大数据技术（语种:不限在蜀山校区）,,,543,2023,本科批,,9418,542,0,上海,综合,,,安徽大学
,major_line_2023,电气类,电气工程及其自动化（语种:不限在磬苑校区）,,,542,2023,本科批,,9655,541,0,上海,综合,,,安徽大学
,major_line_2023,电子信息类,电子信息工程（语种:不限在磬苑校区）,,,542,2023,本科批,,9655,541,0,上海,综合,,,安徽大学
,major_line_2023,计算机类,数字媒体技术（中外合作办学）（中外合作办学）,,,536,2023,本科批,,10808,536,0,上海,综合,,,安徽大学
,major_line_2023,统计学类,应用统计学（中外合作办学）（中外合作办学）,,,528,2023,本科批,,13398,525,0,上海,综合,,,安徽大学
,major_line_2023,物理学类,应用物理学（中外合作办学）（中外合作办学）,,,524,2023,本科批,,13663,524,0,上海,综合,,,安徽大学
,major_line_2023,法学类,法学类（含法学、知识产权专业）,,,536,2023,本科批,,11977,531,0,上海,综合,,,安徽大学
,major_line_2023,工商管理类,工商管理类（含会计学、工商管理、市场营销、人力资源管理专业）,,,530,2023,本科批,,12194,530,0,上海,综合,,,安徽大学
,major_line_2023,金融学类,金融学,,,533,2023,本科批,,12442,529,0,上海,综合,,,安徽大学
,major_line_2023,计算机类,数据科学与大数据技术（语种:不限在蜀山校区）,,,543,2023,本科批,,9418,542,0,上海,综合,,,安徽大学
,major_line_2023,电气类,电气工程及其自动化（语种:不限在磬苑校区）,,,542,2023,本科批,,9655,541,0,上海,综合,,,安徽大学
,major_line_2023,电子信息类,电子信息工程（语种:不限在磬苑校区）,,,542,2023,本科批,,9655,541,0,上海,综合,,,安徽大学
,major_line_2023,计算机类,数字媒体技术（中外合作办学）（中外合作办学）,,,536,2023,本科批,,10808,536,0,上海,综合,,,安徽大学
,major_line_2023,法学类,法学类（含法学、知识产权专业）,,,536,2023,本科批,,11977,531,0,上海,综合,,,安徽大学
,major_line_2023,工商管理类,工商管理类（含会计学、工商管理、市场营销、人力资源管理专业）,,,530,2023,本科批,,12194,530,0,上海,综合,,,安徽大学
,major_line_2023,金融学类,金融学,,,533,2023,本科批,,12442,529,0,上海,综合,,,安徽大学
,major_line_2023,统计学类,应用统计学（中外合作办学）（中外合作办学）,,,528,2023,本科批,,13398,525,0,上海,综合,,,安徽大学
,major_line_2023,物理学类,应用物理学（中外合作办学）（中外合作办学）,,,524,2023,本科批,,13663,524,0,上海,综合,,,安徽大学
,major_line_2023,机械类,机械设计制造及其自动化（中外合作办学）（入校后不得申请转专业）（中外合作办学）,,,519,2023,本科批,,14925,519,0,上海,综合,,,贵州大学
,major_line_2023,旅游管理类,旅游管理（中外合作办学）（五官端正、无醒目疤痕，口齿清楚，无残疾。入校后不得申请转专业）（中外合作办学）,,,484,2023,本科批,,26112,474,0,上海,综合,,,贵州大学
,major_line_2023,环境科学与工程类,环境科学（中外合作办学）（入校后不得申请转专业）（中外合作办学）,,,460,2023,本科批,,30385,456,0,上海,综合,,,贵州大学
,major_line_2023,化工与制药类,化学工程与工艺（中外合作办学）（入校后不得申请转专业）（中外合作办学）,,,494,2023,本科批,,21932,491,0,上海,综合,,,贵州大学
,major_line_2023,外国语言文学类,英语,,,504,2023,本科批,,19158,502,0,上海,综合,,,贵州大学
,major_line_2023,机械类,机械设计制造及其自动化（中外合作办学）（入校后不得申请转专业）（中外合作办学）,,,519,2023,本科批,,14925,519,0,上海,综合,,,贵州大学
,major_line_2023,外国语言文学类,英语,,,504,2023,本科批,,19158,502,0,上海,综合,,,贵州大学
,major_line_2023,化工与制药类,化学工程与工艺（中外合作办学）（入校后不得申请转专业）（中外合作办学）,,,494,2023,本科批,,21932,491,0,上海,综合,,,贵州大学
,major_line_2023,旅游管理类,旅游管理（中外合作办学）（五官端正、无醒目疤痕，口齿清楚，无残疾。入校后不得申请转专业）（中外合作办学）,,,484,2023,本科批,,26112,474,0,上海,综合,,,贵州大学
,major_line_2023,环境科学与工程类,环境科学（中外合作办学）（入校后不得申请转专业）（中外合作办学）,,,460,2023,本科批,,30385,456,0,上海,综合,,,贵州大学
,major_line_2023,临床医学类,临床医学（中外合作办学）（外语单科成绩不低于120分。该专业教学采用英语，非英语语种考生慎报）（中外合作办学）,,,544,2023,本科批,,9655,541,0,上海,综合,,,温州医科大学
,major_line_2023,口腔医学类,口腔医学,,,558,2023,本科批,,6028,558,0,上海,综合,,,温州医科大学
,major_line_2023,临床医学类,临床医学（5+3一体化）,,,563,2023,本科批,,5270,562,0,上海,综合,,,温州医科大学
,major_line_2023,临床医学类,临床医学,,,561,2023,本科批,,5843,559,0,上海,综合,,,温州医科大学
,major_line_2023,临床医学类,眼视光医学（5+3一体化）,,,557,2023,本科批,,6451,556,0,上海,综合,,,温州医科大学
,major_line_2023,临床医学类,临床医学（5+3一体化。儿科学方向）,,,556,2023,本科批,,6451,556,0,上海,综合,,,温州医科大学
,major_line_2023,临床医学类,临床医学（新医科班）,,,556,2023,本科批,,7242,552,0,上海,综合,,,温州医科大学
,major_line_2023,临床医学类,眼视光医学,,,552,2023,本科批,,7444,551,0,上海,综合,,,温州医科大学
,major_line_2023,临床医学类,精神医学,,,550,2023,本科批,,7855,549,0,上海,综合,,,温州医科大学
,major_line_2023,基础医学类,基础医学（周健创新班）,,,550,2023,本科批,,8712,545,0,上海,综合,,,温州医科大学
,major_line_2023,临床医学类,临床医学（检验医师培养试验班）,,,547,2023,本科批,,8940,544,0,上海,综合,,,温州医科大学
,major_line_2023,临床医学类,儿科学,,,548,2023,本科批,,9179,543,0,上海,综合,,,温州医科大学
,major_line_2023,临床医学类,临床医学（5+3一体化）,,,563,2023,本科批,,5270,562,0,上海,综合,,,温州医科大学
,major_line_2023,临床医学类,临床医学,,,561,2023,本科批,,5843,559,0,上海,综合,,,温州医科大学
,major_line_2023,口腔医学类,口腔医学,,,558,2023,本科批,,6028,558,0,上海,综合,,,温州医科大学
,major_line_2023,临床医学类,眼视光医学（5+3一体化）,,,557,2023,本科批,,6451,556,0,上海,综合,,,温州医科大学
,major_line_2023,临床医学类,临床医学（5+3一体化。儿科学方向）,,,556,2023,本科批,,6451,556,0,上海,综合,,,温州医科大学
,major_line_2023,临床医学类,临床医学（新医科班）,,,556,2023,本科批,,7242,552,0,上海,综合,,,温州医科大学
,major_line_2023,临床医学类,眼视光医学,,,552,2023,本科批,,7444,551,0,上海,综合,,,温州医科大学
,major_line_2023,临床医学类,精神医学,,,550,2023,本科批,,7855,549,0,上海,综合,,,温州医科大学
,major_line_2023,基础医学类,基础医学（周健创新班）,,,550,2023,本科批,,8712,545,0,上海,综合,,,温州医科大学
,major_line_2023,临床医学类,临床医学（检验医师培养试验班）,,,547,2023,本科批,,8940,544,0,上海,综合,,,温州医科大学
,major_line_2023,临床医学类,儿科学,,,548,2023,本科批,,9179,543,0,上海,综合,,,温州医科大学
,major_line_2023,临床医学类,临床医学（中外合作办学）（外语单科成绩不低于120分。该专业教学采用英语，非英语语种考生慎报）（中外合作办学）,,,544,2023,本科批,,9655,541,0,上海,综合,,,温州医科大学
,major_line_2023,外国语言文学类,西班牙语（外语语种为英语、西班牙语。副修英语）,,,566,2023,本科批,,4600,566,0,上海,综合,,,上海外国语大学
,major_line_2023,外国语言文学类,英语（国际政治双学位，获文学、法学学士学位含人文社科研究型人才培养实验班。含英国布里斯托大学、英国莱斯特大学“2+2”双学士学位项目。学费按该校双学士学位培养方案预收）（语种:英语）,,,566,2023,本科批,,4600,566,0,上海,综合,,,上海外国语大学
,major_line_2023,计算机类,数据科学与大数据技术（英语及自然语言处理与金融大数据方向，获理学学士学位。含美国西雅图大学、澳大利亚麦考瑞大学“3+2”本硕连读项目）,,,565,2023,本科批,,4910,564,0,上海,综合,,,上海外国语大学
,major_line_2023,政治学类,外交学（法语双学位，获法学、文学学士学位。学费按该校双学士学位培养方案预收）,,,564,2023,本科批,,4910,564,0,上海,综合,,,上海外国语大学
,major_line_2023,金融学类,精算学（英语方向。获理学学士学位。含美国西雅图大学、澳大利亚麦考瑞大学“3+2”本硕连读项目）,,,565,2023,本科批,,5080,563,0,上海,综合,,,上海外国语大学
,major_line_2023,管理科学与工程类,管理科学与工程类（卓越管理人才计划。含信息管理与信息系统）（英语、数据科学与商务分析、大数据管理与应用专业）（英语、数字金融与量化投资专业。含新西兰怀卡托大学怀卡托管理学院“3.5+1”本硕连读项目）,,,562,2023,本科批,,5270,562,0,上海,综合,,,上海外国语大学
,major_line_2023,外国语言文学类,英语（含人文社科研究型人才培养实验班。含英国布里斯托大学、英国莱斯特大学“2+2”双学士学位项目）（语种:英语）,,,566,2023,本科批,,5453,561,0,上海,综合,,,上海外国语大学
,major_line_2023,金融学类,金融学（英语方向。含美国西雅图大学、澳大利亚麦考瑞大学“3+2”本硕连读项目）（语种:英语）,,,563,2023,本科批,,5453,561,0,上海,综合,,,上海外国语大学
,major_line_2023,外国语言文学类,翻译（卓越外语人才计划。含翻译、翻译）（工商管理双学位。翻译）（工商管理双学位获文学、管理学学士学位。含人文社科研究型人才培养实验班。含英国布里斯托大学、英国莱斯特大学“2+2”双学士学位项目）（语种:英语）,,,563,2023,本科批,,5664,560,0,上海,综合,,,上海外国语大学
,major_line_2023,外国语言文学类,英语（教育方向。含英国利兹大学“2+2”双学士学位项目（语种:英语））,,,563,2023,本科批,,5664,560,0,上海,综合,,,上海外国语大学
,major_line_2023,工商管理类,会计学（英语方向。含ACCA项目）（非学历，含美国西雅图大学、澳大利亚麦考瑞大学“3+2”本硕连读项目）,,,564,2023,本科批,,5843,559,0,上海,综合,,,上海外国语大学
,major_line_2023,法学类,法学（律人才实验班）,,,564,2023,本科批,,5843,559,0,上海,综合,,,上海外国语大学
,major_line_2023,经济与贸易类,国际经济与贸易（英语方向。含美国西雅图大学、澳大利亚麦考瑞大学“3+2”本硕连读项目）,,,562,2023,本科批,,5843,559,0,上海,综合,,,上海外国语大学
,major_line_2023,政治学类,国际政治（英语方向）,,,561,2023,本科批,,5843,559,0,上海,综合,,,上海外国语大学
,major_line_2023,外国语言文学类,意大利语（副修英语）（语种:英语）,,,561,2023,本科批,,6028,558,0,上海,综合,,,上海外国语大学
,major_line_2023,新闻传播学类,新闻传播学类（卓越国际新闻传播人才计划。含新闻学）（国际新闻、国际新闻与传播）（英语、广告学）（英语、广播电视学）（英语、网络与新媒体）（英语专业。含美国佐治亚大学“3+1+1”本硕连读项目）,,,561,2023,本科批,,6028,558,0,上海,综合,,,上海外国语大学
,major_line_2023,工商管理类,工商管理类（卓越管理人才计划。含工商管理）（英语、企业数智化管理、财务管理）（英语、智能会计与智慧财务、市场营销）（英语、大数据与智能营销、公共关系学）（英语、新技术与融媒体管理专业。含新西兰怀卡托大学怀卡托管理学院“35+1”本硕连读项目）,,,559,2023,本科批,,6028,558,0,上海,综合,,,上海外国语大学
,major_line_2023,外国语言文学类,德语（外语语种为英语、德语。卓越外语人才计划。含德语（副修英语、德语）（经济学、德语）（工商管理双学位。德语）（经济学与德国拜罗伊特大学合作办学，中外双本科项目。德语）（工商管理双学位获文学、管理学学士学位））（中外合作办学）,,,562,2023,本科批,,6238,557,0,上海,综合,,,上海外国语大学
,major_line_2023,外国语言文学类,语言学（语种:英语）,,,561,2023,本科批,,6238,557,0,上海,综合,,,上海外国语大学
,major_line_2023,外国语言文学类,商务英语（含英国利兹大学“2+2”双学士学位项目）（语种:英语）,,,559,2023,本科批,,6238,557,0,上海,综合,,,上海外国语大学
,major_line_2023,外国语言文学类,法语（外语语种为英语、法语。副修英语。含法语企业管理方向班，与法国格勒诺布尔大学企业管理学院“3+2”本硕连读项目）,,,559,2023,本科批,,6238,557,0,上海,综合,,,上海外国语大学
,major_line_2023,中国语言文学类,汉语国际教育（含英国利兹大学“2+2”双学士学位项目）,,,558,2023,本科批,,6238,557,0,上海,综合,,,上海外国语大学
,major_line_2023,外国语言文学类,葡萄牙语（副修英语。含葡葡牙里斯本新大学“2+2”双学士学位项目）（语种:英语）,,,558,2023,本科批,,6238,557,0,上海,综合,,,上海外国语大学
,major_line_2023,经济与贸易类,国际经济与贸易（日语方向。含日本创价大学“2+2”双学士学位项目）（语种:日语）,,,558,2023,本科批,,6238,557,0,上海,综合,,,上海外国语大学
,major_line_2023,政治学类,外交学（英语方向）,,,558,2023,本科批,,6238,557,0,上海,综合,,,上海外国语大学
,major_line_2023,外国语言文学类,西班牙语（中外合作办学外语语种为英语、西班牙语。企业管理方向。副修英语。与西班牙阿尔卡拉大学合作办学）（中外合作办学）,,,557,2023,本科批,,6238,557,0,上海,综合,,,上海外国语大学
,major_line_2023,计算机类,数据科学与大数据技术（英语及自然语言处理与金融大数据方向，获理学学士学位。含美国西雅图大学、澳大利亚麦考瑞大学“3+2”本硕连读项目）,,,565,2023,本科批,,4910,564,0,上海,综合,,,上海外国语大学
,major_line_2023,金融学类,精算学（英语方向。获理学学士学位。含美国西雅图大学、澳大利亚麦考瑞大学“3+2”本硕连读项目）,,,565,2023,本科批,,5080,563,0,上海,综合,,,上海外国语大学
,major_line_2023,管理科学与工程类,管理科学与工程类（卓越管理人才计划。含信息管理与信息系统）（英语、数据科学与商务分析、大数据管理与应用专业）（英语、数字金融与量化投资专业。含新西兰怀卡托大学怀卡托管理学院“3.5+1”本硕连读项目）,,,562,2023,本科批,,5270,562,0,上海,综合,,,上海外国语大学
,major_line_2023,外国语言文学类,西班牙语（外语语种为英语、西班牙语。副修英语）,,,566,2023,本科批,,4600,566,0,上海,综合,,,上海外国语大学
,major_line_2023,外国语言文学类,英语（国际政治双学位，获文学、法学学士学位含人文社科研究型人才培养实验班。含英国布里斯托大学、英国莱斯特大学“2+2”双学士学位项目。学费按该校双学士学位培养方案预收）（语种:英语）,,,566,2023,本科批,,4600,566,0,上海,综合,,,上海外国语大学
,major_line_2023,政治学类,外交学（法语双学位，获法学、文学学士学位。学费按该校双学士学位培养方案预收）,,,564,2023,本科批,,4910,564,0,上海,综合,,,上海外国语大学
,major_line_2023,外国语言文学类,英语（含人文社科研究型人才培养实验班。含英国布里斯托大学、英国莱斯特大学“2+2”双学士学位项目）（语种:英语）,,,566,2023,本科批,,5453,561,0,上海,综合,,,上海外国语大学
,major_line_2023,金融学类,金融学（英语方向。含美国西雅图大学、澳大利亚麦考瑞大学“3+2”本硕连读项目）（语种:英语）,,,563,2023,本科批,,5453,561,0,上海,综合,,,上海外国语大学
,major_line_2023,外国语言文学类,翻译（卓越外语人才计划。含翻译、翻译）（工商管理双学位。翻译）（工商管理双学位获文学、管理学学士学位。含人文社科研究型人才培养实验班。含英国布里斯托大学、英国莱斯特大学“2+2”双学士学位项目）（语种:英语）,,,563,2023,本科批,,5664,560,0,上海,综合,,,上海外国语大学
,major_line_2023,外国语言文学类,英语（教育方向。含英国利兹大学“2+2”双学士学位项目（语种:英语））,,,563,2023,本科批,,5664,560,0,上海,综合,,,上海外国语大学
,major_line_2023,工商管理类,会计学（英语方向。含ACCA项目）（非学历，含美国西雅图大学、澳大利亚麦考瑞大学“3+2”本硕连读项目）,,,564,2023,本科批,,5843,559,0,上海,综合,,,上海外国语大学
,major_line_2023,法学类,法学（律人才实验班）,,,564,2023,本科批,,5843,559,0,上海,综合,,,上海外国语大学
,major_line_2023,经济与贸易类,国际经济与贸易（英语方向。含美国西雅图大学、澳大利亚麦考瑞大学“3+2”本硕连读项目）,,,562,2023,本科批,,5843,559,0,上海,综合,,,上海外国语大学
,major_line_2023,政治学类,国际政治（英语方向）,,,561,2023,本科批,,5843,559,0,上海,综合,,,上海外国语大学
,major_line_2023,外国语言文学类,意大利语（副修英语）（语种:英语）,,,561,2023,本科批,,6028,558,0,上海,综合,,,上海外国语大学
,major_line_2023,新闻传播学类,新闻传播学类（卓越国际新闻传播人才计划。含新闻学）（国际新闻、国际新闻与传播）（英语、广告学）（英语、广播电视学）（英语、网络与新媒体）（英语专业。含美国佐治亚大学“3+1+1”本硕连读项目）,,,561,2023,本科批,,6028,558,0,上海,综合,,,上海外国语大学
,major_line_2023,工商管理类,工商管理类（卓越管理人才计划。含工商管理）（英语、企业数智化管理、财务管理）（英语、智能会计与智慧财务、市场营销）（英语、大数据与智能营销、公共关系学）（英语、新技术与融媒体管理专业。含新西兰怀卡托大学怀卡托管理学院“35+1”本硕连读项目）,,,559,2023,本科批,,6028,558,0,上海,综合,,,上海外国语大学
,major_line_2023,外国语言文学类,德语（外语语种为英语、德语。卓越外语人才计划。含德语（副修英语、德语）（经济学、德语）（工商管理双学位。德语）（经济学与德国拜罗伊特大学合作办学，中外双本科项目。德语）（工商管理双学位获文学、管理学学士学位））（中外合作办学）,,,562,2023,本科批,,6238,557,0,上海,综合,,,上海外国语大学
,major_line_2023,外国语言文学类,语言学（语种:英语）,,,561,2023,本科批,,6238,557,0,上海,综合,,,上海外国语大学
,major_line_2023,外国语言文学类,商务英语（含英国利兹大学“2+2”双学士学位项目）（语种:英语）,,,559,2023,本科批,,6238,557,0,上海,综合,,,上海外国语大学
,major_line_2023,外国语言文学类,法语（外语语种为英语、法语。副修英语。含法语企业管理方向班，与法国格勒诺布尔大学企业管理学院“3+2”本硕连读项目）,,,559,2023,本科批,,6238,557,0,上海,综合,,,上海外国语大学
,major_line_2023,中国语言文学类,汉语国际教育（含英国利兹大学“2+2”双学士学位项目）,,,558,2023,本科批,,6238,557,0,上海,综合,,,上海外国语大学
,major_line_2023,外国语言文学类,葡萄牙语（副修英语。含葡葡牙里斯本新大学“2+2”双学士学位项目）（语种:英语）,,,558,2023,本科批,,6238,557,0,上海,综合,,,上海外国语大学
,major_line_2023,经济与贸易类,国际经济与贸易（日语方向。含日本创价大学“2+2”双学士学位项目）（语种:日语）,,,558,2023,本科批,,6238,557,0,上海,综合,,,上海外国语大学
,major_line_2023,政治学类,外交学（英语方向）,,,558,2023,本科批,,6238,557,0,上海,综合,,,上海外国语大学
,major_line_2023,外国语言文学类,西班牙语（中外合作办学外语语种为英语、西班牙语。企业管理方向。副修英语。与西班牙阿尔卡拉大学合作办学）（中外合作办学）,,,557,2023,本科批,,6238,557,0,上海,综合,,,上海外国语大学
,major_line_2023,计算机类,计算机类（含计算机科学与技术、软件工程专业）（语种:不限）,,,0,2023,本科批,,9655,541,0,上海,综合,,,杭州电子科技大学
,major_line_2023,电子信息类,电子信息类（通信学院。含通信工程、信息对抗技术专业）（语种:不限）,,,0,2023,本科批,,9864,540,0,上海,综合,,,杭州电子科技大学
,major_line_2023,材料类,材料科学与工程（语种:不限）,,,0,2023,本科批,,10340,538,0,上海,综合,,,杭州电子科技大学
,major_line_2023,机械类,工业设计（语种:不限）,,,0,2023,本科批,,10565,537,0,上海,综合,,,杭州电子科技大学
,major_line_2023,经济学类,经济学类（含国际经济与贸易、经济学专业）（语种:不限）,,,0,2023,本科批,,13663,524,0,上海,综合,,,杭州电子科技大学
,major_line_2023,金融学类,金融学（可参加学校“金融学CFA方向班”项目）（语种:不限）,,,0,2023,本科批,,15916,515,0,上海,综合,,,杭州电子科技大学
,major_line_2023,社会学类,社会学（语种:不限）,,,0,2023,本科批,,19158,502,0,上海,综合,,,杭州电子科技大学
,major_line_2023,外国语言文学类,英语（语种:不限）,,,0,2023,本科批,,19420,501,0,上海,综合,,,杭州电子科技大学
,major_line_2023,外国语言文学类,德语（语种:不限）,,,0,2023,本科批,,19672,500,0,上海,综合,,,杭州电子科技大学
,major_line_2023,中国语言文学类,汉语国际教育（语种:不限）,,,0,2023,本科批,,21695,492,0,上海,综合,,,杭州电子科技大学
,major_line_2023,计算机类,计算机类（含计算机科学与技术、软件工程专业）（语种:不限）,,,0,2023,本科批,,9655,541,0,上海,综合,,,杭州电子科技大学
,major_line_2023,电子信息类,电子信息类（通信学院。含通信工程、信息对抗技术专业）（语种:不限）,,,0,2023,本科批,,9864,540,0,上海,综合,,,杭州电子科技大学
,major_line_2023,材料类,材料科学与工程（语种:不限）,,,0,2023,本科批,,10340,538,0,上海,综合,,,杭州电子科技大学
,major_line_2023,机械类,工业设计（语种:不限）,,,0,2023,本科批,,10565,537,0,上海,综合,,,杭州电子科技大学
,major_line_2023,经济学类,经济学类（含国际经济与贸易、经济学专业）（语种:不限）,,,0,2023,本科批,,13663,524,0,上海,综合,,,杭州电子科技大学
,major_line_2023,金融学类,金融学（可参加学校“金融学CFA方向班”项目）（语种:不限）,,,0,2023,本科批,,15916,515,0,上海,综合,,,杭州电子科技大学
,major_line_2023,社会学类,社会学（语种:不限）,,,0,2023,本科批,,19158,502,0,上海,综合,,,杭州电子科技大学
,major_line_2023,外国语言文学类,英语（语种:不限）,,,0,2023,本科批,,19420,501,0,上海,综合,,,杭州电子科技大学
,major_line_2023,外国语言文学类,德语（语种:不限）,,,0,2023,本科批,,19672,500,0,上海,综合,,,杭州电子科技大学
,major_line_2023,中国语言文学类,汉语国际教育（语种:不限）,,,0,2023,本科批,,21695,492,0,上海,综合,,,杭州电子科技大学
,major_line_2023,口腔医学类,口腔医学,,,553,2023,本科批,,7041,553,0,上海,综合,,,广州医科大学
,major_line_2023,临床医学类,临床医学,,,558,2023,本科批,,7242,552,0,上海,综合,,,广州医科大学
,major_line_2023,基础医学类,基础医学,,,552,2023,本科批,,7242,552,0,上海,综合,,,广州医科大学
,major_line_2023,临床医学类,儿科学,,,547,2023,本科批,,8464,546,0,上海,综合,,,广州医科大学
,major_line_2023,口腔医学类,口腔医学,,,553,2023,本科批,,7041,553,0,上海,综合,,,广州医科大学
,major_line_2023,临床医学类,临床医学,,,558,2023,本科批,,7242,552,0,上海,综合,,,广州医科大学
,major_line_2023,基础医学类,基础医学,,,552,2023,本科批,,7242,552,0,上海,综合,,,广州医科大学
,major_line_2023,临床医学类,儿科学,,,547,2023,本科批,,8464,546,0,上海,综合,,,广州医科大学
,major_line_2023,计算机类,软件工程,,,492,2023,本科批,,23115,486,0,上海,综合,,,河南大学
,major_line_2023,工商管理类,会计学（中外合作办学）（与澳大利亚维多利亚大学合作）（中外合作办学）,,,492,2023,本科批,,22397,489,0,上海,综合,,,河南大学
,major_line_2023,中国语言文学类,中国语言文学类（师范类。含汉语言文学、汉语国际教育专业）,,,516,2023,本科批,,16423,513,0,上海,综合,,,河南大学
,major_line_2023,地理科学类,地理科学类（含人文地理与城乡规划、地理信息科学、地理科学）（师范专业）,,,502,2023,本科批,,19921,499,0,上海,综合,,,河南大学
,major_line_2023,法学类,法学,,,502,2023,本科批,,20653,496,0,上海,综合,,,河南大学
,major_line_2023,工商管理类,会计学,,,495,2023,本科批,,21430,493,0,上海,综合,,,河南大学
,major_line_2023,经济学类,经济学类（含经济学、金融学、财政学、国际经济与贸易专业）,,,493,2023,本科批,,21932,491,0,上海,综合,,,河南大学
,major_line_2023,心理学类,应用心理学（师范类）,,,492,2023,本科批,,22166,490,0,上海,综合,,,河南大学
,major_line_2023,教育学类,教育学（师范类）,,,491,2023,本科批,,22166,490,0,上海,综合,,,河南大学
,major_line_2023,工商管理类,会计学（中外合作办学）（与澳大利亚维多利亚大学合作）（中外合作办学）,,,492,2023,本科批,,22397,489,0,上海,综合,,,河南大学
,major_line_2023,工商管理类,工商管理,,,490,2023,本科批,,22878,487,0,上海,综合,,,河南大学
,major_line_2023,计算机类,软件工程,,,492,2023,本科批,,23115,486,0,上海,综合,,,河南大学
,major_line_2023,外国语言文学类,翻译（语种:英语）,,,490,2023,本科批,,23115,486,0,上海,综合,,,河南大学
,major_line_2023,经济学类,经济统计学,,,487,2023,本科批,,23115,486,0,上海,综合,,,河南大学
,major_line_2023,公共管理类,公共管理类（含行政管理、劳动与社会保障专业）,,,487,2023,本科批,,23115,486,0,上海,综合,,,河南大学
,major_line_2023,中国语言文学类,中国语言文学类（师范类。含汉语言文学、汉语国际教育专业）,,,516,2023,本科批,,16423,513,0,上海,综合,,,河南大学
,major_line_2023,法学类,法学,,,502,2023,本科批,,20653,496,0,上海,综合,,,河南大学
,major_line_2023,工商管理类,会计学,,,495,2023,本科批,,21430,493,0,上海,综合,,,河南大学
,major_line_2023,经济学类,经济学类（含经济学、金融学、财政学、国际经济与贸易专业）,,,493,2023,本科批,,21932,491,0,上海,综合,,,河南大学
,major_line_2023,心理学类,应用心理学（师范类）,,,492,2023,本科批,,22166,490,0,上海,综合,,,河南大学
,major_line_2023,教育学类,教育学（师范类）,,,491,2023,本科批,,22166,490,0,上海,综合,,,河南大学
,major_line_2023,工商管理类,工商管理,,,490,2023,本科批,,22878,487,0,上海,综合,,,河南大学
,major_line_2023,外国语言文学类,翻译（语种:英语）,,,490,2023,本科批,,23115,486,0,上海,综合,,,河南大学
,major_line_2023,经济学类,经济统计学,,,487,2023,本科批,,23115,486,0,上海,综合,,,河南大学
,major_line_2023,公共管理类,公共管理类（含行政管理、劳动与社会保障专业）,,,487,2023,本科批,,23115,486,0,上海,综合,,,河南大学
,major_line_2023,地理科学类,地理科学类（含人文地理与城乡规划、地理信息科学、地理科学）（师范专业）,,,502,2023,本科批,,19921,499,0,上海,综合,,,河南大学
,major_line_2023,工商管理类,会计学（注册会计师方向）,,,526,2023,本科批,,13152,526,0,上海,综合,,,东北财经大学
,major_line_2023,工商管理类,工商管理类（含会计学、财务管理、资产评估专业。会计学按普通会计学方向培养，大二依据个人意愿、学习成绩、综合表现和学校相关规定在所录取专业类内确定专业）,,,522,2023,本科批,,14416,521,0,上海,综合,,,东北财经大学
,major_line_2023,金融学类,金融学类（含金融学、金融工程、投资学、保险学专业。大二依据个人意愿、学习成绩、综合表现和学校相关规定在所录取专业类内确定专业）,,,521,2023,本科批,,14925,519,0,上海,综合,,,东北财经大学
,major_line_2023,财政学类,财政学类（含财政学、税收学专业。大二依据个人意愿、学习成绩、综合表现和学校相关规定在所录取专业类内确定专业）,,,521,2023,本科批,,15161,518,0,上海,综合,,,东北财经大学
,major_line_2023,经济与贸易类,国际经济与贸易,,,517,2023,本科批,,15390,517,0,上海,综合,,,东北财经大学
,major_line_2023,工商管理类,会计学（注册会计师方向）,,,526,2023,本科批,,13152,526,0,上海,综合,,,东北财经大学
,major_line_2023,工商管理类,工商管理类（含会计学、财务管理、资产评估专业。会计学按普通会计学方向培养，大二依据个人意愿、学习成绩、综合表现和学校相关规定在所录取专业类内确定专业）,,,522,2023,本科批,,14416,521,0,上海,综合,,,东北财经大学
,major_line_2023,金融学类,金融学类（含金融学、金融工程、投资学、保险学专业。大二依据个人意愿、学习成绩、综合表现和学校相关规定在所录取专业类内确定专业）,,,521,2023,本科批,,14925,519,0,上海,综合,,,东北财经大学
,major_line_2023,财政学类,财政学类（含财政学、税收学专业。大二依据个人意愿、学习成绩、综合表现和学校相关规定在所录取专业类内确定专业）,,,521,2023,本科批,,15161,518,0,上海,综合,,,东北财经大学
,major_line_2023,金融学类,金融学（中外合作办学）（只录取有该专业志愿的考生）（中外合作办学）,,,520,2023,本科批,,15161,518,0,上海,综合,,,东北财经大学
,major_line_2023,经济与贸易类,国际经济与贸易,,,517,2023,本科批,,15390,517,0,上海,综合,,,东北财经大学
,major_line_2023,工商管理类,会计学（中外合作办学）（只录取有该专业志愿的考生）（中外合作办学）,,,518,2023,本科批,,15916,515,0,上海,综合,,,东北财经大学
,major_line_2023,金融学类,金融学（中外合作办学）（只录取有该专业志愿的考生）（中外合作办学）,,,520,2023,本科批,,15161,518,0,上海,综合,,,东北财经大学
,major_line_2023,工商管理类,会计学（中外合作办学）（只录取有该专业志愿的考生）（中外合作办学）,,,518,2023,本科批,,15916,515,0,上海,综合,,,东北财经大学
,major_line_2023,计算机类,计算机科学与技术（坞城校区）,,,522,2023,本科批,,14182,522,0,上海,综合,,,山西大学
,major_line_2023,电气类,电气工程及其自动化（东山校区）,,,512,2023,本科批,,16670,512,0,上海,综合,,,山西大学
,major_line_2023,历史学类,历史学,,,512,2023,本科批,,16670,512,0,上海,综合,,,山西大学
,major_line_2023,哲学类,哲学类（含哲学、伦理学专业）,,,494,2023,本科批,,21165,494,0,上海,综合,,,山西大学
,major_line_2023,计算机类,计算机科学与技术（坞城校区）,,,522,2023,本科批,,14182,522,0,上海,综合,,,山西大学
,major_line_2023,电气类,电气工程及其自动化（东山校区）,,,512,2023,本科批,,16670,512,0,上海,综合,,,山西大学
,major_line_2023,历史学类,历史学,,,512,2023,本科批,,16670,512,0,上海,综合,,,山西大学
,major_line_2023,哲学类,哲学类（含哲学、伦理学专业）,,,494,2023,本科批,,21165,494,0,上海,综合,,,山西大学
,major_line_2023,法学类,法学类（含法学、信用风险管理与法律防控专业）,,,519,2023,本科批,,16172,514,0,上海,综合,,,湘潭大学
,major_line_2023,金融学类,金融学,,,513,2023,本科批,,16670,512,0,上海,综合,,,湘潭大学
,major_line_2023,工商管理类,会计学,,,510,2023,本科批,,17377,509,0,上海,综合,,,湘潭大学
,major_line_2023,外国语言文学类,西班牙语,,,508,2023,本科批,,17863,507,0,上海,综合,,,湘潭大学
,major_line_2023,外国语言文学类,法语,,,507,2023,本科批,,18118,506,0,上海,综合,,,湘潭大学
,major_line_2023,法学类,法学类（含法学、信用风险管理与法律防控专业）,,,519,2023,本科批,,16172,514,0,上海,综合,,,湘潭大学
,major_line_2023,金融学类,金融学,,,513,2023,本科批,,16670,512,0,上海,综合,,,湘潭大学
,major_line_2023,工商管理类,会计学,,,510,2023,本科批,,17377,509,0,上海,综合,,,湘潭大学
,major_line_2023,外国语言文学类,西班牙语,,,508,2023,本科批,,17863,507,0,上海,综合,,,湘潭大学
,major_line_2023,外国语言文学类,法语,,,507,2023,本科批,,18118,506,0,上海,综合,,,湘潭大学
,major_line_2023,生物工程类,生物制药（拔尖创新班。无色盲、色弱）,,,557,2023,本科批,,6238,557,0,上海,综合,,,中国药科大学
,major_line_2023,生物工程类,生物制药（无色盲、色弱）,,,556,2023,本科批,,6451,556,0,上海,综合,,,中国药科大学
,major_line_2023,统计学类,生物统计学,,,556,2023,本科批,,6451,556,0,上海,综合,,,中国药科大学
,major_line_2023,中药学类,中药学类（含中药学、中药资源与开发、中药制药专业。无色盲、色弱）,,,553,2023,本科批,,7041,553,0,上海,综合,,,中国药科大学
,major_line_2023,药学类,药学类（含药学、药物制剂、药物分析、药物化学专业。无色盲、色弱）,,,561,2023,本科批,,6238,557,0,上海,综合,,,中国药科大学
,major_line_2023,药学类,海洋药学（无色盲、色弱）,,,556,2023,本科批,,6451,556,0,上海,综合,,,中国药科大学
,major_line_2023,化工与制药类,化工与制药类（含制药工程、食品营养与健康、环境科学专业。无色盲、色弱）,,,556,2023,本科批,,6451,556,0,上海,综合,,,中国药科大学
,major_line_2023,医学技术类,生物医药数据科学,,,554,2023,本科批,,6846,554,0,上海,综合,,,中国药科大学
,major_line_2023,药学类,药学类（含药学、药物制剂、药物分析、药物化学专业。无色盲、色弱）,,,561,2023,本科批,,6238,557,0,上海,综合,,,中国药科大学
,major_line_2023,生物工程类,生物制药（拔尖创新班。无色盲、色弱）,,,557,2023,本科批,,6238,557,0,上海,综合,,,中国药科大学
,major_line_2023,生物工程类,生物制药（无色盲、色弱）,,,556,2023,本科批,,6451,556,0,上海,综合,,,中国药科大学
,major_line_2023,药学类,海洋药学（无色盲、色弱）,,,556,2023,本科批,,6451,556,0,上海,综合,,,中国药科大学
,major_line_2023,化工与制药类,化工与制药类（含制药工程、食品营养与健康、环境科学专业。无色盲、色弱）,,,556,2023,本科批,,6451,556,0,上海,综合,,,中国药科大学
,major_line_2023,统计学类,生物统计学,,,556,2023,本科批,,6451,556,0,上海,综合,,,中国药科大学
,major_line_2023,医学技术类,生物医药数据科学,,,554,2023,本科批,,6846,554,0,上海,综合,,,中国药科大学
,major_line_2023,中药学类,中药学类（含中药学、中药资源与开发、中药制药专业。无色盲、色弱）,,,553,2023,本科批,,7041,553,0,上海,综合,,,中国药科大学
,major_line_2023,药学类,临床药学（中外合作办学）（第三、四学年赴英国学习，第五学年在国内学习，国外阶段学费另算）（中外合作办学）,,,552,2023,本科批,,7651,550,0,上海,综合,,,中国药科大学
,major_line_2023,药学类,临床药学（中外合作办学）（第三、四学年赴英国学习，第五学年在国内学习，国外阶段学费另算）（中外合作办学）,,,552,2023,本科批,,7651,550,0,上海,综合,,,中国药科大学
,major_line_2023,电子信息类,信息工程（中外合作办学）（合作院校为爱尔兰东南理工大学）（中外合作办学）,,,529,2023,本科批,,13398,525,0,上海,综合,,,南京信息工程大学
,major_line_2023,数学类,数学与应用数学（中外合作办学）（合作院校为英国雷丁大学）（中外合作办学）,,,527,2023,本科批,,13663,524,0,上海,综合,,,南京信息工程大学
,major_line_2023,计算机类,软件工程（中外合作办学）（合作院校为爱尔兰东南理工大学）（中外合作办学）,,,522,2023,本科批,,14182,522,0,上海,综合,,,南京信息工程大学
,major_line_2023,计算机类,物联网工程（中外合作办学）（合作院校为爱尔兰东南理工大学）（中外合作办学）,,,521,2023,本科批,,14416,521,0,上海,综合,,,南京信息工程大学
,major_line_2023,大气科学类,大气科学类（大气科学专业）,,,549,2023,本科批,,9418,542,0,上海,综合,,,南京信息工程大学
,major_line_2023,经济与贸易类,国际经济与贸易（中外合作办学）（合作院校为英国雷丁大学）（中外合作办学）,,,520,2023,本科批,,14925,519,0,上海,综合,,,南京信息工程大学
,major_line_2023,大气科学类,大气科学类（大气科学专业）,,,549,2023,本科批,,9418,542,0,上海,综合,,,南京信息工程大学
,major_line_2023,电子信息类,信息工程（中外合作办学）（合作院校为爱尔兰东南理工大学）（中外合作办学）,,,529,2023,本科批,,13398,525,0,上海,综合,,,南京信息工程大学
,major_line_2023,数学类,数学与应用数学（中外合作办学）（合作院校为英国雷丁大学）（中外合作办学）,,,527,2023,本科批,,13663,524,0,上海,综合,,,南京信息工程大学
,major_line_2023,计算机类,软件工程（中外合作办学）（合作院校为爱尔兰东南理工大学）（中外合作办学）,,,522,2023,本科批,,14182,522,0,上海,综合,,,南京信息工程大学
,major_line_2023,计算机类,物联网工程（中外合作办学）（合作院校为爱尔兰东南理工大学）（中外合作办学）,,,521,2023,本科批,,14416,521,0,上海,综合,,,南京信息工程大学
,major_line_2023,经济与贸易类,国际经济与贸易（中外合作办学）（合作院校为英国雷丁大学）（中外合作办学）,,,520,2023,本科批,,14925,519,0,上海,综合,,,南京信息工程大学
,major_line_2023,中国语言文学类,汉语言文学（与“教育学”双学位）,,,557,2023,本科批,,6238,557,0,上海,综合,,,中央民族大学
,major_line_2023,社会学类,社会学类（含社会学、社会工作专业）,,,555,2023,本科批,,7041,553,0,上海,综合,,,中央民族大学
,major_line_2023,历史学类,历史学类,,,551,2023,本科批,,7444,551,0,上海,综合,,,中央民族大学
,major_line_2023,经济学类,经济学类（含经济学、财政学、金融学、国际经济与贸易、数字经济专业）,,,552,2023,本科批,,8061,548,0,上海,综合,,,中央民族大学
,major_line_2023,历史学类,历史学,,,550,2023,本科批,,8061,548,0,上海,综合,,,中央民族大学
,major_line_2023,中国语言文学类,汉语言文学,,,549,2023,本科批,,8061,548,0,上海,综合,,,中央民族大学
,major_line_2023,中国语言文学类,汉语国际教育,,,548,2023,本科批,,8061,548,0,上海,综合,,,中央民族大学
,major_line_2023,民族学类,民族学,,,548,2023,本科批,,8061,548,0,上海,综合,,,中央民族大学
,major_line_2023,新闻传播学类,新闻传播学类,,,547,2023,本科批,,8255,547,0,上海,综合,,,中央民族大学
,major_line_2023,外国语言文学类,日语（语种:英语）,,,546,2023,本科批,,8464,546,0,上海,综合,,,中央民族大学
,major_line_2023,哲学类,哲学类（含哲学、宗教学专业）,,,546,2023,本科批,,8464,546,0,上海,综合,,,中央民族大学
,major_line_2023,计算机类,数据科学与大数据技术（中外合作办学）（中外合作办学）,,,529,2023,本科批,,12910,527,0,上海,综合,,,中央民族大学
,major_line_2023,历史学类,历史学类,,,551,2023,本科批,,7444,551,0,上海,综合,,,中央民族大学
,major_line_2023,历史学类,历史学,,,550,2023,本科批,,8061,548,0,上海,综合,,,中央民族大学
,major_line_2023,民族学类,民族学,,,548,2023,本科批,,8061,548,0,上海,综合,,,中央民族大学
,major_line_2023,中国语言文学类,汉语言文学（与“教育学”双学位）,,,557,2023,本科批,,6238,557,0,上海,综合,,,中央民族大学
,major_line_2023,社会学类,社会学类（含社会学、社会工作专业）,,,555,2023,本科批,,7041,553,0,上海,综合,,,中央民族大学
,major_line_2023,经济学类,经济学类（含经济学、财政学、金融学、国际经济与贸易、数字经济专业）,,,552,2023,本科批,,8061,548,0,上海,综合,,,中央民族大学
,major_line_2023,中国语言文学类,汉语言文学,,,549,2023,本科批,,8061,548,0,上海,综合,,,中央民族大学
,major_line_2023,中国语言文学类,汉语国际教育,,,548,2023,本科批,,8061,548,0,上海,综合,,,中央民族大学
,major_line_2023,新闻传播学类,新闻传播学类,,,547,2023,本科批,,8255,547,0,上海,综合,,,中央民族大学
,major_line_2023,外国语言文学类,日语（语种:英语）,,,546,2023,本科批,,8464,546,0,上海,综合,,,中央民族大学
,major_line_2023,哲学类,哲学类（含哲学、宗教学专业）,,,546,2023,本科批,,8464,546,0,上海,综合,,,中央民族大学
,major_line_2023,计算机类,数据科学与大数据技术（中外合作办学）（中外合作办学）,,,529,2023,本科批,,12910,527,0,上海,综合,,,中央民族大学
,major_line_2023,生物科学类,生物科学,,,526,2023,本科批,,13152,526,526,上海,综合,,,海南大学
,major_line_2023,金融学类,金融学,,,525,2023,本科批,,13398,525,525,上海,综合,,,海南大学
,major_line_2023,经济与贸易类,国际经济与贸易,,,522,2023,本科批,,14182,522,522,上海,综合,,,海南大学
,major_line_2023,法学类,法学,,,522,2023,本科批,,14182,522,522,上海,综合,,,海南大学
,major_line_2023,外国语言文学类,英语,,,521,2023,本科批,,14416,521,521,上海,综合,,,海南大学
,major_line_2023,食品科学与工程类,食品科学与工程类,,,529,2023,本科批,,12442,529,529,上海,综合,,,海南大学
,major_line_2023,电子信息类,人工智能,,,539,2023,本科批,,10105,539,539,上海,综合,,,海南大学
,major_line_2023,计算机类,信息安全,,,536,2023,本科批,,10808,536,536,上海,综合,,,海南大学
,major_line_2023,电子信息类,人工智能,,,539,2023,本科批,,10105,539,539,上海,综合,,,海南大学
,major_line_2023,计算机类,信息安全,,,536,2023,本科批,,10808,536,536,上海,综合,,,海南大学
,major_line_2023,食品科学与工程类,食品科学与工程类,,,529,2023,本科批,,12442,529,529,上海,综合,,,海南大学
,major_line_2023,生物科学类,生物科学,,,526,2023,本科批,,13152,526,526,上海,综合,,,海南大学
,major_line_2023,金融学类,金融学,,,525,2023,本科批,,13398,525,525,上海,综合,,,海南大学
,major_line_2023,经济与贸易类,国际经济与贸易,,,522,2023,本科批,,14182,522,522,上海,综合,,,海南大学
,major_line_2023,法学类,法学,,,522,2023,本科批,,14182,522,522,上海,综合,,,海南大学
,major_line_2023,外国语言文学类,英语,,,521,2023,本科批,,14416,521,521,上海,综合,,,海南大学
,major_line_2023,生物科学类,生物科学类（含生物科学、生物技术专业）,,,507,2023,本科批,,17863,507,0,上海,综合,,,山东师范大学
,major_line_2023,心理学类,心理学类（含心理学、应用心理学专业）,,,502,2023,本科批,,19158,502,0,上海,综合,,,山东师范大学
,major_line_2023,历史学类,历史学,,,512,2023,本科批,,17139,510,0,上海,综合,,,山东师范大学
,major_line_2023,中国语言文学类,中国语言文学类（含汉语言文学、汉语言、秘书学专业）,,,508,2023,本科批,,17631,508,0,上海,综合,,,山东师范大学
,major_line_2023,化学类,化学,,,510,2023,本科批,,17863,507,0,上海,综合,,,山东师范大学
,major_line_2023,马克思主义理论类,思想政治教育,,,509,2023,本科批,,17863,507,0,上海,综合,,,山东师范大学
,major_line_2023,生物科学类,生物科学类（含生物科学、生物技术专业）,,,507,2023,本科批,,17863,507,0,上海,综合,,,山东师范大学
,major_line_2023,地理科学类,地理科学类（含地理科学、地理信息科学专业）,,,505,2023,本科批,,18635,504,0,上海,综合,,,山东师范大学
,major_line_2023,心理学类,心理学类（含心理学、应用心理学专业）,,,502,2023,本科批,,19158,502,0,上海,综合,,,山东师范大学
,major_line_2023,哲学类,哲学,,,495,2023,本科批,,20893,495,0,上海,综合,,,山东师范大学
,major_line_2023,计算机类,计算机类（含计算机科学与技术、物联网工程、网络空间安全专业）,,,494,2023,本科批,,21932,491,0,上海,综合,,,山东师范大学
,major_line_2023,管理科学与工程类,信息管理与信息系统,,,491,2023,本科批,,21932,491,0,上海,综合,,,山东师范大学
,major_line_2023,法学类,法学,,,495,2023,本科批,,22166,490,0,上海,综合,,,山东师范大学
,major_line_2023,工商管理类,工商管理类（含工商管理、会计学专业）,,,487,2023,本科批,,23115,486,0,上海,综合,,,山东师范大学
,major_line_2023,新闻传播学类,新闻传播学类（含新闻学、网络与新媒体专业）,,,484,2023,本科批,,23581,484,0,上海,综合,,,山东师范大学
,major_line_2023,金融学类,金融学类（含金融学、国际经济与贸易、经济学专业）,,,487,2023,本科批,,23814,483,0,上海,综合,,,山东师范大学
,major_line_2023,公共管理类,公共管理类（含行政管理、劳动与社会保障专业）,,,484,2023,本科批,,24801,479,0,上海,综合,,,山东师范大学
,major_line_2023,马克思主义理论类,思想政治教育,,,509,2023,本科批,,17863,507,0,上海,综合,,,山东师范大学
,major_line_2023,历史学类,历史学,,,512,2023,本科批,,17139,510,0,上海,综合,,,山东师范大学
,major_line_2023,地理科学类,地理科学类（含地理科学、地理信息科学专业）,,,505,2023,本科批,,18635,504,0,上海,综合,,,山东师范大学
,major_line_2023,计算机类,计算机类（含计算机科学与技术、物联网工程、网络空间安全专业）,,,494,2023,本科批,,21932,491,0,上海,综合,,,山东师范大学
,major_line_2023,管理科学与工程类,信息管理与信息系统,,,491,2023,本科批,,21932,491,0,上海,综合,,,山东师范大学
,major_line_2023,化学类,化学,,,510,2023,本科批,,17863,507,0,上海,综合,,,山东师范大学
,major_line_2023,中国语言文学类,中国语言文学类（含汉语言文学、汉语言、秘书学专业）,,,508,2023,本科批,,17631,508,0,上海,综合,,,山东师范大学
,major_line_2023,哲学类,哲学,,,495,2023,本科批,,20893,495,0,上海,综合,,,山东师范大学
,major_line_2023,法学类,法学,,,495,2023,本科批,,22166,490,0,上海,综合,,,山东师范大学
,major_line_2023,工商管理类,工商管理类（含工商管理、会计学专业）,,,487,2023,本科批,,23115,486,0,上海,综合,,,山东师范大学
,major_line_2023,新闻传播学类,新闻传播学类（含新闻学、网络与新媒体专业）,,,484,2023,本科批,,23581,484,0,上海,综合,,,山东师范大学
,major_line_2023,金融学类,金融学类（含金融学、国际经济与贸易、经济学专业）,,,487,2023,本科批,,23814,483,0,上海,综合,,,山东师范大学
,major_line_2023,公共管理类,公共管理类（含行政管理、劳动与社会保障专业）,,,484,2023,本科批,,24801,479,0,上海,综合,,,山东师范大学
,major_line_2023,纺织类,服装设计与工程（临平校区）,,,519,2023,本科批,,16423,513,0,上海,综合,,,浙江理工大学
,major_line_2023,纺织类,纺织类（含纺织工程、非织造材料与工程专业）（下沙校区）,,,497,2023,本科批,,21165,494,0,上海,综合,,,浙江理工大学
,major_line_2023,材料类,材料类（含材料科学与工程、高分子材料与工程专业）,,,509,2023,本科批,,17863,507,0,上海,综合,,,浙江理工大学
,major_line_2023,化学类,化学类（含应用化学、材料化学专业）,,,505,2023,本科批,,18635,504,0,上海,综合,,,浙江理工大学
,major_line_2023,社会学类,社会工作（临平校区）,,,507,2023,本科批,,17863,507,0,上海,综合,,,浙江理工大学
,major_line_2023,经济与贸易类,经济与贸易类（含经济学、金融学、国际经济与贸易专业）（下沙校区）,,,495,2023,本科批,,21165,494,0,上海,综合,,,浙江理工大学
,major_line_2023,公共管理类,行政管理（临平校区）,,,493,2023,本科批,,21430,493,0,上海,综合,,,浙江理工大学
,major_line_2023,工商管理类,工商管理类（含会计学、工商管理、人力资源管理专业）（下沙校区）,,,493,2023,本科批,,21430,493,0,上海,综合,,,浙江理工大学
,major_line_2023,机械类,工业设计,,,517,2023,本科批,,15916,515,0,上海,综合,,,浙江理工大学
,major_line_2023,机械类,工业设计,,,517,2023,本科批,,15916,515,0,上海,综合,,,浙江理工大学
,major_line_2023,纺织类,服装设计与工程（临平校区）,,,519,2023,本科批,,16423,513,0,上海,综合,,,浙江理工大学
,major_line_2023,材料类,材料类（含材料科学与工程、高分子材料与工程专业）,,,509,2023,本科批,,17863,507,0,上海,综合,,,浙江理工大学
,major_line_2023,社会学类,社会工作（临平校区）,,,507,2023,本科批,,17863,507,0,上海,综合,,,浙江理工大学
,major_line_2023,生物科学类,生物科学类（含生物技术、生物制药专业）,,,510,2023,本科批,,18398,505,0,上海,综合,,,浙江理工大学
,major_line_2023,化学类,化学类（含应用化学、材料化学专业）,,,505,2023,本科批,,18635,504,0,上海,综合,,,浙江理工大学
,major_line_2023,纺织类,纺织类（含纺织工程、非织造材料与工程专业）（下沙校区）,,,497,2023,本科批,,21165,494,0,上海,综合,,,浙江理工大学
,major_line_2023,经济与贸易类,经济与贸易类（含经济学、金融学、国际经济与贸易专业）（下沙校区）,,,495,2023,本科批,,21165,494,0,上海,综合,,,浙江理工大学
,major_line_2023,公共管理类,行政管理（临平校区）,,,493,2023,本科批,,21430,493,0,上海,综合,,,浙江理工大学
,major_line_2023,工商管理类,工商管理类（含会计学、工商管理、人力资源管理专业）（下沙校区）,,,493,2023,本科批,,21430,493,0,上海,综合,,,浙江理工大学
,major_line_2023,生物科学类,生物科学类（含生物技术、生物制药专业）,,,510,2023,本科批,,18398,505,0,上海,综合,,,浙江理工大学
,major_line_2023,计算机类,计算机科学与技术,,,544,2023,本科批,,9179,543,0,上海,综合,,,上海理工大学
,major_line_2023,电子信息类,光电信息科学与工程,,,543,2023,本科批,,9418,542,0,上海,综合,,,上海理工大学
,major_line_2023,计算机类,数据科学与大数据技术,,,543,2023,本科批,,9418,542,0,上海,综合,,,上海理工大学
,major_line_2023,电子信息类,电子信息工程,,,542,2023,本科批,,9418,542,0,上海,综合,,,上海理工大学
,major_line_2023,自动化类,机器人工程,,,542,2023,本科批,,9655,541,0,上海,综合,,,上海理工大学
,major_line_2023,能源动力类,能源与动力工程,,,542,2023,本科批,,9655,541,0,上海,综合,,,上海理工大学
,major_line_2023,电子信息类,通信工程,,,542,2023,本科批,,9655,541,0,上海,综合,,,上海理工大学
,major_line_2023,机械类,机械设计制造及其自动化,,,541,2023,本科批,,9655,541,0,上海,综合,,,上海理工大学
,major_line_2023,工科试验班,工科试验班（办学点校本部；（电子与信息类。含系统科学与工程、测控技术与仪器、电气工程及其自动化、电子信息工程、通信工程、光电信息科学与工程、医学信息工程、人工智能、自动化、计算机科学与技术、智能科学与技术、数据科学与大数据技术、新媒体技术、信息管理与信息系统专业。专业分流后学费按专业所属学科门类收取））,,,537,2023,本科批,,11029,535,0,上海,综合,,,上海理工大学
,major_line_2023,机械类,机械设计制造及其自动化（办学点校本部；（中外合作办学）（合作高校为德国汉堡应用技术大学））（中外合作办学）,,,537,2023,本科批,,11276,534,0,上海,综合,,,上海理工大学
,major_line_2023,理科试验班,理科试验班（办学点校本部；（含数学与应用数学、应用物理学专业））,,,535,2023,本科批,,11501,533,0,上海,综合,,,上海理工大学
,major_line_2023,电子信息类,光电信息科学与工程（办学点校本部；（中外合作办学）（中德合作））（中外合作办学）,,,533,2023,本科批,,11977,531,0,上海,综合,,,上海理工大学
,major_line_2023,电子信息类,电子信息科学与技术（办学点徐汇校区；（中外合作办学）（中英合作））（中外合作办学）,,,532,2023,本科批,,12910,527,0,上海,综合,,,上海理工大学
,major_line_2023,工科试验班,工科试验班（办学点校本部；（医理工综合类。含应用化学、交通工程、医学影像技术、智能医学工程专业。专业分流后学费按专业所属学科门类收取））,,,531,2023,本科批,,13152,526,0,上海,综合,,,上海理工大学
,major_line_2023,工科试验班,工科试验班（办学点校本部；（智能化制造类。含机械设计制造及其自动化、材料成型及控制工程、工业设计、过程装备与控制工程、车辆工程、材料科学与工程、能源与动力工程、新能源科学与工程、储能科学与工程、机器人工程、土木工程、建筑环境与能源应用工程、环境工程、生物医学工程、康复工程、食品科学与工程、食品质量与安全、管理科学专业。专业分流后学费按专业所属学科门类收取））,,,529,2023,本科批,,13919,523,0,上海,综合,,,上海理工大学
,major_line_2023,电气类,电气工程及其自动化（办学点校本部；（中外合作办学）（中德合作））（中外合作办学）,,,528,2023,本科批,,13919,523,0,上海,综合,,,上海理工大学
,major_line_2023,机械类,机械设计制造及其自动化（办学点徐汇校区；（中外合作办学）（中英合作））（中外合作办学）,,,526,2023,本科批,,13919,523,0,上海,综合,,,上海理工大学
,major_line_2023,机械类,机械设计制造及其自动化（办学点校本部；（中外合作办学）（合作高校为德国富特旺根应用技术大学））（中外合作办学）,,,526,2023,本科批,,13919,523,0,上海,综合,,,上海理工大学
,major_line_2023,金融学类,金融学,,,525,2023,本科批,,13919,523,0,上海,综合,,,上海理工大学
,major_line_2023,工商管理类,会计学,,,525,2023,本科批,,13919,523,0,上海,综合,,,上海理工大学
,major_line_2023,经济管理试验班,经济管理试验班（办学点校本部；（含税收学、金融学、国际经济与贸易、会计学、公共事业管理、工业工程专业））,,,520,2023,本科批,,15390,517,0,上海,综合,,,上海理工大学
,major_line_2023,工商管理类,工商管理（办学点徐汇校区；（中外合作办学）（中英合作））（中外合作办学）,,,516,2023,本科批,,16423,513,0,上海,综合,,,上海理工大学
,major_line_2023,新闻传播学类,新闻传播学类（办学点校本部；（含广告学、传播学、编辑出版学专业））,,,515,2023,本科批,,16921,511,0,上海,综合,,,上海理工大学
,major_line_2023,外国语言文学类,英语（办学点校本部；（科技翻译方向））,,,514,2023,本科批,,16921,511,0,上海,综合,,,上海理工大学
,major_line_2023,旅游管理类,会展经济与管理（办学点徐汇校区；（中外合作办学）（中英合作））（中外合作办学）,,,513,2023,本科批,,16921,511,0,上海,综合,,,上海理工大学
,major_line_2023,工商管理类,工商管理（办学点校本部；（中外合作办学）（中美合作））（中外合作办学）,,,513,2023,本科批,,17139,510,0,上海,综合,,,上海理工大学
,major_line_2023,外国语言文学类,德语（办学点校本部；）,,,514,2023,本科批,,17377,509,0,上海,综合,,,上海理工大学
,major_line_2023,外国语言文学类,日语（办学点校本部；）,,,512,2023,本科批,,17377,509,0,上海,综合,,,上海理工大学
,major_line_2023,外国语言文学类,英语（办学点校本部；（中外合作办学）（中美合作））（中外合作办学）,,,510,2023,本科批,,17377,509,0,上海,综合,,,上海理工大学
,major_line_2023,经济管理试验班,经济管理试验班（办学点校本部；（含税收学、金融学、国际经济与贸易、会计学、公共事业管理、工业工程专业））,,,520,2023,本科批,,15390,517,0,上海,综合,,,上海理工大学
,major_line_2023,工商管理类,工商管理（办学点徐汇校区；（中外合作办学）（中英合作））（中外合作办学）,,,516,2023,本科批,,16423,513,0,上海,综合,,,上海理工大学
,major_line_2023,新闻传播学类,新闻传播学类（办学点校本部；（含广告学、传播学、编辑出版学专业））,,,515,2023,本科批,,16921,511,0,上海,综合,,,上海理工大学
,major_line_2023,外国语言文学类,英语（办学点校本部；（科技翻译方向））,,,514,2023,本科批,,16921,511,0,上海,综合,,,上海理工大学
,major_line_2023,旅游管理类,会展经济与管理（办学点徐汇校区；（中外合作办学）（中英合作））（中外合作办学）,,,513,2023,本科批,,16921,511,0,上海,综合,,,上海理工大学
,major_line_2023,工商管理类,工商管理（办学点校本部；（中外合作办学）（中美合作））（中外合作办学）,,,513,2023,本科批,,17139,510,0,上海,综合,,,上海理工大学
,major_line_2023,外国语言文学类,德语（办学点校本部；）,,,514,2023,本科批,,17377,509,0,上海,综合,,,上海理工大学
,major_line_2023,外国语言文学类,日语（办学点校本部；）,,,512,2023,本科批,,17377,509,0,上海,综合,,,上海理工大学
,major_line_2023,外国语言文学类,英语（办学点校本部；（中外合作办学）（中美合作））（中外合作办学）,,,510,2023,本科批,,17377,509,0,上海,综合,,,上海理工大学
,major_line_2023,计算机类,计算机科学与技术,,,544,2023,本科批,,9179,543,0,上海,综合,,,上海理工大学
,major_line_2023,电子信息类,光电信息科学与工程,,,543,2023,本科批,,9418,542,0,上海,综合,,,上海理工大学
,major_line_2023,计算机类,数据科学与大数据技术,,,543,2023,本科批,,9418,542,0,上海,综合,,,上海理工大学
,major_line_2023,电子信息类,电子信息工程,,,542,2023,本科批,,9418,542,0,上海,综合,,,上海理工大学
,major_line_2023,自动化类,机器人工程,,,542,2023,本科批,,9655,541,0,上海,综合,,,上海理工大学
,major_line_2023,能源动力类,能源与动力工程,,,542,2023,本科批,,9655,541,0,上海,综合,,,上海理工大学
,major_line_2023,电子信息类,通信工程,,,542,2023,本科批,,9655,541,0,上海,综合,,,上海理工大学
,major_line_2023,机械类,机械设计制造及其自动化,,,541,2023,本科批,,9655,541,0,上海,综合,,,上海理工大学
,major_line_2023,工科试验班,工科试验班（办学点校本部；（电子与信息类。含系统科学与工程、测控技术与仪器、电气工程及其自动化、电子信息工程、通信工程、光电信息科学与工程、医学信息工程、人工智能、自动化、计算机科学与技术、智能科学与技术、数据科学与大数据技术、新媒体技术、信息管理与信息系统专业。专业分流后学费按专业所属学科门类收取））,,,537,2023,本科批,,11029,535,0,上海,综合,,,上海理工大学
,major_line_2023,机械类,机械设计制造及其自动化（办学点校本部；（中外合作办学）（合作高校为德国汉堡应用技术大学））（中外合作办学）,,,537,2023,本科批,,11276,534,0,上海,综合,,,上海理工大学
,major_line_2023,理科试验班,理科试验班（办学点校本部；（含数学与应用数学、应用物理学专业））,,,535,2023,本科批,,11501,533,0,上海,综合,,,上海理工大学
,major_line_2023,电子信息类,光电信息科学与工程（办学点校本部；（中外合作办学）（中德合作））（中外合作办学）,,,533,2023,本科批,,11977,531,0,上海,综合,,,上海理工大学
,major_line_2023,电子信息类,电子信息科学与技术（办学点徐汇校区；（中外合作办学）（中英合作））（中外合作办学）,,,532,2023,本科批,,12910,527,0,上海,综合,,,上海理工大学
,major_line_2023,工科试验班,工科试验班（办学点校本部；（医理工综合类。含应用化学、交通工程、医学影像技术、智能医学工程专业。专业分流后学费按专业所属学科门类收取））,,,531,2023,本科批,,13152,526,0,上海,综合,,,上海理工大学
,major_line_2023,工科试验班,工科试验班（办学点校本部；（智能化制造类。含机械设计制造及其自动化、材料成型及控制工程、工业设计、过程装备与控制工程、车辆工程、材料科学与工程、能源与动力工程、新能源科学与工程、储能科学与工程、机器人工程、土木工程、建筑环境与能源应用工程、环境工程、生物医学工程、康复工程、食品科学与工程、食品质量与安全、管理科学专业。专业分流后学费按专业所属学科门类收取））,,,529,2023,本科批,,13919,523,0,上海,综合,,,上海理工大学
,major_line_2023,电气类,电气工程及其自动化（办学点校本部；（中外合作办学）（中德合作））（中外合作办学）,,,528,2023,本科批,,13919,523,0,上海,综合,,,上海理工大学
,major_line_2023,机械类,机械设计制造及其自动化（办学点徐汇校区；（中外合作办学）（中英合作））（中外合作办学）,,,526,2023,本科批,,13919,523,0,上海,综合,,,上海理工大学
,major_line_2023,机械类,机械设计制造及其自动化（办学点校本部；（中外合作办学）（合作高校为德国富特旺根应用技术大学））（中外合作办学）,,,526,2023,本科批,,13919,523,0,上海,综合,,,上海理工大学
,major_line_2023,金融学类,金融学,,,525,2023,本科批,,13919,523,0,上海,综合,,,上海理工大学
,major_line_2023,工商管理类,会计学,,,525,2023,本科批,,13919,523,0,上海,综合,,,上海理工大学
,major_line_2023,自动化类,自动化,,,537,2023,本科批,,11029,535,0,上海,综合,,,太原理工大学
,major_line_2023,机械类,机械设计制造及其自动化,,,534,2023,本科批,,11501,533,0,上海,综合,,,太原理工大学
,major_line_2023,计算机类,数据科学与大数据技术,,,534,2023,本科批,,11501,533,0,上海,综合,,,太原理工大学
,major_line_2023,经济与贸易类,国际经济与贸易,,,525,2023,本科批,,13663,524,0,上海,综合,,,太原理工大学
,major_line_2023,经济与贸易类,国际经济与贸易,,,525,2023,本科批,,13663,524,0,上海,综合,,,太原理工大学
,major_line_2023,自动化类,自动化,,,537,2023,本科批,,11029,535,0,上海,综合,,,太原理工大学
,major_line_2023,机械类,机械设计制造及其自动化,,,534,2023,本科批,,11501,533,0,上海,综合,,,太原理工大学
,major_line_2023,计算机类,数据科学与大数据技术,,,534,2023,本科批,,11501,533,0,上海,综合,,,太原理工大学
,major_line_2023,机械类,机械设计制造及其自动化,,,537,2023,本科批,,10808,536,0,上海,综合,,,河北工业大学
,major_line_2023,计算机类,软件工程,,,536,2023,本科批,,11029,535,0,上海,综合,,,河北工业大学
,major_line_2023,土木类,智能建造,,,535,2023,本科批,,11276,534,0,上海,综合,,,河北工业大学
,major_line_2023,经济学类,经济学,,,532,2023,本科批,,11739,532,0,上海,综合,,,河北工业大学
,major_line_2023,机械类,机械设计制造及其自动化,,,537,2023,本科批,,10808,536,0,上海,综合,,,河北工业大学
,major_line_2023,计算机类,软件工程,,,536,2023,本科批,,11029,535,0,上海,综合,,,河北工业大学
,major_line_2023,土木类,智能建造,,,535,2023,本科批,,11276,534,0,上海,综合,,,河北工业大学
,major_line_2023,经济学类,经济学,,,532,2023,本科批,,11739,532,0,上海,综合,,,河北工业大学
,major_line_2023,临床医学类,临床医学（无色盲、色弱）,,,536,2023,本科批,,11029,535,0,上海,综合,,,青岛大学
,major_line_2023,药学类,药学（无色盲、色弱）,,,512,2023,本科批,,16670,512,0,上海,综合,,,青岛大学
,major_line_2023,计算机类,计算机科学与技术（语种:不限在浮山校区）,,,506,2023,本科批,,18398,505,0,上海,综合,,,青岛大学
,major_line_2023,法学类,法学,,,499,2023,本科批,,19921,499,0,上海,综合,,,青岛大学
,major_line_2023,电气类,电气工程及其自动化（语种:不限在浮山校区）,,,498,2023,本科批,,20181,498,0,上海,综合,,,青岛大学
,major_line_2023,外国语言文学类,德语,,,497,2023,本科批,,20398,497,0,上海,综合,,,青岛大学
,major_line_2023,经济学类,经济学（语种:不限在金家岭校区）,,,496,2023,本科批,,20653,496,0,上海,综合,,,青岛大学
,major_line_2023,计算机类,计算机科学与技术（语种:不限在浮山校区）,,,506,2023,本科批,,18398,505,0,上海,综合,,,青岛大学
,major_line_2023,电气类,电气工程及其自动化（语种:不限在浮山校区）,,,498,2023,本科批,,20181,498,0,上海,综合,,,青岛大学
,major_line_2023,经济学类,经济学（语种:不限在金家岭校区）,,,496,2023,本科批,,20653,496,0,上海,综合,,,青岛大学
,major_line_2023,法学类,法学,,,499,2023,本科批,,19921,499,0,上海,综合,,,青岛大学
,major_line_2023,外国语言文学类,德语,,,497,2023,本科批,,20398,497,0,上海,综合,,,青岛大学
,major_line_2023,药学类,药学（无色盲、色弱）,,,512,2023,本科批,,16670,512,0,上海,综合,,,青岛大学
,major_line_2023,临床医学类,临床医学（无色盲、色弱）,,,536,2023,本科批,,11029,535,0,上海,综合,,,青岛大学
,major_line_2023,环境科学与工程类,环境科学与工程类（含环境工程、海洋科学、海洋资源与环境专业）,,,527,2023,本科批,,13663,524,0,上海,综合,,,大连海事大学
,major_line_2023,计算机类,计算机类（含计算机科学与技术、软件工程、数据科学与大数据技术、网络工程、智能科学与技术专业）,,,539,2023,本科批,,10340,538,0,上海,综合,,,大连海事大学
,major_line_2023,电子信息类,电子信息类（含电子信息工程、电子信息科学与技术、通信工程、光电信息科学与工程专业）,,,538,2023,本科批,,10340,538,0,上海,综合,,,大连海事大学
,major_line_2023,数学类,数学类（含数学与应用数学、统计学专业）,,,538,2023,本科批,,10565,537,0,上海,综合,,,大连海事大学
,major_line_2023,自动化类,自动化类（含自动化、电气工程及其自动化、测控技术与仪器专业）,,,537,2023,本科批,,10808,536,0,上海,综合,,,大连海事大学
,major_line_2023,机械类,机械类（含机械设计制造及其自动化、船舶与海洋工程、能源与动力工程、救助与打捞工程）（海洋智能装备专业）,,,535,2023,本科批,,11029,535,0,上海,综合,,,大连海事大学
,major_line_2023,公共管理类,海事管理（外语教学课程主要开设英语课）,,,535,2023,本科批,,11276,534,0,上海,综合,,,大连海事大学
,major_line_2023,交通运输类,交通运输类（含交通运输、交通管理、物流工程、材料科学与工程、土木工程、交通工程专业）,,,535,2023,本科批,,11276,534,0,上海,综合,,,大连海事大学
,major_line_2023,计算机类,计算机类（含计算机科学与技术、软件工程、数据科学与大数据技术、网络工程、智能科学与技术专业）,,,539,2023,本科批,,10340,538,0,上海,综合,,,大连海事大学
,major_line_2023,电子信息类,电子信息类（含电子信息工程、电子信息科学与技术、通信工程、光电信息科学与工程专业）,,,538,2023,本科批,,10340,538,0,上海,综合,,,大连海事大学
,major_line_2023,数学类,数学类（含数学与应用数学、统计学专业）,,,538,2023,本科批,,10565,537,0,上海,综合,,,大连海事大学
,major_line_2023,自动化类,自动化类（含自动化、电气工程及其自动化、测控技术与仪器专业）,,,537,2023,本科批,,10808,536,0,上海,综合,,,大连海事大学
,major_line_2023,法学类,法学,,,539,2023,本科批,,11029,535,0,上海,综合,,,大连海事大学
,major_line_2023,机械类,机械类（含机械设计制造及其自动化、船舶与海洋工程、能源与动力工程、救助与打捞工程）（海洋智能装备专业）,,,535,2023,本科批,,11029,535,0,上海,综合,,,大连海事大学
,major_line_2023,公共管理类,海事管理（外语教学课程主要开设英语课）,,,535,2023,本科批,,11276,534,0,上海,综合,,,大连海事大学
,major_line_2023,交通运输类,交通运输类（含交通运输、交通管理、物流工程、材料科学与工程、土木工程、交通工程专业）,,,535,2023,本科批,,11276,534,0,上海,综合,,,大连海事大学
,major_line_2023,金融学类,金融工程,,,533,2023,本科批,,12194,530,0,上海,综合,,,大连海事大学
,major_line_2023,物流管理与工程类,物流管理,,,532,2023,本科批,,12669,528,0,上海,综合,,,大连海事大学
,major_line_2023,环境科学与工程类,环境科学与工程类（含环境工程、海洋科学、海洋资源与环境专业）,,,527,2023,本科批,,13663,524,0,上海,综合,,,大连海事大学
,major_line_2023,法学类,法学,,,539,2023,本科批,,11029,535,0,上海,综合,,,大连海事大学
,major_line_2023,金融学类,金融工程,,,533,2023,本科批,,12194,530,0,上海,综合,,,大连海事大学
,major_line_2023,物流管理与工程类,物流管理,,,532,2023,本科批,,12669,528,0,上海,综合,,,大连海事大学
,major_line_2023,机械类,机械类（含机械设计制造及其自动化、智能制造工程、机器人工程专业）,,,516,2023,本科批,,15916,515,0,上海,综合,,,燕山大学
,major_line_2023,计算机类,软件工程,,,516,2023,本科批,,16423,513,0,上海,综合,,,燕山大学
,major_line_2023,电气类,电气类（含电气工程及其自动化、自动化、智能科学与技术专业）,,,514,2023,本科批,,16423,513,0,上海,综合,,,燕山大学
,major_line_2023,机械类,机械类（含机械设计制造及其自动化、智能制造工程、机器人工程专业）,,,516,2023,本科批,,15916,515,0,上海,综合,,,燕山大学
,major_line_2023,计算机类,软件工程,,,516,2023,本科批,,16423,513,0,上海,综合,,,燕山大学
,major_line_2023,电气类,电气类（含电气工程及其自动化、自动化、智能科学与技术专业）,,,514,2023,本科批,,16423,513,0,上海,综合,,,燕山大学
,major_line_2023,金融学类,经济与金融,,,489,2023,本科批,,22878,487,0,上海,综合,,,燕山大学
,major_line_2023,金融学类,经济与金融,,,489,2023,本科批,,22878,487,0,上海,综合,,,燕山大学
,major_line_2023,生物科学类,生物科学类（含生物科学）（国家理科基础科学研究和教学人才培养基地、生物技术）（国家生命科学与技术人才培养基地、生物技术专业）,,,528,2023,本科批,,12669,528,0,上海,综合,,,东北林业大学
,major_line_2023,林学类,林学类（含林学、森林保护专业）,,,521,2023,本科批,,14925,519,0,上海,综合,,,东北林业大学
,major_line_2023,建筑类,风景园林,,,519,2023,本科批,,15161,518,0,上海,综合,,,东北林业大学
,major_line_2023,生物科学类,生物科学类（含生物科学）（国家理科基础科学研究和教学人才培养基地、生物技术）（国家生命科学与技术人才培养基地、生物技术专业）,,,528,2023,本科批,,12669,528,0,上海,综合,,,东北林业大学
,major_line_2023,林学类,林学类（含林学、森林保护专业）,,,521,2023,本科批,,14925,519,0,上海,综合,,,东北林业大学
,major_line_2023,建筑类,风景园林,,,519,2023,本科批,,15161,518,0,上海,综合,,,东北林业大学
,major_line_2023,工商管理类,财务管理（中外合作办学）（外语单科成绩不低于115分）（中外合作办学）,,,550,2023,本科批,,8712,545,0,上海,综合,,,宁波诺丁汉大学
,major_line_2023,经济学类,经济学（中外合作办学）（外语单科成绩不低于）（中外合作办学）,,,550,2023,本科批,,8940,544,0,上海,综合,,,宁波诺丁汉大学
,major_line_2023,工商管理类,国际商务（中外合作办学）（含国际商务管理、国际商务经济学、国际商务与国际传播学、国际商务与法语/德语/西班牙语/日语/汉语4个方向。外语单科成绩不低于115分）（中外合作办学）,,,544,2023,本科批,,8940,544,0,上海,综合,,,宁波诺丁汉大学
,major_line_2023,政治学类,国际事务与国际关系（中外合作办学）（含国际学、国际学与法语/德语/西班牙语日语/汉语2个方向。外语单科成绩不低于115分）（中外合作办学）,,,543,2023,本科批,,9179,543,0,上海,综合,,,宁波诺丁汉大学
,major_line_2023,外国语言文学类,英语（中外合作办学）（“2+2”模式。含英语与应用语言学、英语语言文学2个方向。后两年在英国诺丁汉大学就读，学费另计。英语单科成绩不低于120分）（语种:英语）（中外合作办学）,,,543,2023,本科批,,9179,543,0,上海,综合,,,宁波诺丁汉大学
,major_line_2023,新闻传播学类,传播学（中外合作办学）（外语单科成绩不低于115分）（中外合作办学）,,,544,2023,本科批,,9418,542,0,上海,综合,,,宁波诺丁汉大学
,major_line_2023,数学类,数学与应用数学（中外合作办学）（“2+2”模式。后两年在英国诺丁汉大学就读，学费另计）（中外合作办学）,,,555,2023,本科批,,6649,555,0,上海,综合,,,宁波诺丁汉大学
,major_line_2023,统计学类,统计学（中外合作办学）（“2+2”模式。后两年在英国诺丁汉大学就读，学费另计）（中外合作办学）,,,558,2023,本科批,,7242,552,0,上海,综合,,,宁波诺丁汉大学
,major_line_2023,化工与制药类,化工与制药类（中外合作办学）（含化学工程与工艺）（中外合作办学、环境工程）（中外合作办学2个专业）（中外合作办学）,,,551,2023,本科批,,7444,551,0,上海,综合,,,宁波诺丁汉大学
,major_line_2023,计算机类,计算机科学与技术（中外合作办学）（“2+2”模式。含计算机科学与人工智能2个方向。后两年在英国诺丁汉大学就读，学费另计）（中外合作办学）,,,556,2023,本科批,,7855,549,0,上海,综合,,,宁波诺丁汉大学
,major_line_2023,计算机类,计算机科学与技术（中外合作办学）（含计算机科学、计算机科学与人工智能个方向）（中外合作办学）,,,554,2023,本科批,,8061,548,0,上海,综合,,,宁波诺丁汉大学
,major_line_2023,化工与制药类,化工与制药类（中外合作办学）（“2+2”模式。含化学工程与工艺）（中外合作办学、环境工程）（中外合作办学2个专业。后两年在英国诺丁汉大学就读，学费另计）（中外合作办学）,,,549,2023,本科批,,8061,548,0,上海,综合,,,宁波诺丁汉大学
,major_line_2023,工商管理类,财务管理（中外合作办学）（外语单科成绩不低于115分）（中外合作办学）,,,550,2023,本科批,,8712,545,0,上海,综合,,,宁波诺丁汉大学
,major_line_2023,数学类,数学与应用数学（中外合作办学）（中外合作办学）,,,546,2023,本科批,,8712,545,0,上海,综合,,,宁波诺丁汉大学
,major_line_2023,经济学类,经济学（中外合作办学）（外语单科成绩不低于）（中外合作办学）,,,550,2023,本科批,,8940,544,0,上海,综合,,,宁波诺丁汉大学
,major_line_2023,电气类,电气类（中外合作办学）（“2+2”模式。含土木工程）（中外合作办学、材料成型及控制工程）（中外合作办学、工业设计）（中外合作办学、电气工程及其自动化）（中外合作办学、建筑环境与能源应用工程）（中外合作办学、航空航天工程）（中外合作办学6个专业。后两年在英国诺丁汉大学就读，学费另计）（中外合作办学）,,,545,2023,本科批,,8940,544,0,上海,综合,,,宁波诺丁汉大学
,major_line_2023,工商管理类,国际商务（中外合作办学）（含国际商务管理、国际商务经济学、国际商务与国际传播学、国际商务与法语/德语/西班牙语/日语/汉语4个方向。外语单科成绩不低于115分）（中外合作办学）,,,544,2023,本科批,,8940,544,0,上海,综合,,,宁波诺丁汉大学
,major_line_2023,电气类,电气类（中外合作办学）（含土木工程）（中外合作办学、材料成型及控制工程）（中外合作办学、工业设计）（中外合作办学、电气工程及其自动化）（中外合作办学、建筑环境与能源应用工程）（中外合作办学、航空航天工程）（中外合作办学6个专业）（中外合作办学）,,,544,2023,本科批,,9179,543,0,上海,综合,,,宁波诺丁汉大学
,major_line_2023,政治学类,国际事务与国际关系（中外合作办学）（含国际学、国际学与法语/德语/西班牙语日语/汉语2个方向。外语单科成绩不低于115分）（中外合作办学）,,,543,2023,本科批,,9179,543,0,上海,综合,,,宁波诺丁汉大学
,major_line_2023,外国语言文学类,英语（中外合作办学）（“2+2”模式。含英语与应用语言学、英语语言文学2个方向。后两年在英国诺丁汉大学就读，学费另计。英语单科成绩不低于120分）（语种:英语）（中外合作办学）,,,543,2023,本科批,,9179,543,0,上海,综合,,,宁波诺丁汉大学
,major_line_2023,新闻传播学类,传播学（中外合作办学）（外语单科成绩不低于115分）（中外合作办学）,,,544,2023,本科批,,9418,542,0,上海,综合,,,宁波诺丁汉大学
,major_line_2023,环境科学与工程类,环境科学（中外合作办学）（“2+2”模式。后两年在英国诺丁汉大学就读，学费另计）（中外合作办学）,,,542,2023,本科批,,9418,542,0,上海,综合,,,宁波诺丁汉大学
,major_line_2023,统计学类,统计学（中外合作办学）（“2+2”模式。后两年在英国诺丁汉大学就读，学费另计）（中外合作办学）,,,558,2023,本科批,,7242,552,0,上海,综合,,,宁波诺丁汉大学
,major_line_2023,化工与制药类,化工与制药类（中外合作办学）（含化学工程与工艺）（中外合作办学、环境工程）（中外合作办学2个专业）（中外合作办学）,,,551,2023,本科批,,7444,551,0,上海,综合,,,宁波诺丁汉大学
,major_line_2023,化工与制药类,化工与制药类（中外合作办学）（“2+2”模式。含化学工程与工艺）（中外合作办学、环境工程）（中外合作办学2个专业。后两年在英国诺丁汉大学就读，学费另计）（中外合作办学）,,,549,2023,本科批,,8061,548,0,上海,综合,,,宁波诺丁汉大学
,major_line_2023,环境科学与工程类,环境科学（中外合作办学）（“2+2”模式。后两年在英国诺丁汉大学就读，学费另计）（中外合作办学）,,,542,2023,本科批,,9418,542,0,上海,综合,,,宁波诺丁汉大学
,major_line_2023,数学类,数学与应用数学（中外合作办学）（“2+2”模式。后两年在英国诺丁汉大学就读，学费另计）（中外合作办学）,,,555,2023,本科批,,6649,555,0,上海,综合,,,宁波诺丁汉大学
,major_line_2023,计算机类,计算机科学与技术（中外合作办学）（“2+2”模式。含计算机科学与人工智能2个方向。后两年在英国诺丁汉大学就读，学费另计）（中外合作办学）,,,556,2023,本科批,,7855,549,0,上海,综合,,,宁波诺丁汉大学
,major_line_2023,计算机类,计算机科学与技术（中外合作办学）（含计算机科学、计算机科学与人工智能个方向）（中外合作办学）,,,554,2023,本科批,,8061,548,0,上海,综合,,,宁波诺丁汉大学
,major_line_2023,数学类,数学与应用数学（中外合作办学）（中外合作办学）,,,546,2023,本科批,,8712,545,0,上海,综合,,,宁波诺丁汉大学
,major_line_2023,电气类,电气类（中外合作办学）（“2+2”模式。含土木工程）（中外合作办学、材料成型及控制工程）（中外合作办学、工业设计）（中外合作办学、电气工程及其自动化）（中外合作办学、建筑环境与能源应用工程）（中外合作办学、航空航天工程）（中外合作办学6个专业。后两年在英国诺丁汉大学就读，学费另计）（中外合作办学）,,,545,2023,本科批,,8940,544,0,上海,综合,,,宁波诺丁汉大学
,major_line_2023,电气类,电气类（中外合作办学）（含土木工程）（中外合作办学、材料成型及控制工程）（中外合作办学、工业设计）（中外合作办学、电气工程及其自动化）（中外合作办学、建筑环境与能源应用工程）（中外合作办学、航空航天工程）（中外合作办学6个专业）（中外合作办学）,,,544,2023,本科批,,9179,543,0,上海,综合,,,宁波诺丁汉大学
,major_line_2023,土木类,建筑电气与智能化（中外合作办学）（中外合作办学）,,,480,2023,本科批,,25081,478,0,上海,综合,,,西安建筑科技大学
,major_line_2023,化工与制药类,化工与制药类（含化学工程与工艺、应用化学专业）,,,464,2023,本科批,,29246,461,0,上海,综合,,,西安建筑科技大学
,major_line_2023,公共管理类,公共管理类（含文化产业管理、国际经济与贸易、公共事业管理专业）,,,455,2023,本科批,,31347,452,0,上海,综合,,,西安建筑科技大学
,major_line_2023,建筑类,建筑学,,,526,2023,本科批,,13398,525,0,上海,综合,,,西安建筑科技大学
,major_line_2023,建筑类,城乡规划,,,526,2023,本科批,,16921,511,0,上海,综合,,,西安建筑科技大学
,major_line_2023,交通运输类,交通运输,,,489,2023,本科批,,23581,484,0,上海,综合,,,西安建筑科技大学
,major_line_2023,土木类,土木工程,,,487,2023,本科批,,24317,481,0,上海,综合,,,西安建筑科技大学
,major_line_2023,材料类,材料类（含材料科学与工程、资源循环科学与工程、功能材料、纳米材料与技术专业）,,,485,2023,本科批,,24548,480,0,上海,综合,,,西安建筑科技大学
,major_line_2023,自动化类,机器人工程,,,483,2023,本科批,,24801,479,0,上海,综合,,,西安建筑科技大学
,major_line_2023,建筑类,建筑学,,,526,2023,本科批,,13398,525,0,上海,综合,,,西安建筑科技大学
,major_line_2023,建筑类,城乡规划,,,526,2023,本科批,,16921,511,0,上海,综合,,,西安建筑科技大学
,major_line_2023,交通运输类,交通运输,,,489,2023,本科批,,23581,484,0,上海,综合,,,西安建筑科技大学
,major_line_2023,土木类,土木工程,,,487,2023,本科批,,24317,481,0,上海,综合,,,西安建筑科技大学
,major_line_2023,材料类,材料类（含材料科学与工程、资源循环科学与工程、功能材料、纳米材料与技术专业）,,,485,2023,本科批,,24548,480,0,上海,综合,,,西安建筑科技大学
,major_line_2023,自动化类,机器人工程,,,483,2023,本科批,,24801,479,0,上海,综合,,,西安建筑科技大学
,major_line_2023,土木类,建筑电气与智能化（中外合作办学）（中外合作办学）,,,480,2023,本科批,,25081,478,0,上海,综合,,,西安建筑科技大学
,major_line_2023,化工与制药类,化工与制药类（含化学工程与工艺、应用化学专业）,,,464,2023,本科批,,29246,461,0,上海,综合,,,西安建筑科技大学
,major_line_2023,公共管理类,公共管理类（含文化产业管理、国际经济与贸易、公共事业管理专业）,,,455,2023,本科批,,31347,452,0,上海,综合,,,西安建筑科技大学
,major_line_2023,自动化类,自动化（语种:不限在呈贡校区）,,,476,2023,本科批,,25585,476,0,上海,综合,,,昆明理工大学
,major_line_2023,电气类,电气工程及其自动化（语种:不限在呈贡校区）,,,477,2023,本科批,,26377,473,0,上海,综合,,,昆明理工大学
,major_line_2023,机械类,机械工程（机电工程学院）（语种:不限在呈贡校区）,,,474,2023,本科批,,26866,471,0,上海,综合,,,昆明理工大学
,major_line_2023,材料类,材料科学与工程（语种:不限在莲华校区）,,,469,2023,本科批,,27818,467,0,上海,综合,,,昆明理工大学
,major_line_2023,自动化类,自动化（语种:不限在呈贡校区）,,,476,2023,本科批,,25585,476,0,上海,综合,,,昆明理工大学
,major_line_2023,电气类,电气工程及其自动化（语种:不限在呈贡校区）,,,477,2023,本科批,,26377,473,0,上海,综合,,,昆明理工大学
,major_line_2023,机械类,机械工程（机电工程学院）（语种:不限在呈贡校区）,,,474,2023,本科批,,26866,471,0,上海,综合,,,昆明理工大学
,major_line_2023,材料类,材料科学与工程（语种:不限在莲华校区）,,,469,2023,本科批,,27818,467,0,上海,综合,,,昆明理工大学
,major_line_2023,地理科学类,地理科学类（含地理科学）（师范、地理信息科学专业）,,,513,2023,本科批,,16423,513,0,上海,综合,,,江西师范大学
,major_line_2023,生物科学类,生物科学,,,500,2023,本科批,,19672,500,0,上海,综合,,,江西师范大学
,major_line_2023,马克思主义理论类,思想政治教育,,,498,2023,本科批,,21165,494,0,上海,综合,,,江西师范大学
,major_line_2023,化学类,化学类（含化学）（师范、应用化学专业）,,,517,2023,本科批,,15390,517,0,上海,综合,,,江西师范大学
,major_line_2023,地理科学类,地理科学类（含地理科学）（师范、地理信息科学专业）,,,513,2023,本科批,,16423,513,0,上海,综合,,,江西师范大学
,major_line_2023,中国语言文学类,汉语言文学,,,503,2023,本科批,,18898,503,0,上海,综合,,,江西师范大学
,major_line_2023,心理学类,心理学类（含心理学）（师范、应用心理学专业）,,,501,2023,本科批,,19420,501,0,上海,综合,,,江西师范大学
,major_line_2023,数学类,数学与应用数学,,,500,2023,本科批,,19672,500,0,上海,综合,,,江西师范大学
,major_line_2023,生物科学类,生物科学,,,500,2023,本科批,,19672,500,0,上海,综合,,,江西师范大学
,major_line_2023,马克思主义理论类,思想政治教育,,,498,2023,本科批,,21165,494,0,上海,综合,,,江西师范大学
,major_line_2023,物理学类,物理学,,,491,2023,本科批,,21932,491,0,上海,综合,,,江西师范大学
,major_line_2023,新闻传播学类,新闻传播学类（含广告学、新闻学、广播电视学专业）,,,490,2023,本科批,,22166,490,0,上海,综合,,,江西师范大学
,major_line_2023,外国语言文学类,英语（英语单科成绩不低于115分）（语种:英语）,,,489,2023,本科批,,22397,489,0,上海,综合,,,江西师范大学
,major_line_2023,化学类,化学类（含化学）（师范、应用化学专业）,,,517,2023,本科批,,15390,517,0,上海,综合,,,江西师范大学
,major_line_2023,数学类,数学与应用数学,,,500,2023,本科批,,19672,500,0,上海,综合,,,江西师范大学
,major_line_2023,物理学类,物理学,,,491,2023,本科批,,21932,491,0,上海,综合,,,江西师范大学
,major_line_2023,中国语言文学类,汉语言文学,,,503,2023,本科批,,18898,503,0,上海,综合,,,江西师范大学
,major_line_2023,心理学类,心理学类（含心理学）（师范、应用心理学专业）,,,501,2023,本科批,,19420,501,0,上海,综合,,,江西师范大学
,major_line_2023,新闻传播学类,新闻传播学类（含广告学、新闻学、广播电视学专业）,,,490,2023,本科批,,22166,490,0,上海,综合,,,江西师范大学
,major_line_2023,外国语言文学类,英语（英语单科成绩不低于115分）（语种:英语）,,,489,2023,本科批,,22397,489,0,上海,综合,,,江西师范大学
,major_line_2023,机械类,机械设计制造及其自动化,,,513,2023,本科批,,16423,513,0,上海,综合,,,西安理工大学
,major_line_2023,自动化类,自动化（卓越班）,,,497,2023,本科批,,20398,497,0,上海,综合,,,西安理工大学
,major_line_2023,计算机类,数字媒体技术,,,491,2023,本科批,,21932,491,0,上海,综合,,,西安理工大学
,major_line_2023,水利类,水利水电工程,,,490,2023,本科批,,22166,490,0,上海,综合,,,西安理工大学
,major_line_2023,材料类,材料科学与工程,,,488,2023,本科批,,22656,488,0,上海,综合,,,西安理工大学
,major_line_2023,机械类,机械设计制造及其自动化,,,513,2023,本科批,,16423,513,0,上海,综合,,,西安理工大学
,major_line_2023,自动化类,自动化（卓越班）,,,497,2023,本科批,,20398,497,0,上海,综合,,,西安理工大学
,major_line_2023,计算机类,数字媒体技术,,,491,2023,本科批,,21932,491,0,上海,综合,,,西安理工大学
,major_line_2023,水利类,水利水电工程,,,490,2023,本科批,,22166,490,0,上海,综合,,,西安理工大学
,major_line_2023,材料类,材料科学与工程,,,488,2023,本科批,,22656,488,0,上海,综合,,,西安理工大学
,major_line_2023,中国语言文学类,汉语言文学（办学点新生就读校区为奉贤校区；（光启实验班））,,,543,2023,本科批,,10105,539,0,上海,综合,,,上海师范大学
,major_line_2023,外国语言文学类,英语（办学点新生就读校区为奉贤校区；）,,,533,2023,本科批,,13152,526,0,上海,综合,,,上海师范大学
,major_line_2023,中国语言文学类,古典文献学（办学点新生就读校区为奉贤校区；）,,,529,2023,本科批,,13919,523,0,上海,综合,,,上海师范大学
,major_line_2023,法学类,法学（办学点新生就读校区为奉贤校区；）,,,523,2023,本科批,,15161,518,0,上海,综合,,,上海师范大学
,major_line_2023,图书情报与档案管理类,档案学（办学点新生就读校区为奉贤校区；）,,,521,2023,本科批,,15161,518,0,上海,综合,,,上海师范大学
,major_line_2023,新闻传播学类,新闻传播学类（办学点新生就读校区为奉贤校区；（含广告学、广播电视学专业））,,,524,2023,本科批,,15390,517,0,上海,综合,,,上海师范大学
,major_line_2023,经济学类,经济学（办学点新生就读校区为奉贤校区；）,,,519,2023,本科批,,15390,517,0,上海,综合,,,上海师范大学
,major_line_2023,哲学类,哲学（办学点新生就读校区为奉贤校区；）,,,530,2023,本科批,,15632,516,0,上海,综合,,,上海师范大学
,major_line_2023,社会学类,社会工作（办学点新生就读校区为奉贤校区；）,,,519,2023,本科批,,15632,516,0,上海,综合,,,上海师范大学
,major_line_2023,工商管理类,人力资源管理（办学点新生就读校区为奉贤校区；）,,,518,2023,本科批,,15632,516,0,上海,综合,,,上海师范大学
,major_line_2023,工商管理类,财务管理（办学点新生就读校区为奉贤校区；）,,,518,2023,本科批,,15916,515,0,上海,综合,,,上海师范大学
,major_line_2023,外国语言文学类,日语（办学点新生就读校区为奉贤校区；外语语种为英语、日语）,,,519,2023,本科批,,16172,514,0,上海,综合,,,上海师范大学
,major_line_2023,新闻传播学类,广告学（办学点新生就读校区为奉贤校区；（中外合作办学）（中法合作。建议无色盲））（中外合作办学）,,,517,2023,本科批,,16172,514,0,上海,综合,,,上海师范大学
,major_line_2023,旅游管理类,旅游管理类（办学点新生就读校区为奉贤校区；（含旅游管理、酒店管理、会展经济与管理专业））,,,515,2023,本科批,,16423,513,0,上海,综合,,,上海师范大学
,major_line_2023,艺术学理论类,艺术管理（办学点新生就读校区徐汇校区；（艺术类专业））,,,517,2023,本科批,,16670,512,0,上海,综合,,,上海师范大学
,major_line_2023,经济学类,经济学（办学点新生就读校区为奉贤校区；（中外合作办学）（中美合作））（中外合作办学）,,,516,2023,本科批,,16670,512,0,上海,综合,,,上海师范大学
,major_line_2023,外国语言文学类,法语（办学点新生就读校区为奉贤校区；外语语种为英语、法语）,,,516,2023,本科批,,16670,512,0,上海,综合,,,上海师范大学
,major_line_2023,经济学类,经济学（办学点新生就读校区为奉贤校区；（中外合作办学）（中法合作））（中外合作办学）,,,515,2023,本科批,,16670,512,0,上海,综合,,,上海师范大学
,major_line_2023,公共管理类,公共管理类（办学点新生就读校区为奉贤校区；（含行政管理、劳动与社会保障专业））,,,515,2023,本科批,,16670,512,0,上海,综合,,,上海师范大学
,major_line_2023,中国语言文学类,汉语言文学（办学点新生就读校区为奉贤校区；（光启实验班））,,,543,2023,本科批,,10105,539,0,上海,综合,,,上海师范大学
,major_line_2023,数学类,数学与应用数学（数学金融AI实验班）,,,539,2023,本科批,,11029,535,0,上海,综合,,,上海师范大学
,major_line_2023,历史学类,世界史,,,534,2023,本科批,,12669,528,0,上海,综合,,,上海师范大学
,major_line_2023,外国语言文学类,英语（办学点新生就读校区为奉贤校区；）,,,533,2023,本科批,,13152,526,0,上海,综合,,,上海师范大学
,major_line_2023,中国语言文学类,古典文献学（办学点新生就读校区为奉贤校区；）,,,529,2023,本科批,,13919,523,0,上海,综合,,,上海师范大学
,major_line_2023,数学类,数学类（含信息与计算科学、统计学专业）,,,529,2023,本科批,,14182,522,0,上海,综合,,,上海师范大学
,major_line_2023,物理学类,物理学（建议无色盲）,,,523,2023,本科批,,14672,520,0,上海,综合,,,上海师范大学
,major_line_2023,电子信息类,电子信息类（含人工智能、机器人工程、计算机科学与技术、通信工程、电子信息工程专业。建议无色盲）,,,523,2023,本科批,,14925,519,0,上海,综合,,,上海师范大学
,major_line_2023,心理学类,应用心理学,,,524,2023,本科批,,15161,518,0,上海,综合,,,上海师范大学
,major_line_2023,生物科学类,生物科学（建议无色弱）,,,524,2023,本科批,,15161,518,0,上海,综合,,,上海师范大学
,major_line_2023,法学类,法学（办学点新生就读校区为奉贤校区；）,,,523,2023,本科批,,15161,518,0,上海,综合,,,上海师范大学
,major_line_2023,图书情报与档案管理类,档案学（办学点新生就读校区为奉贤校区；）,,,521,2023,本科批,,15161,518,0,上海,综合,,,上海师范大学
,major_line_2023,计算机类,计算机科学与技术（中外合作办学）（中法合作。建议无色盲）（中外合作办学）,,,520,2023,本科批,,15161,518,0,上海,综合,,,上海师范大学
,major_line_2023,电子信息类,电子信息工程（中外合作办学）（中美合作。建议无色盲）（中外合作办学）,,,520,2023,本科批,,15161,518,0,上海,综合,,,上海师范大学
,major_line_2023,新闻传播学类,新闻传播学类（办学点新生就读校区为奉贤校区；（含广告学、广播电视学专业））,,,524,2023,本科批,,15390,517,0,上海,综合,,,上海师范大学
,major_line_2023,化学类,化学类（含应用化学、化学工程与工艺专业。建议无色弱）,,,524,2023,本科批,,15390,517,0,上海,综合,,,上海师范大学
,major_line_2023,经济学类,经济学（办学点新生就读校区为奉贤校区；）,,,519,2023,本科批,,15390,517,0,上海,综合,,,上海师范大学
,major_line_2023,哲学类,哲学（办学点新生就读校区为奉贤校区；）,,,530,2023,本科批,,15632,516,0,上海,综合,,,上海师范大学
,major_line_2023,社会学类,社会工作（办学点新生就读校区为奉贤校区；）,,,519,2023,本科批,,15632,516,0,上海,综合,,,上海师范大学
,major_line_2023,工商管理类,人力资源管理（办学点新生就读校区为奉贤校区；）,,,518,2023,本科批,,15632,516,0,上海,综合,,,上海师范大学
,major_line_2023,食品科学与工程类,食品安全与检测（建议无色弱）,,,518,2023,本科批,,15632,516,0,上海,综合,,,上海师范大学
,major_line_2023,管理科学与工程类,工程管理（建议近视不高于800度）,,,517,2023,本科批,,15632,516,0,上海,综合,,,上海师范大学
,major_line_2023,机械类,机械设计制造及其自动化（中外合作办学）（中美合作。建议无色盲）（中外合作办学）,,,517,2023,本科批,,15632,516,0,上海,综合,,,上海师范大学
,major_line_2023,地理科学类,地理科学类（含地理信息科学、人文地理与城乡规划专业。建议无色盲）,,,520,2023,本科批,,15916,515,0,上海,综合,,,上海师范大学
,major_line_2023,工商管理类,财务管理（办学点新生就读校区为奉贤校区；）,,,518,2023,本科批,,15916,515,0,上海,综合,,,上海师范大学
,major_line_2023,机械类,汽车服务工程（中外合作办学）（中德合作。建议无色盲）（中外合作办学）,,,517,2023,本科批,,15916,515,0,上海,综合,,,上海师范大学
,major_line_2023,土木类,土木工程（中外合作办学）（中英合作。建议近视不高于800度）（中外合作办学）,,,516,2023,本科批,,15916,515,0,上海,综合,,,上海师范大学
,major_line_2023,外国语言文学类,日语（办学点新生就读校区为奉贤校区；外语语种为英语、日语）,,,519,2023,本科批,,16172,514,0,上海,综合,,,上海师范大学
,major_line_2023,新闻传播学类,广告学（办学点新生就读校区为奉贤校区；（中外合作办学）（中法合作。建议无色盲））（中外合作办学）,,,517,2023,本科批,,16172,514,0,上海,综合,,,上海师范大学
,major_line_2023,环境科学与工程类,环境工程（建议无色弱）,,,515,2023,本科批,,16423,513,0,上海,综合,,,上海师范大学
,major_line_2023,旅游管理类,旅游管理类（办学点新生就读校区为奉贤校区；（含旅游管理、酒店管理、会展经济与管理专业））,,,515,2023,本科批,,16423,513,0,上海,综合,,,上海师范大学
,major_line_2023,金融学类,信用管理,,,515,2023,本科批,,16423,513,0,上海,综合,,,上海师范大学
,major_line_2023,艺术学理论类,艺术管理（办学点新生就读校区徐汇校区；（艺术类专业））,,,517,2023,本科批,,16670,512,0,上海,综合,,,上海师范大学
,major_line_2023,经济学类,经济学（办学点新生就读校区为奉贤校区；（中外合作办学）（中美合作））（中外合作办学）,,,516,2023,本科批,,16670,512,0,上海,综合,,,上海师范大学
,major_line_2023,外国语言文学类,法语（办学点新生就读校区为奉贤校区；外语语种为英语、法语）,,,516,2023,本科批,,16670,512,0,上海,综合,,,上海师范大学
,major_line_2023,经济学类,经济学（办学点新生就读校区为奉贤校区；（中外合作办学）（中法合作））（中外合作办学）,,,515,2023,本科批,,16670,512,0,上海,综合,,,上海师范大学
,major_line_2023,公共管理类,公共管理类（办学点新生就读校区为奉贤校区；（含行政管理、劳动与社会保障专业））,,,515,2023,本科批,,16670,512,0,上海,综合,,,上海师范大学
,major_line_2023,金融学类,金融学类（含金融学、金融工程专业）,,,515,2023,本科批,,16670,512,0,上海,综合,,,上海师范大学
,major_line_2023,金融学类,金融科技,,,514,2023,本科批,,16670,512,0,上海,综合,,,上海师范大学
,major_line_2023,环境科学与工程类,资源环境科学（建议无色弱）,,,513,2023,本科批,,16670,512,0,上海,综合,,,上海师范大学
,major_line_2023,植物生产类,园艺（建议无色弱）,,,513,2023,本科批,,16921,511,0,上海,综合,,,上海师范大学
,major_line_2023,数学类,数学与应用数学（数学金融AI实验班）,,,539,2023,本科批,,11029,535,0,上海,综合,,,上海师范大学
,major_line_2023,数学类,数学类（含信息与计算科学、统计学专业）,,,529,2023,本科批,,14182,522,0,上海,综合,,,上海师范大学
,major_line_2023,物理学类,物理学（建议无色盲）,,,523,2023,本科批,,14672,520,0,上海,综合,,,上海师范大学
,major_line_2023,电子信息类,电子信息类（含人工智能、机器人工程、计算机科学与技术、通信工程、电子信息工程专业。建议无色盲）,,,523,2023,本科批,,14925,519,0,上海,综合,,,上海师范大学
,major_line_2023,计算机类,计算机科学与技术（中外合作办学）（中法合作。建议无色盲）（中外合作办学）,,,520,2023,本科批,,15161,518,0,上海,综合,,,上海师范大学
,major_line_2023,电子信息类,电子信息工程（中外合作办学）（中美合作。建议无色盲）（中外合作办学）,,,520,2023,本科批,,15161,518,0,上海,综合,,,上海师范大学
,major_line_2023,管理科学与工程类,工程管理（建议近视不高于800度）,,,517,2023,本科批,,15632,516,0,上海,综合,,,上海师范大学
,major_line_2023,机械类,机械设计制造及其自动化（中外合作办学）（中美合作。建议无色盲）（中外合作办学）,,,517,2023,本科批,,15632,516,0,上海,综合,,,上海师范大学
,major_line_2023,机械类,汽车服务工程（中外合作办学）（中德合作。建议无色盲）（中外合作办学）,,,517,2023,本科批,,15916,515,0,上海,综合,,,上海师范大学
,major_line_2023,土木类,土木工程（中外合作办学）（中英合作。建议近视不高于800度）（中外合作办学）,,,516,2023,本科批,,15916,515,0,上海,综合,,,上海师范大学
,major_line_2023,心理学类,应用心理学,,,524,2023,本科批,,15161,518,0,上海,综合,,,上海师范大学
,major_line_2023,生物科学类,生物科学（建议无色弱）,,,524,2023,本科批,,15161,518,0,上海,综合,,,上海师范大学
,major_line_2023,化学类,化学类（含应用化学、化学工程与工艺专业。建议无色弱）,,,524,2023,本科批,,15390,517,0,上海,综合,,,上海师范大学
,major_line_2023,食品科学与工程类,食品安全与检测（建议无色弱）,,,518,2023,本科批,,15632,516,0,上海,综合,,,上海师范大学
,major_line_2023,地理科学类,地理科学类（含地理信息科学、人文地理与城乡规划专业。建议无色盲）,,,520,2023,本科批,,15916,515,0,上海,综合,,,上海师范大学
,major_line_2023,环境科学与工程类,环境工程（建议无色弱）,,,515,2023,本科批,,16423,513,0,上海,综合,,,上海师范大学
,major_line_2023,金融学类,信用管理,,,515,2023,本科批,,16423,513,0,上海,综合,,,上海师范大学
,major_line_2023,金融学类,金融学类（含金融学、金融工程专业）,,,515,2023,本科批,,16670,512,0,上海,综合,,,上海师范大学
,major_line_2023,金融学类,金融科技,,,514,2023,本科批,,16670,512,0,上海,综合,,,上海师范大学
,major_line_2023,环境科学与工程类,资源环境科学（建议无色弱）,,,513,2023,本科批,,16670,512,0,上海,综合,,,上海师范大学
,major_line_2023,植物生产类,园艺（建议无色弱）,,,513,2023,本科批,,16921,511,0,上海,综合,,,上海师范大学
,major_line_2023,历史学类,世界史,,,534,2023,本科批,,12669,528,0,上海,综合,,,上海师范大学
,major_line_2023,临床医学类,临床医学（5+3一体化。学费前五年为5500元/年，后三年为12000元/年）,,,543,2023,本科批,,9864,540,0,上海,综合,,,大连医科大学
,major_line_2023,临床医学类,临床医学,,,536,2023,本科批,,10808,536,0,上海,综合,,,大连医科大学
,major_line_2023,临床医学类,临床医学（5+3一体化。学费前五年为5500元/年，后三年为12000元/年）,,,543,2023,本科批,,9864,540,0,上海,综合,,,大连医科大学
,major_line_2023,临床医学类,临床医学,,,536,2023,本科批,,10808,536,0,上海,综合,,,大连医科大学
,major_line_2023,计算机类,计算机科学与技术（师范）（大一在下沙校区，大二起在仓前校区）,,,502,2023,本科批,,19672,500,0,上海,综合,,,杭州师范大学
,major_line_2023,计算机类,软件工程（大一在下沙校区，大二起在仓前校区）,,,497,2023,本科批,,20893,495,0,上海,综合,,,杭州师范大学
,major_line_2023,电子信息类,电子信息工程（大一在下沙校区，大二起在仓前校区）,,,496,2023,本科批,,20893,495,0,上海,综合,,,杭州师范大学
,major_line_2023,计算机类,数据科学与大数据技术（大一在下沙校区，大二起在仓前校区）,,,493,2023,本科批,,21695,492,0,上海,综合,,,杭州师范大学
,major_line_2023,机械类,机械设计制造及其自动化（下沙校区）,,,491,2023,本科批,,22166,490,0,上海,综合,,,杭州师范大学
,major_line_2023,机械类,工业设计（下沙校区）,,,491,2023,本科批,,22397,489,0,上海,综合,,,杭州师范大学
,major_line_2023,电子商务类,电子商务（数字商务创新实验班）（大一、大二在下沙校区，大三起在仓前校区）,,,490,2023,本科批,,22656,488,0,上海,综合,,,杭州师范大学
,major_line_2023,管理科学与工程类,大数据管理与应用（大一、大二在下沙校区，大三起在仓前校区）,,,489,2023,本科批,,22878,487,0,上海,综合,,,杭州师范大学
,major_line_2023,护理学类,护理学,,,486,2023,本科批,,23334,485,0,上海,综合,,,杭州师范大学
,major_line_2023,计算机类,计算机科学与技术（师范）（大一在下沙校区，大二起在仓前校区）,,,502,2023,本科批,,19672,500,0,上海,综合,,,杭州师范大学
,major_line_2023,计算机类,软件工程（大一在下沙校区，大二起在仓前校区）,,,497,2023,本科批,,20893,495,0,上海,综合,,,杭州师范大学
,major_line_2023,电子信息类,电子信息工程（大一在下沙校区，大二起在仓前校区）,,,496,2023,本科批,,20893,495,0,上海,综合,,,杭州师范大学
,major_line_2023,法学类,法学（大一、大二在下沙校区，大三起在仓前校区）,,,495,2023,本科批,,21430,493,0,上海,综合,,,杭州师范大学
,major_line_2023,计算机类,数据科学与大数据技术（大一在下沙校区，大二起在仓前校区）,,,493,2023,本科批,,21695,492,0,上海,综合,,,杭州师范大学
,major_line_2023,法学类,知识产权（大一、大二在下沙校区，大三起在仓前校区）,,,492,2023,本科批,,21932,491,0,上海,综合,,,杭州师范大学
,major_line_2023,工商管理类,会计学（大一、大二在下沙校区，大三起在仓前校区）,,,492,2023,本科批,,21932,491,0,上海,综合,,,杭州师范大学
,major_line_2023,经济学类,经济学（大一、大二在下沙校区，大三起在仓前校区）,,,494,2023,本科批,,22166,490,0,上海,综合,,,杭州师范大学
,major_line_2023,机械类,机械设计制造及其自动化（下沙校区）,,,491,2023,本科批,,22166,490,0,上海,综合,,,杭州师范大学
,major_line_2023,金融学类,金融工程（大一、大二在下沙校区，大三起在仓前校区）,,,493,2023,本科批,,22397,489,0,上海,综合,,,杭州师范大学
,major_line_2023,机械类,工业设计（下沙校区）,,,491,2023,本科批,,22397,489,0,上海,综合,,,杭州师范大学
,major_line_2023,公共管理类,公共事业管理（卫生事业管理方向）（大一在下沙校区，大二起在仓前校区）,,,490,2023,本科批,,22397,489,0,上海,综合,,,杭州师范大学
,major_line_2023,电子商务类,电子商务（数字商务创新实验班）（大一、大二在下沙校区，大三起在仓前校区）,,,490,2023,本科批,,22656,488,0,上海,综合,,,杭州师范大学
,major_line_2023,公共管理类,健康服务与管理（大一在下沙校区，大二起在仓前校区）,,,489,2023,本科批,,22656,488,0,上海,综合,,,杭州师范大学
,major_line_2023,外国语言文学类,朝鲜语（大一、大二在下沙校区，大三起在仓前校区）,,,489,2023,本科批,,22656,488,0,上海,综合,,,杭州师范大学
,major_line_2023,管理科学与工程类,大数据管理与应用（大一、大二在下沙校区，大三起在仓前校区）,,,489,2023,本科批,,22878,487,0,上海,综合,,,杭州师范大学
,major_line_2023,护理学类,护理学,,,486,2023,本科批,,23334,485,0,上海,综合,,,杭州师范大学
,major_line_2023,法学类,法学（大一、大二在下沙校区，大三起在仓前校区）,,,495,2023,本科批,,21430,493,0,上海,综合,,,杭州师范大学
,major_line_2023,法学类,知识产权（大一、大二在下沙校区，大三起在仓前校区）,,,492,2023,本科批,,21932,491,0,上海,综合,,,杭州师范大学
,major_line_2023,工商管理类,会计学（大一、大二在下沙校区，大三起在仓前校区）,,,492,2023,本科批,,21932,491,0,上海,综合,,,杭州师范大学
,major_line_2023,经济学类,经济学（大一、大二在下沙校区，大三起在仓前校区）,,,494,2023,本科批,,22166,490,0,上海,综合,,,杭州师范大学
,major_line_2023,金融学类,金融工程（大一、大二在下沙校区，大三起在仓前校区）,,,493,2023,本科批,,22397,489,0,上海,综合,,,杭州师范大学
,major_line_2023,公共管理类,公共事业管理（卫生事业管理方向）（大一在下沙校区，大二起在仓前校区）,,,490,2023,本科批,,22397,489,0,上海,综合,,,杭州师范大学
,major_line_2023,公共管理类,健康服务与管理（大一在下沙校区，大二起在仓前校区）,,,489,2023,本科批,,22656,488,0,上海,综合,,,杭州师范大学
,major_line_2023,外国语言文学类,朝鲜语（大一、大二在下沙校区，大三起在仓前校区）,,,489,2023,本科批,,22656,488,0,上海,综合,,,杭州师范大学
,major_line_2023,食品科学与工程类,食品科学与工程类（含食品科学与工程、食品质量与安全、粮食工程、乳品工程、食品营养与健康专业）,,,512,2023,本科批,,17139,510,0,上海,综合,,,东北农业大学
,major_line_2023,金融学类,金融学类（含金融学、保险学、国际经济与贸易专业）,,,503,2023,本科批,,19158,502,0,上海,综合,,,东北农业大学
,major_line_2023,食品科学与工程类,食品科学与工程类（含食品科学与工程、食品质量与安全、粮食工程、乳品工程、食品营养与健康专业）,,,512,2023,本科批,,17139,510,0,上海,综合,,,东北农业大学
,major_line_2023,金融学类,金融学类（含金融学、保险学、国际经济与贸易专业）,,,503,2023,本科批,,19158,502,0,上海,综合,,,东北农业大学
,major_line_2023,临床医学类,临床医学（中山校区）,,,527,2023,本科批,,13152,526,0,上海,综合,,,河北医科大学
,major_line_2023,公共卫生与预防医学类,公共卫生与预防医学类（含预防医学、妇幼保健医学专业。入学后选拔优秀学生到预防医学）（明德创新班和预防医学）（医院感染控制特色班学习）（建华校区）,,,518,2023,本科批,,16921,511,0,上海,综合,,,河北医科大学
,major_line_2023,临床医学类,临床医学（中山校区）,,,527,2023,本科批,,13152,526,0,上海,综合,,,河北医科大学
,major_line_2023,公共卫生与预防医学类,公共卫生与预防医学类（含预防医学、妇幼保健医学专业。入学后选拔优秀学生到预防医学）（明德创新班和预防医学）（医院感染控制特色班学习）（建华校区）,,,518,2023,本科批,,16921,511,0,上海,综合,,,河北医科大学
,major_line_2023,药学类,药学类（含药学、药物制剂、药物分析、药物化学专业。入学后选拔优秀学生到药学）（拔尖创新班学习）,,,481,2023,本科批,,25081,478,0,上海,综合,,,河北医科大学
,major_line_2023,药学类,临床药学,,,478,2023,本科批,,25848,475,0,上海,综合,,,河北医科大学
,major_line_2023,药学类,药学类（含药学、药物制剂、药物分析、药物化学专业。入学后选拔优秀学生到药学）（拔尖创新班学习）,,,481,2023,本科批,,25081,478,0,上海,综合,,,河北医科大学
,major_line_2023,药学类,临床药学,,,478,2023,本科批,,25848,475,0,上海,综合,,,河北医科大学
,major_line_2023,机械类,机械类（车辆与物流方向。含车辆工程、物流工程专业）,,,507,2023,本科批,,19420,501,0,上海,综合,,,武汉科技大学
,major_line_2023,自动化类,自动化类（含电子信息工程、通信工程、电子科学与技术、电气工程及其自动化、自动化、机器人工程专业）,,,505,2023,本科批,,19420,501,0,上海,综合,,,武汉科技大学
,major_line_2023,建筑类,建筑类（含建筑学、城乡规划专业）,,,500,2023,本科批,,20181,498,0,上海,综合,,,武汉科技大学
,major_line_2023,材料类,材料类（含材料化学、冶金工程、金属材料工程、无机非金属材料工程、材料成型及控制工程、能源与动力工程专业）,,,495,2023,本科批,,21932,491,0,上海,综合,,,武汉科技大学
,major_line_2023,机械类,机械类（车辆与物流方向。含车辆工程、物流工程专业）,,,507,2023,本科批,,19420,501,0,上海,综合,,,武汉科技大学
,major_line_2023,自动化类,自动化类（含电子信息工程、通信工程、电子科学与技术、电气工程及其自动化、自动化、机器人工程专业）,,,505,2023,本科批,,19420,501,0,上海,综合,,,武汉科技大学
,major_line_2023,建筑类,建筑类（含建筑学、城乡规划专业）,,,500,2023,本科批,,20181,498,0,上海,综合,,,武汉科技大学
,major_line_2023,材料类,材料类（含材料化学、冶金工程、金属材料工程、无机非金属材料工程、材料成型及控制工程、能源与动力工程专业）,,,495,2023,本科批,,21932,491,0,上海,综合,,,武汉科技大学
,major_line_2023,计算机类,物联网工程,,,485,2023,本科批,,24077,482,0,上海,综合,,,山东科技大学
,major_line_2023,电气类,电气工程及其自动化,,,476,2023,本科批,,26112,474,0,上海,综合,,,山东科技大学
,major_line_2023,海洋工程类,船舶与海洋工程,,,471,2023,本科批,,27118,470,0,上海,综合,,,山东科技大学
,major_line_2023,经济与贸易类,国际经济与贸易,,,469,2023,本科批,,27576,468,0,上海,综合,,,山东科技大学
,major_line_2023,金融学类,金融学,,,467,2023,本科批,,28075,466,0,上海,综合,,,山东科技大学
,major_line_2023,计算机类,物联网工程,,,485,2023,本科批,,24077,482,0,上海,综合,,,山东科技大学
,major_line_2023,电气类,电气工程及其自动化,,,476,2023,本科批,,26112,474,0,上海,综合,,,山东科技大学
,major_line_2023,海洋工程类,船舶与海洋工程,,,471,2023,本科批,,27118,470,0,上海,综合,,,山东科技大学
,major_line_2023,经济与贸易类,国际经济与贸易,,,469,2023,本科批,,27576,468,0,上海,综合,,,山东科技大学
,major_line_2023,金融学类,金融学,,,467,2023,本科批,,28075,466,0,上海,综合,,,山东科技大学
,major_line_2023,计算机类,计算机类（含计算机科学与技术、网络工程、物联网工程专业）,,,479,2023,本科批,,25351,477,0,上海,综合,,,陕西科技大学
,major_line_2023,电子信息类,电子信息类（含电子信息工程、电子科学与技术、光电信息科学与工程、人工智能专业）,,,481,2023,本科批,,25585,476,0,上海,综合,,,陕西科技大学
,major_line_2023,材料类,材料科学与工程,,,472,2023,本科批,,26866,471,0,上海,综合,,,陕西科技大学
,major_line_2023,机械类,工业设计（中外合作办学）（中英双学位）（中外合作办学）,,,460,2023,本科批,,31584,451,0,上海,综合,,,陕西科技大学
,major_line_2023,机械类,工业设计（中外合作办学）（中英双学位）（中外合作办学）,,,460,2023,本科批,,31584,451,0,上海,综合,,,陕西科技大学
,major_line_2023,计算机类,计算机类（含计算机科学与技术、网络工程、物联网工程专业）,,,479,2023,本科批,,25351,477,0,上海,综合,,,陕西科技大学
,major_line_2023,电子信息类,电子信息类（含电子信息工程、电子科学与技术、光电信息科学与工程、人工智能专业）,,,481,2023,本科批,,25585,476,0,上海,综合,,,陕西科技大学
,major_line_2023,材料类,材料科学与工程,,,472,2023,本科批,,26866,471,0,上海,综合,,,陕西科技大学
,major_line_2023,公共管理类,公共管理类（含行政管理、公共事业管理、劳动与社会保障专业。专业体检受限要求详见学校招生章程）,,,449,2023,本科批,,33094,444,0,上海,综合,,,福建农林大学
,major_line_2023,公共管理类,公共管理类（含行政管理、公共事业管理、劳动与社会保障专业。专业体检受限要求详见学校招生章程）,,,449,2023,本科批,,33094,444,0,上海,综合,,,福建农林大学
,major_line_2023,工商管理类,会计学（注册会计师方向）,,,528,2023,本科批,,12910,527,0,上海,综合,,,江西财经大学
,major_line_2023,经济学类,经济统计学,,,524,2023,本科批,,13663,524,0,上海,综合,,,江西财经大学
,major_line_2023,工商管理类,会计学（ACCA方向。英国特许注册会计师，涉及注册从业资格考试专业）,,,522,2023,本科批,,14416,521,0,上海,综合,,,江西财经大学
,major_line_2023,工商管理类,会计学,,,520,2023,本科批,,14672,520,0,上海,综合,,,江西财经大学
,major_line_2023,金融学类,金融学（CFA方向。注册金融分析师，涉及注册从业资格考试专业）,,,519,2023,本科批,,16172,514,0,上海,综合,,,江西财经大学
,major_line_2023,金融学类,金融工程,,,517,2023,本科批,,16172,514,0,上海,综合,,,江西财经大学
,major_line_2023,金融学类,金融学（FRM方向。全球金融风险管理师，涉及注册从业资格考试专业）,,,516,2023,本科批,,16172,514,0,上海,综合,,,江西财经大学
,major_line_2023,工商管理类,会计学（CIMA方向。特许管理会计师，涉及注册从业资格考试专业）,,,515,2023,本科批,,16172,514,0,上海,综合,,,江西财经大学
,major_line_2023,工商管理类,财务管理,,,515,2023,本科批,,16423,513,0,上海,综合,,,江西财经大学
,major_line_2023,法学类,法学（法务会计方向）,,,513,2023,本科批,,16670,512,0,上海,综合,,,江西财经大学
,major_line_2023,经济学类,国民经济管理（数字化治理和投资管理方向）,,,512,2023,本科批,,16670,512,0,上海,综合,,,江西财经大学
,major_line_2023,经济学类,经济学（数理经济方向）,,,512,2023,本科批,,16670,512,0,上海,综合,,,江西财经大学
,major_line_2023,财政学类,税收学（数字税收方向）,,,512,2023,本科批,,16670,512,0,上海,综合,,,江西财经大学
,major_line_2023,金融学类,金融学,,,511,2023,本科批,,16921,511,0,上海,综合,,,江西财经大学
,major_line_2023,财政学类,财政学,,,510,2023,本科批,,17139,510,0,上海,综合,,,江西财经大学
,major_line_2023,工商管理类,工商管理（智能商务方向）,,,510,2023,本科批,,17139,510,0,上海,综合,,,江西财经大学
,major_line_2023,经济学类,数字经济（跨学科交叉专业）,,,514,2023,本科批,,17377,509,0,上海,综合,,,江西财经大学
,major_line_2023,工商管理类,会计学（国际会计方向）,,,513,2023,本科批,,17377,509,0,上海,综合,,,江西财经大学
,major_line_2023,法学类,法学（涉外法治方向）,,,512,2023,本科批,,17377,509,0,上海,综合,,,江西财经大学
,major_line_2023,经济与贸易类,国际经济与贸易（数字贸易方向）,,,510,2023,本科批,,17631,508,0,上海,综合,,,江西财经大学
,major_line_2023,金融学类,金融学（国际投资与金融方向）,,,509,2023,本科批,,17631,508,0,上海,综合,,,江西财经大学
,major_line_2023,工商管理类,人力资源管理（数智人力方向）,,,508,2023,本科批,,17631,508,0,上海,综合,,,江西财经大学
,major_line_2023,法学类,法学,,,509,2023,本科批,,17863,507,0,上海,综合,,,江西财经大学
,major_line_2023,经济学类,数字经济（中外合作办学）（中外合作办学）,,,507,2023,本科批,,17863,507,0,上海,综合,,,江西财经大学
,major_line_2023,经济学类,数字经济（中外合作办学）（中外合作办学）,,,507,2023,本科批,,17863,507,0,上海,综合,,,江西财经大学
,major_line_2023,工商管理类,会计学（注册会计师方向）,,,528,2023,本科批,,12910,527,0,上海,综合,,,江西财经大学
,major_line_2023,经济学类,经济统计学,,,524,2023,本科批,,13663,524,0,上海,综合,,,江西财经大学
,major_line_2023,工商管理类,会计学（ACCA方向。英国特许注册会计师，涉及注册从业资格考试专业）,,,522,2023,本科批,,14416,521,0,上海,综合,,,江西财经大学
,major_line_2023,工商管理类,会计学,,,520,2023,本科批,,14672,520,0,上海,综合,,,江西财经大学
,major_line_2023,金融学类,金融学（CFA方向。注册金融分析师，涉及注册从业资格考试专业）,,,519,2023,本科批,,16172,514,0,上海,综合,,,江西财经大学
,major_line_2023,金融学类,金融工程,,,517,2023,本科批,,16172,514,0,上海,综合,,,江西财经大学
,major_line_2023,金融学类,金融学（FRM方向。全球金融风险管理师，涉及注册从业资格考试专业）,,,516,2023,本科批,,16172,514,0,上海,综合,,,江西财经大学
,major_line_2023,工商管理类,会计学（CIMA方向。特许管理会计师，涉及注册从业资格考试专业）,,,515,2023,本科批,,16172,514,0,上海,综合,,,江西财经大学
,major_line_2023,工商管理类,财务管理,,,515,2023,本科批,,16423,513,0,上海,综合,,,江西财经大学
,major_line_2023,法学类,法学（法务会计方向）,,,513,2023,本科批,,16670,512,0,上海,综合,,,江西财经大学
,major_line_2023,经济学类,国民经济管理（数字化治理和投资管理方向）,,,512,2023,本科批,,16670,512,0,上海,综合,,,江西财经大学
,major_line_2023,经济学类,经济学（数理经济方向）,,,512,2023,本科批,,16670,512,0,上海,综合,,,江西财经大学
,major_line_2023,财政学类,税收学（数字税收方向）,,,512,2023,本科批,,16670,512,0,上海,综合,,,江西财经大学
,major_line_2023,金融学类,金融学,,,511,2023,本科批,,16921,511,0,上海,综合,,,江西财经大学
,major_line_2023,财政学类,财政学,,,510,2023,本科批,,17139,510,0,上海,综合,,,江西财经大学
,major_line_2023,工商管理类,工商管理（智能商务方向）,,,510,2023,本科批,,17139,510,0,上海,综合,,,江西财经大学
,major_line_2023,经济学类,数字经济（跨学科交叉专业）,,,514,2023,本科批,,17377,509,0,上海,综合,,,江西财经大学
,major_line_2023,工商管理类,会计学（国际会计方向）,,,513,2023,本科批,,17377,509,0,上海,综合,,,江西财经大学
,major_line_2023,法学类,法学（涉外法治方向）,,,512,2023,本科批,,17377,509,0,上海,综合,,,江西财经大学
,major_line_2023,经济与贸易类,国际经济与贸易（数字贸易方向）,,,510,2023,本科批,,17631,508,0,上海,综合,,,江西财经大学
,major_line_2023,金融学类,金融学（国际投资与金融方向）,,,509,2023,本科批,,17631,508,0,上海,综合,,,江西财经大学
,major_line_2023,工商管理类,人力资源管理（数智人力方向）,,,508,2023,本科批,,17631,508,0,上海,综合,,,江西财经大学
,major_line_2023,法学类,法学,,,509,2023,本科批,,17863,507,0,上海,综合,,,江西财经大学
,major_line_2023,电气类,电气工程及其自动化,,,503,2023,本科批,,19158,502,0,上海,综合,,,长沙理工大学
,major_line_2023,电气类,智能电网信息工程,,,499,2023,本科批,,19921,499,0,上海,综合,,,长沙理工大学
,major_line_2023,计算机类,计算机科学与技术,,,498,2023,本科批,,20398,497,0,上海,综合,,,长沙理工大学
,major_line_2023,土木类,土木工程,,,497,2023,本科批,,20398,497,0,上海,综合,,,长沙理工大学
,major_line_2023,海洋工程类,船舶与海洋工程,,,496,2023,本科批,,21165,494,0,上海,综合,,,长沙理工大学
,major_line_2023,经济学类,数字经济,,,486,2023,本科批,,23334,485,0,上海,综合,,,长沙理工大学
,major_line_2023,工商管理类,会计学,,,484,2023,本科批,,24317,481,0,上海,综合,,,长沙理工大学
,major_line_2023,工商管理类,人力资源管理,,,480,2023,本科批,,24801,479,0,上海,综合,,,长沙理工大学
,major_line_2023,经济学类,数字经济,,,486,2023,本科批,,23334,485,0,上海,综合,,,长沙理工大学
,major_line_2023,工商管理类,会计学,,,484,2023,本科批,,24317,481,0,上海,综合,,,长沙理工大学
,major_line_2023,工商管理类,人力资源管理,,,480,2023,本科批,,24801,479,0,上海,综合,,,长沙理工大学
,major_line_2023,电气类,电气工程及其自动化,,,503,2023,本科批,,19158,502,0,上海,综合,,,长沙理工大学
,major_line_2023,电气类,智能电网信息工程,,,499,2023,本科批,,19921,499,0,上海,综合,,,长沙理工大学
,major_line_2023,计算机类,计算机科学与技术,,,498,2023,本科批,,20398,497,0,上海,综合,,,长沙理工大学
,major_line_2023,土木类,土木工程,,,497,2023,本科批,,20398,497,0,上海,综合,,,长沙理工大学
,major_line_2023,海洋工程类,船舶与海洋工程,,,496,2023,本科批,,21165,494,0,上海,综合,,,长沙理工大学
,major_line_2023,金融学类,金融学,,,486,2023,本科批,,23814,483,0,上海,综合,,,宁夏大学
,major_line_2023,工商管理类,工商管理,,,477,2023,本科批,,25585,476,0,上海,综合,,,宁夏大学
,major_line_2023,电子信息类,电子信息工程（卓越工程师方向）,,,520,2023,本科批,,14925,519,0,上海,综合,,,宁夏大学
,major_line_2023,计算机类,计算机科学与技术,,,503,2023,本科批,,19420,501,0,上海,综合,,,宁夏大学
,major_line_2023,电子信息类,电子信息工程（卓越工程师方向）,,,520,2023,本科批,,14925,519,0,上海,综合,,,宁夏大学
,major_line_2023,计算机类,计算机科学与技术,,,503,2023,本科批,,19420,501,0,上海,综合,,,宁夏大学
,major_line_2023,金融学类,金融学,,,486,2023,本科批,,23814,483,0,上海,综合,,,宁夏大学
,major_line_2023,工商管理类,工商管理,,,477,2023,本科批,,25585,476,0,上海,综合,,,宁夏大学
,major_line_2023,计算机类,计算机科学与技术（择优进入计算机卓越工程师班。国家级一流本科专业）（语种:不限在博达校区）,,,527,2023,本科批,,12910,527,0,上海,综合,,,新疆大学
,major_line_2023,机械类,机械类（含机械工程、材料成型及控制工程专业。数学单科成绩不低于80分。与西安交通大学机械工程专业联合培养，实行淘汰制管理，授联合学士学位。机械工程专业为国家级一流本科专业，已通过全国工程教育专业认证）（语种:不限在博达校区）,,,522,2023,本科批,,14182,522,0,上海,综合,,,新疆大学
,major_line_2023,数学类,数学与应用数学（理科基地班。数学单科成绩不低于90分国家级一流本科专业。校内选拔要求见招生简章）（语种:不限在博达校区）,,,511,2023,本科批,,17863,507,0,上海,综合,,,新疆大学
,major_line_2023,经济与贸易类,国际经济与贸易（省级一流本科专业）,,,494,2023,本科批,,21165,494,0,上海,综合,,,新疆大学
,major_line_2023,数学类,信息与计算科学（数学单科成绩不低于90分。省级一流本科专业）（语种:不限在博达校区）,,,494,2023,本科批,,21165,494,0,上海,综合,,,新疆大学
,major_line_2023,计算机类,软件工程（数学单科成绩不低于70分。国家级一流本科专业。含1个俄语特色班）（语种:不限在友好校区）,,,491,2023,本科批,,21932,491,0,上海,综合,,,新疆大学
,major_line_2023,计算机类,数据科学与大数据技术（数学单科成绩不低于90分）（语种:不限在博达校区）,,,490,2023,本科批,,22166,490,0,上海,综合,,,新疆大学
,major_line_2023,机械类,机械类（含机械工程、材料成型及控制工程专业。机械工程专业为国家级一流本科专业）（语种:不限在博达校区）,,,489,2023,本科批,,22397,489,0,上海,综合,,,新疆大学
,major_line_2023,工商管理类,工商管理类（含工商管理、市场营销专业。工商管理专业为省级一流本科专业）,,,484,2023,本科批,,23581,484,0,上海,综合,,,新疆大学
,major_line_2023,计算机类,计算机科学与技术（择优进入计算机卓越工程师班。国家级一流本科专业）（语种:不限在博达校区）,,,527,2023,本科批,,12910,527,0,上海,综合,,,新疆大学
,major_line_2023,机械类,机械类（含机械工程、材料成型及控制工程专业。数学单科成绩不低于80分。与西安交通大学机械工程专业联合培养，实行淘汰制管理，授联合学士学位。机械工程专业为国家级一流本科专业，已通过全国工程教育专业认证）（语种:不限在博达校区）,,,522,2023,本科批,,14182,522,0,上海,综合,,,新疆大学
,major_line_2023,数学类,数学与应用数学（理科基地班。数学单科成绩不低于90分国家级一流本科专业。校内选拔要求见招生简章）（语种:不限在博达校区）,,,511,2023,本科批,,17863,507,0,上海,综合,,,新疆大学
,major_line_2023,数学类,信息与计算科学（数学单科成绩不低于90分。省级一流本科专业）（语种:不限在博达校区）,,,494,2023,本科批,,21165,494,0,上海,综合,,,新疆大学
,major_line_2023,计算机类,软件工程（数学单科成绩不低于70分。国家级一流本科专业。含1个俄语特色班）（语种:不限在友好校区）,,,491,2023,本科批,,21932,491,0,上海,综合,,,新疆大学
,major_line_2023,计算机类,数据科学与大数据技术（数学单科成绩不低于90分）（语种:不限在博达校区）,,,490,2023,本科批,,22166,490,0,上海,综合,,,新疆大学
,major_line_2023,机械类,机械类（含机械工程、材料成型及控制工程专业。机械工程专业为国家级一流本科专业）（语种:不限在博达校区）,,,489,2023,本科批,,22397,489,0,上海,综合,,,新疆大学
,major_line_2023,经济与贸易类,国际经济与贸易（省级一流本科专业）,,,494,2023,本科批,,21165,494,0,上海,综合,,,新疆大学
,major_line_2023,工商管理类,工商管理类（含工商管理、市场营销专业。工商管理专业为省级一流本科专业）,,,484,2023,本科批,,23581,484,0,上海,综合,,,新疆大学
,major_line_2023,矿业类,油气储运工程（无色盲）,,,504,2023,本科批,,18898,503,0,上海,综合,,,西南石油大学
,major_line_2023,矿业类,石油工程,,,500,2023,本科批,,20181,498,0,上海,综合,,,西南石油大学
,major_line_2023,经济学类,经济学,,,494,2023,本科批,,21165,494,0,上海,综合,,,西南石油大学
,major_line_2023,工商管理类,会计学,,,483,2023,本科批,,24077,482,0,上海,综合,,,西南石油大学
,major_line_2023,马克思主义理论类,思想政治教育,,,483,2023,本科批,,24077,482,0,上海,综合,,,西南石油大学
,major_line_2023,经济与贸易类,国际经济与贸易,,,481,2023,本科批,,24548,480,0,上海,综合,,,西南石油大学
,major_line_2023,矿业类,油气储运工程（无色盲）,,,504,2023,本科批,,18898,503,0,上海,综合,,,西南石油大学
,major_line_2023,矿业类,石油工程,,,500,2023,本科批,,20181,498,0,上海,综合,,,西南石油大学
,major_line_2023,马克思主义理论类,思想政治教育,,,483,2023,本科批,,24077,482,0,上海,综合,,,西南石油大学
,major_line_2023,经济学类,经济学,,,494,2023,本科批,,21165,494,0,上海,综合,,,西南石油大学
,major_line_2023,工商管理类,会计学,,,483,2023,本科批,,24077,482,0,上海,综合,,,西南石油大学
,major_line_2023,经济与贸易类,国际经济与贸易,,,481,2023,本科批,,24548,480,0,上海,综合,,,西南石油大学
,major_line_2023,金融学类,金融学（中外合作办学）（英语教学，非英语语种考生慎报）（中外合作办学）,,,510,2023,本科批,,19420,501,0,上海,综合,,,辽宁大学
,major_line_2023,金融学类,金融学（中外合作办学）（英语教学，非英语语种考生慎报）（中外合作办学）,,,510,2023,本科批,,19420,501,0,上海,综合,,,辽宁大学
,major_line_2023,历史学类,历史学（师范）,,,514,2023,本科批,,16172,514,0,上海,综合,,,温州大学
,major_line_2023,马克思主义理论类,思想政治教育（师范）,,,516,2023,本科批,,15632,516,0,上海,综合,,,温州大学
,major_line_2023,中国语言文学类,汉语言文学（师范）,,,500,2023,本科批,,19672,500,0,上海,综合,,,温州大学
,major_line_2023,心理学类,应用心理学（师范）,,,498,2023,本科批,,20181,498,0,上海,综合,,,温州大学
,major_line_2023,法学类,法学,,,492,2023,本科批,,21932,491,0,上海,综合,,,温州大学
,major_line_2023,中国语言文学类,汉语言文学（创意中文实验班）,,,490,2023,本科批,,22166,490,0,上海,综合,,,温州大学
,major_line_2023,外国语言文学类,日语,,,486,2023,本科批,,23581,484,0,上海,综合,,,温州大学
,major_line_2023,新闻传播学类,广告学,,,485,2023,本科批,,23581,484,0,上海,综合,,,温州大学
,major_line_2023,外国语言文学类,英语（师范）,,,502,2023,本科批,,24077,482,0,上海,综合,,,温州大学
,major_line_2023,金融学类,金融工程,,,485,2023,本科批,,24077,482,0,上海,综合,,,温州大学
,major_line_2023,工业工程类,工业工程,,,481,2023,本科批,,24317,481,0,上海,综合,,,温州大学
,major_line_2023,工商管理类,财务管理,,,481,2023,本科批,,24548,480,0,上海,综合,,,温州大学
,major_line_2023,经济与贸易类,国际经济与贸易,,,480,2023,本科批,,24548,480,0,上海,综合,,,温州大学
,major_line_2023,公共管理类,行政管理,,,480,2023,本科批,,24548,480,0,上海,综合,,,温州大学
,major_line_2023,外国语言文学类,翻译,,,482,2023,本科批,,24801,479,0,上海,综合,,,温州大学
,major_line_2023,工商管理类,工商管理,,,481,2023,本科批,,24801,479,0,上海,综合,,,温州大学
,major_line_2023,马克思主义理论类,思想政治教育（师范）,,,516,2023,本科批,,15632,516,0,上海,综合,,,温州大学
,major_line_2023,历史学类,历史学（师范）,,,514,2023,本科批,,16172,514,0,上海,综合,,,温州大学
,major_line_2023,中国语言文学类,汉语言文学（师范）,,,500,2023,本科批,,19672,500,0,上海,综合,,,温州大学
,major_line_2023,心理学类,应用心理学（师范）,,,498,2023,本科批,,20181,498,0,上海,综合,,,温州大学
,major_line_2023,法学类,法学,,,492,2023,本科批,,21932,491,0,上海,综合,,,温州大学
,major_line_2023,中国语言文学类,汉语言文学（创意中文实验班）,,,490,2023,本科批,,22166,490,0,上海,综合,,,温州大学
,major_line_2023,外国语言文学类,日语,,,486,2023,本科批,,23581,484,0,上海,综合,,,温州大学
,major_line_2023,新闻传播学类,广告学,,,485,2023,本科批,,23581,484,0,上海,综合,,,温州大学
,major_line_2023,外国语言文学类,英语（师范）,,,502,2023,本科批,,24077,482,0,上海,综合,,,温州大学
,major_line_2023,金融学类,金融工程,,,485,2023,本科批,,24077,482,0,上海,综合,,,温州大学
,major_line_2023,工业工程类,工业工程,,,481,2023,本科批,,24317,481,0,上海,综合,,,温州大学
,major_line_2023,工商管理类,财务管理,,,481,2023,本科批,,24548,480,0,上海,综合,,,温州大学
,major_line_2023,经济与贸易类,国际经济与贸易,,,480,2023,本科批,,24548,480,0,上海,综合,,,温州大学
,major_line_2023,公共管理类,行政管理,,,480,2023,本科批,,24548,480,0,上海,综合,,,温州大学
,major_line_2023,外国语言文学类,翻译,,,482,2023,本科批,,24801,479,0,上海,综合,,,温州大学
,major_line_2023,工商管理类,工商管理,,,481,2023,本科批,,24801,479,0,上海,综合,,,温州大学
,major_line_2023,经济学类,经济学类（含经济学、金融学、数字经济、国际经济与贸易专业）,,,486,2023,本科批,,23334,485,0,上海,综合,,,湖北大学
,major_line_2023,工商管理类,工商管理类（含工商管理、市场营销、会计学、人力资源管理专业）,,,484,2023,本科批,,24317,481,0,上海,综合,,,湖北大学
,major_line_2023,管理科学与工程类,大数据管理与应用,,,488,2023,本科批,,22878,487,0,上海,综合,,,湖北大学
,major_line_2023,经济学类,经济学类（含经济学、金融学、数字经济、国际经济与贸易专业）,,,486,2023,本科批,,23334,485,0,上海,综合,,,湖北大学
,major_line_2023,工商管理类,工商管理类（含工商管理、市场营销、会计学、人力资源管理专业）,,,484,2023,本科批,,24317,481,0,上海,综合,,,湖北大学
,major_line_2023,管理科学与工程类,大数据管理与应用,,,488,2023,本科批,,22878,487,0,上海,综合,,,湖北大学
,major_line_2023,动物医学类,动物医学（语种:不限在成都校区）,,,527,2023,本科批,,13398,525,0,上海,综合,,,四川农业大学
,major_line_2023,食品科学与工程类,食品质量与安全（语种:不限在雅安校区）,,,525,2023,本科批,,13663,524,0,上海,综合,,,四川农业大学
,major_line_2023,植物生产类,茶学（语种:不限在成都校区）,,,523,2023,本科批,,13919,523,0,上海,综合,,,四川农业大学
,major_line_2023,动物医学类,动物医学（语种:不限在成都校区）,,,527,2023,本科批,,13398,525,0,上海,综合,,,四川农业大学
,major_line_2023,食品科学与工程类,食品质量与安全（语种:不限在雅安校区）,,,525,2023,本科批,,13663,524,0,上海,综合,,,四川农业大学
,major_line_2023,植物生产类,茶学（语种:不限在成都校区）,,,523,2023,本科批,,13919,523,0,上海,综合,,,四川农业大学
,major_line_2023,电子信息类,光电信息科学与工程（工学方向。授工学学位）,,,506,2023,本科批,,18118,506,0,上海,综合,,,长春理工大学
,major_line_2023,计算机类,计算机科学与技术（因教学特点和要求，非英语语种考生慎报）,,,501,2023,本科批,,19420,501,0,上海,综合,,,长春理工大学
,major_line_2023,机械类,机械设计制造及其自动化,,,498,2023,本科批,,20181,498,0,上海,综合,,,长春理工大学
,major_line_2023,电子信息类,光电信息科学与工程（理学方向。授理学学位）,,,496,2023,本科批,,21695,492,0,上海,综合,,,长春理工大学
,major_line_2023,仪器类,测控技术与仪器,,,486,2023,本科批,,23115,486,0,上海,综合,,,长春理工大学
,major_line_2023,电子信息类,电子信息工程,,,485,2023,本科批,,23334,485,0,上海,综合,,,长春理工大学
,major_line_2023,兵器类,探测制导与控制技术,,,480,2023,本科批,,24548,480,0,上海,综合,,,长春理工大学
,major_line_2023,机械类,机械电子工程,,,478,2023,本科批,,25081,478,0,上海,综合,,,长春理工大学
,major_line_2023,数学类,数学类（含数学与应用数学、信息与计算科学专业）,,,478,2023,本科批,,25081,478,0,上海,综合,,,长春理工大学
,major_line_2023,物理学类,应用物理学,,,476,2023,本科批,,25585,476,0,上海,综合,,,长春理工大学
,major_line_2023,机械类,过程装备与控制工程,,,475,2023,本科批,,25848,475,0,上海,综合,,,长春理工大学
,major_line_2023,电气类,电气工程及其自动化,,,471,2023,本科批,,26866,471,0,上海,综合,,,长春理工大学
,major_line_2023,电子信息类,通信工程,,,471,2023,本科批,,26866,471,0,上海,综合,,,长春理工大学
,major_line_2023,材料类,新能源材料与器件,,,471,2023,本科批,,26866,471,0,上海,综合,,,长春理工大学
,major_line_2023,中国语言文学类,汉语言文学,,,456,2023,本科批,,30385,456,0,上海,综合,,,长春理工大学
,major_line_2023,法学类,法学,,,451,2023,本科批,,31584,451,0,上海,综合,,,长春理工大学
,major_line_2023,中国语言文学类,汉语国际教育（因教学特点和要求，非英语语种考生慎报）,,,445,2023,本科批,,32897,445,0,上海,综合,,,长春理工大学
,major_line_2023,金融学类,金融工程,,,442,2023,本科批,,33564,442,0,上海,综合,,,长春理工大学
,major_line_2023,经济与贸易类,国际经济与贸易（因教学特点和要求，非英语语种考生慎报）,,,442,2023,本科批,,33564,442,0,上海,综合,,,长春理工大学
,major_line_2023,外国语言文学类,英语（语种:英语）,,,442,2023,本科批,,33564,442,0,上海,综合,,,长春理工大学
,major_line_2023,工商管理类,工商管理类（含工商管理、会计学专业）,,,445,2023,本科批,,34170,439,0,上海,综合,,,长春理工大学
,major_line_2023,外国语言文学类,日语（语种:英语）,,,439,2023,本科批,,34170,439,0,上海,综合,,,长春理工大学
,major_line_2023,新闻传播学类,广告学,,,438,2023,本科批,,34431,438,0,上海,综合,,,长春理工大学
,major_line_2023,中国语言文学类,汉语言文学,,,456,2023,本科批,,30385,456,0,上海,综合,,,长春理工大学
,major_line_2023,法学类,法学,,,451,2023,本科批,,31584,451,0,上海,综合,,,长春理工大学
,major_line_2023,中国语言文学类,汉语国际教育（因教学特点和要求，非英语语种考生慎报）,,,445,2023,本科批,,32897,445,0,上海,综合,,,长春理工大学
,major_line_2023,金融学类,金融工程,,,442,2023,本科批,,33564,442,0,上海,综合,,,长春理工大学
,major_line_2023,经济与贸易类,国际经济与贸易（因教学特点和要求，非英语语种考生慎报）,,,442,2023,本科批,,33564,442,0,上海,综合,,,长春理工大学
,major_line_2023,外国语言文学类,英语（语种:英语）,,,442,2023,本科批,,33564,442,0,上海,综合,,,长春理工大学
,major_line_2023,工商管理类,工商管理类（含工商管理、会计学专业）,,,445,2023,本科批,,34170,439,0,上海,综合,,,长春理工大学
,major_line_2023,外国语言文学类,日语（语种:英语）,,,439,2023,本科批,,34170,439,0,上海,综合,,,长春理工大学
,major_line_2023,新闻传播学类,广告学,,,438,2023,本科批,,34431,438,0,上海,综合,,,长春理工大学
,major_line_2023,电子信息类,光电信息科学与工程（工学方向。授工学学位）,,,506,2023,本科批,,18118,506,0,上海,综合,,,长春理工大学
,major_line_2023,计算机类,计算机科学与技术（因教学特点和要求，非英语语种考生慎报）,,,501,2023,本科批,,19420,501,0,上海,综合,,,长春理工大学
,major_line_2023,机械类,机械设计制造及其自动化,,,498,2023,本科批,,20181,498,0,上海,综合,,,长春理工大学
,major_line_2023,电子信息类,光电信息科学与工程（理学方向。授理学学位）,,,496,2023,本科批,,21695,492,0,上海,综合,,,长春理工大学
,major_line_2023,仪器类,测控技术与仪器,,,486,2023,本科批,,23115,486,0,上海,综合,,,长春理工大学
,major_line_2023,电子信息类,电子信息工程,,,485,2023,本科批,,23334,485,0,上海,综合,,,长春理工大学
,major_line_2023,兵器类,探测制导与控制技术,,,480,2023,本科批,,24548,480,0,上海,综合,,,长春理工大学
,major_line_2023,机械类,机械电子工程,,,478,2023,本科批,,25081,478,0,上海,综合,,,长春理工大学
,major_line_2023,数学类,数学类（含数学与应用数学、信息与计算科学专业）,,,478,2023,本科批,,25081,478,0,上海,综合,,,长春理工大学
,major_line_2023,物理学类,应用物理学,,,476,2023,本科批,,25585,476,0,上海,综合,,,长春理工大学
,major_line_2023,机械类,过程装备与控制工程,,,475,2023,本科批,,25848,475,0,上海,综合,,,长春理工大学
,major_line_2023,电气类,电气工程及其自动化,,,471,2023,本科批,,26866,471,0,上海,综合,,,长春理工大学
,major_line_2023,电子信息类,通信工程,,,471,2023,本科批,,26866,471,0,上海,综合,,,长春理工大学
,major_line_2023,材料类,新能源材料与器件,,,471,2023,本科批,,26866,471,0,上海,综合,,,长春理工大学
,major_line_2023,食品科学与工程类,食品科学与工程类（含食品科学与工程、食品质量与安全专业）,,,500,2023,本科批,,19921,499,0,上海,综合,,,浙江工商大学
,major_line_2023,环境科学与工程类,环境科学与工程类（含环境科学、环境工程专业）,,,494,2023,本科批,,21430,493,0,上海,综合,,,浙江工商大学
,major_line_2023,电子信息类,电子信息类（含人工智能、电子信息工程、通信工程专业）,,,522,2023,本科批,,14672,520,0,上海,综合,,,浙江工商大学
,major_line_2023,计算机类,计算机类（含计算机科学与技术、软件工程、信息安全专业）,,,521,2023,本科批,,14672,520,0,上海,综合,,,浙江工商大学
,major_line_2023,法学类,法学类（含法学、知识产权专业）,,,520,2023,本科批,,15390,517,0,上海,综合,,,浙江工商大学
,major_line_2023,中国语言文学类,汉语言文学,,,515,2023,本科批,,16423,513,0,上海,综合,,,浙江工商大学
,major_line_2023,外国语言文学类,阿拉伯语（语种:英语）,,,513,2023,本科批,,17139,510,0,上海,综合,,,浙江工商大学
,major_line_2023,新闻传播学类,新闻传播学类（含广告学、新闻学、网络与新媒体专业）,,,505,2023,本科批,,18635,504,0,上海,综合,,,浙江工商大学
,major_line_2023,外国语言文学类,法语（外语语种为英语、法语）,,,501,2023,本科批,,19921,499,0,上海,综合,,,浙江工商大学
,major_line_2023,旅游管理类,旅游管理类（含旅游管理、酒店管理专业）,,,501,2023,本科批,,19921,499,0,上海,综合,,,浙江工商大学
,major_line_2023,食品科学与工程类,食品科学与工程类（含食品科学与工程、食品质量与安全专业）,,,500,2023,本科批,,19921,499,0,上海,综合,,,浙江工商大学
,major_line_2023,环境科学与工程类,环境科学与工程类（含环境科学、环境工程专业）,,,494,2023,本科批,,21430,493,0,上海,综合,,,浙江工商大学
,major_line_2023,电子信息类,电子信息类（含人工智能、电子信息工程、通信工程专业）,,,522,2023,本科批,,14672,520,0,上海,综合,,,浙江工商大学
,major_line_2023,计算机类,计算机类（含计算机科学与技术、软件工程、信息安全专业）,,,521,2023,本科批,,14672,520,0,上海,综合,,,浙江工商大学
,major_line_2023,法学类,法学类（含法学、知识产权专业）,,,520,2023,本科批,,15390,517,0,上海,综合,,,浙江工商大学
,major_line_2023,中国语言文学类,汉语言文学,,,515,2023,本科批,,16423,513,0,上海,综合,,,浙江工商大学
,major_line_2023,外国语言文学类,阿拉伯语（语种:英语）,,,513,2023,本科批,,17139,510,0,上海,综合,,,浙江工商大学
,major_line_2023,新闻传播学类,新闻传播学类（含广告学、新闻学、网络与新媒体专业）,,,505,2023,本科批,,18635,504,0,上海,综合,,,浙江工商大学
,major_line_2023,外国语言文学类,法语（外语语种为英语、法语）,,,501,2023,本科批,,19921,499,0,上海,综合,,,浙江工商大学
,major_line_2023,旅游管理类,旅游管理类（含旅游管理、酒店管理专业）,,,501,2023,本科批,,19921,499,0,上海,综合,,,浙江工商大学
,major_line_2023,口腔医学类,口腔医学,,,510,2023,本科批,,19672,500,0,上海,综合,,,石河子大学
,major_line_2023,临床医学类,临床医学,,,495,2023,本科批,,21695,492,0,上海,综合,,,石河子大学
,major_line_2023,中国语言文学类,汉语言文学,,,481,2023,本科批,,26112,474,0,上海,综合,,,石河子大学
,major_line_2023,经济学类,经济学类（含金融学、经济学、国际经济与贸易专业）,,,471,2023,本科批,,28788,463,0,上海,综合,,,石河子大学
,major_line_2023,工商管理类,工商管理类（含财务管理、工商管理、人力资源管理、市场营销专业）,,,465,2023,本科批,,29469,460,0,上海,综合,,,石河子大学
,major_line_2023,教育学类,学前教育（师范类）,,,462,2023,本科批,,29469,460,0,上海,综合,,,石河子大学
,major_line_2023,计算机类,计算机类（含计算机科学与技术、软件工程、数据科学与大数据技术、网络空间安全专业）,,,463,2023,本科批,,30852,454,0,上海,综合,,,石河子大学
,major_line_2023,数学类,信息与计算科学,,,458,2023,本科批,,31094,453,0,上海,综合,,,石河子大学
,major_line_2023,电子信息类,电子信息工程,,,465,2023,本科批,,31821,450,0,上海,综合,,,石河子大学
,major_line_2023,物理学类,应用物理学,,,454,2023,本科批,,31821,450,0,上海,综合,,,石河子大学
,major_line_2023,口腔医学类,口腔医学,,,510,2023,本科批,,19672,500,0,上海,综合,,,石河子大学
,major_line_2023,临床医学类,临床医学,,,495,2023,本科批,,21695,492,0,上海,综合,,,石河子大学
,major_line_2023,计算机类,计算机类（含计算机科学与技术、软件工程、数据科学与大数据技术、网络空间安全专业）,,,463,2023,本科批,,30852,454,0,上海,综合,,,石河子大学
,major_line_2023,数学类,信息与计算科学,,,458,2023,本科批,,31094,453,0,上海,综合,,,石河子大学
,major_line_2023,电子信息类,电子信息工程,,,465,2023,本科批,,31821,450,0,上海,综合,,,石河子大学
,major_line_2023,物理学类,应用物理学,,,454,2023,本科批,,31821,450,0,上海,综合,,,石河子大学
,major_line_2023,中国语言文学类,汉语言文学,,,481,2023,本科批,,26112,474,0,上海,综合,,,石河子大学
,major_line_2023,经济学类,经济学类（含金融学、经济学、国际经济与贸易专业）,,,471,2023,本科批,,28788,463,0,上海,综合,,,石河子大学
,major_line_2023,工商管理类,工商管理类（含财务管理、工商管理、人力资源管理、市场营销专业）,,,465,2023,本科批,,29469,460,0,上海,综合,,,石河子大学
,major_line_2023,教育学类,学前教育（师范类）,,,462,2023,本科批,,29469,460,0,上海,综合,,,石河子大学
,major_line_2023,电子信息类,电子信息类（含电子信息工程、通信工程专业）,,,510,2023,本科批,,17139,510,0,上海,综合,,,中国计量大学
,major_line_2023,药学类,药学,,,503,2023,本科批,,18898,503,0,上海,综合,,,中国计量大学
,major_line_2023,生物工程类,生物工程,,,496,2023,本科批,,20653,496,0,上海,综合,,,中国计量大学
,major_line_2023,医学技术类,卫生检验与检疫,,,495,2023,本科批,,20893,495,0,上海,综合,,,中国计量大学
,major_line_2023,电子信息类,微电子科学与工程,,,506,2023,本科批,,21430,493,0,上海,综合,,,中国计量大学
,major_line_2023,电子信息类,电子科学与技术,,,495,2023,本科批,,21430,493,0,上海,综合,,,中国计量大学
,major_line_2023,金融学类,金融学类（含金融工程、国际经济与贸易专业。外语单科成绩不低于100分）,,,493,2023,本科批,,21430,493,0,上海,综合,,,中国计量大学
,major_line_2023,电子信息类,光电信息科学与工程,,,494,2023,本科批,,21695,492,0,上海,综合,,,中国计量大学
,major_line_2023,环境科学与工程类,环境工程,,,493,2023,本科批,,21695,492,0,上海,综合,,,中国计量大学
,major_line_2023,能源动力类,能源与动力工程,,,493,2023,本科批,,21695,492,0,上海,综合,,,中国计量大学
,major_line_2023,材料类,材料科学与工程,,,495,2023,本科批,,21932,491,0,上海,综合,,,中国计量大学
,major_line_2023,工商管理类,工商管理类（含工商管理、财务管理、市场营销专业）,,,491,2023,本科批,,21932,491,0,上海,综合,,,中国计量大学
,major_line_2023,公共管理类,行政管理,,,491,2023,本科批,,21932,491,0,上海,综合,,,中国计量大学
,major_line_2023,仪器类,测控技术与仪器,,,494,2023,本科批,,22166,490,0,上海,综合,,,中国计量大学
,major_line_2023,自动化类,自动化,,,491,2023,本科批,,22166,490,0,上海,综合,,,中国计量大学
,major_line_2023,数学类,数学与应用数学,,,490,2023,本科批,,22166,490,0,上海,综合,,,中国计量大学
,major_line_2023,工业工程类,工业工程,,,490,2023,本科批,,22166,490,0,上海,综合,,,中国计量大学
,major_line_2023,仪器类,智能感知工程,,,490,2023,本科批,,22166,490,0,上海,综合,,,中国计量大学
,major_line_2023,物理学类,物理学类（含应用物理学、声学专业）,,,493,2023,本科批,,22397,489,0,上海,综合,,,中国计量大学
,major_line_2023,机械类,工业设计,,,489,2023,本科批,,22397,489,0,上海,综合,,,中国计量大学
,major_line_2023,机械类,机械设计制造及其自动化,,,490,2023,本科批,,22656,488,0,上海,综合,,,中国计量大学
,major_line_2023,管理科学与工程类,信息管理与信息系统,,,489,2023,本科批,,22656,488,0,上海,综合,,,中国计量大学
,major_line_2023,工业工程类,质量管理工程（卓越工程师方向）,,,489,2023,本科批,,22656,488,0,上海,综合,,,中国计量大学
,major_line_2023,计算机类,数据科学与大数据技术,,,489,2023,本科批,,22656,488,0,上海,综合,,,中国计量大学
,major_line_2023,电子信息类,人工智能,,,489,2023,本科批,,22656,488,0,上海,综合,,,中国计量大学
,major_line_2023,金融学类,金融学类（含金融工程、国际经济与贸易专业。外语单科成绩不低于100分）,,,493,2023,本科批,,21430,493,0,上海,综合,,,中国计量大学
,major_line_2023,工商管理类,工商管理类（含工商管理、财务管理、市场营销专业）,,,491,2023,本科批,,21932,491,0,上海,综合,,,中国计量大学
,major_line_2023,公共管理类,行政管理,,,491,2023,本科批,,21932,491,0,上海,综合,,,中国计量大学
,major_line_2023,材料类,材料科学与工程,,,495,2023,本科批,,21932,491,0,上海,综合,,,中国计量大学
,major_line_2023,电子信息类,电子信息类（含电子信息工程、通信工程专业）,,,510,2023,本科批,,17139,510,0,上海,综合,,,中国计量大学
,major_line_2023,电子信息类,微电子科学与工程,,,506,2023,本科批,,21430,493,0,上海,综合,,,中国计量大学
,major_line_2023,电子信息类,电子科学与技术,,,495,2023,本科批,,21430,493,0,上海,综合,,,中国计量大学
,major_line_2023,电子信息类,光电信息科学与工程,,,494,2023,本科批,,21695,492,0,上海,综合,,,中国计量大学
,major_line_2023,仪器类,测控技术与仪器,,,494,2023,本科批,,22166,490,0,上海,综合,,,中国计量大学
,major_line_2023,自动化类,自动化,,,491,2023,本科批,,22166,490,0,上海,综合,,,中国计量大学
,major_line_2023,数学类,数学与应用数学,,,490,2023,本科批,,22166,490,0,上海,综合,,,中国计量大学
,major_line_2023,仪器类,智能感知工程,,,490,2023,本科批,,22166,490,0,上海,综合,,,中国计量大学
,major_line_2023,物理学类,物理学类（含应用物理学、声学专业）,,,493,2023,本科批,,22397,489,0,上海,综合,,,中国计量大学
,major_line_2023,机械类,工业设计,,,489,2023,本科批,,22397,489,0,上海,综合,,,中国计量大学
,major_line_2023,机械类,机械设计制造及其自动化,,,490,2023,本科批,,22656,488,0,上海,综合,,,中国计量大学
,major_line_2023,管理科学与工程类,信息管理与信息系统,,,489,2023,本科批,,22656,488,0,上海,综合,,,中国计量大学
,major_line_2023,工业工程类,质量管理工程（卓越工程师方向）,,,489,2023,本科批,,22656,488,0,上海,综合,,,中国计量大学
,major_line_2023,计算机类,数据科学与大数据技术,,,489,2023,本科批,,22656,488,0,上海,综合,,,中国计量大学
,major_line_2023,电子信息类,人工智能,,,489,2023,本科批,,22656,488,0,上海,综合,,,中国计量大学
,major_line_2023,药学类,药学,,,503,2023,本科批,,18898,503,0,上海,综合,,,中国计量大学
,major_line_2023,生物工程类,生物工程,,,496,2023,本科批,,20653,496,0,上海,综合,,,中国计量大学
,major_line_2023,医学技术类,卫生检验与检疫,,,495,2023,本科批,,20893,495,0,上海,综合,,,中国计量大学
,major_line_2023,环境科学与工程类,环境工程,,,493,2023,本科批,,21695,492,0,上海,综合,,,中国计量大学
,major_line_2023,能源动力类,能源与动力工程,,,493,2023,本科批,,21695,492,0,上海,综合,,,中国计量大学
,major_line_2023,工业工程类,工业工程,,,490,2023,本科批,,22166,490,0,上海,综合,,,中国计量大学
,major_line_2023,计算机类,软件工程,,,520,2023,本科批,,15632,516,0,上海,综合,,,天津工业大学
,major_line_2023,机械类,智能制造工程,,,513,2023,本科批,,17139,510,0,上海,综合,,,天津工业大学
,major_line_2023,金融学类,金融学,,,493,2023,本科批,,22166,490,0,上海,综合,,,天津工业大学
,major_line_2023,计算机类,软件工程,,,520,2023,本科批,,15632,516,0,上海,综合,,,天津工业大学
,major_line_2023,机械类,智能制造工程,,,513,2023,本科批,,17139,510,0,上海,综合,,,天津工业大学
,major_line_2023,金融学类,金融学,,,493,2023,本科批,,22166,490,0,上海,综合,,,天津工业大学
,major_line_2023,中药学类,中药学类（含中药学、中药制药、中药资源与开发专业）,,,521,2023,本科批,,15632,516,0,上海,综合,,,南京中医药大学
,major_line_2023,中医学类,中医学（中医拔尖创新人才培养模式改革。5+3一体化）,,,555,2023,本科批,,6846,554,0,上海,综合,,,南京中医药大学
,major_line_2023,中医学类,中医学,,,549,2023,本科批,,8464,546,0,上海,综合,,,南京中医药大学
,major_line_2023,医学技术类,康复治疗学,,,543,2023,本科批,,9655,541,0,上海,综合,,,南京中医药大学
,major_line_2023,中医学类,中医学（中医拔尖创新人才培养模式改革。5+3一体化）,,,555,2023,本科批,,6846,554,0,上海,综合,,,南京中医药大学
,major_line_2023,中医学类,中医学,,,549,2023,本科批,,8464,546,0,上海,综合,,,南京中医药大学
,major_line_2023,医学技术类,康复治疗学,,,543,2023,本科批,,9655,541,0,上海,综合,,,南京中医药大学
,major_line_2023,中药学类,中药学类（含中药学、中药制药、中药资源与开发专业）,,,521,2023,本科批,,15632,516,0,上海,综合,,,南京中医药大学
,major_line_2023,计算机类,计算机科学与技术,,,486,2023,本科批,,23334,485,0,上海,综合,,,安徽师范大学
,major_line_2023,电子信息类,电子信息工程,,,488,2023,本科批,,23814,483,0,上海,综合,,,安徽师范大学
,major_line_2023,中国语言文学类,汉语言文学（语种:不限在天门山校区）,,,515,2023,本科批,,16172,514,0,上海,综合,,,安徽师范大学
,major_line_2023,法学类,法学（语种:不限在天门山校区）,,,498,2023,本科批,,20893,495,0,上海,综合,,,安徽师范大学
,major_line_2023,新闻传播学类,新闻学（语种:不限在花津校区）,,,488,2023,本科批,,23115,486,0,上海,综合,,,安徽师范大学
,major_line_2023,工商管理类,会计学（语种:不限在天门山校区）,,,487,2023,本科批,,23115,486,0,上海,综合,,,安徽师范大学
,major_line_2023,中国语言文学类,汉语国际教育（语种:不限在天门山校区）,,,491,2023,本科批,,23334,485,0,上海,综合,,,安徽师范大学
,major_line_2023,工商管理类,财务管理（语种:不限在天门山校区）,,,484,2023,本科批,,24077,482,0,上海,综合,,,安徽师范大学
,major_line_2023,物流管理与工程类,供应链管理（语种:不限在天门山校区）,,,484,2023,本科批,,24077,482,0,上海,综合,,,安徽师范大学
,major_line_2023,金融学类,金融工程（语种:不限在天门山校区）,,,495,2023,本科批,,24317,481,0,上海,综合,,,安徽师范大学
,major_line_2023,经济学类,经济学（语种:不限在天门山校区）,,,485,2023,本科批,,24317,481,0,上海,综合,,,安徽师范大学
,major_line_2023,教育学类,学前教育（语种:不限在天门山校区）,,,482,2023,本科批,,24801,479,0,上海,综合,,,安徽师范大学
,major_line_2023,中国语言文学类,汉语言文学（语种:不限在天门山校区）,,,515,2023,本科批,,16172,514,0,上海,综合,,,安徽师范大学
,major_line_2023,法学类,法学（语种:不限在天门山校区）,,,498,2023,本科批,,20893,495,0,上海,综合,,,安徽师范大学
,major_line_2023,新闻传播学类,新闻学（语种:不限在花津校区）,,,488,2023,本科批,,23115,486,0,上海,综合,,,安徽师范大学
,major_line_2023,工商管理类,会计学（语种:不限在天门山校区）,,,487,2023,本科批,,23115,486,0,上海,综合,,,安徽师范大学
,major_line_2023,中国语言文学类,汉语国际教育（语种:不限在天门山校区）,,,491,2023,本科批,,23334,485,0,上海,综合,,,安徽师范大学
,major_line_2023,计算机类,计算机科学与技术,,,486,2023,本科批,,23334,485,0,上海,综合,,,安徽师范大学
,major_line_2023,电子信息类,电子信息工程,,,488,2023,本科批,,23814,483,0,上海,综合,,,安徽师范大学
,major_line_2023,工商管理类,财务管理（语种:不限在天门山校区）,,,484,2023,本科批,,24077,482,0,上海,综合,,,安徽师范大学
,major_line_2023,物流管理与工程类,供应链管理（语种:不限在天门山校区）,,,484,2023,本科批,,24077,482,0,上海,综合,,,安徽师范大学
,major_line_2023,金融学类,金融工程（语种:不限在天门山校区）,,,495,2023,本科批,,24317,481,0,上海,综合,,,安徽师范大学
,major_line_2023,经济学类,经济学（语种:不限在天门山校区）,,,485,2023,本科批,,24317,481,0,上海,综合,,,安徽师范大学
,major_line_2023,教育学类,学前教育（语种:不限在天门山校区）,,,482,2023,本科批,,24801,479,0,上海,综合,,,安徽师范大学
,major_line_2023,工商管理类,工商管理（中外合作办学）（与澳大利亚拉筹伯大学合作）（中外合作办学）,,,473,2023,本科批,,27118,470,0,上海,综合,,,江苏科技大学
,major_line_2023,公共管理类,公共事业管理,,,473,2023,本科批,,28075,466,0,上海,综合,,,江苏科技大学
,major_line_2023,旅游管理类,旅游管理,,,465,2023,本科批,,28564,464,0,上海,综合,,,江苏科技大学
,major_line_2023,计算机类,计算机类（含计算机科学与技术、物联网工程、信息安全专业）,,,477,2023,本科批,,26112,474,0,上海,综合,,,江苏科技大学
,major_line_2023,海洋工程类,海洋工程类（含船舶与海洋工程、海洋工程与技术专业）,,,474,2023,本科批,,27118,470,0,上海,综合,,,江苏科技大学
,major_line_2023,水利类,港口航道与海岸工程,,,467,2023,本科批,,28075,466,0,上海,综合,,,江苏科技大学
,major_line_2023,海洋工程类,船舶与海洋工程（中外合作办学）（与乌克兰马卡洛夫国立造船大学合作）（中外合作办学）,,,465,2023,本科批,,28564,464,0,上海,综合,,,江苏科技大学
,major_line_2023,生物工程类,生物工程,,,484,2023,本科批,,24801,479,0,上海,综合,,,江苏科技大学
,major_line_2023,统计学类,应用统计学,,,479,2023,本科批,,24801,479,0,上海,综合,,,江苏科技大学
,major_line_2023,计算机类,计算机类（含计算机科学与技术、物联网工程、信息安全专业）,,,477,2023,本科批,,26112,474,0,上海,综合,,,江苏科技大学
,major_line_2023,海洋工程类,海洋工程类（含船舶与海洋工程、海洋工程与技术专业）,,,474,2023,本科批,,27118,470,0,上海,综合,,,江苏科技大学
,major_line_2023,工商管理类,工商管理（中外合作办学）（与澳大利亚拉筹伯大学合作）（中外合作办学）,,,473,2023,本科批,,27118,470,0,上海,综合,,,江苏科技大学
,major_line_2023,公共管理类,公共事业管理,,,473,2023,本科批,,28075,466,0,上海,综合,,,江苏科技大学
,major_line_2023,水利类,港口航道与海岸工程,,,467,2023,本科批,,28075,466,0,上海,综合,,,江苏科技大学
,major_line_2023,旅游管理类,旅游管理,,,465,2023,本科批,,28564,464,0,上海,综合,,,江苏科技大学
,major_line_2023,海洋工程类,船舶与海洋工程（中外合作办学）（与乌克兰马卡洛夫国立造船大学合作）（中外合作办学）,,,465,2023,本科批,,28564,464,0,上海,综合,,,江苏科技大学
,major_line_2023,生物工程类,生物工程,,,484,2023,本科批,,24801,479,0,上海,综合,,,江苏科技大学
,major_line_2023,统计学类,应用统计学,,,479,2023,本科批,,24801,479,0,上海,综合,,,江苏科技大学
,major_line_2023,金融学类,金融学（数据与计量分析方向。英文授课）,,,529,2023,本科批,,14416,521,0,上海,综合,,,首都经济贸易大学
,major_line_2023,工商管理类,工商管理类（工商学院。含工商管理、市场营销、电子商务、物流管理专业）,,,520,2023,本科批,,14925,519,0,上海,综合,,,首都经济贸易大学
,major_line_2023,金融学类,金融学（数据与计量分析方向。英文授课）,,,529,2023,本科批,,14416,521,0,上海,综合,,,首都经济贸易大学
,major_line_2023,工商管理类,工商管理类（工商学院。含工商管理、市场营销、电子商务、物流管理专业）,,,520,2023,本科批,,14925,519,0,上海,综合,,,首都经济贸易大学
,major_line_2023,金融学类,金融学（语种:不限在历城校区）,,,453,2023,本科批,,32023,449,0,上海,综合,,,齐鲁工业大学
,major_line_2023,法学类,法学（语种:不限在长清校区）,,,448,2023,本科批,,32676,446,0,上海,综合,,,齐鲁工业大学
,major_line_2023,金融学类,金融学（语种:不限在历城校区）,,,453,2023,本科批,,32023,449,0,上海,综合,,,齐鲁工业大学
,major_line_2023,法学类,法学（语种:不限在长清校区）,,,448,2023,本科批,,32676,446,0,上海,综合,,,齐鲁工业大学
,major_line_2023,外国语言文学类,外国语言文学类（含英语、英语）（英西复语、商务英语专业）（语种:英语）,,,530,2023,本科批,,12194,530,0,上海,综合,,,北京语言大学
,major_line_2023,中国语言文学类,汉语言文学,,,527,2023,本科批,,12910,527,0,上海,综合,,,北京语言大学
,major_line_2023,外国语言文学类,翻译（英语方向）（语种:英语）,,,527,2023,本科批,,12910,527,0,上海,综合,,,北京语言大学
,major_line_2023,新闻传播学类,网络与新媒体,,,526,2023,本科批,,13152,526,0,上海,综合,,,北京语言大学
,major_line_2023,外国语言文学类,外国语言文学类（含英语、英语）（英西复语、商务英语专业）（语种:英语）,,,530,2023,本科批,,12194,530,0,上海,综合,,,北京语言大学
,major_line_2023,中国语言文学类,汉语言文学,,,527,2023,本科批,,12910,527,0,上海,综合,,,北京语言大学
,major_line_2023,外国语言文学类,翻译（英语方向）（语种:英语）,,,527,2023,本科批,,12910,527,0,上海,综合,,,北京语言大学
,major_line_2023,新闻传播学类,网络与新媒体,,,526,2023,本科批,,13152,526,0,上海,综合,,,北京语言大学
,major_line_2023,能源动力类,能源与动力工程,,,501,2023,本科批,,19921,499,506,上海,综合,,,上海海洋大学
,major_line_2023,轻工类,包装工程,,,499,2023,本科批,,20181,498,502,上海,综合,,,上海海洋大学
,major_line_2023,水产类,水产类,,,517,2023,本科批,,16921,511,527,上海,综合,,,上海海洋大学
,major_line_2023,食品科学与工程类,食品科学与工程类,,,514,2023,本科批,,17139,510,526,上海,综合,,,上海海洋大学
,major_line_2023,生物科学类,生物科学类,,,513,2023,本科批,,17377,509,537,上海,综合,,,上海海洋大学
,major_line_2023,生物工程类,生物制药,,,509,2023,本科批,,18398,505,531,上海,综合,,,上海海洋大学
,major_line_2023,海洋科学类,海洋科学类,,,505,2023,本科批,,19420,501,524,上海,综合,,,上海海洋大学
,major_line_2023,工业工程类,工业工程,,,503,2023,本科批,,19672,500,511,上海,综合,,,上海海洋大学
,major_line_2023,环境科学与工程类,环境科学与工程类,,,503,2023,本科批,,19672,500,510,上海,综合,,,上海海洋大学
,major_line_2023,水产类,水产类,,,517,2023,本科批,,16921,511,527,上海,综合,,,上海海洋大学
,major_line_2023,食品科学与工程类,食品科学与工程类,,,514,2023,本科批,,17139,510,526,上海,综合,,,上海海洋大学
,major_line_2023,生物科学类,生物科学类,,,513,2023,本科批,,17377,509,537,上海,综合,,,上海海洋大学
,major_line_2023,计算机类,计算机类,,,512,2023,本科批,,18118,506,528,上海,综合,,,上海海洋大学
,major_line_2023,生物工程类,生物制药,,,509,2023,本科批,,18398,505,531,上海,综合,,,上海海洋大学
,major_line_2023,工商管理类,会计学,,,508,2023,本科批,,18635,504,515,上海,综合,,,上海海洋大学
,major_line_2023,电气类,电气工程及其自动化,,,506,2023,本科批,,18635,504,511,上海,综合,,,上海海洋大学
,major_line_2023,自动化类,机器人工程,,,505,2023,本科批,,18898,503,510,上海,综合,,,上海海洋大学
,major_line_2023,机械类,机械设计制造及其自动化,,,506,2023,本科批,,19158,502,520,上海,综合,,,上海海洋大学
,major_line_2023,海洋科学类,海洋科学类,,,505,2023,本科批,,19420,501,524,上海,综合,,,上海海洋大学
,major_line_2023,仪器类,测控技术与仪器,,,502,2023,本科批,,19420,501,506,上海,综合,,,上海海洋大学
,major_line_2023,工业工程类,工业工程,,,503,2023,本科批,,19672,500,511,上海,综合,,,上海海洋大学
,major_line_2023,环境科学与工程类,环境科学与工程类,,,503,2023,本科批,,19672,500,510,上海,综合,,,上海海洋大学
,major_line_2023,能源动力类,能源与动力工程,,,501,2023,本科批,,19921,499,506,上海,综合,,,上海海洋大学
,major_line_2023,轻工类,包装工程,,,499,2023,本科批,,20181,498,502,上海,综合,,,上海海洋大学
,major_line_2023,金融学类,金融学,,,503,2023,本科批,,20398,497,529,上海,综合,,,上海海洋大学
,major_line_2023,工商管理类,文化产业管理,,,502,2023,本科批,,20398,497,507,上海,综合,,,上海海洋大学
,major_line_2023,经济与贸易类,国际经济与贸易,,,500,2023,本科批,,20398,497,507,上海,综合,,,上海海洋大学
,major_line_2023,工商管理类,工商管理（食品经济管理）,,,496,2023,本科批,,21165,494,512,上海,综合,,,上海海洋大学
,major_line_2023,社会学类,社会工作,,,496,2023,本科批,,21430,493,513,上海,综合,,,上海海洋大学
,major_line_2023,外国语言文学类,英语,,,496,2023,本科批,,21430,493,508,上海,综合,,,上海海洋大学
,major_line_2023,物流管理与工程类,物流管理,,,495,2023,本科批,,21430,493,504,上海,综合,,,上海海洋大学
,major_line_2023,外国语言文学类,日语,,,495,2023,本科批,,21695,492,507,上海,综合,,,上海海洋大学
,major_line_2023,公共管理类,行政管理,,,494,2023,本科批,,21695,492,512,上海,综合,,,上海海洋大学
,major_line_2023,外国语言文学类,朝鲜语,,,492,2023,本科批,,21695,492,496,上海,综合,,,上海海洋大学
,major_line_2023,管理科学与工程类,信息管理与信息系统（中外合作）（中外合作办学）,,,492,2023,本科批,,22878,487,502,上海,综合,,,上海海洋大学
,major_line_2023,工商管理类,市场营销（中外合作）（中外合作办学）,,,492,2023,本科批,,23115,486,507,上海,综合,,,上海海洋大学
,major_line_2023,工商管理类,会计学,,,508,2023,本科批,,18635,504,515,上海,综合,,,上海海洋大学
,major_line_2023,金融学类,金融学,,,503,2023,本科批,,20398,497,529,上海,综合,,,上海海洋大学
,major_line_2023,工商管理类,文化产业管理,,,502,2023,本科批,,20398,497,507,上海,综合,,,上海海洋大学
,major_line_2023,经济与贸易类,国际经济与贸易,,,500,2023,本科批,,20398,497,507,上海,综合,,,上海海洋大学
,major_line_2023,工商管理类,工商管理（食品经济管理）,,,496,2023,本科批,,21165,494,512,上海,综合,,,上海海洋大学
,major_line_2023,社会学类,社会工作,,,496,2023,本科批,,21430,493,513,上海,综合,,,上海海洋大学
,major_line_2023,外国语言文学类,英语,,,496,2023,本科批,,21430,493,508,上海,综合,,,上海海洋大学
,major_line_2023,物流管理与工程类,物流管理,,,495,2023,本科批,,21430,493,504,上海,综合,,,上海海洋大学
,major_line_2023,外国语言文学类,日语,,,495,2023,本科批,,21695,492,507,上海,综合,,,上海海洋大学
,major_line_2023,公共管理类,行政管理,,,494,2023,本科批,,21695,492,512,上海,综合,,,上海海洋大学
,major_line_2023,外国语言文学类,朝鲜语,,,492,2023,本科批,,21695,492,496,上海,综合,,,上海海洋大学
,major_line_2023,计算机类,计算机类,,,512,2023,本科批,,18118,506,528,上海,综合,,,上海海洋大学
,major_line_2023,电气类,电气工程及其自动化,,,506,2023,本科批,,18635,504,511,上海,综合,,,上海海洋大学
,major_line_2023,自动化类,机器人工程,,,505,2023,本科批,,18898,503,510,上海,综合,,,上海海洋大学
,major_line_2023,机械类,机械设计制造及其自动化,,,506,2023,本科批,,19158,502,520,上海,综合,,,上海海洋大学
,major_line_2023,仪器类,测控技术与仪器,,,502,2023,本科批,,19420,501,506,上海,综合,,,上海海洋大学
,major_line_2023,工商管理类,市场营销（中外合作）（中外合作办学）,,,492,2023,本科批,,23115,486,507,上海,综合,,,上海海洋大学
,major_line_2023,管理科学与工程类,信息管理与信息系统（中外合作）（中外合作办学）,,,492,2023,本科批,,22878,487,502,上海,综合,,,上海海洋大学
,major_line_2023,临床医学类,临床医学,,,548,2023,本科批,,9864,540,0,上海,综合,,,福建医科大学
,major_line_2023,临床医学类,临床医学,,,548,2023,本科批,,9864,540,0,上海,综合,,,福建医科大学
,major_line_2023,医学技术类,医学检验技术,,,514,2023,本科批,,16670,512,0,上海,综合,,,福建医科大学
,major_line_2023,医学技术类,医学检验技术,,,514,2023,本科批,,16670,512,0,上海,综合,,,福建医科大学
,major_line_2023,生物工程类,生物制药,,,496,2023,本科批,,20653,496,0,上海,综合,,,浙江农林大学
,major_line_2023,林学类,园林,,,494,2023,本科批,,21165,494,0,上海,综合,,,浙江农林大学
,major_line_2023,食品科学与工程类,食品质量与安全,,,494,2023,本科批,,21165,494,0,上海,综合,,,浙江农林大学
,major_line_2023,统计学类,应用统计学,,,493,2023,本科批,,21430,493,0,上海,综合,,,浙江农林大学
,major_line_2023,食品科学与工程类,食品科学与工程,,,491,2023,本科批,,21932,491,0,上海,综合,,,浙江农林大学
,major_line_2023,建筑类,风景园林,,,513,2023,本科批,,18398,505,0,上海,综合,,,浙江农林大学
,major_line_2023,动物医学类,动物医学,,,510,2023,本科批,,17139,510,0,上海,综合,,,浙江农林大学
,major_line_2023,建筑类,风景园林,,,513,2023,本科批,,18398,505,0,上海,综合,,,浙江农林大学
,major_line_2023,动物生产类,动物科学,,,501,2023,本科批,,19420,501,0,上海,综合,,,浙江农林大学
,major_line_2023,环境科学与工程类,环境科学与工程,,,499,2023,本科批,,19921,499,0,上海,综合,,,浙江农林大学
,major_line_2023,生物工程类,生物制药,,,496,2023,本科批,,20653,496,0,上海,综合,,,浙江农林大学
,major_line_2023,林学类,园林,,,494,2023,本科批,,21165,494,0,上海,综合,,,浙江农林大学
,major_line_2023,食品科学与工程类,食品质量与安全,,,494,2023,本科批,,21165,494,0,上海,综合,,,浙江农林大学
,major_line_2023,统计学类,应用统计学,,,493,2023,本科批,,21430,493,0,上海,综合,,,浙江农林大学
,major_line_2023,化学类,应用化学,,,492,2023,本科批,,21695,492,0,上海,综合,,,浙江农林大学
,major_line_2023,食品科学与工程类,食品科学与工程,,,491,2023,本科批,,21932,491,0,上海,综合,,,浙江农林大学
,major_line_2023,经济与贸易类,国际经济与贸易（衣锦校区）,,,484,2023,本科批,,23581,484,0,上海,综合,,,浙江农林大学
,major_line_2023,工商管理类,文化产业管理（茶文化方向）（东湖校区）,,,484,2023,本科批,,23814,483,0,上海,综合,,,浙江农林大学
,major_line_2023,工商管理类,工商管理（衣锦校区）,,,483,2023,本科批,,23814,483,0,上海,综合,,,浙江农林大学
,major_line_2023,动物医学类,动物医学,,,510,2023,本科批,,17139,510,0,上海,综合,,,浙江农林大学
,major_line_2023,动物生产类,动物科学,,,501,2023,本科批,,19420,501,0,上海,综合,,,浙江农林大学
,major_line_2023,环境科学与工程类,环境科学与工程,,,499,2023,本科批,,19921,499,0,上海,综合,,,浙江农林大学
,major_line_2023,化学类,应用化学,,,492,2023,本科批,,21695,492,0,上海,综合,,,浙江农林大学
,major_line_2023,经济与贸易类,国际经济与贸易（衣锦校区）,,,484,2023,本科批,,23581,484,0,上海,综合,,,浙江农林大学
,major_line_2023,工商管理类,文化产业管理（茶文化方向）（东湖校区）,,,484,2023,本科批,,23814,483,0,上海,综合,,,浙江农林大学
,major_line_2023,工商管理类,工商管理（衣锦校区）,,,483,2023,本科批,,23814,483,0,上海,综合,,,浙江农林大学
,major_line_2023,法学类,法学（国际金融法方向）,,,564,2023,本科批,,5080,563,0,上海,综合,,,华东政法大学
,major_line_2023,法学类,法学（民商法律方向）,,,560,2023,本科批,,6238,557,0,上海,综合,,,华东政法大学
,major_line_2023,法学类,法学（经济法方向）,,,555,2023,本科批,,7242,552,0,上海,综合,,,华东政法大学
,major_line_2023,法学类,法学（网络与信息法方向）,,,554,2023,本科批,,7242,552,0,上海,综合,,,华东政法大学
,major_line_2023,法学类,法学（刑事法律方向）,,,553,2023,本科批,,7651,550,0,上海,综合,,,华东政法大学
,major_line_2023,法学类,法学（刑事司法方向）,,,551,2023,本科批,,7651,550,0,上海,综合,,,华东政法大学
,major_line_2023,法学类,法学（国际经济法方向）,,,552,2023,本科批,,8061,548,0,上海,综合,,,华东政法大学
,major_line_2023,法学类,知识产权（卓越人才实验班）,,,550,2023,本科批,,8061,548,0,上海,综合,,,华东政法大学
,major_line_2023,法学类,法学（卓越民商法治人才实验班）,,,576,2023,本科批,,3586,572,0,上海,综合,,,华东政法大学
,major_line_2023,法学类,法学（沪港交流涉外卓越法律人才实验班）,,,570,2023,本科批,,4260,568,0,上海,综合,,,华东政法大学
,major_line_2023,法学类,法学（卓越刑事法律人才实验班）,,,570,2023,本科批,,4425,567,0,上海,综合,,,华东政法大学
,major_line_2023,法学类,法学（涉外卓越国际金融法律人才实验班）,,,567,2023,本科批,,4910,564,0,上海,综合,,,华东政法大学
,major_line_2023,法学类,法学（卓越民商法治人才实验班）,,,576,2023,本科批,,3586,572,0,上海,综合,,,华东政法大学
,major_line_2023,法学类,法学（沪港交流涉外卓越法律人才实验班）,,,570,2023,本科批,,4260,568,0,上海,综合,,,华东政法大学
,major_line_2023,法学类,法学（卓越刑事法律人才实验班）,,,570,2023,本科批,,4425,567,0,上海,综合,,,华东政法大学
,major_line_2023,法学类,法学（涉外卓越国际金融法律人才实验班）,,,567,2023,本科批,,4910,564,0,上海,综合,,,华东政法大学
,major_line_2023,法学类,法学（国际金融法方向）,,,564,2023,本科批,,5080,563,0,上海,综合,,,华东政法大学
,major_line_2023,法学类,法学（民商法律方向）,,,560,2023,本科批,,6238,557,0,上海,综合,,,华东政法大学
,major_line_2023,法学类,法学（经济法方向）,,,555,2023,本科批,,7242,552,0,上海,综合,,,华东政法大学
,major_line_2023,法学类,法学（网络与信息法方向）,,,554,2023,本科批,,7242,552,0,上海,综合,,,华东政法大学
,major_line_2023,法学类,法学（刑事法律方向）,,,553,2023,本科批,,7651,550,0,上海,综合,,,华东政法大学
,major_line_2023,法学类,法学（刑事司法方向）,,,551,2023,本科批,,7651,550,0,上海,综合,,,华东政法大学
,major_line_2023,法学类,法学（国际经济法方向）,,,552,2023,本科批,,8061,548,0,上海,综合,,,华东政法大学
,major_line_2023,法学类,知识产权（卓越人才实验班）,,,550,2023,本科批,,8061,548,0,上海,综合,,,华东政法大学
,major_line_2023,政治学类,政治学与行政学,,,547,2023,本科批,,8712,545,0,上海,综合,,,华东政法大学
,major_line_2023,计算机类,计算机科学与技术（网信安全方向）,,,543,2023,本科批,,9864,540,0,上海,综合,,,华东政法大学
,major_line_2023,中国语言文学类,汉语言文学,,,541,2023,本科批,,10565,537,0,上海,综合,,,华东政法大学
,major_line_2023,新闻传播学类,新闻学,,,540,2023,本科批,,10808,536,0,上海,综合,,,华东政法大学
,major_line_2023,新闻传播学类,新闻学（卓越人才实验班）,,,539,2023,本科批,,10808,536,0,上海,综合,,,华东政法大学
,major_line_2023,新闻传播学类,网络与新媒体,,,537,2023,本科批,,11276,534,0,上海,综合,,,华东政法大学
,major_line_2023,公共管理类,公共事业管理,,,534,2023,本科批,,11977,531,0,上海,综合,,,华东政法大学
,major_line_2023,工商管理类,文化产业管理,,,533,2023,本科批,,12194,530,0,上海,综合,,,华东政法大学
,major_line_2023,经济学类,经济学类（含经济学、国际经济与贸易、金融学、金融学）（数量金融、会计学专业）,,,535,2023,本科批,,12442,529,0,上海,综合,,,华东政法大学
,major_line_2023,外国语言文学类,翻译（涉外法商方向）（语种:英语）,,,537,2023,本科批,,12669,528,0,上海,综合,,,华东政法大学
,major_line_2023,外国语言文学类,英语（涉外法商方向）（语种:英语）,,,535,2023,本科批,,12669,528,0,上海,综合,,,华东政法大学
,major_line_2023,社会学类,社会学类（含社会学、社会政策、社会工作专业）,,,531,2023,本科批,,12910,527,0,上海,综合,,,华东政法大学
,major_line_2023,公共管理类,公共管理类（含行政管理、劳动与社会保障专业）,,,531,2023,本科批,,12910,527,0,上海,综合,,,华东政法大学
,major_line_2023,外国语言文学类,德语（涉外法商方向。外语语种为英语、德语）,,,532,2023,本科批,,13663,524,0,上海,综合,,,华东政法大学
,major_line_2023,外国语言文学类,日语（涉外法商方向。外语语种为英语、日语）,,,530,2023,本科批,,13663,524,0,上海,综合,,,华东政法大学
,major_line_2023,计算机类,计算机科学与技术（网信安全方向）,,,543,2023,本科批,,9864,540,0,上海,综合,,,华东政法大学
,major_line_2023,政治学类,政治学与行政学,,,547,2023,本科批,,8712,545,0,上海,综合,,,华东政法大学
,major_line_2023,中国语言文学类,汉语言文学,,,541,2023,本科批,,10565,537,0,上海,综合,,,华东政法大学
,major_line_2023,新闻传播学类,新闻学,,,540,2023,本科批,,10808,536,0,上海,综合,,,华东政法大学
,major_line_2023,新闻传播学类,新闻学（卓越人才实验班）,,,539,2023,本科批,,10808,536,0,上海,综合,,,华东政法大学
,major_line_2023,新闻传播学类,网络与新媒体,,,537,2023,本科批,,11276,534,0,上海,综合,,,华东政法大学
,major_line_2023,公共管理类,公共事业管理,,,534,2023,本科批,,11977,531,0,上海,综合,,,华东政法大学
,major_line_2023,工商管理类,文化产业管理,,,533,2023,本科批,,12194,530,0,上海,综合,,,华东政法大学
,major_line_2023,经济学类,经济学类（含经济学、国际经济与贸易、金融学、金融学）（数量金融、会计学专业）,,,535,2023,本科批,,12442,529,0,上海,综合,,,华东政法大学
,major_line_2023,外国语言文学类,翻译（涉外法商方向）（语种:英语）,,,537,2023,本科批,,12669,528,0,上海,综合,,,华东政法大学
,major_line_2023,外国语言文学类,英语（涉外法商方向）（语种:英语）,,,535,2023,本科批,,12669,528,0,上海,综合,,,华东政法大学
,major_line_2023,社会学类,社会学类（含社会学、社会政策、社会工作专业）,,,531,2023,本科批,,12910,527,0,上海,综合,,,华东政法大学
,major_line_2023,公共管理类,公共管理类（含行政管理、劳动与社会保障专业）,,,531,2023,本科批,,12910,527,0,上海,综合,,,华东政法大学
,major_line_2023,外国语言文学类,德语（涉外法商方向。外语语种为英语、德语）,,,532,2023,本科批,,13663,524,0,上海,综合,,,华东政法大学
,major_line_2023,外国语言文学类,日语（涉外法商方向。外语语种为英语、日语）,,,530,2023,本科批,,13663,524,0,上海,综合,,,华东政法大学
,major_line_2023,轻工类,轻工类（烟工类。含食品科学与工程）（烟草工程、香料香精技术与工程专业。无色盲、色弱）,,,460,2023,本科批,,29706,459,0,上海,综合,,,河南农业大学
,major_line_2023,经济学类,经济学,,,464,2023,本科批,,28564,464,0,上海,综合,,,河南农业大学
,major_line_2023,金融学类,经济与金融,,,444,2023,本科批,,33094,444,0,上海,综合,,,河南农业大学
,major_line_2023,环境科学与工程类,环境生态工程,,,441,2023,本科批,,34853,436,0,上海,综合,,,河南农业大学
,major_line_2023,经济学类,经济学,,,464,2023,本科批,,28564,464,0,上海,综合,,,河南农业大学
,major_line_2023,轻工类,轻工类（烟工类。含食品科学与工程）（烟草工程、香料香精技术与工程专业。无色盲、色弱）,,,460,2023,本科批,,29706,459,0,上海,综合,,,河南农业大学
,major_line_2023,金融学类,经济与金融,,,444,2023,本科批,,33094,444,0,上海,综合,,,河南农业大学
,major_line_2023,环境科学与工程类,环境生态工程,,,441,2023,本科批,,34853,436,0,上海,综合,,,河南农业大学
,major_line_2023,安全科学与工程类,安全工程,,,470,2023,本科批,,27576,468,0,上海,综合,,,常州大学
,major_line_2023,工商管理类,人力资源管理,,,475,2023,本科批,,26112,474,0,上海,综合,,,常州大学
,major_line_2023,工商管理类,市场营销,,,465,2023,本科批,,29013,462,0,上海,综合,,,常州大学
,major_line_2023,材料类,高分子材料与工程,,,481,2023,本科批,,25351,477,0,上海,综合,,,常州大学
,major_line_2023,电气类,电气工程及其自动化,,,481,2023,本科批,,25585,476,0,上海,综合,,,常州大学
,major_line_2023,材料类,高分子材料与工程,,,481,2023,本科批,,25351,477,0,上海,综合,,,常州大学
,major_line_2023,电气类,电气工程及其自动化,,,481,2023,本科批,,25585,476,0,上海,综合,,,常州大学
,major_line_2023,工商管理类,人力资源管理,,,475,2023,本科批,,26112,474,0,上海,综合,,,常州大学
,major_line_2023,安全科学与工程类,安全工程,,,470,2023,本科批,,27576,468,0,上海,综合,,,常州大学
,major_line_2023,工商管理类,市场营销,,,465,2023,本科批,,29013,462,0,上海,综合,,,常州大学
,major_line_2023,生物科学类,生物科学类（中外合作办学）（含生物科学）（中外合作办学、生物信息学）（中外合作办学、环境科学）（中外合作办学、药学）（中外合作办学、生物制药）（中外合作办学、应用统计学）（中外合作办学专业）（中外合作办学）,,,546,2023,本科批,,9179,543,0,上海,综合,,,西交利物浦大学
,major_line_2023,金融学类,金融学类（中外合作办学）（含经济学）（中外合作办学、经济与金融）（中外合作办学、精算学）（中外合作办学、金融数学）（中外合作办学专业）（中外合作办学）,,,542,2023,本科批,,10105,539,0,上海,综合,,,西交利物浦大学
,major_line_2023,外国语言文学类,外国语言文学类（中外合作办学）（含英语）（中外合作办学、翻译）（中外合作办学专业）（语种:英语）（中外合作办学）,,,540,2023,本科批,,10105,539,0,上海,综合,,,西交利物浦大学
,major_line_2023,工商管理类,工商管理类（中外合作办学）（含会计学）（中外合作办学、工商管理）（中外合作办学、人力资源管理）（中外合作办学、国际商务）（中外合作办学、市场营销）（中外合作办学、供应链管理）（中外合作办学专业）（中外合作办学）,,,540,2023,本科批,,10340,538,0,上海,综合,,,西交利物浦大学
,major_line_2023,建筑类,建筑类（中外合作办学）（含建筑学）（中外合作办学、城乡规划）（中外合作办学专业）（中外合作办学）,,,539,2023,本科批,,10340,538,0,上海,综合,,,西交利物浦大学
,major_line_2023,化学类,化学类（中外合作办学）（应用化学）（中外合作办学专业）（中外合作办学）,,,544,2023,本科批,,8940,544,0,上海,综合,,,西交利物浦大学
,major_line_2023,数学类,数学类（中外合作办学）（含数学与应用数学）（中外合作办学、数据科学与大数据技术）（中外合作办学专业）（中外合作办学）,,,547,2023,本科批,,9179,543,0,上海,综合,,,西交利物浦大学
,major_line_2023,电子信息类,电子信息类（中外合作办学）（含计算机科学与技术）（中外合作办学、电子科学与技术）（中外合作办学、电气工程及其自动化）（中外合作办学、通信工程）（中外合作办学、信息与计算科学）（中外合作办学、数字媒体技术）（中外合作办学、工业设计）（中外合作办学、机械电子工程）（中外合作办学、智能制造工程）（中外合作办学、机器人工程）（中外合作办学、物联网工程）（中外合作办学、信息管理与信息系统）（中外合作办学、微电子科学与工程）（中外合作办学专业）（中外合作办学）,,,544,2023,本科批,,10105,539,0,上海,综合,,,西交利物浦大学
,major_line_2023,化学类,化学类（中外合作办学）（应用化学）（中外合作办学专业）（中外合作办学）,,,544,2023,本科批,,8940,544,0,上海,综合,,,西交利物浦大学
,major_line_2023,数学类,数学类（中外合作办学）（含数学与应用数学）（中外合作办学、数据科学与大数据技术）（中外合作办学专业）（中外合作办学）,,,547,2023,本科批,,9179,543,0,上海,综合,,,西交利物浦大学
,major_line_2023,生物科学类,生物科学类（中外合作办学）（含生物科学）（中外合作办学、生物信息学）（中外合作办学、环境科学）（中外合作办学、药学）（中外合作办学、生物制药）（中外合作办学、应用统计学）（中外合作办学专业）（中外合作办学）,,,546,2023,本科批,,9179,543,0,上海,综合,,,西交利物浦大学
,major_line_2023,电子信息类,电子信息类（中外合作办学）（含计算机科学与技术）（中外合作办学、电子科学与技术）（中外合作办学、电气工程及其自动化）（中外合作办学、通信工程）（中外合作办学、信息与计算科学）（中外合作办学、数字媒体技术）（中外合作办学、工业设计）（中外合作办学、机械电子工程）（中外合作办学、智能制造工程）（中外合作办学、机器人工程）（中外合作办学、物联网工程）（中外合作办学、信息管理与信息系统）（中外合作办学、微电子科学与工程）（中外合作办学专业）（中外合作办学）,,,544,2023,本科批,,10105,539,0,上海,综合,,,西交利物浦大学
,major_line_2023,金融学类,金融学类（中外合作办学）（含经济学）（中外合作办学、经济与金融）（中外合作办学、精算学）（中外合作办学、金融数学）（中外合作办学专业）（中外合作办学）,,,542,2023,本科批,,10105,539,0,上海,综合,,,西交利物浦大学
,major_line_2023,外国语言文学类,外国语言文学类（中外合作办学）（含英语）（中外合作办学、翻译）（中外合作办学专业）（语种:英语）（中外合作办学）,,,540,2023,本科批,,10105,539,0,上海,综合,,,西交利物浦大学
,major_line_2023,工商管理类,工商管理类（中外合作办学）（含会计学）（中外合作办学、工商管理）（中外合作办学、人力资源管理）（中外合作办学、国际商务）（中外合作办学、市场营销）（中外合作办学、供应链管理）（中外合作办学专业）（中外合作办学）,,,540,2023,本科批,,10340,538,0,上海,综合,,,西交利物浦大学
,major_line_2023,建筑类,建筑类（中外合作办学）（含建筑学）（中外合作办学、城乡规划）（中外合作办学专业）（中外合作办学）,,,539,2023,本科批,,10340,538,0,上海,综合,,,西交利物浦大学
,major_line_2023,大气科学类,大气科学,,,433,2023,本科批,,35697,432,0,上海,综合,,,沈阳农业大学
,major_line_2023,电子信息类,电子信息工程,,,434,2023,本科批,,35904,431,0,上海,综合,,,沈阳农业大学
,major_line_2023,机械类,机械设计制造及其自动化,,,430,2023,本科批,,36303,429,0,上海,综合,,,沈阳农业大学
,major_line_2023,动物医学类,动物医学,,,490,2023,本科批,,24548,480,0,上海,综合,,,沈阳农业大学
,major_line_2023,植物生产类,园艺,,,465,2023,本科批,,29706,459,0,上海,综合,,,沈阳农业大学
,major_line_2023,植物生产类,设施农业科学与工程,,,455,2023,本科批,,30610,455,0,上海,综合,,,沈阳农业大学
,major_line_2023,食品科学与工程类,食品科学与工程,,,465,2023,本科批,,30852,454,0,上海,综合,,,沈阳农业大学
,major_line_2023,环境科学与工程类,环境科学,,,456,2023,本科批,,31347,452,0,上海,综合,,,沈阳农业大学
,major_line_2023,动物医学类,动物医学,,,490,2023,本科批,,24548,480,0,上海,综合,,,沈阳农业大学
,major_line_2023,植物生产类,园艺,,,465,2023,本科批,,29706,459,0,上海,综合,,,沈阳农业大学
,major_line_2023,植物生产类,设施农业科学与工程,,,455,2023,本科批,,30610,455,0,上海,综合,,,沈阳农业大学
,major_line_2023,食品科学与工程类,食品科学与工程,,,465,2023,本科批,,30852,454,0,上海,综合,,,沈阳农业大学
,major_line_2023,环境科学与工程类,环境科学,,,456,2023,本科批,,31347,452,0,上海,综合,,,沈阳农业大学
,major_line_2023,大气科学类,大气科学,,,433,2023,本科批,,35697,432,0,上海,综合,,,沈阳农业大学
,major_line_2023,电子信息类,电子信息工程,,,434,2023,本科批,,35904,431,0,上海,综合,,,沈阳农业大学
,major_line_2023,机械类,机械设计制造及其自动化,,,430,2023,本科批,,36303,429,0,上海,综合,,,沈阳农业大学
,major_line_2023,历史学类,历史学,,,482,2023,本科批,,25351,477,0,上海,综合,,,河南师范大学
,major_line_2023,物理学类,物理学,,,477,2023,本科批,,27340,469,0,上海,综合,,,河南师范大学
,major_line_2023,历史学类,历史学,,,482,2023,本科批,,25351,477,0,上海,综合,,,河南师范大学
,major_line_2023,物理学类,物理学,,,477,2023,本科批,,27340,469,0,上海,综合,,,河南师范大学
,major_line_2023,计算机类,计算机类（计算机与智能科学类。含计算机科学与技术、网络工程、智能科学与技术、空间信息与数字技术、数据科学与大数据技术、人工智能专业）,,,535,2023,本科批,,12194,530,0,上海,综合,,,重庆邮电大学
,major_line_2023,电子信息类,电子信息类（通信与信息类。含通信工程、电子信息工程、信息工程专业）,,,529,2023,本科批,,12669,528,0,上海,综合,,,重庆邮电大学
,major_line_2023,计算机类,计算机类（计算机与智能科学类。含计算机科学与技术、网络工程、智能科学与技术、空间信息与数字技术、数据科学与大数据技术、人工智能专业）,,,535,2023,本科批,,12194,530,0,上海,综合,,,重庆邮电大学
,major_line_2023,电子信息类,电子信息类（通信与信息类。含通信工程、电子信息工程、信息工程专业）,,,529,2023,本科批,,12669,528,0,上海,综合,,,重庆邮电大学
,major_line_2023,中医学类,中医学（5+3一体化，后3年实行中医硕士专业学位研究生与中医住院医师规范化培训有机衔接的培养模式）,,,548,2023,本科批,,8061,548,0,上海,综合,,,广州中医药大学
,major_line_2023,中医学类,中医学,,,541,2023,本科批,,9655,541,0,上海,综合,,,广州中医药大学
,major_line_2023,中医学类,针灸推拿学,,,538,2023,本科批,,10808,536,0,上海,综合,,,广州中医药大学
,major_line_2023,中医学类,中医学（5+3一体化，后3年实行中医硕士专业学位研究生与中医住院医师规范化培训有机衔接的培养模式）,,,548,2023,本科批,,8061,548,0,上海,综合,,,广州中医药大学
,major_line_2023,中医学类,中医学,,,541,2023,本科批,,9655,541,0,上海,综合,,,广州中医药大学
,major_line_2023,中医学类,针灸推拿学,,,538,2023,本科批,,10808,536,0,上海,综合,,,广州中医药大学
,major_line_2023,中药学类,中药学类（含中药学、中药资源与开发专业）,,,515,2023,本科批,,15916,515,0,上海,综合,,,广州中医药大学
,major_line_2023,药学类,药学类（含药学、药物制剂专业）,,,513,2023,本科批,,16423,513,0,上海,综合,,,广州中医药大学
,major_line_2023,中药学类,中药学类（含中药学、中药资源与开发专业）,,,515,2023,本科批,,15916,515,0,上海,综合,,,广州中医药大学
,major_line_2023,药学类,药学类（含药学、药物制剂专业）,,,513,2023,本科批,,16423,513,0,上海,综合,,,广州中医药大学
,major_line_2023,社会学类,社会工作,,,468,2023,本科批,,27818,467,0,上海,综合,,,安徽农业大学
,major_line_2023,中国语言文学类,汉语言文学,,,466,2023,本科批,,28075,466,0,上海,综合,,,安徽农业大学
,major_line_2023,经济学类,经济学,,,466,2023,本科批,,28075,466,0,上海,综合,,,安徽农业大学
,major_line_2023,工商管理类,工商管理类（含财务管理、会计学专业）,,,473,2023,本科批,,28564,464,0,上海,综合,,,安徽农业大学
,major_line_2023,心理学类,应用心理学,,,464,2023,本科批,,28788,463,0,上海,综合,,,安徽农业大学
,major_line_2023,生物科学类,生物科学类（含生物科学、生物技术专业）,,,488,2023,本科批,,23334,485,0,上海,综合,,,安徽农业大学
,major_line_2023,植物生产类,茶学,,,483,2023,本科批,,25351,477,0,上海,综合,,,安徽农业大学
,major_line_2023,公共卫生与预防医学类,食品卫生与营养学,,,477,2023,本科批,,25848,475,0,上海,综合,,,安徽农业大学
,major_line_2023,植物生产类,智慧农业,,,479,2023,本科批,,26112,474,0,上海,综合,,,安徽农业大学
,major_line_2023,植物生产类,农学,,,475,2023,本科批,,27118,470,0,上海,综合,,,安徽农业大学
,major_line_2023,植物生产类,种子科学与工程,,,472,2023,本科批,,27340,469,0,上海,综合,,,安徽农业大学
,major_line_2023,农业工程类,农业机械化及其自动化,,,471,2023,本科批,,27818,467,0,上海,综合,,,安徽农业大学
,major_line_2023,植物生产类,园艺,,,470,2023,本科批,,27818,467,0,上海,综合,,,安徽农业大学
,major_line_2023,林学类,林学,,,476,2023,本科批,,28075,466,0,上海,综合,,,安徽农业大学
,major_line_2023,生物科学类,生物科学类（含生物科学、生物技术专业）,,,488,2023,本科批,,23334,485,0,上海,综合,,,安徽农业大学
,major_line_2023,植物生产类,茶学,,,483,2023,本科批,,25351,477,0,上海,综合,,,安徽农业大学
,major_line_2023,公共卫生与预防医学类,食品卫生与营养学,,,477,2023,本科批,,25848,475,0,上海,综合,,,安徽农业大学
,major_line_2023,植物生产类,智慧农业,,,479,2023,本科批,,26112,474,0,上海,综合,,,安徽农业大学
,major_line_2023,植物生产类,农学,,,475,2023,本科批,,27118,470,0,上海,综合,,,安徽农业大学
,major_line_2023,植物生产类,种子科学与工程,,,472,2023,本科批,,27340,469,0,上海,综合,,,安徽农业大学
,major_line_2023,农业工程类,农业机械化及其自动化,,,471,2023,本科批,,27818,467,0,上海,综合,,,安徽农业大学
,major_line_2023,植物生产类,园艺,,,470,2023,本科批,,27818,467,0,上海,综合,,,安徽农业大学
,major_line_2023,社会学类,社会工作,,,468,2023,本科批,,27818,467,0,上海,综合,,,安徽农业大学
,major_line_2023,林学类,林学,,,476,2023,本科批,,28075,466,0,上海,综合,,,安徽农业大学
,major_line_2023,中国语言文学类,汉语言文学,,,466,2023,本科批,,28075,466,0,上海,综合,,,安徽农业大学
,major_line_2023,经济学类,经济学,,,466,2023,本科批,,28075,466,0,上海,综合,,,安徽农业大学
,major_line_2023,工商管理类,工商管理类（含财务管理、会计学专业）,,,473,2023,本科批,,28564,464,0,上海,综合,,,安徽农业大学
,major_line_2023,心理学类,应用心理学,,,464,2023,本科批,,28788,463,0,上海,综合,,,安徽农业大学
,major_line_2023,计算机类,计算机类（含计算机科学与技术、软件工程、网络空间安全专业。不能准确在显示器上识别红、黄、绿、蓝、紫各颜色中任何一种颜色的数码、字母者不取）,,,507,2023,本科批,,18635,504,0,上海,综合,,,成都理工大学
,major_line_2023,工商管理类,会计学,,,486,2023,本科批,,24317,481,0,上海,综合,,,成都理工大学
,major_line_2023,新闻传播学类,新闻传播学类（含广告学、广播电视学专业。无色盲）,,,485,2023,本科批,,24548,480,0,上海,综合,,,成都理工大学
,major_line_2023,工商管理类,工商管理,,,482,2023,本科批,,24548,480,0,上海,综合,,,成都理工大学
,major_line_2023,工商管理类,市场营销,,,482,2023,本科批,,24801,479,0,上海,综合,,,成都理工大学
,major_line_2023,外国语言文学类,翻译（口吃者不取）（语种:英语）,,,479,2023,本科批,,24801,479,0,上海,综合,,,成都理工大学
,major_line_2023,计算机类,计算机类（含计算机科学与技术、软件工程、网络空间安全专业。不能准确在显示器上识别红、黄、绿、蓝、紫各颜色中任何一种颜色的数码、字母者不取）,,,507,2023,本科批,,18635,504,0,上海,综合,,,成都理工大学
,major_line_2023,工商管理类,会计学,,,486,2023,本科批,,24317,481,0,上海,综合,,,成都理工大学
,major_line_2023,新闻传播学类,新闻传播学类（含广告学、广播电视学专业。无色盲）,,,485,2023,本科批,,24548,480,0,上海,综合,,,成都理工大学
,major_line_2023,工商管理类,工商管理,,,482,2023,本科批,,24548,480,0,上海,综合,,,成都理工大学
,major_line_2023,工商管理类,市场营销,,,482,2023,本科批,,24801,479,0,上海,综合,,,成都理工大学
,major_line_2023,外国语言文学类,翻译（口吃者不取）（语种:英语）,,,479,2023,本科批,,24801,479,0,上海,综合,,,成都理工大学
,major_line_2023,临床医学类,临床医学（无色盲、色弱）,,,543,2023,本科批,,10565,537,0,上海,综合,,,安徽医科大学
,major_line_2023,临床医学类,临床医学（无色盲、色弱）,,,543,2023,本科批,,10565,537,0,上海,综合,,,安徽医科大学
,major_line_2023,中国语言文学类,汉语言文学（师范类）,,,497,2023,本科批,,23814,483,0,上海,综合,,,广西师范大学
,major_line_2023,新闻传播学类,新闻学,,,478,2023,本科批,,25585,476,0,上海,综合,,,广西师范大学
,major_line_2023,中国语言文学类,汉语言文学（师范类）,,,497,2023,本科批,,23814,483,0,上海,综合,,,广西师范大学
,major_line_2023,新闻传播学类,新闻学,,,478,2023,本科批,,25585,476,0,上海,综合,,,广西师范大学
,major_line_2023,历史学类,历史学（师范类）,,,480,2023,本科批,,26866,471,0,上海,综合,,,广西师范大学
,major_line_2023,法学类,法学,,,474,2023,本科批,,26866,471,0,上海,综合,,,广西师范大学
,major_line_2023,教育学类,科学教育（师范类）,,,468,2023,本科批,,27576,468,0,上海,综合,,,广西师范大学
,major_line_2023,外国语言文学类,日语,,,462,2023,本科批,,29925,458,0,上海,综合,,,广西师范大学
,major_line_2023,环境科学与工程类,环境科学,,,448,2023,本科批,,33564,442,0,上海,综合,,,广西师范大学
,major_line_2023,环境科学与工程类,环境科学,,,448,2023,本科批,,33564,442,0,上海,综合,,,广西师范大学
,major_line_2023,历史学类,历史学（师范类）,,,480,2023,本科批,,26866,471,0,上海,综合,,,广西师范大学
,major_line_2023,法学类,法学,,,474,2023,本科批,,26866,471,0,上海,综合,,,广西师范大学
,major_line_2023,外国语言文学类,日语,,,462,2023,本科批,,29925,458,0,上海,综合,,,广西师范大学
,major_line_2023,教育学类,科学教育（师范类）,,,468,2023,本科批,,27576,468,0,上海,综合,,,广西师范大学
,major_line_2023,心理学类,应用心理学,,,448,2023,本科批,,32897,445,0,上海,综合,,,黑龙江大学
,major_line_2023,公共管理类,行政管理,,,443,2023,本科批,,33327,443,0,上海,综合,,,黑龙江大学
,major_line_2023,生物工程类,生物工程,,,447,2023,本科批,,33965,440,0,上海,综合,,,黑龙江大学
,major_line_2023,环境科学与工程类,环境科学,,,445,2023,本科批,,33965,440,0,上海,综合,,,黑龙江大学
,major_line_2023,社会学类,社会学,,,443,2023,本科批,,33965,440,0,上海,综合,,,黑龙江大学
,major_line_2023,计算机类,网络工程,,,439,2023,本科批,,34170,439,0,上海,综合,,,黑龙江大学
,major_line_2023,电子商务类,电子商务,,,439,2023,本科批,,34431,438,0,上海,综合,,,黑龙江大学
,major_line_2023,管理科学与工程类,信息管理与信息系统,,,438,2023,本科批,,34431,438,0,上海,综合,,,黑龙江大学
,major_line_2023,旅游管理类,旅游管理,,,437,2023,本科批,,35259,434,0,上海,综合,,,黑龙江大学
,major_line_2023,计算机类,网络工程,,,439,2023,本科批,,34170,439,0,上海,综合,,,黑龙江大学
,major_line_2023,管理科学与工程类,信息管理与信息系统,,,438,2023,本科批,,34431,438,0,上海,综合,,,黑龙江大学
,major_line_2023,心理学类,应用心理学,,,448,2023,本科批,,32897,445,0,上海,综合,,,黑龙江大学
,major_line_2023,公共管理类,行政管理,,,443,2023,本科批,,33327,443,0,上海,综合,,,黑龙江大学
,major_line_2023,社会学类,社会学,,,443,2023,本科批,,33965,440,0,上海,综合,,,黑龙江大学
,major_line_2023,电子商务类,电子商务,,,439,2023,本科批,,34431,438,0,上海,综合,,,黑龙江大学
,major_line_2023,旅游管理类,旅游管理,,,437,2023,本科批,,35259,434,0,上海,综合,,,黑龙江大学
,major_line_2023,生物工程类,生物工程,,,447,2023,本科批,,33965,440,0,上海,综合,,,黑龙江大学
,major_line_2023,环境科学与工程类,环境科学,,,445,2023,本科批,,33965,440,0,上海,综合,,,黑龙江大学
,major_line_2023,新闻传播学类,新闻学,,,519,2023,本科批,,16423,513,0,上海,综合,,,上海体育大学
,major_line_2023,中国语言文学类,汉语国际教育,,,503,2023,本科批,,19921,499,0,上海,综合,,,上海体育大学
,major_line_2023,外国语言文学类,英语（语种:英语）,,,503,2023,本科批,,20398,497,0,上海,综合,,,上海体育大学
,major_line_2023,新闻传播学类,新闻学,,,519,2023,本科批,,16423,513,0,上海,综合,,,上海体育大学
,major_line_2023,医学技术类,医学技术类（运动健康方向。含运动人体科学、运动康复、应用心理学、康复治疗学、运动能力开发、运动与公共健康专业。大类分流后学费按所学专业的标准收取）,,,508,2023,本科批,,19672,500,0,上海,综合,,,上海体育大学
,major_line_2023,中国语言文学类,汉语国际教育,,,503,2023,本科批,,19921,499,0,上海,综合,,,上海体育大学
,major_line_2023,外国语言文学类,英语（语种:英语）,,,503,2023,本科批,,20398,497,0,上海,综合,,,上海体育大学
,major_line_2023,工商管理类,工商管理类（含体育经济与管理、市场营销专业）,,,495,2023,本科批,,21932,491,0,上海,综合,,,上海体育大学
,major_line_2023,计算机类,数据科学与大数据技术,,,497,2023,本科批,,22397,489,0,上海,综合,,,上海体育大学
,major_line_2023,医学技术类,医学技术类（运动健康方向。含运动人体科学、运动康复、应用心理学、康复治疗学、运动能力开发、运动与公共健康专业。大类分流后学费按所学专业的标准收取）,,,508,2023,本科批,,19672,500,0,上海,综合,,,上海体育大学
,major_line_2023,工商管理类,工商管理类（含体育经济与管理、市场营销专业）,,,495,2023,本科批,,21932,491,0,上海,综合,,,上海体育大学
,major_line_2023,计算机类,数据科学与大数据技术,,,497,2023,本科批,,22397,489,0,上海,综合,,,上海体育大学
,major_line_2023,法学类,法学（法学+法语双学士学位复合型人才培养项目。1-3学期在四川外国语大学就读，4-8学期在西南政法大学就读）,,,548,2023,本科批,,8255,547,0,上海,综合,,,西南政法大学
,major_line_2023,法学类,法学,,,547,2023,本科批,,8255,547,0,上海,综合,,,西南政法大学
,major_line_2023,法学类,知识产权,,,546,2023,本科批,,8464,546,0,上海,综合,,,西南政法大学
,major_line_2023,法学类,法学（法学+法语双学士学位复合型人才培养项目。1-3学期在四川外国语大学就读，4-8学期在西南政法大学就读）,,,548,2023,本科批,,8255,547,0,上海,综合,,,西南政法大学
,major_line_2023,法学类,法学,,,547,2023,本科批,,8255,547,0,上海,综合,,,西南政法大学
,major_line_2023,法学类,知识产权,,,546,2023,本科批,,8464,546,0,上海,综合,,,西南政法大学
,major_line_2023,建筑类,建筑学（实验班。无色盲、色弱）,,,532,2023,本科批,,11739,532,0,上海,综合,,,北京建筑大学
,major_line_2023,环境科学与工程类,环境科学与工程类（含环境科学）（碳减排碳中和、环境工程）（海绵城市建设、环境生态工程）（城市生态环境修复专业。无色盲、色弱）,,,493,2023,本科批,,22166,490,0,上海,综合,,,北京建筑大学
,major_line_2023,土木类,土木工程（新一代智慧建筑工程方向）,,,496,2023,本科批,,20653,496,0,上海,综合,,,北京建筑大学
,major_line_2023,土木类,土木工程（智慧城市道桥工程方向）,,,496,2023,本科批,,20653,496,0,上海,综合,,,北京建筑大学
,major_line_2023,建筑类,建筑学（实验班。无色盲、色弱）,,,532,2023,本科批,,11739,532,0,上海,综合,,,北京建筑大学
,major_line_2023,土木类,土木工程（新一代智慧建筑工程方向）,,,496,2023,本科批,,20653,496,0,上海,综合,,,北京建筑大学
,major_line_2023,土木类,土木工程（智慧城市道桥工程方向）,,,496,2023,本科批,,20653,496,0,上海,综合,,,北京建筑大学
,major_line_2023,环境科学与工程类,环境科学与工程类（含环境科学）（碳减排碳中和、环境工程）（海绵城市建设、环境生态工程）（城市生态环境修复专业。无色盲、色弱）,,,493,2023,本科批,,22166,490,0,上海,综合,,,北京建筑大学
,major_line_2023,经济与贸易类,经济与贸易类（含经济学（大数据金融方向）、国际经济与贸易（数字贸易方向））,,,472,2023,本科批,,27118,470,474,上海,综合,,,武汉工程大学
,major_line_2023,工商管理类,工商管理（数智化人才管理方向）,,,464,2023,本科批,,29246,461,467,上海,综合,,,武汉工程大学
,major_line_2023,外国语言文学类,英语（含文化传播、英语教育、商务、涉外法务方向）,,,457,2023,本科批,,30610,455,459,上海,综合,,,武汉工程大学
,major_line_2023,经济与贸易类,经济与贸易类（含经济学（大数据金融方向）、国际经济与贸易（数字贸易方向））,,,472,2023,本科批,,27118,470,474,上海,综合,,,武汉工程大学
,major_line_2023,工商管理类,工商管理（数智化人才管理方向）,,,464,2023,本科批,,29246,461,467,上海,综合,,,武汉工程大学
,major_line_2023,外国语言文学类,英语（含文化传播、英语教育、商务、涉外法务方向）,,,457,2023,本科批,,30610,455,459,上海,综合,,,武汉工程大学
,major_line_2023,临床医学类,临床医学,,,535,2023,本科批,,11739,532,0,上海,综合,,,南通大学
,major_line_2023,教育学类,小学教育（师范）,,,513,2023,本科批,,17631,508,0,上海,综合,,,南通大学
,major_line_2023,教育学类,学前教育（师范）,,,501,2023,本科批,,19921,499,0,上海,综合,,,南通大学
,major_line_2023,教育学类,教育技术学（师范）,,,498,2023,本科批,,20893,495,0,上海,综合,,,南通大学
,major_line_2023,临床医学类,临床医学,,,535,2023,本科批,,11739,532,0,上海,综合,,,南通大学
,major_line_2023,公共卫生与预防医学类,预防医学,,,527,2023,本科批,,15390,517,0,上海,综合,,,南通大学
,major_line_2023,医学技术类,医学检验技术,,,518,2023,本科批,,15390,517,0,上海,综合,,,南通大学
,major_line_2023,教育学类,小学教育（师范）,,,513,2023,本科批,,17631,508,0,上海,综合,,,南通大学
,major_line_2023,教育学类,学前教育（师范）,,,501,2023,本科批,,19921,499,0,上海,综合,,,南通大学
,major_line_2023,教育学类,教育技术学（师范）,,,498,2023,本科批,,20893,495,0,上海,综合,,,南通大学
,major_line_2023,公共卫生与预防医学类,预防医学,,,527,2023,本科批,,15390,517,0,上海,综合,,,南通大学
,major_line_2023,医学技术类,医学检验技术,,,518,2023,本科批,,15390,517,0,上海,综合,,,南通大学
,major_line_2023,生物科学类,生物科学（语种:不限第一学年在富春校区，第二学年起在滨文校区）,,,504,2023,本科批,,18898,503,0,上海,综合,,,浙江中医药大学
,major_line_2023,公共卫生与预防医学类,食品卫生与营养学（语种:不限在富春校区）,,,500,2023,本科批,,19672,500,0,上海,综合,,,浙江中医药大学
,major_line_2023,医学技术类,医学实验技术（语种:不限第一学年在富春校区，第二学年起在滨文校区）,,,497,2023,本科批,,20398,497,0,上海,综合,,,浙江中医药大学
,major_line_2023,医学技术类,康复治疗学,,,511,2023,本科批,,16921,511,0,上海,综合,,,浙江中医药大学
,major_line_2023,医学技术类,听力与言语康复学,,,508,2023,本科批,,17863,507,0,上海,综合,,,浙江中医药大学
,major_line_2023,护理学类,护理学（为适应专业工作需要，建议考生身高158cm）（含以上）,,,500,2023,本科批,,19921,499,0,上海,综合,,,浙江中医药大学
,major_line_2023,中医学类,中医学（5+3一体化）（第一学年在富春校区，第二学年起在滨文校区）,,,542,2023,本科批,,9418,542,0,上海,综合,,,浙江中医药大学
,major_line_2023,中西医结合类,中西医临床医学（第一学年在富春校区，第二学年起在滨文校区）,,,541,2023,本科批,,9655,541,0,上海,综合,,,浙江中医药大学
,major_line_2023,临床医学类,临床医学,,,535,2023,本科批,,11029,535,0,上海,综合,,,浙江中医药大学
,major_line_2023,中医学类,中医学（第一学年在富春校区，第二学年起在滨文校区）,,,536,2023,本科批,,11501,533,0,上海,综合,,,浙江中医药大学
,major_line_2023,药学类,药学（富春校区）,,,532,2023,本科批,,11977,531,0,上海,综合,,,浙江中医药大学
,major_line_2023,中药学类,中药学（富春校区）,,,531,2023,本科批,,11977,531,0,上海,综合,,,浙江中医药大学
,major_line_2023,医学技术类,康复治疗学,,,511,2023,本科批,,16921,511,0,上海,综合,,,浙江中医药大学
,major_line_2023,医学技术类,听力与言语康复学,,,508,2023,本科批,,17863,507,0,上海,综合,,,浙江中医药大学
,major_line_2023,生物科学类,生物科学（语种:不限第一学年在富春校区，第二学年起在滨文校区）,,,504,2023,本科批,,18898,503,0,上海,综合,,,浙江中医药大学
,major_line_2023,公共卫生与预防医学类,食品卫生与营养学（语种:不限在富春校区）,,,500,2023,本科批,,19672,500,0,上海,综合,,,浙江中医药大学
,major_line_2023,护理学类,护理学（为适应专业工作需要，建议考生身高158cm）（含以上）,,,500,2023,本科批,,19921,499,0,上海,综合,,,浙江中医药大学
,major_line_2023,医学技术类,医学实验技术（语种:不限第一学年在富春校区，第二学年起在滨文校区）,,,497,2023,本科批,,20398,497,0,上海,综合,,,浙江中医药大学
,major_line_2023,计算机类,计算机科学与技术,,,491,2023,本科批,,21932,491,0,上海,综合,,,浙江中医药大学
,major_line_2023,公共管理类,健康服务与管理,,,492,2023,本科批,,22656,488,0,上海,综合,,,浙江中医药大学
,major_line_2023,计算机类,计算机科学与技术,,,491,2023,本科批,,21932,491,0,上海,综合,,,浙江中医药大学
,major_line_2023,公共管理类,健康服务与管理,,,492,2023,本科批,,22656,488,0,上海,综合,,,浙江中医药大学
,major_line_2023,中医学类,中医学（5+3一体化）（第一学年在富春校区，第二学年起在滨文校区）,,,542,2023,本科批,,9418,542,0,上海,综合,,,浙江中医药大学
,major_line_2023,中西医结合类,中西医临床医学（第一学年在富春校区，第二学年起在滨文校区）,,,541,2023,本科批,,9655,541,0,上海,综合,,,浙江中医药大学
,major_line_2023,中医学类,中医学（第一学年在富春校区，第二学年起在滨文校区）,,,536,2023,本科批,,11501,533,0,上海,综合,,,浙江中医药大学
,major_line_2023,药学类,药学（富春校区）,,,532,2023,本科批,,11977,531,0,上海,综合,,,浙江中医药大学
,major_line_2023,中药学类,中药学（富春校区）,,,531,2023,本科批,,11977,531,0,上海,综合,,,浙江中医药大学
,major_line_2023,临床医学类,临床医学,,,535,2023,本科批,,11029,535,0,上海,综合,,,浙江中医药大学
,major_line_2023,生物工程类,生物工程（中外合作办学）（酿造与蒸馏方向。与英国赫瑞瓦特大学合作办学）（中外合作办学）,,,480,2023,本科批,,24548,480,0,上海,综合,,,天津科技大学
,major_line_2023,食品科学与工程类,食品科学与工程（实行学分制收费）,,,489,2023,本科批,,25351,477,0,上海,综合,,,天津科技大学
,major_line_2023,食品科学与工程类,食品质量与安全（实行学分制收费）,,,475,2023,本科批,,26112,474,0,上海,综合,,,天津科技大学
,major_line_2023,化工与制药类,制药工程（实行学分制收费）,,,475,2023,本科批,,26866,471,0,上海,综合,,,天津科技大学
,major_line_2023,工商管理类,财务管理（中外合作办学）（与澳大利亚南十字星大学合作办学）（中外合作办学）,,,470,2023,本科批,,27118,470,0,上海,综合,,,天津科技大学
,major_line_2023,环境科学与工程类,环境工程（实行学分制收费）,,,470,2023,本科批,,27118,470,0,上海,综合,,,天津科技大学
,major_line_2023,经济与贸易类,国际经济与贸易（实行学分制收费）,,,469,2023,本科批,,27340,469,0,上海,综合,,,天津科技大学
,major_line_2023,自动化类,自动化（实行学分制收费）（河西校区）,,,467,2023,本科批,,27818,467,0,上海,综合,,,天津科技大学
,major_line_2023,电子信息类,人工智能（实行学分制收费）（滨海校区）,,,466,2023,本科批,,28075,466,0,上海,综合,,,天津科技大学
,major_line_2023,计算机类,软件工程（实行学分制收费）（滨海校区）,,,465,2023,本科批,,28319,465,0,上海,综合,,,天津科技大学
,major_line_2023,金融学类,金融工程（实行学分制收费）,,,462,2023,本科批,,29013,462,0,上海,综合,,,天津科技大学
,major_line_2023,金融学类,投资学（实行学分制收费）,,,462,2023,本科批,,29013,462,0,上海,综合,,,天津科技大学
,major_line_2023,计算机类,计算机科学与技术（中外合作办学）（信息处理方向。与日本京都信息大学院大学合作办学。公共外语为日语）（零起点）（滨海校区）（中外合作办学）,,,470,2023,本科批,,29246,461,0,上海,综合,,,天津科技大学
,major_line_2023,计算机类,数字媒体技术（实行学分制收费）（滨海校区）,,,461,2023,本科批,,29246,461,0,上海,综合,,,天津科技大学
,major_line_2023,机械类,过程装备与控制工程（实行学分制收费）（河西校区）,,,460,2023,本科批,,29469,460,0,上海,综合,,,天津科技大学
,major_line_2023,外国语言文学类,翻译（语种:英语）（实行学分制收费）,,,460,2023,本科批,,29469,460,0,上海,综合,,,天津科技大学
,major_line_2023,外国语言文学类,日语（公共外语为日语）（零起点）（实行学分制收费）,,,459,2023,本科批,,29706,459,0,上海,综合,,,天津科技大学
,major_line_2023,中国语言文学类,汉语国际教育（实行学分制收费）,,,457,2023,本科批,,30168,457,0,上海,综合,,,天津科技大学
,major_line_2023,计算机类,物联网工程（实行学分制收费）（滨海校区）,,,456,2023,本科批,,30385,456,0,上海,综合,,,天津科技大学
,major_line_2023,工业工程类,工业工程（实行学分制收费）（滨海校区）,,,453,2023,本科批,,31094,453,0,上海,综合,,,天津科技大学
,major_line_2023,电子信息类,通信工程（实行学分制收费）（河西校区）,,,453,2023,本科批,,31094,453,0,上海,综合,,,天津科技大学
,major_line_2023,自动化类,自动化（实行学分制收费）（河西校区）,,,467,2023,本科批,,27818,467,0,上海,综合,,,天津科技大学
,major_line_2023,电子信息类,人工智能（实行学分制收费）（滨海校区）,,,466,2023,本科批,,28075,466,0,上海,综合,,,天津科技大学
,major_line_2023,计算机类,软件工程（实行学分制收费）（滨海校区）,,,465,2023,本科批,,28319,465,0,上海,综合,,,天津科技大学
,major_line_2023,计算机类,计算机科学与技术（中外合作办学）（信息处理方向。与日本京都信息大学院大学合作办学。公共外语为日语）（零起点）（滨海校区）（中外合作办学）,,,470,2023,本科批,,29246,461,0,上海,综合,,,天津科技大学
,major_line_2023,计算机类,数字媒体技术（实行学分制收费）（滨海校区）,,,461,2023,本科批,,29246,461,0,上海,综合,,,天津科技大学
,major_line_2023,机械类,过程装备与控制工程（实行学分制收费）（河西校区）,,,460,2023,本科批,,29469,460,0,上海,综合,,,天津科技大学
,major_line_2023,计算机类,物联网工程（实行学分制收费）（滨海校区）,,,456,2023,本科批,,30385,456,0,上海,综合,,,天津科技大学
,major_line_2023,工业工程类,工业工程（实行学分制收费）（滨海校区）,,,453,2023,本科批,,31094,453,0,上海,综合,,,天津科技大学
,major_line_2023,电子信息类,通信工程（实行学分制收费）（河西校区）,,,453,2023,本科批,,31094,453,0,上海,综合,,,天津科技大学
,major_line_2023,工商管理类,财务管理（中外合作办学）（与澳大利亚南十字星大学合作办学）（中外合作办学）,,,470,2023,本科批,,27118,470,0,上海,综合,,,天津科技大学
,major_line_2023,经济与贸易类,国际经济与贸易（实行学分制收费）,,,469,2023,本科批,,27340,469,0,上海,综合,,,天津科技大学
,major_line_2023,金融学类,金融工程（实行学分制收费）,,,462,2023,本科批,,29013,462,0,上海,综合,,,天津科技大学
,major_line_2023,金融学类,投资学（实行学分制收费）,,,462,2023,本科批,,29013,462,0,上海,综合,,,天津科技大学
,major_line_2023,外国语言文学类,翻译（语种:英语）（实行学分制收费）,,,460,2023,本科批,,29469,460,0,上海,综合,,,天津科技大学
,major_line_2023,外国语言文学类,日语（公共外语为日语）（零起点）（实行学分制收费）,,,459,2023,本科批,,29706,459,0,上海,综合,,,天津科技大学
,major_line_2023,中国语言文学类,汉语国际教育（实行学分制收费）,,,457,2023,本科批,,30168,457,0,上海,综合,,,天津科技大学
,major_line_2023,生物工程类,生物工程（中外合作办学）（酿造与蒸馏方向。与英国赫瑞瓦特大学合作办学）（中外合作办学）,,,480,2023,本科批,,24548,480,0,上海,综合,,,天津科技大学
,major_line_2023,化工与制药类,制药工程（实行学分制收费）,,,475,2023,本科批,,26866,471,0,上海,综合,,,天津科技大学
,major_line_2023,环境科学与工程类,环境工程（实行学分制收费）,,,470,2023,本科批,,27118,470,0,上海,综合,,,天津科技大学
,major_line_2023,食品科学与工程类,食品科学与工程（实行学分制收费）,,,489,2023,本科批,,25351,477,0,上海,综合,,,天津科技大学
,major_line_2023,食品科学与工程类,食品质量与安全（实行学分制收费）,,,475,2023,本科批,,26112,474,0,上海,综合,,,天津科技大学
,major_line_2023,外国语言文学类,德语,,,458,2023,本科批,,32460,447,0,上海,综合,,,青岛科技大学
,major_line_2023,新闻传播学类,广告学,,,449,2023,本科批,,32460,447,0,上海,综合,,,青岛科技大学
,major_line_2023,材料类,高分子材料与工程（橡胶工程方向）,,,473,2023,本科批,,26866,471,0,上海,综合,,,青岛科技大学
,major_line_2023,电子信息类,电子信息科学与技术,,,466,2023,本科批,,29013,462,0,上海,综合,,,青岛科技大学
,major_line_2023,外国语言文学类,德语,,,458,2023,本科批,,32460,447,0,上海,综合,,,青岛科技大学
,major_line_2023,新闻传播学类,广告学,,,449,2023,本科批,,32460,447,0,上海,综合,,,青岛科技大学
,major_line_2023,电子信息类,电子信息科学与技术,,,466,2023,本科批,,29013,462,0,上海,综合,,,青岛科技大学
,major_line_2023,材料类,高分子材料与工程（橡胶工程方向）,,,473,2023,本科批,,26866,471,0,上海,综合,,,青岛科技大学
,major_line_2023,法学类,法学（国家级一流本科专业）,,,492,2023,本科批,,21695,492,0,上海,综合,,,华侨大学
,major_line_2023,外国语言文学类,英语（实行“1+3”两校区融合式培养，国家级一流本科专业）（语种:英语）,,,485,2023,本科批,,23814,483,0,上海,综合,,,华侨大学
,major_line_2023,经济学类,经济学类（中美121双学位班，可接轨CFA金融分析师方向。金融学）（全英文教学专业。只录取有该专业志愿的考生）,,,485,2023,本科批,,23814,483,0,上海,综合,,,华侨大学
,major_line_2023,公共管理类,行政管理（含数字政府治理、社会福利、公共危机管理方向。国家级一流本科专业）,,,479,2023,本科批,,25081,478,0,上海,综合,,,华侨大学
,major_line_2023,法学类,法学（国家级一流本科专业）,,,492,2023,本科批,,21695,492,0,上海,综合,,,华侨大学
,major_line_2023,外国语言文学类,英语（实行“1+3”两校区融合式培养，国家级一流本科专业）（语种:英语）,,,485,2023,本科批,,23814,483,0,上海,综合,,,华侨大学
,major_line_2023,经济学类,经济学类（中美121双学位班，可接轨CFA金融分析师方向。金融学）（全英文教学专业。只录取有该专业志愿的考生）,,,485,2023,本科批,,23814,483,0,上海,综合,,,华侨大学
,major_line_2023,公共管理类,行政管理（含数字政府治理、社会福利、公共危机管理方向。国家级一流本科专业）,,,479,2023,本科批,,25081,478,0,上海,综合,,,华侨大学
,major_line_2023,外国语言文学类,英语（语种:英语）,,,449,2023,本科批,,33094,444,0,上海,综合,,,河南科技大学
,major_line_2023,外国语言文学类,英语（语种:英语）,,,449,2023,本科批,,33094,444,0,上海,综合,,,河南科技大学
,major_line_2023,经济与贸易类,国际经济与贸易,,,436,2023,本科批,,35051,435,0,上海,综合,,,河南科技大学
,major_line_2023,经济与贸易类,国际经济与贸易,,,436,2023,本科批,,35051,435,0,上海,综合,,,河南科技大学
,major_line_2023,电子信息类,电子信息类（含电子信息工程、通信工程、计算机科学与技术专业。第一学年末分流）,,,487,2023,本科批,,23581,484,0,上海,综合,,,延边大学
,major_line_2023,机械类,机械类（含机械设计制造及其自动化、农业机械化及其自动化专业。第一学年末分流）,,,482,2023,本科批,,24317,481,0,上海,综合,,,延边大学
,major_line_2023,工商管理类,工商管理类（含工商管理、会计学、市场营销专业。第一学年末分流）,,,491,2023,本科批,,23334,485,0,上海,综合,,,延边大学
,major_line_2023,临床医学类,临床医学,,,504,2023,本科批,,20653,496,0,上海,综合,,,延边大学
,major_line_2023,工商管理类,工商管理类（含工商管理、会计学、市场营销专业。第一学年末分流）,,,491,2023,本科批,,23334,485,0,上海,综合,,,延边大学
,major_line_2023,电子信息类,电子信息类（含电子信息工程、通信工程、计算机科学与技术专业。第一学年末分流）,,,487,2023,本科批,,23581,484,0,上海,综合,,,延边大学
,major_line_2023,临床医学类,麻醉学,,,486,2023,本科批,,24077,482,0,上海,综合,,,延边大学
,major_line_2023,机械类,机械类（含机械设计制造及其自动化、农业机械化及其自动化专业。第一学年末分流）,,,482,2023,本科批,,24317,481,0,上海,综合,,,延边大学
,major_line_2023,临床医学类,临床医学,,,504,2023,本科批,,20653,496,0,上海,综合,,,延边大学
,major_line_2023,临床医学类,麻醉学,,,486,2023,本科批,,24077,482,0,上海,综合,,,延边大学
,major_line_2023,临床医学类,临床医学,,,516,2023,本科批,,15916,515,0,上海,综合,,,山西医科大学
,major_line_2023,口腔医学类,口腔医学,,,502,2023,本科批,,19672,500,0,上海,综合,,,山西医科大学
,major_line_2023,基础医学类,基础医学,,,501,2023,本科批,,22878,487,0,上海,综合,,,山西医科大学
,major_line_2023,药学类,临床药学,,,465,2023,本科批,,28788,463,0,上海,综合,,,山西医科大学
,major_line_2023,药学类,药学,,,463,2023,本科批,,29013,462,0,上海,综合,,,山西医科大学
,major_line_2023,临床医学类,临床医学,,,516,2023,本科批,,15916,515,0,上海,综合,,,山西医科大学
,major_line_2023,口腔医学类,口腔医学,,,502,2023,本科批,,19672,500,0,上海,综合,,,山西医科大学
,major_line_2023,基础医学类,基础医学,,,501,2023,本科批,,22878,487,0,上海,综合,,,山西医科大学
,major_line_2023,药学类,临床药学,,,465,2023,本科批,,28788,463,0,上海,综合,,,山西医科大学
,major_line_2023,药学类,药学,,,463,2023,本科批,,29013,462,0,上海,综合,,,山西医科大学
,major_line_2023,法学类,法学,,,487,2023,本科批,,23115,486,0,上海,综合,,,汕头大学
,major_line_2023,中国语言文学类,汉语言文学,,,487,2023,本科批,,24801,479,0,上海,综合,,,汕头大学
,major_line_2023,金融学类,金融学（含国际金融、数字金融方向）,,,480,2023,本科批,,25081,478,0,上海,综合,,,汕头大学
,major_line_2023,工商管理类,工商管理（大数据与商务智能方向）,,,478,2023,本科批,,25351,477,0,上海,综合,,,汕头大学
,major_line_2023,外国语言文学类,英语,,,475,2023,本科批,,26112,474,0,上海,综合,,,汕头大学
,major_line_2023,外国语言文学类,泰语,,,476,2023,本科批,,26613,472,0,上海,综合,,,汕头大学
,major_line_2023,公共管理类,行政管理（智慧城市特色班）,,,475,2023,本科批,,26613,472,0,上海,综合,,,汕头大学
,major_line_2023,法学类,法学,,,487,2023,本科批,,23115,486,0,上海,综合,,,汕头大学
,major_line_2023,中国语言文学类,汉语言文学,,,487,2023,本科批,,24801,479,0,上海,综合,,,汕头大学
,major_line_2023,金融学类,金融学（含国际金融、数字金融方向）,,,480,2023,本科批,,25081,478,0,上海,综合,,,汕头大学
,major_line_2023,工商管理类,工商管理（大数据与商务智能方向）,,,478,2023,本科批,,25351,477,0,上海,综合,,,汕头大学
,major_line_2023,外国语言文学类,英语,,,475,2023,本科批,,26112,474,0,上海,综合,,,汕头大学
,major_line_2023,外国语言文学类,泰语,,,476,2023,本科批,,26613,472,0,上海,综合,,,汕头大学
,major_line_2023,公共管理类,行政管理（智慧城市特色班）,,,475,2023,本科批,,26613,472,0,上海,综合,,,汕头大学
,major_line_2023,工商管理类,工商管理类（含会计学、财务管理、审计学、资产评估专业）,,,520,2023,本科批,,15632,516,0,上海,综合,,,南京财经大学
,major_line_2023,金融学类,金融学类（含金融学、金融工程、保险学、投资学专业）,,,517,2023,本科批,,15916,515,0,上海,综合,,,南京财经大学
,major_line_2023,经济学类,经济学类（含经济学、经济统计学、数字经济专业）,,,516,2023,本科批,,15916,515,0,上海,综合,,,南京财经大学
,major_line_2023,财政学类,财政学类（含财政学、税收学专业）,,,511,2023,本科批,,17377,509,0,上海,综合,,,南京财经大学
,major_line_2023,经济与贸易类,国际经济与贸易,,,511,2023,本科批,,17631,508,0,上海,综合,,,南京财经大学
,major_line_2023,工商管理类,工商管理,,,509,2023,本科批,,18635,504,0,上海,综合,,,南京财经大学
,major_line_2023,物流管理与工程类,物流管理,,,503,2023,本科批,,19672,500,0,上海,综合,,,南京财经大学
,major_line_2023,公共管理类,劳动与社会保障,,,502,2023,本科批,,19672,500,0,上海,综合,,,南京财经大学
,major_line_2023,旅游管理类,旅游管理,,,499,2023,本科批,,20181,498,0,上海,综合,,,南京财经大学
,major_line_2023,新闻传播学类,广告学,,,499,2023,本科批,,20181,498,0,上海,综合,,,南京财经大学
,major_line_2023,工商管理类,工商管理（中外合作办学）（环境商务方向。第四年赴加拿大学习，费用按加方标准收取）（中外合作办学）,,,503,2023,本科批,,20398,497,0,上海,综合,,,南京财经大学
,major_line_2023,外国语言文学类,英语（语种:英语）,,,500,2023,本科批,,20398,497,0,上海,综合,,,南京财经大学
,major_line_2023,社会学类,社会工作,,,498,2023,本科批,,20398,497,0,上海,综合,,,南京财经大学
,major_line_2023,公共管理类,行政管理,,,501,2023,本科批,,20653,496,0,上海,综合,,,南京财经大学
,major_line_2023,工商管理类,工商管理类（含会计学、财务管理、审计学、资产评估专业）,,,520,2023,本科批,,15632,516,0,上海,综合,,,南京财经大学
,major_line_2023,金融学类,金融学类（含金融学、金融工程、保险学、投资学专业）,,,517,2023,本科批,,15916,515,0,上海,综合,,,南京财经大学
,major_line_2023,经济学类,经济学类（含经济学、经济统计学、数字经济专业）,,,516,2023,本科批,,15916,515,0,上海,综合,,,南京财经大学
,major_line_2023,财政学类,财政学类（含财政学、税收学专业）,,,511,2023,本科批,,17377,509,0,上海,综合,,,南京财经大学
,major_line_2023,经济与贸易类,国际经济与贸易,,,511,2023,本科批,,17631,508,0,上海,综合,,,南京财经大学
,major_line_2023,工商管理类,工商管理,,,509,2023,本科批,,18635,504,0,上海,综合,,,南京财经大学
,major_line_2023,物流管理与工程类,物流管理,,,503,2023,本科批,,19672,500,0,上海,综合,,,南京财经大学
,major_line_2023,公共管理类,劳动与社会保障,,,502,2023,本科批,,19672,500,0,上海,综合,,,南京财经大学
,major_line_2023,旅游管理类,旅游管理,,,499,2023,本科批,,20181,498,0,上海,综合,,,南京财经大学
,major_line_2023,新闻传播学类,广告学,,,499,2023,本科批,,20181,498,0,上海,综合,,,南京财经大学
,major_line_2023,工商管理类,工商管理（中外合作办学）（环境商务方向。第四年赴加拿大学习，费用按加方标准收取）（中外合作办学）,,,503,2023,本科批,,20398,497,0,上海,综合,,,南京财经大学
,major_line_2023,外国语言文学类,英语（语种:英语）,,,500,2023,本科批,,20398,497,0,上海,综合,,,南京财经大学
,major_line_2023,计算机类,物联网工程,,,500,2023,本科批,,20398,497,0,上海,综合,,,南京财经大学
,major_line_2023,社会学类,社会工作,,,498,2023,本科批,,20398,497,0,上海,综合,,,南京财经大学
,major_line_2023,公共管理类,行政管理,,,501,2023,本科批,,20653,496,0,上海,综合,,,南京财经大学
,major_line_2023,管理科学与工程类,大数据管理与应用,,,494,2023,本科批,,21695,492,0,上海,综合,,,南京财经大学
,major_line_2023,管理科学与工程类,房地产开发与管理,,,488,2023,本科批,,23115,486,0,上海,综合,,,南京财经大学
,major_line_2023,管理科学与工程类,管理科学,,,487,2023,本科批,,23115,486,0,上海,综合,,,南京财经大学
,major_line_2023,计算机类,物联网工程,,,500,2023,本科批,,20398,497,0,上海,综合,,,南京财经大学
,major_line_2023,管理科学与工程类,大数据管理与应用,,,494,2023,本科批,,21695,492,0,上海,综合,,,南京财经大学
,major_line_2023,管理科学与工程类,房地产开发与管理,,,488,2023,本科批,,23115,486,0,上海,综合,,,南京财经大学
,major_line_2023,管理科学与工程类,管理科学,,,487,2023,本科批,,23115,486,0,上海,综合,,,南京财经大学
,major_line_2023,药学类,临床药学（中外合作办学）（学费国内为28000元/年，在英国就读期间约为2.3万英镑/年）（由诺丁汉大学依据其当年的学费标准收取）（中外合作办学）,,,518,2023,本科批,,15916,515,0,上海,综合,,,天津中医药大学
,major_line_2023,统计学类,应用统计学,,,477,2023,本科批,,26112,474,0,上海,综合,,,天津中医药大学
,major_line_2023,公共卫生与预防医学类,预防医学,,,507,2023,本科批,,18118,506,0,上海,综合,,,天津中医药大学
,major_line_2023,药学类,临床药学（中外合作办学）（学费国内为28000元/年，在英国就读期间约为2.3万英镑/年）（由诺丁汉大学依据其当年的学费标准收取）（中外合作办学）,,,518,2023,本科批,,15916,515,0,上海,综合,,,天津中医药大学
,major_line_2023,中药学类,中药学类（含中药学、中药资源与开发、中药制药专业）,,,514,2023,本科批,,16423,513,0,上海,综合,,,天津中医药大学
,major_line_2023,中医学类,中医学类（含中医学、针灸推拿学、中医康复学、中医养生学、中医骨伤科学专业）,,,520,2023,本科批,,16670,512,0,上海,综合,,,天津中医药大学
,major_line_2023,药学类,临床药学,,,512,2023,本科批,,16670,512,0,上海,综合,,,天津中医药大学
,major_line_2023,药学类,药学类（含药学、药物制剂专业）,,,511,2023,本科批,,16921,511,0,上海,综合,,,天津中医药大学
,major_line_2023,公共卫生与预防医学类,预防医学,,,507,2023,本科批,,18118,506,0,上海,综合,,,天津中医药大学
,major_line_2023,心理学类,应用心理学,,,483,2023,本科批,,24548,480,0,上海,综合,,,天津中医药大学
,major_line_2023,统计学类,应用统计学,,,477,2023,本科批,,26112,474,0,上海,综合,,,天津中医药大学
,major_line_2023,工商管理类,工商管理类（含市场营销、市场营销）（国际营销班专业）,,,473,2023,本科批,,26377,473,0,上海,综合,,,天津中医药大学
,major_line_2023,中药学类,中药学类（含中药学、中药资源与开发、中药制药专业）,,,514,2023,本科批,,16423,513,0,上海,综合,,,天津中医药大学
,major_line_2023,中医学类,中医学类（含中医学、针灸推拿学、中医康复学、中医养生学、中医骨伤科学专业）,,,520,2023,本科批,,16670,512,0,上海,综合,,,天津中医药大学
,major_line_2023,药学类,临床药学,,,512,2023,本科批,,16670,512,0,上海,综合,,,天津中医药大学
,major_line_2023,药学类,药学类（含药学、药物制剂专业）,,,511,2023,本科批,,16921,511,0,上海,综合,,,天津中医药大学
,major_line_2023,心理学类,应用心理学,,,483,2023,本科批,,24548,480,0,上海,综合,,,天津中医药大学
,major_line_2023,工商管理类,工商管理类（含市场营销、市场营销）（国际营销班专业）,,,473,2023,本科批,,26377,473,0,上海,综合,,,天津中医药大学
,major_line_2023,计算机类,软件工程（软件开发方向）,,,456,2023,本科批,,31584,451,0,上海,综合,,,江西理工大学
,major_line_2023,计算机类,软件工程（金融方向）,,,441,2023,本科批,,33766,441,0,上海,综合,,,江西理工大学
,major_line_2023,建筑类,城乡规划,,,451,2023,本科批,,31584,451,0,上海,综合,,,江西理工大学
,major_line_2023,电子信息类,电子科学与技术（中外合作办学）（与俄罗斯阿穆尔共青城国立技术大学合作）（中外合作办学）,,,441,2023,本科批,,33965,440,0,上海,综合,,,江西理工大学
,major_line_2023,工商管理类,财务管理（语种:不限在南昌校区）,,,469,2023,本科批,,27818,467,0,上海,综合,,,江西理工大学
,major_line_2023,计算机类,软件工程（软件开发方向）,,,456,2023,本科批,,31584,451,0,上海,综合,,,江西理工大学
,major_line_2023,建筑类,城乡规划,,,451,2023,本科批,,31584,451,0,上海,综合,,,江西理工大学
,major_line_2023,金融学类,金融学（语种:不限在赣州三江校区）,,,453,2023,本科批,,32676,446,0,上海,综合,,,江西理工大学
,major_line_2023,经济与贸易类,国际经济与贸易（语种:不限在赣州三江校区）,,,451,2023,本科批,,33094,444,0,上海,综合,,,江西理工大学
,major_line_2023,工商管理类,人力资源管理（语种:不限在南昌校区）,,,446,2023,本科批,,33094,444,0,上海,综合,,,江西理工大学
,major_line_2023,外国语言文学类,英语（语种:英语在赣州红旗校区）,,,444,2023,本科批,,33094,444,0,上海,综合,,,江西理工大学
,major_line_2023,中国语言文学类,汉语国际教育（语种:不限在赣州红旗校区）,,,442,2023,本科批,,33564,442,0,上海,综合,,,江西理工大学
,major_line_2023,电气类,电气工程及其自动化（语种:不限在赣州三江校区）,,,450,2023,本科批,,33766,441,0,上海,综合,,,江西理工大学
,major_line_2023,管理科学与工程类,工程造价（语种:不限在赣州三江校区）,,,441,2023,本科批,,33766,441,0,上海,综合,,,江西理工大学
,major_line_2023,计算机类,软件工程（金融方向）,,,441,2023,本科批,,33766,441,0,上海,综合,,,江西理工大学
,major_line_2023,电子信息类,电子科学与技术（中外合作办学）（与俄罗斯阿穆尔共青城国立技术大学合作）（中外合作办学）,,,441,2023,本科批,,33965,440,0,上海,综合,,,江西理工大学
,major_line_2023,电子信息类,电子信息类（含电子信息工程、人工智能专业）（语种:不限在赣州三江校区）,,,441,2023,本科批,,33965,440,0,上海,综合,,,江西理工大学
,major_line_2023,管理科学与工程类,应急管理（语种:不限在赣州红旗校区）,,,439,2023,本科批,,34431,438,0,上海,综合,,,江西理工大学
,major_line_2023,土木类,土木类（含土木工程、建筑环境与能源应用工程专业）（语种:不限在赣州三江校区）,,,438,2023,本科批,,34431,438,0,上海,综合,,,江西理工大学
,major_line_2023,电气类,电气工程及其自动化（语种:不限在赣州三江校区）,,,450,2023,本科批,,33766,441,0,上海,综合,,,江西理工大学
,major_line_2023,管理科学与工程类,工程造价（语种:不限在赣州三江校区）,,,441,2023,本科批,,33766,441,0,上海,综合,,,江西理工大学
,major_line_2023,电子信息类,电子信息类（含电子信息工程、人工智能专业）（语种:不限在赣州三江校区）,,,441,2023,本科批,,33965,440,0,上海,综合,,,江西理工大学
,major_line_2023,管理科学与工程类,应急管理（语种:不限在赣州红旗校区）,,,439,2023,本科批,,34431,438,0,上海,综合,,,江西理工大学
,major_line_2023,土木类,土木类（含土木工程、建筑环境与能源应用工程专业）（语种:不限在赣州三江校区）,,,438,2023,本科批,,34431,438,0,上海,综合,,,江西理工大学
,major_line_2023,工商管理类,财务管理（语种:不限在南昌校区）,,,469,2023,本科批,,27818,467,0,上海,综合,,,江西理工大学
,major_line_2023,金融学类,金融学（语种:不限在赣州三江校区）,,,453,2023,本科批,,32676,446,0,上海,综合,,,江西理工大学
,major_line_2023,经济与贸易类,国际经济与贸易（语种:不限在赣州三江校区）,,,451,2023,本科批,,33094,444,0,上海,综合,,,江西理工大学
,major_line_2023,工商管理类,人力资源管理（语种:不限在南昌校区）,,,446,2023,本科批,,33094,444,0,上海,综合,,,江西理工大学
,major_line_2023,外国语言文学类,英语（语种:英语在赣州红旗校区）,,,444,2023,本科批,,33094,444,0,上海,综合,,,江西理工大学
,major_line_2023,中国语言文学类,汉语国际教育（语种:不限在赣州红旗校区）,,,442,2023,本科批,,33564,442,0,上海,综合,,,江西理工大学
,major_line_2023,工商管理类,工商管理,,,451,2023,本科批,,31821,450,0,上海,综合,,,西安科技大学
,major_line_2023,计算机类,计算机科学与技术,,,469,2023,本科批,,27818,467,0,上海,综合,,,西安科技大学
,major_line_2023,电子信息类,微电子科学与工程,,,466,2023,本科批,,28319,465,0,上海,综合,,,西安科技大学
,major_line_2023,计算机类,计算机科学与技术,,,469,2023,本科批,,27818,467,0,上海,综合,,,西安科技大学
,major_line_2023,电子信息类,微电子科学与工程,,,466,2023,本科批,,28319,465,0,上海,综合,,,西安科技大学
,major_line_2023,工商管理类,工商管理,,,451,2023,本科批,,31821,450,0,上海,综合,,,西安科技大学
,major_line_2023,法学类,法学,,,488,2023,本科批,,23115,486,0,上海,综合,,,集美大学
,major_line_2023,金融学类,金融学,,,486,2023,本科批,,24317,481,0,上海,综合,,,集美大学
,major_line_2023,工商管理类,审计学,,,482,2023,本科批,,25848,475,0,上海,综合,,,集美大学
,major_line_2023,工商管理类,会计学,,,478,2023,本科批,,25848,475,0,上海,综合,,,集美大学
,major_line_2023,外国语言文学类,日语（语种:英语）,,,476,2023,本科批,,26112,474,0,上海,综合,,,集美大学
,major_line_2023,外国语言文学类,翻译（语种:英语）,,,475,2023,本科批,,26112,474,0,上海,综合,,,集美大学
,major_line_2023,经济与贸易类,国际经济与贸易,,,475,2023,本科批,,26112,474,0,上海,综合,,,集美大学
,major_line_2023,电子信息类,通信工程,,,468,2023,本科批,,29246,461,0,上海,综合,,,集美大学
,major_line_2023,计算机类,数据科学与大数据技术,,,472,2023,本科批,,30168,457,0,上海,综合,,,集美大学
,major_line_2023,电子信息类,人工智能,,,456,2023,本科批,,31094,453,0,上海,综合,,,集美大学
,major_line_2023,计算机类,计算机科学与技术,,,457,2023,本科批,,31347,452,0,上海,综合,,,集美大学
,major_line_2023,机械类,机械设计制造及其自动化,,,456,2023,本科批,,31347,452,0,上海,综合,,,集美大学
,major_line_2023,交通运输类,交通运输,,,454,2023,本科批,,31347,452,0,上海,综合,,,集美大学
,major_line_2023,海洋工程类,船舶与海洋工程,,,454,2023,本科批,,31821,450,0,上海,综合,,,集美大学
,major_line_2023,水利类,港口航道与海岸工程,,,450,2023,本科批,,31821,450,0,上海,综合,,,集美大学
,major_line_2023,管理科学与工程类,工程管理,,,448,2023,本科批,,32460,447,0,上海,综合,,,集美大学
,major_line_2023,管理科学与工程类,应急管理,,,448,2023,本科批,,32460,447,0,上海,综合,,,集美大学
,major_line_2023,电子商务类,电子商务,,,449,2023,本科批,,32676,446,0,上海,综合,,,集美大学
,major_line_2023,物流管理与工程类,物流管理,,,447,2023,本科批,,32676,446,0,上海,综合,,,集美大学
,major_line_2023,法学类,法学,,,488,2023,本科批,,23115,486,0,上海,综合,,,集美大学
,major_line_2023,金融学类,金融学,,,486,2023,本科批,,24317,481,0,上海,综合,,,集美大学
,major_line_2023,工商管理类,审计学,,,482,2023,本科批,,25848,475,0,上海,综合,,,集美大学
,major_line_2023,工商管理类,会计学,,,478,2023,本科批,,25848,475,0,上海,综合,,,集美大学
,major_line_2023,外国语言文学类,日语（语种:英语）,,,476,2023,本科批,,26112,474,0,上海,综合,,,集美大学
,major_line_2023,外国语言文学类,翻译（语种:英语）,,,475,2023,本科批,,26112,474,0,上海,综合,,,集美大学
,major_line_2023,经济与贸易类,国际经济与贸易,,,475,2023,本科批,,26112,474,0,上海,综合,,,集美大学
,major_line_2023,电子信息类,通信工程,,,468,2023,本科批,,29246,461,0,上海,综合,,,集美大学
,major_line_2023,计算机类,数据科学与大数据技术,,,472,2023,本科批,,30168,457,0,上海,综合,,,集美大学
,major_line_2023,电子信息类,人工智能,,,456,2023,本科批,,31094,453,0,上海,综合,,,集美大学
,major_line_2023,计算机类,计算机科学与技术,,,457,2023,本科批,,31347,452,0,上海,综合,,,集美大学
,major_line_2023,机械类,机械设计制造及其自动化,,,456,2023,本科批,,31347,452,0,上海,综合,,,集美大学
,major_line_2023,交通运输类,交通运输,,,454,2023,本科批,,31347,452,0,上海,综合,,,集美大学
,major_line_2023,海洋工程类,船舶与海洋工程,,,454,2023,本科批,,31821,450,0,上海,综合,,,集美大学
,major_line_2023,水利类,港口航道与海岸工程,,,450,2023,本科批,,31821,450,0,上海,综合,,,集美大学
,major_line_2023,管理科学与工程类,工程管理,,,448,2023,本科批,,32460,447,0,上海,综合,,,集美大学
,major_line_2023,管理科学与工程类,应急管理,,,448,2023,本科批,,32460,447,0,上海,综合,,,集美大学
,major_line_2023,电子商务类,电子商务,,,449,2023,本科批,,32676,446,0,上海,综合,,,集美大学
,major_line_2023,物流管理与工程类,物流管理,,,447,2023,本科批,,32676,446,0,上海,综合,,,集美大学
,major_line_2023,中国语言文学类,汉语言文学,,,476,2023,本科批,,26377,473,0,上海,综合,,,西北师范大学
,major_line_2023,历史学类,历史学,,,474,2023,本科批,,27118,470,0,上海,综合,,,西北师范大学
,major_line_2023,地理科学类,地理科学,,,469,2023,本科批,,28075,466,0,上海,综合,,,西北师范大学
,major_line_2023,中国语言文学类,汉语国际教育,,,463,2023,本科批,,30168,457,0,上海,综合,,,西北师范大学
,major_line_2023,工商管理类,会计学,,,457,2023,本科批,,31821,450,0,上海,综合,,,西北师范大学
,major_line_2023,地理科学类,地理信息科学,,,458,2023,本科批,,32023,449,0,上海,综合,,,西北师范大学
,major_line_2023,数学类,数学与应用数学,,,457,2023,本科批,,32460,447,0,上海,综合,,,西北师范大学
,major_line_2023,生物科学类,生物科学,,,451,2023,本科批,,32676,446,0,上海,综合,,,西北师范大学
,major_line_2023,外国语言文学类,阿拉伯语,,,445,2023,本科批,,32897,445,0,上海,综合,,,西北师范大学
,major_line_2023,外国语言文学类,翻译（语种:英语）,,,445,2023,本科批,,33564,442,0,上海,综合,,,西北师范大学
,major_line_2023,工商管理类,工商管理类（含工商管理、人力资源管理专业）,,,442,2023,本科批,,34170,439,0,上海,综合,,,西北师范大学
,major_line_2023,外国语言文学类,日语,,,441,2023,本科批,,34625,437,0,上海,综合,,,西北师范大学
,major_line_2023,统计学类,统计学,,,441,2023,本科批,,34625,437,0,上海,综合,,,西北师范大学
,major_line_2023,历史学类,历史学,,,474,2023,本科批,,27118,470,0,上海,综合,,,西北师范大学
,major_line_2023,数学类,数学与应用数学,,,457,2023,本科批,,32460,447,0,上海,综合,,,西北师范大学
,major_line_2023,统计学类,统计学,,,441,2023,本科批,,34625,437,0,上海,综合,,,西北师范大学
,major_line_2023,地理科学类,地理科学,,,469,2023,本科批,,28075,466,0,上海,综合,,,西北师范大学
,major_line_2023,地理科学类,地理信息科学,,,458,2023,本科批,,32023,449,0,上海,综合,,,西北师范大学
,major_line_2023,生物科学类,生物科学,,,451,2023,本科批,,32676,446,0,上海,综合,,,西北师范大学
,major_line_2023,中国语言文学类,汉语言文学,,,476,2023,本科批,,26377,473,0,上海,综合,,,西北师范大学
,major_line_2023,中国语言文学类,汉语国际教育,,,463,2023,本科批,,30168,457,0,上海,综合,,,西北师范大学
,major_line_2023,工商管理类,会计学,,,457,2023,本科批,,31821,450,0,上海,综合,,,西北师范大学
,major_line_2023,外国语言文学类,阿拉伯语,,,445,2023,本科批,,32897,445,0,上海,综合,,,西北师范大学
,major_line_2023,外国语言文学类,翻译（语种:英语）,,,445,2023,本科批,,33564,442,0,上海,综合,,,西北师范大学
,major_line_2023,工商管理类,工商管理类（含工商管理、人力资源管理专业）,,,442,2023,本科批,,34170,439,0,上海,综合,,,西北师范大学
,major_line_2023,外国语言文学类,日语,,,441,2023,本科批,,34625,437,0,上海,综合,,,西北师范大学
,major_line_2023,法学类,法学,,,474,2023,本科批,,27118,470,0,上海,综合,,,湖南农业大学
,major_line_2023,生物科学类,生物技术,,,461,2023,本科批,,29706,459,0,上海,综合,,,湖南农业大学
,major_line_2023,公共管理类,公共管理类（含公共事业管理、行政管理、劳动与社会保障专业）,,,456,2023,本科批,,31347,452,0,上海,综合,,,湖南农业大学
,major_line_2023,生物科学类,生物技术,,,461,2023,本科批,,29706,459,0,上海,综合,,,湖南农业大学
,major_line_2023,法学类,法学,,,474,2023,本科批,,27118,470,0,上海,综合,,,湖南农业大学
,major_line_2023,公共管理类,公共管理类（含公共事业管理、行政管理、劳动与社会保障专业）,,,456,2023,本科批,,31347,452,0,上海,综合,,,湖南农业大学
,major_line_2023,口腔医学类,口腔医学,,,536,2023,本科批,,10808,536,0,上海,综合,,,青海大学
,major_line_2023,临床医学类,临床医学,,,507,2023,本科批,,17863,507,0,上海,综合,,,青海大学
,major_line_2023,计算机类,计算机科学与技术,,,496,2023,本科批,,20653,496,0,上海,综合,,,青海大学
,major_line_2023,电气类,电气工程及其自动化,,,495,2023,本科批,,20893,495,0,上海,综合,,,青海大学
,major_line_2023,经济学类,经济学,,,491,2023,本科批,,21932,491,0,上海,综合,,,青海大学
,major_line_2023,金融学类,金融学,,,484,2023,本科批,,23581,484,0,上海,综合,,,青海大学
,major_line_2023,金融学类,金融学,,,484,2023,本科批,,23581,484,0,上海,综合,,,青海大学
,major_line_2023,口腔医学类,口腔医学,,,536,2023,本科批,,10808,536,0,上海,综合,,,青海大学
,major_line_2023,经济学类,经济学,,,491,2023,本科批,,21932,491,0,上海,综合,,,青海大学
,major_line_2023,临床医学类,临床医学,,,507,2023,本科批,,17863,507,0,上海,综合,,,青海大学
,major_line_2023,计算机类,计算机科学与技术,,,496,2023,本科批,,20653,496,0,上海,综合,,,青海大学
,major_line_2023,电气类,电气工程及其自动化,,,495,2023,本科批,,20893,495,0,上海,综合,,,青海大学
,major_line_2023,中医学类,中医学,,,544,2023,本科批,,9179,543,0,上海,综合,,,成都中医药大学
,major_line_2023,中医学类,针灸推拿学,,,532,2023,本科批,,12669,528,0,上海,综合,,,成都中医药大学
,major_line_2023,中医学类,中医学,,,544,2023,本科批,,9179,543,0,上海,综合,,,成都中医药大学
,major_line_2023,中医学类,针灸推拿学,,,532,2023,本科批,,12669,528,0,上海,综合,,,成都中医药大学
,major_line_2023,法学类,法学,,,463,2023,本科批,,29706,459,0,上海,综合,,,辽宁师范大学
,major_line_2023,工商管理类,国际商务（中英文授课）,,,443,2023,本科批,,34431,438,0,上海,综合,,,辽宁师范大学
,major_line_2023,法学类,法学,,,463,2023,本科批,,29706,459,0,上海,综合,,,辽宁师范大学
,major_line_2023,工商管理类,国际商务（中英文授课）,,,443,2023,本科批,,34431,438,0,上海,综合,,,辽宁师范大学
,major_line_2023,金融学类,金融学（中外合作办学）（中外合作办学）,,,519,2023,本科批,,14925,519,0,上海,综合,,,浙江财经大学
,major_line_2023,工商管理类,会计学（中外合作办学）（中外合作办学）,,,511,2023,本科批,,17139,510,0,上海,综合,,,浙江财经大学
,major_line_2023,工商管理类,市场营销（中外合作办学）（中外合作办学）,,,500,2023,本科批,,20653,496,0,上海,综合,,,浙江财经大学
,major_line_2023,统计学类,统计学类（含经济统计学、应用统计学、金融数学专业）,,,519,2023,本科批,,14925,519,0,上海,综合,,,浙江财经大学
,major_line_2023,电子商务类,电子商务类（电子商务专业）,,,500,2023,本科批,,20893,495,0,上海,综合,,,浙江财经大学
,major_line_2023,财政学类,财政学类（含财政学、税收学专业）,,,513,2023,本科批,,16423,513,0,上海,综合,,,浙江财经大学
,major_line_2023,金融学类,金融学类（含金融学、信用管理、金融工程、保险学、投资学专业）,,,505,2023,本科批,,18898,503,0,上海,综合,,,浙江财经大学
,major_line_2023,法学类,法学,,,502,2023,本科批,,19420,501,0,上海,综合,,,浙江财经大学
,major_line_2023,工商管理类,工商管理类（财会类。含会计学、财务管理、审计学、资产评估专业）,,,510,2023,本科批,,19921,499,0,上海,综合,,,浙江财经大学
,major_line_2023,经济与贸易类,经济与贸易类（含国际经济与贸易、经济学、数字经济专业）,,,504,2023,本科批,,19921,499,0,上海,综合,,,浙江财经大学
,major_line_2023,中国语言文学类,汉语言文学,,,500,2023,本科批,,19921,499,0,上海,综合,,,浙江财经大学
,major_line_2023,新闻传播学类,新闻传播学类（含广告学、网络与新媒体专业）,,,498,2023,本科批,,20181,498,0,上海,综合,,,浙江财经大学
,major_line_2023,公共管理类,公共管理类（含劳动与社会保障、土地资源管理、行政管理、城市管理专业）,,,498,2023,本科批,,20398,497,0,上海,综合,,,浙江财经大学
,major_line_2023,社会学类,社会工作,,,497,2023,本科批,,20398,497,0,上海,综合,,,浙江财经大学
,major_line_2023,工商管理类,工商管理类（含工商管理、人力资源管理、市场营销、供应链管理专业）,,,497,2023,本科批,,20398,497,0,上海,综合,,,浙江财经大学
,major_line_2023,外国语言文学类,外国语言文学类（含英语、日语、商务英语专业。外语单科成绩不低于105分）,,,497,2023,本科批,,20653,496,0,上海,综合,,,浙江财经大学
,major_line_2023,金融学类,金融学（中外合作办学）（中外合作办学）,,,519,2023,本科批,,14925,519,0,上海,综合,,,浙江财经大学
,major_line_2023,统计学类,统计学类（含经济统计学、应用统计学、金融数学专业）,,,519,2023,本科批,,14925,519,0,上海,综合,,,浙江财经大学
,major_line_2023,财政学类,财政学类（含财政学、税收学专业）,,,513,2023,本科批,,16423,513,0,上海,综合,,,浙江财经大学
,major_line_2023,工商管理类,会计学（中外合作办学）（中外合作办学）,,,511,2023,本科批,,17139,510,0,上海,综合,,,浙江财经大学
,major_line_2023,金融学类,金融学类（含金融学、信用管理、金融工程、保险学、投资学专业）,,,505,2023,本科批,,18898,503,0,上海,综合,,,浙江财经大学
,major_line_2023,法学类,法学,,,502,2023,本科批,,19420,501,0,上海,综合,,,浙江财经大学
,major_line_2023,工商管理类,工商管理类（财会类。含会计学、财务管理、审计学、资产评估专业）,,,510,2023,本科批,,19921,499,0,上海,综合,,,浙江财经大学
,major_line_2023,经济与贸易类,经济与贸易类（含国际经济与贸易、经济学、数字经济专业）,,,504,2023,本科批,,19921,499,0,上海,综合,,,浙江财经大学
,major_line_2023,中国语言文学类,汉语言文学,,,500,2023,本科批,,19921,499,0,上海,综合,,,浙江财经大学
,major_line_2023,新闻传播学类,新闻传播学类（含广告学、网络与新媒体专业）,,,498,2023,本科批,,20181,498,0,上海,综合,,,浙江财经大学
,major_line_2023,公共管理类,公共管理类（含劳动与社会保障、土地资源管理、行政管理、城市管理专业）,,,498,2023,本科批,,20398,497,0,上海,综合,,,浙江财经大学
,major_line_2023,社会学类,社会工作,,,497,2023,本科批,,20398,497,0,上海,综合,,,浙江财经大学
,major_line_2023,工商管理类,工商管理类（含工商管理、人力资源管理、市场营销、供应链管理专业）,,,497,2023,本科批,,20398,497,0,上海,综合,,,浙江财经大学
,major_line_2023,工商管理类,市场营销（中外合作办学）（中外合作办学）,,,500,2023,本科批,,20653,496,0,上海,综合,,,浙江财经大学
,major_line_2023,外国语言文学类,外国语言文学类（含英语、日语、商务英语专业。外语单科成绩不低于105分）,,,497,2023,本科批,,20653,496,0,上海,综合,,,浙江财经大学
,major_line_2023,电子商务类,电子商务类（电子商务专业）,,,500,2023,本科批,,20893,495,0,上海,综合,,,浙江财经大学
,major_line_2023,建筑类,建筑类（城乡规划专业）,,,496,2023,本科批,,21165,494,0,上海,综合,,,浙江财经大学
,major_line_2023,计算机类,计算机类（含人工智能、软件工程）（智能金融、信息管理与信息系统）（大数据智能专业）,,,491,2023,本科批,,22656,488,0,上海,综合,,,浙江财经大学
,major_line_2023,管理科学与工程类,管理科学与工程类（工程管理专业）,,,487,2023,本科批,,23115,486,0,上海,综合,,,浙江财经大学
,major_line_2023,建筑类,建筑类（城乡规划专业）,,,496,2023,本科批,,21165,494,0,上海,综合,,,浙江财经大学
,major_line_2023,计算机类,计算机类（含人工智能、软件工程）（智能金融、信息管理与信息系统）（大数据智能专业）,,,491,2023,本科批,,22656,488,0,上海,综合,,,浙江财经大学
,major_line_2023,管理科学与工程类,管理科学与工程类（工程管理专业）,,,487,2023,本科批,,23115,486,0,上海,综合,,,浙江财经大学
,major_line_2023,法学类,法学（海商法）（卓越法律人才培养班）,,,0,2023,本科批,,12669,528,545,上海,综合,,,上海海事大学
,major_line_2023,工商管理类,会计学（国会班）,,,0,2023,本科批,,13663,524,531,上海,综合,,,上海海事大学
,major_line_2023,物流管理与工程类,物流管理,,,0,2023,本科批,,13919,523,534,上海,综合,,,上海海事大学
,major_line_2023,公共管理类,交通管理（航运管理）,,,0,2023,本科批,,16172,514,529,上海,综合,,,上海海事大学
,major_line_2023,交通运输类,船舶电子电气工程,,,0,2023,本科提前批,,23115,486,0,上海,综合,,,上海海事大学
,major_line_2023,交通运输类,航海技术,,,0,2023,本科提前批,,24801,479,516,上海,综合,,,上海海事大学
,major_line_2023,交通运输类,轮机工程,,,0,2023,本科提前批,,25351,477,495,上海,综合,,,上海海事大学
,major_line_2023,交通运输类,船舶电子电气工程,,,0,2023,本科提前批,,23115,486,0,上海,综合,,,上海海事大学
,major_line_2023,交通运输类,航海技术,,,0,2023,本科提前批,,24801,479,516,上海,综合,,,上海海事大学
,major_line_2023,交通运输类,轮机工程,,,0,2023,本科提前批,,25351,477,495,上海,综合,,,上海海事大学
,major_line_2023,计算机类,计算机类,,,0,2023,本科批,,17139,510,530,上海,综合,,,上海海事大学
,major_line_2023,管理科学与工程类,大数据管理与应用,,,0,2023,本科批,,17631,508,518,上海,综合,,,上海海事大学
,major_line_2023,电气类,电气工程及其自动化,,,0,2023,本科批,,17863,507,523,上海,综合,,,上海海事大学
,major_line_2023,电子信息类,电子信息类,,,0,2023,本科批,,17863,507,525,上海,综合,,,上海海事大学
,major_line_2023,电气类,电气类（中荷）（中外合作办学）,,,0,2023,本科批,,18398,505,516,上海,综合,,,上海海事大学
,major_line_2023,数学类,数学类,,,0,2023,本科批,,18398,505,523,上海,综合,,,上海海事大学
,major_line_2023,机械类,机械电子工程,,,0,2023,本科批,,19158,502,519,上海,综合,,,上海海事大学
,major_line_2023,自动化类,自动化,,,0,2023,本科批,,19158,502,524,上海,综合,,,上海海事大学
,major_line_2023,机械类,机械设计制造及其自动化,,,0,2023,本科批,,19158,502,519,上海,综合,,,上海海事大学
,major_line_2023,海洋工程类,船舶与海洋工程,,,0,2023,本科批,,19158,502,515,上海,综合,,,上海海事大学
,major_line_2023,机械类,机械类（中荷）（中外合作办学）,,,0,2023,本科批,,19158,502,510,上海,综合,,,上海海事大学
,major_line_2023,仪器类,测控技术与仪器,,,0,2023,本科批,,19921,499,506,上海,综合,,,上海海事大学
,major_line_2023,机械类,工业设计,,,0,2023,本科批,,19921,499,515,上海,综合,,,上海海事大学
,major_line_2023,管理科学与工程类,管理科学,,,0,2023,本科批,,19921,499,511,上海,综合,,,上海海事大学
,major_line_2023,环境科学与工程类,环境工程,,,0,2023,本科批,,19921,499,506,上海,综合,,,上海海事大学
,major_line_2023,安全科学与工程类,安全工程,,,0,2023,本科批,,19921,499,504,上海,综合,,,上海海事大学
,major_line_2023,材料类,材料科学与工程,,,0,2023,本科批,,19921,499,515,上海,综合,,,上海海事大学
,major_line_2023,公共管理类,交通管理（航运管理）（新国航班）,,,0,2023,本科批,,12669,528,557,上海,综合,,,上海海事大学
,major_line_2023,法学类,法学（海商法）,,,0,2023,本科批,,16172,514,534,上海,综合,,,上海海事大学
,major_line_2023,物流管理与工程类,物流工程,,,0,2023,本科批,,18398,505,524,上海,综合,,,上海海事大学
,major_line_2023,经济学类,经济学类,,,0,2023,本科批,,18898,503,524,上海,综合,,,上海海事大学
,major_line_2023,工业工程类,工业工程,,,0,2023,本科批,,19158,502,511,上海,综合,,,上海海事大学
,major_line_2023,外国语言文学类,日语,,,0,2023,本科批,,19158,502,515,上海,综合,,,上海海事大学
,major_line_2023,外国语言文学类,外国语言文学类,,,0,2023,本科批,,19158,502,516,上海,综合,,,上海海事大学
,major_line_2023,外国语言文学类,法语,,,0,2023,本科批,,19158,502,509,上海,综合,,,上海海事大学
,major_line_2023,公共管理类,交通管理（航运管理）（新国航班）,,,0,2023,本科批,,12669,528,557,上海,综合,,,上海海事大学
,major_line_2023,法学类,法学（海商法）（卓越法律人才培养班）,,,0,2023,本科批,,12669,528,545,上海,综合,,,上海海事大学
,major_line_2023,工商管理类,会计学（国会班）,,,0,2023,本科批,,13663,524,531,上海,综合,,,上海海事大学
,major_line_2023,物流管理与工程类,物流管理,,,0,2023,本科批,,13919,523,534,上海,综合,,,上海海事大学
,major_line_2023,公共管理类,交通管理（航运管理）,,,0,2023,本科批,,16172,514,529,上海,综合,,,上海海事大学
,major_line_2023,法学类,法学（海商法）,,,0,2023,本科批,,16172,514,534,上海,综合,,,上海海事大学
,major_line_2023,交通运输类,交通运输,,,0,2023,本科批,,17139,510,521,上海,综合,,,上海海事大学
,major_line_2023,计算机类,计算机类,,,0,2023,本科批,,17139,510,530,上海,综合,,,上海海事大学
,major_line_2023,管理科学与工程类,大数据管理与应用,,,0,2023,本科批,,17631,508,518,上海,综合,,,上海海事大学
,major_line_2023,电气类,电气工程及其自动化,,,0,2023,本科批,,17863,507,523,上海,综合,,,上海海事大学
,major_line_2023,电子信息类,电子信息类,,,0,2023,本科批,,17863,507,525,上海,综合,,,上海海事大学
,major_line_2023,交通运输类,交通工程,,,0,2023,本科批,,18398,505,526,上海,综合,,,上海海事大学
,major_line_2023,物流管理与工程类,物流工程,,,0,2023,本科批,,18398,505,524,上海,综合,,,上海海事大学
,major_line_2023,能源动力类,能源与动力工程,,,0,2023,本科批,,18398,505,518,上海,综合,,,上海海事大学
,major_line_2023,电气类,电气类（中荷）（中外合作办学）,,,0,2023,本科批,,18398,505,516,上海,综合,,,上海海事大学
,major_line_2023,数学类,数学类,,,0,2023,本科批,,18398,505,523,上海,综合,,,上海海事大学
,major_line_2023,水利类,港口航道与海岸工程,,,0,2023,本科批,,18898,503,513,上海,综合,,,上海海事大学
,major_line_2023,经济学类,经济学类,,,0,2023,本科批,,18898,503,524,上海,综合,,,上海海事大学
,major_line_2023,机械类,机械电子工程,,,0,2023,本科批,,19158,502,519,上海,综合,,,上海海事大学
,major_line_2023,自动化类,自动化,,,0,2023,本科批,,19158,502,524,上海,综合,,,上海海事大学
,major_line_2023,工业工程类,工业工程,,,0,2023,本科批,,19158,502,511,上海,综合,,,上海海事大学
,major_line_2023,外国语言文学类,日语,,,0,2023,本科批,,19158,502,515,上海,综合,,,上海海事大学
,major_line_2023,机械类,机械设计制造及其自动化,,,0,2023,本科批,,19158,502,519,上海,综合,,,上海海事大学
,major_line_2023,海洋工程类,船舶与海洋工程,,,0,2023,本科批,,19158,502,515,上海,综合,,,上海海事大学
,major_line_2023,外国语言文学类,外国语言文学类,,,0,2023,本科批,,19158,502,516,上海,综合,,,上海海事大学
,major_line_2023,机械类,机械类（中荷）（中外合作办学）,,,0,2023,本科批,,19158,502,510,上海,综合,,,上海海事大学
,major_line_2023,外国语言文学类,法语,,,0,2023,本科批,,19158,502,509,上海,综合,,,上海海事大学
,major_line_2023,仪器类,测控技术与仪器,,,0,2023,本科批,,19921,499,506,上海,综合,,,上海海事大学
,major_line_2023,机械类,工业设计,,,0,2023,本科批,,19921,499,515,上海,综合,,,上海海事大学
,major_line_2023,管理科学与工程类,管理科学,,,0,2023,本科批,,19921,499,511,上海,综合,,,上海海事大学
,major_line_2023,环境科学与工程类,环境工程,,,0,2023,本科批,,19921,499,506,上海,综合,,,上海海事大学
,major_line_2023,安全科学与工程类,安全工程,,,0,2023,本科批,,19921,499,504,上海,综合,,,上海海事大学
,major_line_2023,材料类,材料科学与工程,,,0,2023,本科批,,19921,499,515,上海,综合,,,上海海事大学
,major_line_2023,交通运输类,交通运输,,,0,2023,本科批,,17139,510,521,上海,综合,,,上海海事大学
,major_line_2023,交通运输类,交通工程,,,0,2023,本科批,,18398,505,526,上海,综合,,,上海海事大学
,major_line_2023,能源动力类,能源与动力工程,,,0,2023,本科批,,18398,505,518,上海,综合,,,上海海事大学
,major_line_2023,水利类,港口航道与海岸工程,,,0,2023,本科批,,18898,503,513,上海,综合,,,上海海事大学
,major_line_2023,计算机类,数据科学与大数据技术,,,533,2023,本科批,,12669,528,0,上海,综合,,,上海对外经贸大学
,major_line_2023,统计学类,应用统计学（国家级一流本科专业建设点）,,,532,2023,本科批,,13152,526,0,上海,综合,,,上海对外经贸大学
,major_line_2023,管理科学与工程类,信息管理与信息系统（国家级一流本科专业建设点）,,,530,2023,本科批,,13152,526,0,上海,综合,,,上海对外经贸大学
,major_line_2023,金融学类,金融工程（国家级一流本科专业建设点）,,,530,2023,本科批,,13663,524,0,上海,综合,,,上海对外经贸大学
,major_line_2023,电子信息类,人工智能,,,525,2023,本科批,,14182,522,0,上海,综合,,,上海对外经贸大学
,major_line_2023,经济学类,经济统计学,,,523,2023,本科批,,14182,522,0,上海,综合,,,上海对外经贸大学
,major_line_2023,经济与贸易类,国际经济与贸易（全英语）,,,541,2023,本科批,,10105,539,0,上海,综合,,,上海对外经贸大学
,major_line_2023,金融学类,金融学（全英语）,,,541,2023,本科批,,10105,539,0,上海,综合,,,上海对外经贸大学
,major_line_2023,工商管理类,审计学（注册会计师方向。国家级一流本科专业建设点）,,,539,2023,本科批,,10808,536,0,上海,综合,,,上海对外经贸大学
,major_line_2023,法学类,法学（商法方向。国家级一流本科专业建设点）,,,534,2023,本科批,,11977,531,0,上海,综合,,,上海对外经贸大学
,major_line_2023,工商管理类,会计学（国际会计方向。国家级一流本科专业建设点）,,,534,2023,本科批,,12194,530,0,上海,综合,,,上海对外经贸大学
,major_line_2023,金融学类,金融学（国家级一流本科专业建设点）,,,534,2023,本科批,,12442,529,0,上海,综合,,,上海对外经贸大学
,major_line_2023,计算机类,数据科学与大数据技术,,,533,2023,本科批,,12669,528,0,上海,综合,,,上海对外经贸大学
,major_line_2023,工商管理类,财务管理（国家级一流本科专业建设点）,,,529,2023,本科批,,12910,527,0,上海,综合,,,上海对外经贸大学
,major_line_2023,统计学类,应用统计学（国家级一流本科专业建设点）,,,532,2023,本科批,,13152,526,0,上海,综合,,,上海对外经贸大学
,major_line_2023,经济与贸易类,国际经济与贸易（国家级一流本科专业建设点）,,,531,2023,本科批,,13152,526,0,上海,综合,,,上海对外经贸大学
,major_line_2023,管理科学与工程类,信息管理与信息系统（国家级一流本科专业建设点）,,,530,2023,本科批,,13152,526,0,上海,综合,,,上海对外经贸大学
,major_line_2023,工商管理类,财务管理（中外合作办学）（中加合作。“4+0”模式，国家级一流本科专业建设点）（中外合作办学）,,,527,2023,本科批,,13398,525,0,上海,综合,,,上海对外经贸大学
,major_line_2023,金融学类,金融工程（国家级一流本科专业建设点）,,,530,2023,本科批,,13663,524,0,上海,综合,,,上海对外经贸大学
,major_line_2023,公共管理类,行政管理,,,526,2023,本科批,,13663,524,0,上海,综合,,,上海对外经贸大学
,major_line_2023,工商管理类,资产评估（上海市一流本科专业建设点）,,,526,2023,本科批,,13919,523,0,上海,综合,,,上海对外经贸大学
,major_line_2023,金融学类,金融学（中外合作办学）（中加合作。“4+0”模式，国家级一流本科专业建设点）（中外合作办学）,,,527,2023,本科批,,14182,522,0,上海,综合,,,上海对外经贸大学
,major_line_2023,经济学类,经济学（国际投资方向。上海市一流本科专业建设点）,,,526,2023,本科批,,14182,522,0,上海,综合,,,上海对外经贸大学
,major_line_2023,法学类,国际经贸规则,,,525,2023,本科批,,14182,522,0,上海,综合,,,上海对外经贸大学
,major_line_2023,金融学类,投资学,,,525,2023,本科批,,14182,522,0,上海,综合,,,上海对外经贸大学
,major_line_2023,电子信息类,人工智能,,,525,2023,本科批,,14182,522,0,上海,综合,,,上海对外经贸大学
,major_line_2023,经济学类,经济统计学,,,523,2023,本科批,,14182,522,0,上海,综合,,,上海对外经贸大学
,major_line_2023,电子商务类,电子商务（国家级一流本科专业建设点）,,,523,2023,本科批,,14182,522,0,上海,综合,,,上海对外经贸大学
,major_line_2023,经济与贸易类,国际经济发展合作,,,522,2023,本科批,,14416,521,0,上海,综合,,,上海对外经贸大学
,major_line_2023,旅游管理类,会展经济与管理（中外合作办学）（中德合作。“4+0”模式，国家级一流本科专业建设点）（中外合作办学）,,,526,2023,本科批,,14672,520,0,上海,综合,,,上海对外经贸大学
,major_line_2023,金融学类,保险学,,,524,2023,本科批,,14672,520,0,上海,综合,,,上海对外经贸大学
,major_line_2023,工商管理类,工商管理类（含工商管理）（国际企业管理方向、市场营销）（国际营销方向、人力资源管理）（国际人力资源管理方向、文化产业管理专业，一年级末专业分流。工商管理、市场营销为国家级一流本科专业建设点，人力资源管理为上海市一流本科专业建设点）,,,523,2023,本科批,,14672,520,0,上海,综合,,,上海对外经贸大学
,major_line_2023,政治学类,国际政治,,,522,2023,本科批,,14672,520,0,上海,综合,,,上海对外经贸大学
,major_line_2023,物流管理与工程类,物流管理（中外合作办学）（中澳合作。“4+0”模式，国家级一流本科专业建设点）（中外合作办学）,,,522,2023,本科批,,14672,520,0,上海,综合,,,上海对外经贸大学
,major_line_2023,工商管理类,国际商务（中外合作办学）（中澳合作。“4+0”模式）（中外合作办学）,,,522,2023,本科批,,14672,520,0,上海,综合,,,上海对外经贸大学
,major_line_2023,旅游管理类,旅游管理（上海市一流本科专业建设点）,,,520,2023,本科批,,14672,520,0,上海,综合,,,上海对外经贸大学
,major_line_2023,中国语言文学类,汉语国际教育（商务汉语方向）,,,523,2023,本科批,,14925,519,0,上海,综合,,,上海对外经贸大学
,major_line_2023,新闻传播学类,新闻学（经济新闻报道方向）,,,523,2023,本科批,,14925,519,0,上海,综合,,,上海对外经贸大学
,major_line_2023,外国语言文学类,英语（国家级一流本科专业建设点）（语种:英语）,,,522,2023,本科批,,14925,519,0,上海,综合,,,上海对外经贸大学
,major_line_2023,外国语言文学类,英语（中外合作办学）（中英合作。“4+0”模式，国家级一流本科专业建设点）（语种:英语）（中外合作办学）,,,521,2023,本科批,,14925,519,0,上海,综合,,,上海对外经贸大学
,major_line_2023,外国语言文学类,法语（商务法语方向。外语语种为英语、法语）,,,521,2023,本科批,,15161,518,0,上海,综合,,,上海对外经贸大学
,major_line_2023,外国语言文学类,日语（商务日语方向。外语语种为英语、日语。上海市一流本科专业建设点）,,,519,2023,本科批,,15161,518,0,上海,综合,,,上海对外经贸大学
,major_line_2023,法学类,法学（商法方向。国家级一流本科专业建设点）,,,534,2023,本科批,,11977,531,0,上海,综合,,,上海对外经贸大学
,major_line_2023,法学类,国际经贸规则,,,525,2023,本科批,,14182,522,0,上海,综合,,,上海对外经贸大学
,major_line_2023,政治学类,国际政治,,,522,2023,本科批,,14672,520,0,上海,综合,,,上海对外经贸大学
,major_line_2023,中国语言文学类,汉语国际教育（商务汉语方向）,,,523,2023,本科批,,14925,519,0,上海,综合,,,上海对外经贸大学
,major_line_2023,新闻传播学类,新闻学（经济新闻报道方向）,,,523,2023,本科批,,14925,519,0,上海,综合,,,上海对外经贸大学
,major_line_2023,外国语言文学类,英语（国家级一流本科专业建设点）（语种:英语）,,,522,2023,本科批,,14925,519,0,上海,综合,,,上海对外经贸大学
,major_line_2023,外国语言文学类,英语（中外合作办学）（中英合作。“4+0”模式，国家级一流本科专业建设点）（语种:英语）（中外合作办学）,,,521,2023,本科批,,14925,519,0,上海,综合,,,上海对外经贸大学
,major_line_2023,外国语言文学类,法语（商务法语方向。外语语种为英语、法语）,,,521,2023,本科批,,15161,518,0,上海,综合,,,上海对外经贸大学
,major_line_2023,外国语言文学类,日语（商务日语方向。外语语种为英语、日语。上海市一流本科专业建设点）,,,519,2023,本科批,,15161,518,0,上海,综合,,,上海对外经贸大学
,major_line_2023,工商管理类,审计学（注册会计师方向。国家级一流本科专业建设点）,,,539,2023,本科批,,10808,536,0,上海,综合,,,上海对外经贸大学
,major_line_2023,工商管理类,会计学（国际会计方向。国家级一流本科专业建设点）,,,534,2023,本科批,,12194,530,0,上海,综合,,,上海对外经贸大学
,major_line_2023,金融学类,金融学（国家级一流本科专业建设点）,,,534,2023,本科批,,12442,529,0,上海,综合,,,上海对外经贸大学
,major_line_2023,工商管理类,财务管理（国家级一流本科专业建设点）,,,529,2023,本科批,,12910,527,0,上海,综合,,,上海对外经贸大学
,major_line_2023,经济与贸易类,国际经济与贸易（国家级一流本科专业建设点）,,,531,2023,本科批,,13152,526,0,上海,综合,,,上海对外经贸大学
,major_line_2023,工商管理类,财务管理（中外合作办学）（中加合作。“4+0”模式，国家级一流本科专业建设点）（中外合作办学）,,,527,2023,本科批,,13398,525,0,上海,综合,,,上海对外经贸大学
,major_line_2023,公共管理类,行政管理,,,526,2023,本科批,,13663,524,0,上海,综合,,,上海对外经贸大学
,major_line_2023,工商管理类,资产评估（上海市一流本科专业建设点）,,,526,2023,本科批,,13919,523,0,上海,综合,,,上海对外经贸大学
,major_line_2023,金融学类,金融学（中外合作办学）（中加合作。“4+0”模式，国家级一流本科专业建设点）（中外合作办学）,,,527,2023,本科批,,14182,522,0,上海,综合,,,上海对外经贸大学
,major_line_2023,经济学类,经济学（国际投资方向。上海市一流本科专业建设点）,,,526,2023,本科批,,14182,522,0,上海,综合,,,上海对外经贸大学
,major_line_2023,金融学类,投资学,,,525,2023,本科批,,14182,522,0,上海,综合,,,上海对外经贸大学
,major_line_2023,电子商务类,电子商务（国家级一流本科专业建设点）,,,523,2023,本科批,,14182,522,0,上海,综合,,,上海对外经贸大学
,major_line_2023,经济与贸易类,国际经济发展合作,,,522,2023,本科批,,14416,521,0,上海,综合,,,上海对外经贸大学
,major_line_2023,旅游管理类,会展经济与管理（中外合作办学）（中德合作。“4+0”模式，国家级一流本科专业建设点）（中外合作办学）,,,526,2023,本科批,,14672,520,0,上海,综合,,,上海对外经贸大学
,major_line_2023,金融学类,保险学,,,524,2023,本科批,,14672,520,0,上海,综合,,,上海对外经贸大学
,major_line_2023,工商管理类,工商管理类（含工商管理）（国际企业管理方向、市场营销）（国际营销方向、人力资源管理）（国际人力资源管理方向、文化产业管理专业，一年级末专业分流。工商管理、市场营销为国家级一流本科专业建设点，人力资源管理为上海市一流本科专业建设点）,,,523,2023,本科批,,14672,520,0,上海,综合,,,上海对外经贸大学
,major_line_2023,物流管理与工程类,物流管理（中外合作办学）（中澳合作。“4+0”模式，国家级一流本科专业建设点）（中外合作办学）,,,522,2023,本科批,,14672,520,0,上海,综合,,,上海对外经贸大学
,major_line_2023,工商管理类,国际商务（中外合作办学）（中澳合作。“4+0”模式）（中外合作办学）,,,522,2023,本科批,,14672,520,0,上海,综合,,,上海对外经贸大学
,major_line_2023,旅游管理类,旅游管理（上海市一流本科专业建设点）,,,520,2023,本科批,,14672,520,0,上海,综合,,,上海对外经贸大学
,major_line_2023,经济与贸易类,国际经济与贸易（全英语）,,,541,2023,本科批,,10105,539,0,上海,综合,,,上海对外经贸大学
,major_line_2023,金融学类,金融学（全英语）,,,541,2023,本科批,,10105,539,0,上海,综合,,,上海对外经贸大学
,major_line_2023,生物科学类,生物科学（师范类）,,,496,2023,本科批,,22166,490,0,上海,综合,,,曲阜师范大学
,major_line_2023,中国语言文学类,汉语言文学（师范类）,,,508,2023,本科批,,18635,504,0,上海,综合,,,曲阜师范大学
,major_line_2023,中国语言文学类,汉语言文学（师范类）,,,508,2023,本科批,,18635,504,0,上海,综合,,,曲阜师范大学
,major_line_2023,生物科学类,生物科学（师范类）,,,496,2023,本科批,,22166,490,0,上海,综合,,,曲阜师范大学
,major_line_2023,电气类,电气工程及其自动化,,,486,2023,本科批,,24317,481,0,上海,综合,,,三峡大学
,major_line_2023,电气类,电气工程及其自动化（输电线路工程方向）,,,479,2023,本科批,,25081,478,0,上海,综合,,,三峡大学
,major_line_2023,电气类,智能电网信息工程,,,477,2023,本科批,,25351,477,0,上海,综合,,,三峡大学
,major_line_2023,电气类,电气工程及其自动化（中外合作办学）（入学后不得转专业）（中外合作办学）,,,464,2023,本科批,,28788,463,0,上海,综合,,,三峡大学
,major_line_2023,生物工程类,生物工程（含制药、食品发酵方向）,,,453,2023,本科批,,32236,448,0,上海,综合,,,三峡大学
,major_line_2023,生物科学类,生物科学（含生科、生态学方向）,,,449,2023,本科批,,32897,445,0,上海,综合,,,三峡大学
,major_line_2023,电气类,电气工程及其自动化（中外合作办学）（入学后不得转专业）（中外合作办学）,,,464,2023,本科批,,28788,463,0,上海,综合,,,三峡大学
,major_line_2023,生物工程类,生物工程（含制药、食品发酵方向）,,,453,2023,本科批,,32236,448,0,上海,综合,,,三峡大学
,major_line_2023,生物科学类,生物科学（含生科、生态学方向）,,,449,2023,本科批,,32897,445,0,上海,综合,,,三峡大学
,major_line_2023,电气类,电气工程及其自动化,,,486,2023,本科批,,24317,481,0,上海,综合,,,三峡大学
,major_line_2023,电气类,电气工程及其自动化（输电线路工程方向）,,,479,2023,本科批,,25081,478,0,上海,综合,,,三峡大学
,major_line_2023,电气类,智能电网信息工程,,,477,2023,本科批,,25351,477,0,上海,综合,,,三峡大学
,major_line_2023,道路运输类,道路与桥梁工程技术,,,246,2023,专科批,,1544,246,0,上海,综合,,,华东交通大学
,major_line_2023,铁道运输类,铁道机车运用与维护,,,245,2023,专科批,,1639,245,0,上海,综合,,,华东交通大学
,major_line_2023,铁道运输类,铁道工程技术,,,244,2023,专科批,,1815,243,0,上海,综合,,,华东交通大学
,major_line_2023,铁道运输类,铁道车辆技术,,,241,2023,专科批,,1989,241,0,上海,综合,,,华东交通大学
,major_line_2023,工商管理类,会计学,,,480,2023,本科批,,24548,480,0,上海,综合,,,华东交通大学
,major_line_2023,金融学类,金融学,,,476,2023,本科批,,25585,476,0,上海,综合,,,华东交通大学
,major_line_2023,道路运输类,道路与桥梁工程技术,,,246,2023,专科批,,1544,246,0,上海,综合,,,华东交通大学
,major_line_2023,铁道运输类,铁道机车运用与维护,,,245,2023,专科批,,1639,245,0,上海,综合,,,华东交通大学
,major_line_2023,铁道运输类,铁道工程技术,,,244,2023,专科批,,1815,243,0,上海,综合,,,华东交通大学
,major_line_2023,铁道运输类,铁道车辆技术,,,241,2023,专科批,,1989,241,0,上海,综合,,,华东交通大学
,major_line_2023,工商管理类,会计学,,,480,2023,本科批,,24548,480,0,上海,综合,,,华东交通大学
,major_line_2023,金融学类,金融学,,,476,2023,本科批,,25585,476,0,上海,综合,,,华东交通大学
,major_line_2023,电气类,电气工程及其自动化,,,473,2023,本科批,,27818,467,0,上海,综合,,,华东交通大学
,major_line_2023,机械类,机械设计制造及其自动化,,,462,2023,本科批,,29246,461,0,上海,综合,,,华东交通大学
,major_line_2023,土木类,土木工程,,,459,2023,本科批,,30610,455,0,上海,综合,,,华东交通大学
,major_line_2023,电气类,电气工程及其自动化,,,473,2023,本科批,,27818,467,0,上海,综合,,,华东交通大学
,major_line_2023,机械类,机械设计制造及其自动化,,,462,2023,本科批,,29246,461,0,上海,综合,,,华东交通大学
,major_line_2023,土木类,土木工程,,,459,2023,本科批,,30610,455,0,上海,综合,,,华东交通大学
,major_line_2023,中国语言文学类,汉语言文学（师范类）（语种:不限在校本部）,,,485,2023,本科批,,25081,478,0,上海,综合,,,济南大学
,major_line_2023,新闻传播学类,新闻传播学类（含广播电视学、广告学专业）（语种:不限在校本部）,,,474,2023,本科批,,26377,473,0,上海,综合,,,济南大学
,major_line_2023,经济学类,经济学类（含经济学、金融学专业）（语种:不限在舜耕校区）,,,473,2023,本科批,,26613,472,0,上海,综合,,,济南大学
,major_line_2023,旅游管理类,旅游管理类（含旅游管理、文化产业管理专业）（语种:不限在校本部）,,,472,2023,本科批,,26866,471,0,上海,综合,,,济南大学
,major_line_2023,中国语言文学类,汉语言文学（师范类）（语种:不限在校本部）,,,485,2023,本科批,,25081,478,0,上海,综合,,,济南大学
,major_line_2023,新闻传播学类,新闻传播学类（含广播电视学、广告学专业）（语种:不限在校本部）,,,474,2023,本科批,,26377,473,0,上海,综合,,,济南大学
,major_line_2023,经济学类,经济学类（含经济学、金融学专业）（语种:不限在舜耕校区）,,,473,2023,本科批,,26613,472,0,上海,综合,,,济南大学
,major_line_2023,旅游管理类,旅游管理类（含旅游管理、文化产业管理专业）（语种:不限在校本部）,,,472,2023,本科批,,26866,471,0,上海,综合,,,济南大学
,major_line_2023,仪器类,测控技术与仪器,,,470,2023,本科批,,27118,470,0,上海,综合,,,中北大学
,major_line_2023,电子信息类,电子科学与技术,,,469,2023,本科批,,27340,469,0,上海,综合,,,中北大学
,major_line_2023,电子信息类,集成电路设计与集成系统,,,467,2023,本科批,,27818,467,0,上海,综合,,,中北大学
,major_line_2023,机械类,新能源汽车工程,,,463,2023,本科批,,28788,463,0,上海,综合,,,中北大学
,major_line_2023,电子信息类,人工智能,,,461,2023,本科批,,29246,461,0,上海,综合,,,中北大学
,major_line_2023,自动化类,自动化,,,457,2023,本科批,,30168,457,0,上海,综合,,,中北大学
,major_line_2023,计算机类,数据科学与大数据技术,,,457,2023,本科批,,30168,457,0,上海,综合,,,中北大学
,major_line_2023,机械类,智能制造工程,,,455,2023,本科批,,30610,455,0,上海,综合,,,中北大学
,major_line_2023,自动化类,机器人工程,,,451,2023,本科批,,31584,451,0,上海,综合,,,中北大学
,major_line_2023,计算机类,物联网工程,,,450,2023,本科批,,31821,450,0,上海,综合,,,中北大学
,major_line_2023,自动化类,轨道交通信号与控制,,,447,2023,本科批,,32460,447,0,上海,综合,,,中北大学
,major_line_2023,航空航天类,飞行器设计与工程,,,447,2023,本科批,,32460,447,0,上海,综合,,,中北大学
,major_line_2023,航空航天类,飞行器制造工程,,,444,2023,本科批,,33094,444,0,上海,综合,,,中北大学
,major_line_2023,环境科学与工程类,环境工程,,,444,2023,本科批,,33327,443,0,上海,综合,,,中北大学
,major_line_2023,外国语言文学类,英语（语种:英语）,,,441,2023,本科批,,33965,440,0,上海,综合,,,中北大学
,major_line_2023,新闻传播学类,广播电视学,,,440,2023,本科批,,34170,439,0,上海,综合,,,中北大学
,major_line_2023,经济与贸易类,国际经济与贸易,,,439,2023,本科批,,34431,438,0,上海,综合,,,中北大学
,major_line_2023,外国语言文学类,英语（语种:英语）,,,441,2023,本科批,,33965,440,0,上海,综合,,,中北大学
,major_line_2023,新闻传播学类,广播电视学,,,440,2023,本科批,,34170,439,0,上海,综合,,,中北大学
,major_line_2023,经济与贸易类,国际经济与贸易,,,439,2023,本科批,,34431,438,0,上海,综合,,,中北大学
,major_line_2023,仪器类,测控技术与仪器,,,470,2023,本科批,,27118,470,0,上海,综合,,,中北大学
,major_line_2023,电子信息类,电子科学与技术,,,469,2023,本科批,,27340,469,0,上海,综合,,,中北大学
,major_line_2023,电子信息类,集成电路设计与集成系统,,,467,2023,本科批,,27818,467,0,上海,综合,,,中北大学
,major_line_2023,机械类,新能源汽车工程,,,463,2023,本科批,,28788,463,0,上海,综合,,,中北大学
,major_line_2023,电子信息类,人工智能,,,461,2023,本科批,,29246,461,0,上海,综合,,,中北大学
,major_line_2023,自动化类,自动化,,,457,2023,本科批,,30168,457,0,上海,综合,,,中北大学
,major_line_2023,计算机类,数据科学与大数据技术,,,457,2023,本科批,,30168,457,0,上海,综合,,,中北大学
,major_line_2023,机械类,智能制造工程,,,455,2023,本科批,,30610,455,0,上海,综合,,,中北大学
,major_line_2023,自动化类,机器人工程,,,451,2023,本科批,,31584,451,0,上海,综合,,,中北大学
,major_line_2023,计算机类,物联网工程,,,450,2023,本科批,,31821,450,0,上海,综合,,,中北大学
,major_line_2023,自动化类,轨道交通信号与控制,,,447,2023,本科批,,32460,447,0,上海,综合,,,中北大学
,major_line_2023,航空航天类,飞行器设计与工程,,,447,2023,本科批,,32460,447,0,上海,综合,,,中北大学
,major_line_2023,航空航天类,飞行器制造工程,,,444,2023,本科批,,33094,444,0,上海,综合,,,中北大学
,major_line_2023,环境科学与工程类,环境工程,,,444,2023,本科批,,33327,443,0,上海,综合,,,中北大学
,major_line_2023,航空航天类,飞行器设计与工程,,,462,2023,本科批,,29246,461,0,上海,综合,,,南昌航空大学
,major_line_2023,新闻传播学类,新闻学,,,457,2023,本科批,,30385,456,0,上海,综合,,,南昌航空大学
,major_line_2023,仪器类,测控技术与仪器,,,455,2023,本科批,,30852,454,0,上海,综合,,,南昌航空大学
,major_line_2023,计算机类,物联网工程,,,452,2023,本科批,,31584,451,0,上海,综合,,,南昌航空大学
,major_line_2023,法学类,法学,,,453,2023,本科批,,31821,450,0,上海,综合,,,南昌航空大学
,major_line_2023,公共管理类,公共事业管理,,,448,2023,本科批,,32236,448,0,上海,综合,,,南昌航空大学
,major_line_2023,外国语言文学类,英语,,,449,2023,本科批,,32460,447,0,上海,综合,,,南昌航空大学
,major_line_2023,经济学类,经济学,,,448,2023,本科批,,33094,444,0,上海,综合,,,南昌航空大学
,major_line_2023,工商管理类,工商管理,,,445,2023,本科批,,33766,441,0,上海,综合,,,南昌航空大学
,major_line_2023,电子商务类,电子商务,,,441,2023,本科批,,33965,440,0,上海,综合,,,南昌航空大学
,major_line_2023,经济学类,经济学,,,448,2023,本科批,,33094,444,0,上海,综合,,,南昌航空大学
,major_line_2023,工商管理类,工商管理,,,445,2023,本科批,,33766,441,0,上海,综合,,,南昌航空大学
,major_line_2023,电子商务类,电子商务,,,441,2023,本科批,,33965,440,0,上海,综合,,,南昌航空大学
,major_line_2023,航空航天类,飞行器设计与工程,,,462,2023,本科批,,29246,461,0,上海,综合,,,南昌航空大学
,major_line_2023,仪器类,测控技术与仪器,,,455,2023,本科批,,30852,454,0,上海,综合,,,南昌航空大学
,major_line_2023,计算机类,物联网工程,,,452,2023,本科批,,31584,451,0,上海,综合,,,南昌航空大学
,major_line_2023,新闻传播学类,新闻学,,,457,2023,本科批,,30385,456,0,上海,综合,,,南昌航空大学
,major_line_2023,法学类,法学,,,453,2023,本科批,,31821,450,0,上海,综合,,,南昌航空大学
,major_line_2023,公共管理类,公共事业管理,,,448,2023,本科批,,32236,448,0,上海,综合,,,南昌航空大学
,major_line_2023,外国语言文学类,英语,,,449,2023,本科批,,32460,447,0,上海,综合,,,南昌航空大学
,major_line_2023,机械类,智能制造工程,,,487,2023,本科批,,23334,485,0,上海,综合,,,天津理工大学
,major_line_2023,电子信息类,人工智能,,,485,2023,本科批,,23581,484,0,上海,综合,,,天津理工大学
,major_line_2023,计算机类,物联网工程,,,488,2023,本科批,,23814,483,0,上海,综合,,,天津理工大学
,major_line_2023,管理科学与工程类,工程管理,,,477,2023,本科批,,25585,476,0,上海,综合,,,天津理工大学
,major_line_2023,机械类,智能制造工程,,,487,2023,本科批,,23334,485,0,上海,综合,,,天津理工大学
,major_line_2023,电子信息类,人工智能,,,485,2023,本科批,,23581,484,0,上海,综合,,,天津理工大学
,major_line_2023,计算机类,物联网工程,,,488,2023,本科批,,23814,483,0,上海,综合,,,天津理工大学
,major_line_2023,管理科学与工程类,工程管理,,,477,2023,本科批,,25585,476,0,上海,综合,,,天津理工大学
,major_line_2023,建筑类,风景园林,,,467,2023,本科批,,29013,462,0,上海,综合,,,湖南科技大学
,major_line_2023,化工与制药类,制药工程,,,476,2023,本科批,,25585,476,0,上海,综合,,,湖南科技大学
,major_line_2023,生物科学类,生物科学（师范）,,,470,2023,本科批,,27340,469,0,上海,综合,,,湖南科技大学
,major_line_2023,化工与制药类,能源化学工程,,,465,2023,本科批,,28319,465,0,上海,综合,,,湖南科技大学
,major_line_2023,生物工程类,生物工程,,,467,2023,本科批,,28788,463,0,上海,综合,,,湖南科技大学
,major_line_2023,化工与制药类,化学工程与工艺,,,462,2023,本科批,,29013,462,0,上海,综合,,,湖南科技大学
,major_line_2023,化学类,化学（师范）,,,478,2023,本科批,,25081,478,0,上海,综合,,,湖南科技大学
,major_line_2023,材料类,材料科学与工程,,,463,2023,本科批,,29013,462,0,上海,综合,,,湖南科技大学
,major_line_2023,中国语言文学类,汉语言文学（师范）,,,469,2023,本科批,,27818,467,0,上海,综合,,,湖南科技大学
,major_line_2023,工商管理类,财务管理,,,463,2023,本科批,,30168,457,0,上海,综合,,,湖南科技大学
,major_line_2023,工商管理类,会计学,,,462,2023,本科批,,30168,457,0,上海,综合,,,湖南科技大学
,major_line_2023,外国语言文学类,英语（语种:英语）,,,454,2023,本科批,,30852,454,0,上海,综合,,,湖南科技大学
,major_line_2023,金融学类,金融工程,,,457,2023,本科批,,31094,453,0,上海,综合,,,湖南科技大学
,major_line_2023,经济学类,经济学,,,456,2023,本科批,,31094,453,0,上海,综合,,,湖南科技大学
,major_line_2023,经济与贸易类,国际经济与贸易,,,454,2023,本科批,,31094,453,0,上海,综合,,,湖南科技大学
,major_line_2023,计算机类,计算机科学与技术,,,472,2023,本科批,,27118,470,0,上海,综合,,,湖南科技大学
,major_line_2023,机械类,机械设计制造及其自动化,,,454,2023,本科批,,31347,452,0,上海,综合,,,湖南科技大学
,major_line_2023,数学类,信息与计算科学,,,463,2023,本科批,,32460,447,0,上海,综合,,,湖南科技大学
,major_line_2023,机械类,智能制造工程,,,450,2023,本科批,,32676,446,0,上海,综合,,,湖南科技大学
,major_line_2023,自动化类,自动化,,,457,2023,本科批,,32897,445,0,上海,综合,,,湖南科技大学
,major_line_2023,计算机类,数据科学与大数据技术,,,445,2023,本科批,,32897,445,0,上海,综合,,,湖南科技大学
,major_line_2023,自动化类,机器人工程,,,446,2023,本科批,,33094,444,0,上海,综合,,,湖南科技大学
,major_line_2023,机械类,车辆工程,,,443,2023,本科批,,33564,442,0,上海,综合,,,湖南科技大学
,major_line_2023,化学类,化学（师范）,,,478,2023,本科批,,25081,478,0,上海,综合,,,湖南科技大学
,major_line_2023,化工与制药类,制药工程,,,476,2023,本科批,,25585,476,0,上海,综合,,,湖南科技大学
,major_line_2023,计算机类,计算机科学与技术,,,472,2023,本科批,,27118,470,0,上海,综合,,,湖南科技大学
,major_line_2023,生物科学类,生物科学（师范）,,,470,2023,本科批,,27340,469,0,上海,综合,,,湖南科技大学
,major_line_2023,地理科学类,地理信息科学,,,483,2023,本科批,,27818,467,0,上海,综合,,,湖南科技大学
,major_line_2023,中国语言文学类,汉语言文学（师范）,,,469,2023,本科批,,27818,467,0,上海,综合,,,湖南科技大学
,major_line_2023,化工与制药类,能源化学工程,,,465,2023,本科批,,28319,465,0,上海,综合,,,湖南科技大学
,major_line_2023,生物工程类,生物工程,,,467,2023,本科批,,28788,463,0,上海,综合,,,湖南科技大学
,major_line_2023,建筑类,风景园林,,,467,2023,本科批,,29013,462,0,上海,综合,,,湖南科技大学
,major_line_2023,材料类,材料科学与工程,,,463,2023,本科批,,29013,462,0,上海,综合,,,湖南科技大学
,major_line_2023,化工与制药类,化学工程与工艺,,,462,2023,本科批,,29013,462,0,上海,综合,,,湖南科技大学
,major_line_2023,工商管理类,财务管理,,,463,2023,本科批,,30168,457,0,上海,综合,,,湖南科技大学
,major_line_2023,工商管理类,会计学,,,462,2023,本科批,,30168,457,0,上海,综合,,,湖南科技大学
,major_line_2023,外国语言文学类,英语（语种:英语）,,,454,2023,本科批,,30852,454,0,上海,综合,,,湖南科技大学
,major_line_2023,金融学类,金融工程,,,457,2023,本科批,,31094,453,0,上海,综合,,,湖南科技大学
,major_line_2023,经济学类,经济学,,,456,2023,本科批,,31094,453,0,上海,综合,,,湖南科技大学
,major_line_2023,经济与贸易类,国际经济与贸易,,,454,2023,本科批,,31094,453,0,上海,综合,,,湖南科技大学
,major_line_2023,机械类,机械设计制造及其自动化,,,454,2023,本科批,,31347,452,0,上海,综合,,,湖南科技大学
,major_line_2023,数学类,信息与计算科学,,,463,2023,本科批,,32460,447,0,上海,综合,,,湖南科技大学
,major_line_2023,机械类,智能制造工程,,,450,2023,本科批,,32676,446,0,上海,综合,,,湖南科技大学
,major_line_2023,自动化类,自动化,,,457,2023,本科批,,32897,445,0,上海,综合,,,湖南科技大学
,major_line_2023,计算机类,数据科学与大数据技术,,,445,2023,本科批,,32897,445,0,上海,综合,,,湖南科技大学
,major_line_2023,自动化类,机器人工程,,,446,2023,本科批,,33094,444,0,上海,综合,,,湖南科技大学
,major_line_2023,机械类,车辆工程,,,443,2023,本科批,,33564,442,0,上海,综合,,,湖南科技大学
,major_line_2023,地理科学类,地理信息科学,,,483,2023,本科批,,27818,467,0,上海,综合,,,湖南科技大学
,major_line_2023,化工与制药类,化学工程与工艺,,,462,2023,本科批,,29246,461,0,上海,综合,,,安徽工业大学
,major_line_2023,法学类,法学（语种:不限佳山校区）,,,470,2023,本科批,,27118,470,0,上海,综合,,,安徽工业大学
,major_line_2023,工商管理类,会计学（语种:不限在秀山校区）,,,469,2023,本科批,,28075,466,0,上海,综合,,,安徽工业大学
,major_line_2023,金融学类,互联网金融（语种:不限在秀山校区）,,,454,2023,本科批,,31347,452,0,上海,综合,,,安徽工业大学
,major_line_2023,工商管理类,财务管理（语种:不限在秀山校区）,,,455,2023,本科批,,31821,450,0,上海,综合,,,安徽工业大学
,major_line_2023,工商管理类,人力资源管理（语种:不限在秀山校区）,,,450,2023,本科批,,32236,448,0,上海,综合,,,安徽工业大学
,major_line_2023,金融学类,金融学（语种:不限在秀山校区）,,,458,2023,本科批,,32460,447,0,上海,综合,,,安徽工业大学
,major_line_2023,经济学类,经济学（语种:不限在秀山校区）,,,452,2023,本科批,,32460,447,0,上海,综合,,,安徽工业大学
,major_line_2023,外国语言文学类,外国语言文学类（含英语、翻译、商务英语专业）（语种:英语佳山校区）,,,450,2023,本科批,,32676,446,0,上海,综合,,,安徽工业大学
,major_line_2023,经济与贸易类,国际经济与贸易（语种:不限在秀山校区）,,,447,2023,本科批,,32897,445,0,上海,综合,,,安徽工业大学
,major_line_2023,法学类,法学（语种:不限佳山校区）,,,470,2023,本科批,,27118,470,0,上海,综合,,,安徽工业大学
,major_line_2023,工商管理类,会计学（语种:不限在秀山校区）,,,469,2023,本科批,,28075,466,0,上海,综合,,,安徽工业大学
,major_line_2023,化工与制药类,化学工程与工艺,,,462,2023,本科批,,29246,461,0,上海,综合,,,安徽工业大学
,major_line_2023,材料类,冶金工程,,,459,2023,本科批,,30168,457,0,上海,综合,,,安徽工业大学
,major_line_2023,金融学类,互联网金融（语种:不限在秀山校区）,,,454,2023,本科批,,31347,452,0,上海,综合,,,安徽工业大学
,major_line_2023,工商管理类,财务管理（语种:不限在秀山校区）,,,455,2023,本科批,,31821,450,0,上海,综合,,,安徽工业大学
,major_line_2023,计算机类,计算机科学与技术（语种:不限在佳山校区）,,,454,2023,本科批,,31821,450,0,上海,综合,,,安徽工业大学
,major_line_2023,计算机类,软件工程（语种:不限在秀山校区）,,,450,2023,本科批,,31821,450,0,上海,综合,,,安徽工业大学
,major_line_2023,电子信息类,人工智能（语种:不限在佳山校区）,,,451,2023,本科批,,32236,448,0,上海,综合,,,安徽工业大学
,major_line_2023,工商管理类,人力资源管理（语种:不限在秀山校区）,,,450,2023,本科批,,32236,448,0,上海,综合,,,安徽工业大学
,major_line_2023,金融学类,金融学（语种:不限在秀山校区）,,,458,2023,本科批,,32460,447,0,上海,综合,,,安徽工业大学
,major_line_2023,经济学类,经济学（语种:不限在秀山校区）,,,452,2023,本科批,,32460,447,0,上海,综合,,,安徽工业大学
,major_line_2023,外国语言文学类,外国语言文学类（含英语、翻译、商务英语专业）（语种:英语佳山校区）,,,450,2023,本科批,,32676,446,0,上海,综合,,,安徽工业大学
,major_line_2023,计算机类,数据科学与大数据技术（语种:不限在秀山校区）,,,447,2023,本科批,,32676,446,0,上海,综合,,,安徽工业大学
,major_line_2023,经济与贸易类,国际经济与贸易（语种:不限在秀山校区）,,,447,2023,本科批,,32897,445,0,上海,综合,,,安徽工业大学
,major_line_2023,材料类,材料科学与工程（语种:不限在佳山校区）,,,448,2023,本科批,,33094,444,0,上海,综合,,,安徽工业大学
,major_line_2023,材料类,冶金工程,,,459,2023,本科批,,30168,457,0,上海,综合,,,安徽工业大学
,major_line_2023,计算机类,计算机科学与技术（语种:不限在佳山校区）,,,454,2023,本科批,,31821,450,0,上海,综合,,,安徽工业大学
,major_line_2023,计算机类,软件工程（语种:不限在秀山校区）,,,450,2023,本科批,,31821,450,0,上海,综合,,,安徽工业大学
,major_line_2023,电子信息类,人工智能（语种:不限在佳山校区）,,,451,2023,本科批,,32236,448,0,上海,综合,,,安徽工业大学
,major_line_2023,计算机类,数据科学与大数据技术（语种:不限在秀山校区）,,,447,2023,本科批,,32676,446,0,上海,综合,,,安徽工业大学
,major_line_2023,材料类,材料科学与工程（语种:不限在佳山校区）,,,448,2023,本科批,,33094,444,0,上海,综合,,,安徽工业大学
,major_line_2023,外国语言文学类,日语（含语言、商务方向。外语语种为英语、日语。外语单科成绩不低于100分）,,,478,2023,本科批,,25081,478,0,上海,综合,,,长江大学
,major_line_2023,公共卫生与预防医学类,预防医学,,,471,2023,本科批,,26866,471,0,上海,综合,,,长江大学
,major_line_2023,新闻传播学类,新闻传播学类（含广播电视学）（含荆楚卓越人才协同育人计划、网络与新媒体专业）,,,462,2023,本科批,,29013,462,0,上海,综合,,,长江大学
,major_line_2023,中西医结合类,中西医临床医学,,,460,2023,本科批,,29469,460,0,上海,综合,,,长江大学
,major_line_2023,生物科学类,生物科学类（含生物技术、生物工程专业）,,,460,2023,本科批,,29469,460,0,上海,综合,,,长江大学
,major_line_2023,外国语言文学类,外国语言文学类（含英语）（师范、英语）（翻译、商务英语专业。英语单科成绩不低于100分）（语种:英语）,,,451,2023,本科批,,31584,451,0,上海,综合,,,长江大学
,major_line_2023,公共卫生与预防医学类,预防医学,,,471,2023,本科批,,26866,471,0,上海,综合,,,长江大学
,major_line_2023,外国语言文学类,日语（含语言、商务方向。外语语种为英语、日语。外语单科成绩不低于100分）,,,478,2023,本科批,,25081,478,0,上海,综合,,,长江大学
,major_line_2023,新闻传播学类,新闻传播学类（含广播电视学）（含荆楚卓越人才协同育人计划、网络与新媒体专业）,,,462,2023,本科批,,29013,462,0,上海,综合,,,长江大学
,major_line_2023,外国语言文学类,外国语言文学类（含英语）（师范、英语）（翻译、商务英语专业。英语单科成绩不低于100分）（语种:英语）,,,451,2023,本科批,,31584,451,0,上海,综合,,,长江大学
,major_line_2023,中西医结合类,中西医临床医学,,,460,2023,本科批,,29469,460,0,上海,综合,,,长江大学
,major_line_2023,生物科学类,生物科学类（含生物技术、生物工程专业）,,,460,2023,本科批,,29469,460,0,上海,综合,,,长江大学
,major_line_2023,工商管理类,会计学,,,447,2023,本科批,,33965,440,0,上海,综合,,,兰州理工大学
,major_line_2023,机械类,机械设计制造及其自动化（语种:不限在彭家坪校区）,,,437,2023,本科批,,35051,435,0,上海,综合,,,兰州理工大学
,major_line_2023,机械类,材料成型及控制工程（语种:不限在兰工坪校区）,,,436,2023,本科批,,35051,435,0,上海,综合,,,兰州理工大学
,major_line_2023,电气类,电气工程及其自动化（语种:不限在彭家坪校区）,,,438,2023,本科批,,35259,434,0,上海,综合,,,兰州理工大学
,major_line_2023,土木类,土木工程（语种:不限在彭家坪校区）,,,435,2023,本科批,,35259,434,0,上海,综合,,,兰州理工大学
,major_line_2023,能源动力类,能源与动力工程（语种:不限在兰工坪校区）,,,435,2023,本科批,,35259,434,0,上海,综合,,,兰州理工大学
,major_line_2023,管理科学与工程类,大数据管理与应用（语种:不限在彭家坪校区）,,,434,2023,本科批,,35259,434,0,上海,综合,,,兰州理工大学
,major_line_2023,工商管理类,会计学,,,447,2023,本科批,,33965,440,0,上海,综合,,,兰州理工大学
,major_line_2023,机械类,机械设计制造及其自动化（语种:不限在彭家坪校区）,,,437,2023,本科批,,35051,435,0,上海,综合,,,兰州理工大学
,major_line_2023,机械类,材料成型及控制工程（语种:不限在兰工坪校区）,,,436,2023,本科批,,35051,435,0,上海,综合,,,兰州理工大学
,major_line_2023,电气类,电气工程及其自动化（语种:不限在彭家坪校区）,,,438,2023,本科批,,35259,434,0,上海,综合,,,兰州理工大学
,major_line_2023,土木类,土木工程（语种:不限在彭家坪校区）,,,435,2023,本科批,,35259,434,0,上海,综合,,,兰州理工大学
,major_line_2023,能源动力类,能源与动力工程（语种:不限在兰工坪校区）,,,435,2023,本科批,,35259,434,0,上海,综合,,,兰州理工大学
,major_line_2023,管理科学与工程类,大数据管理与应用（语种:不限在彭家坪校区）,,,434,2023,本科批,,35259,434,0,上海,综合,,,兰州理工大学
,major_line_2023,工商管理类,工商管理类（含工商管理、会计学、市场营销专业）,,,470,2023,本科批,,27340,469,0,上海,综合,,,重庆交通大学
,major_line_2023,计算机类,计算机类（含计算机科学与技术、物联网工程专业）,,,490,2023,本科批,,22397,489,0,上海,综合,,,重庆交通大学
,major_line_2023,工商管理类,工商管理类（含工商管理、会计学、市场营销专业）,,,470,2023,本科批,,27340,469,0,上海,综合,,,重庆交通大学
,major_line_2023,计算机类,计算机类（含计算机科学与技术、物联网工程专业）,,,490,2023,本科批,,22397,489,0,上海,综合,,,重庆交通大学
,major_line_2023,电气类,电气工程及其自动化,,,465,2023,本科批,,28564,464,0,上海,综合,,,沈阳工业大学
,major_line_2023,机械类,机械设计制造及其自动化,,,457,2023,本科批,,31094,453,0,上海,综合,,,沈阳工业大学
,major_line_2023,工商管理类,会计学,,,444,2023,本科批,,34170,439,0,上海,综合,,,沈阳工业大学
,major_line_2023,金融学类,金融学,,,438,2023,本科批,,34431,438,0,上海,综合,,,沈阳工业大学
,major_line_2023,工商管理类,会计学,,,444,2023,本科批,,34170,439,0,上海,综合,,,沈阳工业大学
,major_line_2023,金融学类,金融学,,,438,2023,本科批,,34431,438,0,上海,综合,,,沈阳工业大学
,major_line_2023,电气类,电气工程及其自动化,,,465,2023,本科批,,28564,464,0,上海,综合,,,沈阳工业大学
,major_line_2023,机械类,机械设计制造及其自动化,,,457,2023,本科批,,31094,453,0,上海,综合,,,沈阳工业大学
,major_line_2023,电子信息类,电子信息科学与技术,,,451,2023,本科批,,32897,445,0,上海,综合,,,烟台大学
,major_line_2023,电子信息类,人工智能,,,444,2023,本科批,,33327,443,0,上海,综合,,,烟台大学
,major_line_2023,法学类,知识产权,,,475,2023,本科批,,28564,464,0,上海,综合,,,烟台大学
,major_line_2023,金融学类,投资学,,,460,2023,本科批,,29925,458,0,上海,综合,,,烟台大学
,major_line_2023,经济与贸易类,国际经济与贸易,,,456,2023,本科批,,30852,454,0,上海,综合,,,烟台大学
,major_line_2023,法学类,知识产权,,,475,2023,本科批,,28564,464,0,上海,综合,,,烟台大学
,major_line_2023,金融学类,投资学,,,460,2023,本科批,,29925,458,0,上海,综合,,,烟台大学
,major_line_2023,经济与贸易类,国际经济与贸易,,,456,2023,本科批,,30852,454,0,上海,综合,,,烟台大学
,major_line_2023,电子信息类,电子信息科学与技术,,,451,2023,本科批,,32897,445,0,上海,综合,,,烟台大学
,major_line_2023,电子信息类,人工智能,,,444,2023,本科批,,33327,443,0,上海,综合,,,烟台大学
,major_line_2023,金融学类,金融学,,,459,2023,本科批,,30610,455,0,上海,综合,,,山东理工大学
,major_line_2023,金融学类,金融学,,,459,2023,本科批,,30610,455,0,上海,综合,,,山东理工大学
,major_line_2023,工商管理类,财务管理,,,459,2023,本科批,,30852,454,0,上海,综合,,,安徽理工大学
,major_line_2023,金融学类,金融学,,,456,2023,本科批,,31094,453,0,上海,综合,,,安徽理工大学
,major_line_2023,新闻传播学类,网络与新媒体,,,449,2023,本科批,,32236,448,0,上海,综合,,,安徽理工大学
,major_line_2023,工商管理类,市场营销,,,449,2023,本科批,,32460,447,0,上海,综合,,,安徽理工大学
,major_line_2023,外国语言文学类,日语,,,447,2023,本科批,,32460,447,0,上海,综合,,,安徽理工大学
,major_line_2023,外国语言文学类,英语,,,449,2023,本科批,,32676,446,0,上海,综合,,,安徽理工大学
,major_line_2023,电子商务类,电子商务,,,448,2023,本科批,,32676,446,0,上海,综合,,,安徽理工大学
,major_line_2023,政治学类,政治学与行政学,,,448,2023,本科批,,32676,446,0,上海,综合,,,安徽理工大学
,major_line_2023,工商管理类,人力资源管理,,,447,2023,本科批,,32897,445,0,上海,综合,,,安徽理工大学
,major_line_2023,工商管理类,财务管理,,,459,2023,本科批,,30852,454,0,上海,综合,,,安徽理工大学
,major_line_2023,金融学类,金融学,,,456,2023,本科批,,31094,453,0,上海,综合,,,安徽理工大学
,major_line_2023,新闻传播学类,网络与新媒体,,,449,2023,本科批,,32236,448,0,上海,综合,,,安徽理工大学
,major_line_2023,工商管理类,市场营销,,,449,2023,本科批,,32460,447,0,上海,综合,,,安徽理工大学
,major_line_2023,外国语言文学类,日语,,,447,2023,本科批,,32460,447,0,上海,综合,,,安徽理工大学
,major_line_2023,外国语言文学类,英语,,,449,2023,本科批,,32676,446,0,上海,综合,,,安徽理工大学
,major_line_2023,电子商务类,电子商务,,,448,2023,本科批,,32676,446,0,上海,综合,,,安徽理工大学
,major_line_2023,政治学类,政治学与行政学,,,448,2023,本科批,,32676,446,0,上海,综合,,,安徽理工大学
,major_line_2023,工商管理类,人力资源管理,,,447,2023,本科批,,32897,445,0,上海,综合,,,安徽理工大学
,major_line_2023,马克思主义理论类,思想政治教育,,,448,2023,本科批,,32236,448,0,上海,综合,,,西藏大学
,major_line_2023,工商管理类,财务管理（语种:不限在纳金校区）,,,448,2023,本科批,,32676,446,0,上海,综合,,,西藏大学
,major_line_2023,金融学类,金融学（语种:不限在财经学院校区）,,,446,2023,本科批,,32676,446,0,上海,综合,,,西藏大学
,major_line_2023,旅游管理类,旅游管理（语种:不限在河坝林校区）,,,443,2023,本科批,,33327,443,0,上海,综合,,,西藏大学
,major_line_2023,护理学类,护理学,,,437,2023,本科批,,34625,437,0,上海,综合,,,西藏大学
,major_line_2023,教育学类,学前教育,,,481,2023,本科批,,24317,481,0,上海,综合,,,西藏大学
,major_line_2023,教育学类,学前教育,,,481,2023,本科批,,24317,481,0,上海,综合,,,西藏大学
,major_line_2023,中国语言文学类,汉语言文学（语文单科成绩不低于110分）,,,451,2023,本科批,,31584,451,0,上海,综合,,,西藏大学
,major_line_2023,马克思主义理论类,思想政治教育,,,448,2023,本科批,,32236,448,0,上海,综合,,,西藏大学
,major_line_2023,工商管理类,财务管理（语种:不限在纳金校区）,,,448,2023,本科批,,32676,446,0,上海,综合,,,西藏大学
,major_line_2023,金融学类,金融学（语种:不限在财经学院校区）,,,446,2023,本科批,,32676,446,0,上海,综合,,,西藏大学
,major_line_2023,旅游管理类,旅游管理（语种:不限在河坝林校区）,,,443,2023,本科批,,33327,443,0,上海,综合,,,西藏大学
,major_line_2023,生物科学类,生物科学,,,441,2023,本科批,,33766,441,0,上海,综合,,,西藏大学
,major_line_2023,护理学类,护理学,,,437,2023,本科批,,34625,437,0,上海,综合,,,西藏大学
,major_line_2023,生物科学类,生物科学,,,441,2023,本科批,,33766,441,0,上海,综合,,,西藏大学
,major_line_2023,中国语言文学类,汉语言文学（语文单科成绩不低于110分）,,,451,2023,本科批,,31584,451,0,上海,综合,,,西藏大学
,major_line_2023,材料类,新能源材料与器件,,,492,2023,本科批,,22878,487,0,上海,综合,,,上海电力大学
,major_line_2023,材料类,材料化学,,,486,2023,本科批,,23334,485,0,上海,综合,,,上海电力大学
,major_line_2023,环境科学与工程类,环境工程,,,489,2023,本科批,,22878,487,0,上海,综合,,,上海电力大学
,major_line_2023,化工与制药类,化学工程与工艺,,,487,2023,本科批,,23814,483,0,上海,综合,,,上海电力大学
,major_line_2023,化学类,应用化学,,,484,2023,本科批,,24077,482,0,上海,综合,,,上海电力大学
,major_line_2023,物流管理与工程类,物流管理,,,479,2023,本科批,,25848,475,0,上海,综合,,,上海电力大学
,major_line_2023,经济与贸易类,国际经济与贸易,,,480,2023,本科批,,26112,474,0,上海,综合,,,上海电力大学
,major_line_2023,工商管理类,工商管理,,,479,2023,本科批,,26377,473,0,上海,综合,,,上海电力大学
,major_line_2023,经济学类,经济学,,,478,2023,本科批,,26377,473,0,上海,综合,,,上海电力大学
,major_line_2023,外国语言文学类,英语（语种:英语）,,,479,2023,本科批,,26613,472,0,上海,综合,,,上海电力大学
,major_line_2023,外国语言文学类,日语（外语语种为英语、日语）,,,476,2023,本科批,,26613,472,0,上海,综合,,,上海电力大学
,major_line_2023,能源动力类,能源与动力工程,,,519,2023,本科批,,15161,518,0,上海,综合,,,上海电力大学
,major_line_2023,电气类,电气工程及其自动化（中外合作办学）（中外合作办学）,,,519,2023,本科批,,15161,518,0,上海,综合,,,上海电力大学
,major_line_2023,电气类,能源互联网工程,,,515,2023,本科批,,16423,513,0,上海,综合,,,上海电力大学
,major_line_2023,自动化类,自动化,,,512,2023,本科批,,17863,507,0,上海,综合,,,上海电力大学
,major_line_2023,计算机类,计算机科学与技术,,,509,2023,本科批,,18635,504,0,上海,综合,,,上海电力大学
,major_line_2023,能源动力类,储能科学与工程,,,506,2023,本科批,,19672,500,0,上海,综合,,,上海电力大学
,major_line_2023,电子信息类,电子信息工程,,,502,2023,本科批,,19672,500,0,上海,综合,,,上海电力大学
,major_line_2023,能源动力类,新能源科学与工程,,,503,2023,本科批,,19921,499,0,上海,综合,,,上海电力大学
,major_line_2023,机械类,机械设计制造及其自动化,,,502,2023,本科批,,20181,498,0,上海,综合,,,上海电力大学
,major_line_2023,计算机类,软件工程,,,501,2023,本科批,,20181,498,0,上海,综合,,,上海电力大学
,major_line_2023,计算机类,数据科学与大数据技术,,,500,2023,本科批,,20398,497,0,上海,综合,,,上海电力大学
,major_line_2023,电子信息类,集成电路设计与集成系统,,,500,2023,本科批,,20893,495,0,上海,综合,,,上海电力大学
,major_line_2023,电子信息类,电子科学与技术,,,499,2023,本科批,,20893,495,0,上海,综合,,,上海电力大学
,major_line_2023,计算机类,信息安全,,,498,2023,本科批,,20893,495,0,上海,综合,,,上海电力大学
,major_line_2023,能源动力类,能源服务工程,,,501,2023,本科批,,21165,494,0,上海,综合,,,上海电力大学
,major_line_2023,电子信息类,通信工程,,,499,2023,本科批,,21165,494,0,上海,综合,,,上海电力大学
,major_line_2023,计算机类,智能科学与技术,,,498,2023,本科批,,21165,494,0,上海,综合,,,上海电力大学
,major_line_2023,管理科学与工程类,信息管理与信息系统,,,495,2023,本科批,,21165,494,0,上海,综合,,,上海电力大学
,major_line_2023,机械类,机械电子工程,,,498,2023,本科批,,21430,493,0,上海,综合,,,上海电力大学
,major_line_2023,仪器类,测控技术与仪器,,,498,2023,本科批,,21430,493,0,上海,综合,,,上海电力大学
,major_line_2023,管理科学与工程类,工程管理,,,497,2023,本科批,,21430,493,0,上海,综合,,,上海电力大学
,major_line_2023,电子信息类,光电信息科学与工程,,,497,2023,本科批,,21430,493,0,上海,综合,,,上海电力大学
,major_line_2023,物理学类,应用物理学,,,495,2023,本科批,,21430,493,0,上海,综合,,,上海电力大学
,major_line_2023,数学类,信息与计算科学,,,494,2023,本科批,,21430,493,0,上海,综合,,,上海电力大学
,major_line_2023,电气类,电气工程及其自动化,,,529,2023,本科批,,14182,522,0,上海,综合,,,上海电力大学
,major_line_2023,电气类,电气工程及其自动化,,,529,2023,本科批,,14182,522,0,上海,综合,,,上海电力大学
,major_line_2023,能源动力类,能源与动力工程,,,519,2023,本科批,,15161,518,0,上海,综合,,,上海电力大学
,major_line_2023,电气类,电气工程及其自动化（中外合作办学）（中外合作办学）,,,519,2023,本科批,,15161,518,0,上海,综合,,,上海电力大学
,major_line_2023,电气类,能源互联网工程,,,515,2023,本科批,,16423,513,0,上海,综合,,,上海电力大学
,major_line_2023,自动化类,自动化,,,512,2023,本科批,,17863,507,0,上海,综合,,,上海电力大学
,major_line_2023,计算机类,计算机科学与技术,,,509,2023,本科批,,18635,504,0,上海,综合,,,上海电力大学
,major_line_2023,能源动力类,储能科学与工程,,,506,2023,本科批,,19672,500,0,上海,综合,,,上海电力大学
,major_line_2023,电子信息类,电子信息工程,,,502,2023,本科批,,19672,500,0,上海,综合,,,上海电力大学
,major_line_2023,能源动力类,新能源科学与工程,,,503,2023,本科批,,19921,499,0,上海,综合,,,上海电力大学
,major_line_2023,机械类,机械设计制造及其自动化,,,502,2023,本科批,,20181,498,0,上海,综合,,,上海电力大学
,major_line_2023,计算机类,软件工程,,,501,2023,本科批,,20181,498,0,上海,综合,,,上海电力大学
,major_line_2023,计算机类,数据科学与大数据技术,,,500,2023,本科批,,20398,497,0,上海,综合,,,上海电力大学
,major_line_2023,电子信息类,集成电路设计与集成系统,,,500,2023,本科批,,20893,495,0,上海,综合,,,上海电力大学
,major_line_2023,电子信息类,电子科学与技术,,,499,2023,本科批,,20893,495,0,上海,综合,,,上海电力大学
,major_line_2023,计算机类,信息安全,,,498,2023,本科批,,20893,495,0,上海,综合,,,上海电力大学
,major_line_2023,能源动力类,能源服务工程,,,501,2023,本科批,,21165,494,0,上海,综合,,,上海电力大学
,major_line_2023,电子信息类,通信工程,,,499,2023,本科批,,21165,494,0,上海,综合,,,上海电力大学
,major_line_2023,计算机类,智能科学与技术,,,498,2023,本科批,,21165,494,0,上海,综合,,,上海电力大学
,major_line_2023,管理科学与工程类,信息管理与信息系统,,,495,2023,本科批,,21165,494,0,上海,综合,,,上海电力大学
,major_line_2023,机械类,机械电子工程,,,498,2023,本科批,,21430,493,0,上海,综合,,,上海电力大学
,major_line_2023,仪器类,测控技术与仪器,,,498,2023,本科批,,21430,493,0,上海,综合,,,上海电力大学
,major_line_2023,管理科学与工程类,工程管理,,,497,2023,本科批,,21430,493,0,上海,综合,,,上海电力大学
,major_line_2023,电子信息类,光电信息科学与工程,,,497,2023,本科批,,21430,493,0,上海,综合,,,上海电力大学
,major_line_2023,物理学类,应用物理学,,,495,2023,本科批,,21430,493,0,上海,综合,,,上海电力大学
,major_line_2023,数学类,信息与计算科学,,,494,2023,本科批,,21430,493,0,上海,综合,,,上海电力大学
,major_line_2023,材料类,新能源材料与器件,,,492,2023,本科批,,22878,487,0,上海,综合,,,上海电力大学
,major_line_2023,环境科学与工程类,环境工程,,,489,2023,本科批,,22878,487,0,上海,综合,,,上海电力大学
,major_line_2023,材料类,材料化学,,,486,2023,本科批,,23334,485,0,上海,综合,,,上海电力大学
,major_line_2023,化工与制药类,化学工程与工艺,,,487,2023,本科批,,23814,483,0,上海,综合,,,上海电力大学
,major_line_2023,化学类,应用化学,,,484,2023,本科批,,24077,482,0,上海,综合,,,上海电力大学
,major_line_2023,物流管理与工程类,物流管理,,,479,2023,本科批,,25848,475,0,上海,综合,,,上海电力大学
,major_line_2023,经济与贸易类,国际经济与贸易,,,480,2023,本科批,,26112,474,0,上海,综合,,,上海电力大学
,major_line_2023,工商管理类,工商管理,,,479,2023,本科批,,26377,473,0,上海,综合,,,上海电力大学
,major_line_2023,经济学类,经济学,,,478,2023,本科批,,26377,473,0,上海,综合,,,上海电力大学
,major_line_2023,外国语言文学类,英语（语种:英语）,,,479,2023,本科批,,26613,472,0,上海,综合,,,上海电力大学
,major_line_2023,外国语言文学类,日语（外语语种为英语、日语）,,,476,2023,本科批,,26613,472,0,上海,综合,,,上海电力大学
,major_line_2023,工商管理类,会计学（注册会计师方向）,,,512,2023,本科批,,17631,508,0,上海,综合,,,北京工商大学
,major_line_2023,财政学类,财政学（数字税收方向）,,,508,2023,本科批,,18398,505,0,上海,综合,,,北京工商大学
,major_line_2023,工商管理类,会计学（注册会计师方向）,,,512,2023,本科批,,17631,508,0,上海,综合,,,北京工商大学
,major_line_2023,财政学类,财政学（数字税收方向）,,,508,2023,本科批,,18398,505,0,上海,综合,,,北京工商大学
,major_line_2023,工商管理类,会计学,,,475,2023,本科批,,26613,472,0,上海,综合,,,西安邮电大学
,major_line_2023,物流管理与工程类,物流管理,,,469,2023,本科批,,27576,468,0,上海,综合,,,西安邮电大学
,major_line_2023,电子信息类,通信工程,,,521,2023,本科批,,14416,521,0,上海,综合,,,西安邮电大学
,major_line_2023,计算机类,信息安全,,,513,2023,本科批,,16423,513,0,上海,综合,,,西安邮电大学
,major_line_2023,数学类,信息与计算科学,,,510,2023,本科批,,17139,510,0,上海,综合,,,西安邮电大学
,major_line_2023,电子信息类,通信工程,,,521,2023,本科批,,14416,521,0,上海,综合,,,西安邮电大学
,major_line_2023,计算机类,信息安全,,,513,2023,本科批,,16423,513,0,上海,综合,,,西安邮电大学
,major_line_2023,数学类,信息与计算科学,,,510,2023,本科批,,17139,510,0,上海,综合,,,西安邮电大学
,major_line_2023,工商管理类,会计学,,,475,2023,本科批,,26613,472,0,上海,综合,,,西安邮电大学
,major_line_2023,物流管理与工程类,物流管理,,,469,2023,本科批,,27576,468,0,上海,综合,,,西安邮电大学
,major_line_2023,中国语言文学类,汉语言文学,,,514,2023,本科批,,17377,509,0,上海,综合,,,四川师范大学
,major_line_2023,教育学类,小学教育,,,491,2023,本科批,,22166,490,0,上海,综合,,,四川师范大学
,major_line_2023,中国语言文学类,汉语言文学,,,514,2023,本科批,,17377,509,0,上海,综合,,,四川师范大学
,major_line_2023,教育学类,小学教育,,,491,2023,本科批,,22166,490,0,上海,综合,,,四川师范大学
,major_line_2023,历史学类,历史学（师范）,,,493,2023,本科批,,21932,491,0,上海,综合,,,云南师范大学
,major_line_2023,历史学类,历史学（师范）,,,493,2023,本科批,,21932,491,0,上海,综合,,,云南师范大学
,major_line_2023,马克思主义理论类,思想政治教育（师范）,,,488,2023,本科批,,22878,487,0,上海,综合,,,云南师范大学
,major_line_2023,马克思主义理论类,思想政治教育（师范）,,,488,2023,本科批,,22878,487,0,上海,综合,,,云南师范大学
,major_line_2023,核工程类,核工程类（含核工程与核技术）（含卓越工程师班、辐射防护与核安全、核化工与核燃料工程专业）（语种:不限在红湘校区）,,,468,2023,本科批,,28788,463,0,上海,综合,,,南华大学
,major_line_2023,机械类,机械类（含机械设计制造及其自动化、智能制造工程、车辆工程、过程装备与控制工程、材料成型及控制工程专业）（语种:不限在雨母校区）,,,448,2023,本科批,,33564,442,0,上海,综合,,,南华大学
,major_line_2023,土木类,土木类（含土木工程、建筑环境与能源应用工程、给排水科学与工程、建筑电气与智能化、道路桥梁与渡河工程专业）（语种:不限在红湘校区）,,,450,2023,本科批,,33965,440,0,上海,综合,,,南华大学
,major_line_2023,护理学类,护理学（语种:不限在红湘校区）,,,457,2023,本科批,,30610,455,0,上海,综合,,,南华大学
,major_line_2023,经济学类,经济学（语种:不限在雨母校区）,,,454,2023,本科批,,32023,449,0,上海,综合,,,南华大学
,major_line_2023,物流管理与工程类,物流工程（语种:不限在雨母校区）,,,442,2023,本科批,,33766,441,0,上海,综合,,,南华大学
,major_line_2023,外国语言文学类,外国语言文学类（含英语、翻译专业）（语种:不限在雨母校区）,,,442,2023,本科批,,33766,441,0,上海,综合,,,南华大学
,major_line_2023,经济与贸易类,国际经济与贸易（语种:不限在雨母校区）,,,440,2023,本科批,,34170,439,0,上海,综合,,,南华大学
,major_line_2023,电子商务类,电子商务（语种:不限在雨母校区）,,,440,2023,本科批,,34170,439,0,上海,综合,,,南华大学
,major_line_2023,核工程类,核工程类（含核工程与核技术）（含卓越工程师班、辐射防护与核安全、核化工与核燃料工程专业）（语种:不限在红湘校区）,,,468,2023,本科批,,28788,463,0,上海,综合,,,南华大学
,major_line_2023,护理学类,护理学（语种:不限在红湘校区）,,,457,2023,本科批,,30610,455,0,上海,综合,,,南华大学
,major_line_2023,经济学类,经济学（语种:不限在雨母校区）,,,454,2023,本科批,,32023,449,0,上海,综合,,,南华大学
,major_line_2023,机械类,机械类（含机械设计制造及其自动化、智能制造工程、车辆工程、过程装备与控制工程、材料成型及控制工程专业）（语种:不限在雨母校区）,,,448,2023,本科批,,33564,442,0,上海,综合,,,南华大学
,major_line_2023,物流管理与工程类,物流工程（语种:不限在雨母校区）,,,442,2023,本科批,,33766,441,0,上海,综合,,,南华大学
,major_line_2023,外国语言文学类,外国语言文学类（含英语、翻译专业）（语种:不限在雨母校区）,,,442,2023,本科批,,33766,441,0,上海,综合,,,南华大学
,major_line_2023,土木类,土木类（含土木工程、建筑环境与能源应用工程、给排水科学与工程、建筑电气与智能化、道路桥梁与渡河工程专业）（语种:不限在红湘校区）,,,450,2023,本科批,,33965,440,0,上海,综合,,,南华大学
,major_line_2023,经济与贸易类,国际经济与贸易（语种:不限在雨母校区）,,,440,2023,本科批,,34170,439,0,上海,综合,,,南华大学
,major_line_2023,电子商务类,电子商务（语种:不限在雨母校区）,,,440,2023,本科批,,34170,439,0,上海,综合,,,南华大学
,major_line_2023,生物科学类,生物技术（食用菌方向）,,,424,2023,本科批,,37730,422,0,上海,综合,,,江西农业大学
,major_line_2023,化工与制药类,制药工程,,,420,2023,本科批,,39440,413,0,上海,综合,,,江西农业大学
,major_line_2023,化学类,应用化学,,,450,2023,本科批,,32023,449,0,上海,综合,,,江西农业大学
,major_line_2023,动物医学类,动物药学,,,463,2023,本科批,,29469,460,0,上海,综合,,,江西农业大学
,major_line_2023,工商管理类,会计学（中外高水平大学学生交流计划。与麦考瑞大学“2+2”联合培养，四年均需向江西农业大学缴纳学费，第三、四学年赴澳学习攻读学位，出国费用另计）（中外合作办学）,,,463,2023,本科批,,31347,452,0,上海,综合,,,江西农业大学
,major_line_2023,化学类,应用化学,,,450,2023,本科批,,32023,449,0,上海,综合,,,江西农业大学
,major_line_2023,水产类,水产养殖学,,,455,2023,本科批,,32460,447,0,上海,综合,,,江西农业大学
,major_line_2023,动物医学类,动植物检疫,,,449,2023,本科批,,32460,447,0,上海,综合,,,江西农业大学
,major_line_2023,植物生产类,植物保护,,,448,2023,本科批,,32676,446,0,上海,综合,,,江西农业大学
,major_line_2023,公共管理类,土地资源管理（土地整治方向）,,,441,2023,本科批,,34431,438,0,上海,综合,,,江西农业大学
,major_line_2023,材料类,材料化学,,,432,2023,本科批,,35904,431,0,上海,综合,,,江西农业大学
,major_line_2023,生物科学类,生物技术（食用菌方向）,,,424,2023,本科批,,37730,422,0,上海,综合,,,江西农业大学
,major_line_2023,化工与制药类,制药工程,,,420,2023,本科批,,39440,413,0,上海,综合,,,江西农业大学
,major_line_2023,环境科学与工程类,环境科学与工程（外语单科成绩不低于105分。中外高水平大学学生交流计划。与麦考瑞大学“2+2”联合培养，四年均需向江西农业大学缴纳学费，第三、四学年赴澳学习攻读学位，出国费用另计。无色盲、色弱）（中外合作办学）,,,425,2023,本科批,,40174,409,0,上海,综合,,,江西农业大学
,major_line_2023,公共管理类,土地资源管理（土地整治方向）,,,441,2023,本科批,,34431,438,0,上海,综合,,,江西农业大学
,major_line_2023,材料类,材料化学,,,432,2023,本科批,,35904,431,0,上海,综合,,,江西农业大学
,major_line_2023,动物医学类,动物药学,,,463,2023,本科批,,29469,460,0,上海,综合,,,江西农业大学
,major_line_2023,水产类,水产养殖学,,,455,2023,本科批,,32460,447,0,上海,综合,,,江西农业大学
,major_line_2023,动物医学类,动植物检疫,,,449,2023,本科批,,32460,447,0,上海,综合,,,江西农业大学
,major_line_2023,植物生产类,植物保护,,,448,2023,本科批,,32676,446,0,上海,综合,,,江西农业大学
,major_line_2023,环境科学与工程类,环境科学与工程（外语单科成绩不低于105分。中外高水平大学学生交流计划。与麦考瑞大学“2+2”联合培养，四年均需向江西农业大学缴纳学费，第三、四学年赴澳学习攻读学位，出国费用另计。无色盲、色弱）（中外合作办学）,,,425,2023,本科批,,40174,409,0,上海,综合,,,江西农业大学
,major_line_2023,工商管理类,会计学（中外高水平大学学生交流计划。与麦考瑞大学“2+2”联合培养，四年均需向江西农业大学缴纳学费，第三、四学年赴澳学习攻读学位，出国费用另计）（中外合作办学）,,,463,2023,本科批,,31347,452,0,上海,综合,,,江西农业大学
,major_line_2023,工商管理类,会计学,,,448,2023,本科批,,33094,444,0,上海,综合,,,河南理工大学
,major_line_2023,工业工程类,工业工程,,,445,2023,本科批,,33094,444,0,上海,综合,,,河南理工大学
,major_line_2023,金融学类,金融学,,,443,2023,本科批,,33564,442,0,上海,综合,,,河南理工大学
,major_line_2023,材料类,材料科学与工程,,,457,2023,本科批,,30385,456,0,上海,综合,,,河南理工大学
,major_line_2023,机械类,机械类（含机械设计制造及其自动化、车辆工程专业）,,,440,2023,本科批,,34170,439,0,上海,综合,,,河南理工大学
,major_line_2023,电子信息类,通信工程,,,438,2023,本科批,,34431,438,0,上海,综合,,,河南理工大学
,major_line_2023,测绘类,测绘工程（导航方向）,,,443,2023,本科批,,34625,437,0,上海,综合,,,河南理工大学
,major_line_2023,土木类,土木工程,,,438,2023,本科批,,34625,437,0,上海,综合,,,河南理工大学
,major_line_2023,材料类,材料科学与工程,,,457,2023,本科批,,30385,456,0,上海,综合,,,河南理工大学
,major_line_2023,工商管理类,会计学,,,448,2023,本科批,,33094,444,0,上海,综合,,,河南理工大学
,major_line_2023,工业工程类,工业工程,,,445,2023,本科批,,33094,444,0,上海,综合,,,河南理工大学
,major_line_2023,金融学类,金融学,,,443,2023,本科批,,33564,442,0,上海,综合,,,河南理工大学
,major_line_2023,机械类,机械类（含机械设计制造及其自动化、车辆工程专业）,,,440,2023,本科批,,34170,439,0,上海,综合,,,河南理工大学
,major_line_2023,电子信息类,通信工程,,,438,2023,本科批,,34431,438,0,上海,综合,,,河南理工大学
,major_line_2023,测绘类,测绘工程（导航方向）,,,443,2023,本科批,,34625,437,0,上海,综合,,,河南理工大学
,major_line_2023,土木类,土木工程,,,438,2023,本科批,,34625,437,0,上海,综合,,,河南理工大学
,major_line_2023,机械类,机械设计制造及其自动化（中外合作办学）（办学点:石湖校区）（中外合作办学）,,,459,2023,本科批,,29706,459,0,上海,综合,,,苏州科技大学
,major_line_2023,土木类,土木工程（中外合作办学）（办学点:石湖校区）（中外合作办学）,,,449,2023,本科批,,32897,445,0,上海,综合,,,苏州科技大学
,major_line_2023,管理科学与工程类,工程管理（中外合作办学）（办学点:石湖校区）（中外合作办学）,,,448,2023,本科批,,32897,445,0,上海,综合,,,苏州科技大学
,major_line_2023,生物科学类,生物技术（办学点:石湖校区）,,,504,2023,本科批,,20653,496,0,上海,综合,,,苏州科技大学
,major_line_2023,建筑类,建筑学（办学点：江枫校区）,,,499,2023,本科批,,19921,499,0,上海,综合,,,苏州科技大学
,major_line_2023,生物科学类,生物技术（办学点:石湖校区）,,,504,2023,本科批,,20653,496,0,上海,综合,,,苏州科技大学
,major_line_2023,数学类,数学与应用数学（办学点:石湖校区）,,,489,2023,本科批,,22878,487,0,上海,综合,,,苏州科技大学
,major_line_2023,外国语言文学类,英语（办学点:石湖校区）,,,486,2023,本科批,,23115,486,0,上海,综合,,,苏州科技大学
,major_line_2023,外国语言文学类,日语（办学点:石湖校区）,,,484,2023,本科批,,23814,483,0,上海,综合,,,苏州科技大学
,major_line_2023,机械类,机械电子工程（办学点：天平校区）,,,478,2023,本科批,,25351,477,0,上海,综合,,,苏州科技大学
,major_line_2023,土木类,建筑环境与能源应用工程（办学点:石湖校区）,,,475,2023,本科批,,26112,474,0,上海,综合,,,苏州科技大学
,major_line_2023,机械类,机械设计制造及其自动化（办学点：天平校区）,,,478,2023,本科批,,26377,473,0,上海,综合,,,苏州科技大学
,major_line_2023,材料类,材料化学（办学点:石湖校区）,,,476,2023,本科批,,26613,472,0,上海,综合,,,苏州科技大学
,major_line_2023,材料类,无机非金属材料工程（办学点：江枫校区）,,,472,2023,本科批,,27118,470,0,上海,综合,,,苏州科技大学
,major_line_2023,土木类,土木工程（办学点：江枫校区）,,,476,2023,本科批,,27576,468,0,上海,综合,,,苏州科技大学
,major_line_2023,材料类,功能材料（办学点:石湖校区）,,,473,2023,本科批,,27576,468,0,上海,综合,,,苏州科技大学
,major_line_2023,机械类,机械设计制造及其自动化（中外合作办学）（办学点:石湖校区）（中外合作办学）,,,459,2023,本科批,,29706,459,0,上海,综合,,,苏州科技大学
,major_line_2023,土木类,土木工程（中外合作办学）（办学点:石湖校区）（中外合作办学）,,,449,2023,本科批,,32897,445,0,上海,综合,,,苏州科技大学
,major_line_2023,管理科学与工程类,工程管理（中外合作办学）（办学点:石湖校区）（中外合作办学）,,,448,2023,本科批,,32897,445,0,上海,综合,,,苏州科技大学
,major_line_2023,外国语言文学类,英语（办学点:石湖校区）,,,486,2023,本科批,,23115,486,0,上海,综合,,,苏州科技大学
,major_line_2023,外国语言文学类,日语（办学点:石湖校区）,,,484,2023,本科批,,23814,483,0,上海,综合,,,苏州科技大学
,major_line_2023,建筑类,建筑学（办学点：江枫校区）,,,499,2023,本科批,,19921,499,0,上海,综合,,,苏州科技大学
,major_line_2023,数学类,数学与应用数学（办学点:石湖校区）,,,489,2023,本科批,,22878,487,0,上海,综合,,,苏州科技大学
,major_line_2023,机械类,机械电子工程（办学点：天平校区）,,,478,2023,本科批,,25351,477,0,上海,综合,,,苏州科技大学
,major_line_2023,土木类,建筑环境与能源应用工程（办学点:石湖校区）,,,475,2023,本科批,,26112,474,0,上海,综合,,,苏州科技大学
,major_line_2023,机械类,机械设计制造及其自动化（办学点：天平校区）,,,478,2023,本科批,,26377,473,0,上海,综合,,,苏州科技大学
,major_line_2023,土木类,土木工程（办学点：江枫校区）,,,476,2023,本科批,,27576,468,0,上海,综合,,,苏州科技大学
,major_line_2023,材料类,材料化学（办学点:石湖校区）,,,476,2023,本科批,,26613,472,0,上海,综合,,,苏州科技大学
,major_line_2023,材料类,无机非金属材料工程（办学点：江枫校区）,,,472,2023,本科批,,27118,470,0,上海,综合,,,苏州科技大学
,major_line_2023,材料类,功能材料（办学点:石湖校区）,,,473,2023,本科批,,27576,468,0,上海,综合,,,苏州科技大学
,major_line_2023,工商管理类,会计学,,,442,2023,本科批,,33564,442,0,上海,综合,,,兰州交通大学
,major_line_2023,工商管理类,工商管理,,,435,2023,本科批,,35259,434,0,上海,综合,,,兰州交通大学
,major_line_2023,经济与贸易类,国际经济与贸易,,,435,2023,本科批,,35259,434,0,上海,综合,,,兰州交通大学
,major_line_2023,工商管理类,市场营销,,,435,2023,本科批,,35473,433,0,上海,综合,,,兰州交通大学
,major_line_2023,工商管理类,会计学,,,442,2023,本科批,,33564,442,0,上海,综合,,,兰州交通大学
,major_line_2023,工商管理类,工商管理,,,435,2023,本科批,,35259,434,0,上海,综合,,,兰州交通大学
,major_line_2023,经济与贸易类,国际经济与贸易,,,435,2023,本科批,,35259,434,0,上海,综合,,,兰州交通大学
,major_line_2023,工商管理类,市场营销,,,435,2023,本科批,,35473,433,0,上海,综合,,,兰州交通大学
,major_line_2023,心理学类,应用心理学（中外合作办学）（中外合作办学）,,,542,2023,本科批,,11029,535,0,上海,综合,,,北京师范大学-香港浸会大学联合国际学院
,major_line_2023,统计学类,统计学（中外合作办学）（外语单科成绩不低于非英语语种考生慎报）（中外合作办学）,,,536,2023,本科批,,11029,535,0,上海,综合,,,北京师范大学-香港浸会大学联合国际学院
,major_line_2023,计算机类,计算机类（中外合作办学）（含计算机科学与技术）（中外合作办学、数据科学与大数据技术）（中外合作办学专业。大类招生。原则上在第一学年第二学期开始前完成专业确认）（中外合作办学）,,,536,2023,本科批,,11501,533,0,上海,综合,,,北京师范大学-香港浸会大学联合国际学院
,major_line_2023,金融学类,金融数学（中外合作办学）（中外合作办学）,,,532,2023,本科批,,12194,530,0,上海,综合,,,北京师范大学-香港浸会大学联合国际学院
,major_line_2023,经济学类,经济学（中外合作办学）（培养应用经济学在第一学年第二学期开始前完成专业确认）（中外合作办学）,,,530,2023,本科批,,12910,527,0,上海,综合,,,北京师范大学-香港浸会大学联合国际学院
,major_line_2023,工商管理类,会计学（中外合作办学）（中外合作办学）,,,527,2023,本科批,,13152,526,0,上海,综合,,,北京师范大学-香港浸会大学联合国际学院
,major_line_2023,新闻传播学类,新闻传播学类（中外合作办学）（含广告学）（中外合作办学、传播学）（中外合作办学专业。大类招生。广告学专业培养公共关系与广告学方向；传播学专业培养媒体与传播学、媒体艺术与设计、影视学、动画与互动媒体、中华文化与国际传播方向。原则上在第一学年第二学期开始前完成专业确认）（中外合作办学）,,,528,2023,本科批,,13919,523,0,上海,综合,,,北京师范大学-香港浸会大学联合国际学院
,major_line_2023,工商管理类,工商管理类（中外合作办学）（含财务管理）（中外合作办学、人力资源管理）（中外合作办学、市场营销）（中外合作办学、工商管理）（中外合作办学、文化产业管理）（中外合作办学专业。大类招生。工商管理专业培养创业与创新管理、电子商务与资讯系统管理、数字媒体管理方向；文化产业管理专业培养文化创意与管理、旅游、酒店与会展管理方向。原则上在第一学年第二学期开始前完成专业确认）（中外合作办学）,,,525,2023,本科批,,14182,522,0,上海,综合,,,北京师范大学-香港浸会大学联合国际学院
,major_line_2023,计算机类,计算机类（中外合作办学）（含计算机科学与技术）（中外合作办学、数据科学与大数据技术）（中外合作办学专业。大类招生。原则上在第一学年第二学期开始前完成专业确认）（中外合作办学）,,,536,2023,本科批,,11501,533,0,上海,综合,,,北京师范大学-香港浸会大学联合国际学院
,major_line_2023,金融学类,金融数学（中外合作办学）（中外合作办学）,,,532,2023,本科批,,12194,530,0,上海,综合,,,北京师范大学-香港浸会大学联合国际学院
,major_line_2023,心理学类,应用心理学（中外合作办学）（中外合作办学）,,,542,2023,本科批,,11029,535,0,上海,综合,,,北京师范大学-香港浸会大学联合国际学院
,major_line_2023,经济学类,经济学（中外合作办学）（培养应用经济学在第一学年第二学期开始前完成专业确认）（中外合作办学）,,,530,2023,本科批,,12910,527,0,上海,综合,,,北京师范大学-香港浸会大学联合国际学院
,major_line_2023,工商管理类,会计学（中外合作办学）（中外合作办学）,,,527,2023,本科批,,13152,526,0,上海,综合,,,北京师范大学-香港浸会大学联合国际学院
,major_line_2023,新闻传播学类,新闻传播学类（中外合作办学）（含广告学）（中外合作办学、传播学）（中外合作办学专业。大类招生。广告学专业培养公共关系与广告学方向；传播学专业培养媒体与传播学、媒体艺术与设计、影视学、动画与互动媒体、中华文化与国际传播方向。原则上在第一学年第二学期开始前完成专业确认）（中外合作办学）,,,528,2023,本科批,,13919,523,0,上海,综合,,,北京师范大学-香港浸会大学联合国际学院
,major_line_2023,工商管理类,工商管理类（中外合作办学）（含财务管理）（中外合作办学、人力资源管理）（中外合作办学、市场营销）（中外合作办学、工商管理）（中外合作办学、文化产业管理）（中外合作办学专业。大类招生。工商管理专业培养创业与创新管理、电子商务与资讯系统管理、数字媒体管理方向；文化产业管理专业培养文化创意与管理、旅游、酒店与会展管理方向。原则上在第一学年第二学期开始前完成专业确认）（中外合作办学）,,,525,2023,本科批,,14182,522,0,上海,综合,,,北京师范大学-香港浸会大学联合国际学院
,major_line_2023,统计学类,统计学（中外合作办学）（外语单科成绩不低于非英语语种考生慎报）（中外合作办学）,,,536,2023,本科批,,11029,535,0,上海,综合,,,北京师范大学-香港浸会大学联合国际学院
,major_line_2023,工商管理类,审计学,,,534,2023,本科批,,12669,528,0,上海,综合,,,南京审计大学
,major_line_2023,工商管理类,会计学,,,525,2023,本科批,,14182,522,0,上海,综合,,,南京审计大学
,major_line_2023,金融学类,金融审计,,,522,2023,本科批,,15161,518,0,上海,综合,,,南京审计大学
,major_line_2023,工商管理类,审计学（中外合作办学）（中外合作办学）,,,519,2023,本科批,,15161,518,0,上海,综合,,,南京审计大学
,major_line_2023,金融学类,金融工程（中外合作办学）（中外合作办学）,,,515,2023,本科批,,16423,513,0,上海,综合,,,南京审计大学
,major_line_2023,财政学类,税收学,,,513,2023,本科批,,16921,511,0,上海,综合,,,南京审计大学
,major_line_2023,工商管理类,财务管理,,,513,2023,本科批,,17139,510,0,上海,综合,,,南京审计大学
,major_line_2023,财政学类,财政学,,,513,2023,本科批,,17139,510,0,上海,综合,,,南京审计大学
,major_line_2023,金融学类,投资学,,,516,2023,本科批,,17377,509,0,上海,综合,,,南京审计大学
,major_line_2023,法学类,法学（法务会计方向）,,,508,2023,本科批,,17863,507,0,上海,综合,,,南京审计大学
,major_line_2023,中国语言文学类,汉语国际教育,,,508,2023,本科批,,17863,507,0,上海,综合,,,南京审计大学
,major_line_2023,经济与贸易类,国际经济与贸易,,,510,2023,本科批,,18118,506,0,上海,综合,,,南京审计大学
,major_line_2023,法学类,法学,,,508,2023,本科批,,18118,506,0,上海,综合,,,南京审计大学
,major_line_2023,法学类,法学（法务金融方向）,,,506,2023,本科批,,18398,505,0,上海,综合,,,南京审计大学
,major_line_2023,外国语言文学类,英语,,,506,2023,本科批,,18398,505,0,上海,综合,,,南京审计大学
,major_line_2023,工商管理类,人力资源管理,,,503,2023,本科批,,19158,502,0,上海,综合,,,南京审计大学
,major_line_2023,管理科学与工程类,信息管理与信息系统（中外合作办学）（中外合作办学）,,,485,2023,本科批,,23334,485,0,上海,综合,,,南京审计大学
,major_line_2023,工商管理类,审计学（中外合作办学）（中外合作办学）,,,519,2023,本科批,,15161,518,0,上海,综合,,,南京审计大学
,major_line_2023,金融学类,金融工程（中外合作办学）（中外合作办学）,,,515,2023,本科批,,16423,513,0,上海,综合,,,南京审计大学
,major_line_2023,工商管理类,审计学,,,534,2023,本科批,,12669,528,0,上海,综合,,,南京审计大学
,major_line_2023,工商管理类,会计学,,,525,2023,本科批,,14182,522,0,上海,综合,,,南京审计大学
,major_line_2023,金融学类,金融审计,,,522,2023,本科批,,15161,518,0,上海,综合,,,南京审计大学
,major_line_2023,财政学类,税收学,,,513,2023,本科批,,16921,511,0,上海,综合,,,南京审计大学
,major_line_2023,工商管理类,财务管理,,,513,2023,本科批,,17139,510,0,上海,综合,,,南京审计大学
,major_line_2023,财政学类,财政学,,,513,2023,本科批,,17139,510,0,上海,综合,,,南京审计大学
,major_line_2023,金融学类,投资学,,,516,2023,本科批,,17377,509,0,上海,综合,,,南京审计大学
,major_line_2023,法学类,法学（法务会计方向）,,,508,2023,本科批,,17863,507,0,上海,综合,,,南京审计大学
,major_line_2023,中国语言文学类,汉语国际教育,,,508,2023,本科批,,17863,507,0,上海,综合,,,南京审计大学
,major_line_2023,经济与贸易类,国际经济与贸易,,,510,2023,本科批,,18118,506,0,上海,综合,,,南京审计大学
,major_line_2023,法学类,法学,,,508,2023,本科批,,18118,506,0,上海,综合,,,南京审计大学
,major_line_2023,法学类,法学（法务金融方向）,,,506,2023,本科批,,18398,505,0,上海,综合,,,南京审计大学
,major_line_2023,外国语言文学类,英语,,,506,2023,本科批,,18398,505,0,上海,综合,,,南京审计大学
,major_line_2023,工商管理类,人力资源管理,,,503,2023,本科批,,19158,502,0,上海,综合,,,南京审计大学
,major_line_2023,管理科学与工程类,信息管理与信息系统（中外合作办学）（中外合作办学）,,,485,2023,本科批,,23334,485,0,上海,综合,,,南京审计大学
,major_line_2023,生物科学类,生物技术（中外合作办学）（中外合作办学）,,,438,2023,本科批,,34853,436,0,上海,综合,,,河南工业大学
,major_line_2023,工商管理类,会计学（中外合作办学）（中外合作办学）,,,434,2023,本科批,,36503,428,0,上海,综合,,,河南工业大学
,major_line_2023,计算机类,物联网工程（中外合作办学）（中外合作办学）,,,432,2023,本科批,,36906,426,0,上海,综合,,,河南工业大学
,major_line_2023,工商管理类,人力资源管理（中外合作办学）（中外合作办学）,,,425,2023,本科批,,38092,420,0,上海,综合,,,河南工业大学
,major_line_2023,工商管理类,市场营销（中外合作办学）（中外合作办学）,,,424,2023,本科批,,38271,419,0,上海,综合,,,河南工业大学
,major_line_2023,计算机类,物联网工程（中外合作办学）（中外合作办学）,,,432,2023,本科批,,36906,426,0,上海,综合,,,河南工业大学
,major_line_2023,工商管理类,会计学（中外合作办学）（中外合作办学）,,,434,2023,本科批,,36503,428,0,上海,综合,,,河南工业大学
,major_line_2023,工商管理类,人力资源管理（中外合作办学）（中外合作办学）,,,425,2023,本科批,,38092,420,0,上海,综合,,,河南工业大学
,major_line_2023,工商管理类,市场营销（中外合作办学）（中外合作办学）,,,424,2023,本科批,,38271,419,0,上海,综合,,,河南工业大学
,major_line_2023,生物科学类,生物技术（中外合作办学）（中外合作办学）,,,438,2023,本科批,,34853,436,0,上海,综合,,,河南工业大学
,major_line_2023,工商管理类,会计学（注册会计师方向）,,,504,2023,本科批,,19158,502,0,上海,综合,,,天津财经大学
,major_line_2023,经济学类,经济统计学（金融充计与精算方向）,,,505,2023,本科批,,19420,501,0,上海,综合,,,天津财经大学
,major_line_2023,金融学类,金融学类（含金融学、金融学）（国际金融、金融工程、保险学、投资学、信用管理专业）,,,502,2023,本科批,,19672,500,0,上海,综合,,,天津财经大学
,major_line_2023,工商管理类,会计学,,,501,2023,本科批,,19672,500,0,上海,综合,,,天津财经大学
,major_line_2023,财政学类,财政学类（含财政学、税收学专业）,,,500,2023,本科批,,19921,499,0,上海,综合,,,天津财经大学
,major_line_2023,经济学类,经济学,,,499,2023,本科批,,20398,497,0,上海,综合,,,天津财经大学
,major_line_2023,经济学类,数字经济,,,497,2023,本科批,,20398,497,0,上海,综合,,,天津财经大学
,major_line_2023,经济学类,经济统计学（金融充计与精算方向）,,,505,2023,本科批,,19420,501,0,上海,综合,,,天津财经大学
,major_line_2023,工商管理类,会计学（注册会计师方向）,,,504,2023,本科批,,19158,502,0,上海,综合,,,天津财经大学
,major_line_2023,金融学类,金融学类（含金融学、金融学）（国际金融、金融工程、保险学、投资学、信用管理专业）,,,502,2023,本科批,,19672,500,0,上海,综合,,,天津财经大学
,major_line_2023,工商管理类,会计学,,,501,2023,本科批,,19672,500,0,上海,综合,,,天津财经大学
,major_line_2023,财政学类,财政学类（含财政学、税收学专业）,,,500,2023,本科批,,19921,499,0,上海,综合,,,天津财经大学
,major_line_2023,经济学类,经济学,,,499,2023,本科批,,20398,497,0,上海,综合,,,天津财经大学
,major_line_2023,经济学类,数字经济,,,497,2023,本科批,,20398,497,0,上海,综合,,,天津财经大学
,major_line_2023,计算机类,计算机科学与技术（嘉陵江路校区）,,,444,2023,本科批,,33094,444,0,上海,综合,,,青岛理工大学
,major_line_2023,建筑类,建筑学（市北校区）,,,444,2023,本科批,,33094,444,0,上海,综合,,,青岛理工大学
,major_line_2023,土木类,给排水科学与工程（嘉陵江路校区）,,,441,2023,本科批,,33766,441,0,上海,综合,,,青岛理工大学
,major_line_2023,力学类,工程力学（嘉陵江路校区）,,,440,2023,本科批,,33965,440,0,上海,综合,,,青岛理工大学
,major_line_2023,计算机类,网络空间安全（嘉陵江路校区）,,,440,2023,本科批,,33965,440,0,上海,综合,,,青岛理工大学
,major_line_2023,社会学类,社会工作（办学点:嘉陵江路校区）,,,453,2023,本科批,,31094,453,0,上海,综合,,,青岛理工大学
,major_line_2023,工商管理类,会计学（办学点:嘉陵江路校区）,,,472,2023,本科批,,26613,472,0,上海,综合,,,青岛理工大学
,major_line_2023,社会学类,社会工作（办学点:嘉陵江路校区）,,,453,2023,本科批,,31094,453,0,上海,综合,,,青岛理工大学
,major_line_2023,环境科学与工程类,环保设备工程（办学点:嘉陵江路校区）,,,450,2023,本科批,,31821,450,0,上海,综合,,,青岛理工大学
,major_line_2023,计算机类,计算机科学与技术（嘉陵江路校区）,,,444,2023,本科批,,33094,444,0,上海,综合,,,青岛理工大学
,major_line_2023,建筑类,建筑学（市北校区）,,,444,2023,本科批,,33094,444,0,上海,综合,,,青岛理工大学
,major_line_2023,外国语言文学类,日语（办学点:嘉陵江路校区）,,,443,2023,本科批,,33327,443,0,上海,综合,,,青岛理工大学
,major_line_2023,土木类,给排水科学与工程（嘉陵江路校区）,,,441,2023,本科批,,33766,441,0,上海,综合,,,青岛理工大学
,major_line_2023,力学类,工程力学（嘉陵江路校区）,,,440,2023,本科批,,33965,440,0,上海,综合,,,青岛理工大学
,major_line_2023,计算机类,网络空间安全（嘉陵江路校区）,,,440,2023,本科批,,33965,440,0,上海,综合,,,青岛理工大学
,major_line_2023,环境科学与工程类,环保设备工程（办学点:嘉陵江路校区）,,,450,2023,本科批,,31821,450,0,上海,综合,,,青岛理工大学
,major_line_2023,工商管理类,会计学（办学点:嘉陵江路校区）,,,472,2023,本科批,,26613,472,0,上海,综合,,,青岛理工大学
,major_line_2023,外国语言文学类,日语（办学点:嘉陵江路校区）,,,443,2023,本科批,,33327,443,0,上海,综合,,,青岛理工大学
,major_line_2023,法学类,法学,,,543,2023,本科批,,9864,540,0,上海,综合,,,中国人民公安大学
,major_line_2023,法学类,法学,,,543,2023,本科批,,9864,540,0,上海,综合,,,中国人民公安大学
,major_line_2023,临床医学类,麻醉学,,,532,2023,本科批,,12442,529,0,上海,综合,,,徐州医科大学
,major_line_2023,临床医学类,临床医学,,,525,2023,本科批,,14672,520,0,上海,综合,,,徐州医科大学
,major_line_2023,临床医学类,麻醉学,,,532,2023,本科批,,12442,529,0,上海,综合,,,徐州医科大学
,major_line_2023,临床医学类,临床医学,,,525,2023,本科批,,14672,520,0,上海,综合,,,徐州医科大学
,major_line_2023,航空航天类,飞行器动力工程,,,497,2023,本科批,,20398,497,0,上海,综合,,,沈阳航空航天大学
,major_line_2023,计算机类,计算机科学与技术,,,492,2023,本科批,,21695,492,0,上海,综合,,,沈阳航空航天大学
,major_line_2023,电子信息类,人工智能,,,469,2023,本科批,,27340,469,0,上海,综合,,,沈阳航空航天大学
,major_line_2023,力学类,工程力学,,,468,2023,本科批,,27576,468,0,上海,综合,,,沈阳航空航天大学
,major_line_2023,航空航天类,飞行器动力工程,,,497,2023,本科批,,20398,497,0,上海,综合,,,沈阳航空航天大学
,major_line_2023,计算机类,计算机科学与技术,,,492,2023,本科批,,21695,492,0,上海,综合,,,沈阳航空航天大学
,major_line_2023,电子信息类,人工智能,,,469,2023,本科批,,27340,469,0,上海,综合,,,沈阳航空航天大学
,major_line_2023,力学类,工程力学,,,468,2023,本科批,,27576,468,0,上海,综合,,,沈阳航空航天大学
,major_line_2023,药学类,药学类（含药学、药物制剂、药物分析专业）,,,528,2023,本科批,,13919,523,0,上海,综合,,,沈阳药科大学
,major_line_2023,生物工程类,生物制药,,,522,2023,本科批,,14182,522,0,上海,综合,,,沈阳药科大学
,major_line_2023,生物工程类,生物工程,,,521,2023,本科批,,14416,521,0,上海,综合,,,沈阳药科大学
,major_line_2023,药学类,药学类（含药学、药物制剂、药物分析专业）,,,528,2023,本科批,,13919,523,0,上海,综合,,,沈阳药科大学
,major_line_2023,生物工程类,生物制药,,,522,2023,本科批,,14182,522,0,上海,综合,,,沈阳药科大学
,major_line_2023,生物工程类,生物工程,,,521,2023,本科批,,14416,521,0,上海,综合,,,沈阳药科大学
,major_line_2023,电气类,电气工程及其自动化,,,440,2023,本科批,,33965,440,0,上海,综合,,,沈阳建筑大学
,major_line_2023,管理科学与工程类,工程管理,,,437,2023,本科批,,34625,437,0,上海,综合,,,沈阳建筑大学
,major_line_2023,机械类,智能制造工程,,,435,2023,本科批,,35051,435,0,上海,综合,,,沈阳建筑大学
,major_line_2023,电子信息类,人工智能,,,433,2023,本科批,,35473,433,0,上海,综合,,,沈阳建筑大学
,major_line_2023,土木类,土木工程,,,432,2023,本科批,,35697,432,0,上海,综合,,,沈阳建筑大学
,major_line_2023,计算机类,计算机科学与技术,,,431,2023,本科批,,35904,431,0,上海,综合,,,沈阳建筑大学
,major_line_2023,土木类,给排水科学与工程,,,428,2023,本科批,,36503,428,0,上海,综合,,,沈阳建筑大学
,major_line_2023,管理科学与工程类,房地产开发与管理,,,427,2023,本科批,,36712,427,0,上海,综合,,,沈阳建筑大学
,major_line_2023,建筑类,建筑学,,,504,2023,本科批,,18635,504,0,上海,综合,,,沈阳建筑大学
,major_line_2023,建筑类,城乡规划,,,494,2023,本科批,,21165,494,0,上海,综合,,,沈阳建筑大学
,major_line_2023,建筑类,建筑学,,,504,2023,本科批,,18635,504,0,上海,综合,,,沈阳建筑大学
,major_line_2023,建筑类,城乡规划,,,494,2023,本科批,,21165,494,0,上海,综合,,,沈阳建筑大学
,major_line_2023,电气类,电气工程及其自动化,,,440,2023,本科批,,33965,440,0,上海,综合,,,沈阳建筑大学
,major_line_2023,管理科学与工程类,工程管理,,,437,2023,本科批,,34625,437,0,上海,综合,,,沈阳建筑大学
,major_line_2023,机械类,智能制造工程,,,435,2023,本科批,,35051,435,0,上海,综合,,,沈阳建筑大学
,major_line_2023,电子信息类,人工智能,,,433,2023,本科批,,35473,433,0,上海,综合,,,沈阳建筑大学
,major_line_2023,土木类,土木工程,,,432,2023,本科批,,35697,432,0,上海,综合,,,沈阳建筑大学
,major_line_2023,计算机类,计算机科学与技术,,,431,2023,本科批,,35904,431,0,上海,综合,,,沈阳建筑大学
,major_line_2023,土木类,给排水科学与工程,,,428,2023,本科批,,36503,428,0,上海,综合,,,沈阳建筑大学
,major_line_2023,管理科学与工程类,房地产开发与管理,,,427,2023,本科批,,36712,427,0,上海,综合,,,沈阳建筑大学
,major_line_2023,历史学类,历史学（师范类）,,,514,2023,本科批,,17139,510,0,上海,综合,,,重庆师范大学
,major_line_2023,化学类,化学（师范类）,,,483,2023,本科批,,25081,478,0,上海,综合,,,重庆师范大学
,major_line_2023,材料类,材料类（含材料化学、高分子材料与工程专业）,,,473,2023,本科批,,28075,466,0,上海,综合,,,重庆师范大学
,major_line_2023,数学类,数学与应用数学（师范类）,,,515,2023,本科批,,16423,513,0,上海,综合,,,重庆师范大学
,major_line_2023,电子信息类,电子信息科学与技术,,,501,2023,本科批,,20181,498,0,上海,综合,,,重庆师范大学
,major_line_2023,统计学类,统计学,,,492,2023,本科批,,22166,490,0,上海,综合,,,重庆师范大学
,major_line_2023,数学类,数学与应用数学（师范类）,,,515,2023,本科批,,16423,513,0,上海,综合,,,重庆师范大学
,major_line_2023,历史学类,历史学（师范类）,,,514,2023,本科批,,17139,510,0,上海,综合,,,重庆师范大学
,major_line_2023,中国语言文学类,中国语言文学类（含汉语言文学）（师范类、汉语国际教育、秘书学专业）,,,503,2023,本科批,,19158,502,0,上海,综合,,,重庆师范大学
,major_line_2023,电子信息类,电子信息科学与技术,,,501,2023,本科批,,20181,498,0,上海,综合,,,重庆师范大学
,major_line_2023,外国语言文学类,英语（师范类）（语种:英语）,,,501,2023,本科批,,21165,494,0,上海,综合,,,重庆师范大学
,major_line_2023,统计学类,统计学,,,492,2023,本科批,,22166,490,0,上海,综合,,,重庆师范大学
,major_line_2023,心理学类,应用心理学,,,482,2023,本科批,,24801,479,0,上海,综合,,,重庆师范大学
,major_line_2023,化学类,化学（师范类）,,,483,2023,本科批,,25081,478,0,上海,综合,,,重庆师范大学
,major_line_2023,金融学类,金融工程,,,481,2023,本科批,,25081,478,0,上海,综合,,,重庆师范大学
,major_line_2023,经济学类,经济学,,,479,2023,本科批,,25081,478,0,上海,综合,,,重庆师范大学
,major_line_2023,材料类,材料类（含材料化学、高分子材料与工程专业）,,,473,2023,本科批,,28075,466,0,上海,综合,,,重庆师范大学
,major_line_2023,中国语言文学类,中国语言文学类（含汉语言文学）（师范类、汉语国际教育、秘书学专业）,,,503,2023,本科批,,19158,502,0,上海,综合,,,重庆师范大学
,major_line_2023,外国语言文学类,英语（师范类）（语种:英语）,,,501,2023,本科批,,21165,494,0,上海,综合,,,重庆师范大学
,major_line_2023,心理学类,应用心理学,,,482,2023,本科批,,24801,479,0,上海,综合,,,重庆师范大学
,major_line_2023,金融学类,金融工程,,,481,2023,本科批,,25081,478,0,上海,综合,,,重庆师范大学
,major_line_2023,经济学类,经济学,,,479,2023,本科批,,25081,478,0,上海,综合,,,重庆师范大学
,major_line_2023,教育学类,教育学类（含教育学、教育技术学专业）,,,479,2023,本科批,,25081,478,0,上海,综合,,,中南民族大学
,major_line_2023,外国语言文学类,日语（外语语种为英语、日语）,,,482,2023,本科批,,25848,475,0,上海,综合,,,中南民族大学
,major_line_2023,教育学类,教育学类（含教育学、教育技术学专业）,,,479,2023,本科批,,25081,478,0,上海,综合,,,中南民族大学
,major_line_2023,外国语言文学类,日语（外语语种为英语、日语）,,,482,2023,本科批,,25848,475,0,上海,综合,,,中南民族大学
,major_line_2023,生物医学工程类,生物医学工程类（含生物医学工程、医学信息工程专业）,,,457,2023,本科批,,32676,446,0,上海,综合,,,中南民族大学
,major_line_2023,生物医学工程类,生物医学工程类（含生物医学工程、医学信息工程专业）,,,457,2023,本科批,,32676,446,0,上海,综合,,,中南民族大学
,major_line_2023,食品科学与工程类,食品科学与工程（含创新实验班）（30人）,,,458,2023,本科批,,29925,458,0,上海,综合,,,青岛农业大学
,major_line_2023,水产类,水生动物医学,,,448,2023,本科批,,32460,447,0,上海,综合,,,青岛农业大学
,major_line_2023,林学类,园林（含创新实验班）（30人）,,,447,2023,本科批,,32897,445,0,上海,综合,,,青岛农业大学
,major_line_2023,水产类,水族科学与技术,,,445,2023,本科批,,32897,445,0,上海,综合,,,青岛农业大学
,major_line_2023,动物生产类,马业科学,,,448,2023,本科批,,33094,444,0,上海,综合,,,青岛农业大学
,major_line_2023,水产类,水产养殖学,,,447,2023,本科批,,33094,444,0,上海,综合,,,青岛农业大学
,major_line_2023,工商管理类,财务管理,,,453,2023,本科批,,31094,453,0,上海,综合,,,青岛农业大学
,major_line_2023,法学类,知识产权,,,451,2023,本科批,,31584,451,0,上海,综合,,,青岛农业大学
,major_line_2023,食品科学与工程类,食品科学与工程（含创新实验班）（30人）,,,458,2023,本科批,,29925,458,0,上海,综合,,,青岛农业大学
,major_line_2023,工商管理类,财务管理,,,453,2023,本科批,,31094,453,0,上海,综合,,,青岛农业大学
,major_line_2023,法学类,知识产权,,,451,2023,本科批,,31584,451,0,上海,综合,,,青岛农业大学
,major_line_2023,水产类,水生动物医学,,,448,2023,本科批,,32460,447,0,上海,综合,,,青岛农业大学
,major_line_2023,林学类,园林（含创新实验班）（30人）,,,447,2023,本科批,,32897,445,0,上海,综合,,,青岛农业大学
,major_line_2023,水产类,水族科学与技术,,,445,2023,本科批,,32897,445,0,上海,综合,,,青岛农业大学
,major_line_2023,动物生产类,马业科学,,,448,2023,本科批,,33094,444,0,上海,综合,,,青岛农业大学
,major_line_2023,水产类,水产养殖学,,,447,2023,本科批,,33094,444,0,上海,综合,,,青岛农业大学
,major_line_2023,旅游管理类,旅游管理（中外合作办学）（外语单科成绩不得低于112分。收费标准详询院校）（中外合作办学）,,,468,2023,本科批,,27576,468,0,上海,综合,,,北京体育大学
,major_line_2023,旅游管理类,旅游管理（中外合作办学）（外语单科成绩不得低于112分。收费标准详询院校）（中外合作办学）,,,468,2023,本科批,,27576,468,0,上海,综合,,,北京体育大学
,major_line_2023,动物医学类,动物医学,,,458,2023,本科批,,32023,449,0,上海,综合,,,山西农业大学
,major_line_2023,生物科学类,生物科学类（含生物科学、生物技术、生物信息学专业）,,,448,2023,本科批,,32236,448,0,上海,综合,,,山西农业大学
,major_line_2023,动物医学类,动物医学,,,458,2023,本科批,,32023,449,0,上海,综合,,,山西农业大学
,major_line_2023,植物生产类,农学（含农学、农学）（功能农业方向）,,,449,2023,本科批,,32023,449,0,上海,综合,,,山西农业大学
,major_line_2023,生物科学类,生物科学类（含生物科学、生物技术、生物信息学专业）,,,448,2023,本科批,,32236,448,0,上海,综合,,,山西农业大学
,major_line_2023,植物生产类,园艺（含园艺、设施农业科学与工程）,,,437,2023,本科批,,35051,435,0,上海,综合,,,山西农业大学
,major_line_2023,经济与贸易类,国际经济与贸易,,,436,2023,本科批,,35473,433,0,上海,综合,,,山西农业大学
,major_line_2023,公共管理类,行政管理,,,431,2023,本科批,,35904,431,0,上海,综合,,,山西农业大学
,major_line_2023,植物生产类,农学（含农学、农学）（功能农业方向）,,,449,2023,本科批,,32023,449,0,上海,综合,,,山西农业大学
,major_line_2023,植物生产类,园艺（含园艺、设施农业科学与工程）,,,437,2023,本科批,,35051,435,0,上海,综合,,,山西农业大学
,major_line_2023,经济与贸易类,国际经济与贸易,,,436,2023,本科批,,35473,433,0,上海,综合,,,山西农业大学
,major_line_2023,公共管理类,行政管理,,,431,2023,本科批,,35904,431,0,上海,综合,,,山西农业大学
,major_line_2023,电气类,电气工程及其自动化,,,448,2023,本科批,,32676,446,0,上海,综合,,,西安工业大学
,major_line_2023,工商管理类,工商管理类（含市场营销、物流管理、国际经济与贸易人力资源管理、会计学专业）,,,452,2023,本科批,,31584,451,0,上海,综合,,,西安工业大学
,major_line_2023,电气类,电气工程及其自动化,,,448,2023,本科批,,32676,446,0,上海,综合,,,西安工业大学
,major_line_2023,工商管理类,工商管理类（含市场营销、物流管理、国际经济与贸易人力资源管理、会计学专业）,,,452,2023,本科批,,31584,451,0,上海,综合,,,西安工业大学
,major_line_2023,计算机类,数据科学与大数据技术,,,443,2023,本科批,,33564,442,0,上海,综合,,,湖州师范学院
,major_line_2023,计算机类,计算机科学与技术,,,442,2023,本科批,,33766,441,0,上海,综合,,,湖州师范学院
,major_line_2023,电子信息类,电子信息工程,,,441,2023,本科批,,33965,440,0,上海,综合,,,湖州师范学院
,major_line_2023,生物科学类,生物科学（师范）,,,492,2023,本科批,,22166,490,0,上海,综合,,,湖州师范学院
,major_line_2023,生物工程类,生物工程,,,476,2023,本科批,,27818,467,0,上海,综合,,,湖州师范学院
,major_line_2023,化工与制药类,制药工程,,,478,2023,本科批,,28319,465,0,上海,综合,,,湖州师范学院
,major_line_2023,口腔医学类,口腔医学（无色盲、色弱）,,,530,2023,本科批,,13663,524,0,上海,综合,,,湖州师范学院
,major_line_2023,临床医学类,临床医学（无色盲、色弱）,,,501,2023,本科批,,20893,495,0,上海,综合,,,湖州师范学院
,major_line_2023,马克思主义理论类,思想政治教育（师范）,,,497,2023,本科批,,21695,492,0,上海,综合,,,湖州师范学院
,major_line_2023,生物科学类,生物科学（师范）,,,492,2023,本科批,,22166,490,0,上海,综合,,,湖州师范学院
,major_line_2023,生物工程类,生物工程,,,476,2023,本科批,,27818,467,0,上海,综合,,,湖州师范学院
,major_line_2023,化工与制药类,制药工程,,,478,2023,本科批,,28319,465,0,上海,综合,,,湖州师范学院
,major_line_2023,新闻传播学类,新闻学,,,455,2023,本科批,,30610,455,0,上海,综合,,,湖州师范学院
,major_line_2023,护理学类,护理学（无色盲、色弱）,,,461,2023,本科批,,30852,454,0,上海,综合,,,湖州师范学院
,major_line_2023,工商管理类,财务管理,,,455,2023,本科批,,31094,453,0,上海,综合,,,湖州师范学院
,major_line_2023,法学类,知识产权,,,453,2023,本科批,,31347,452,0,上海,综合,,,湖州师范学院
,major_line_2023,金融学类,金融工程,,,452,2023,本科批,,31584,451,0,上海,综合,,,湖州师范学院
,major_line_2023,外国语言文学类,日语（外语单科成绩不低于100分）,,,452,2023,本科批,,31821,450,0,上海,综合,,,湖州师范学院
,major_line_2023,电子商务类,电子商务,,,450,2023,本科批,,32023,449,0,上海,综合,,,湖州师范学院
,major_line_2023,外国语言文学类,英语（师范。英语单科成绩不低于100分）（语种:英语）,,,452,2023,本科批,,32236,448,0,上海,综合,,,湖州师范学院
,major_line_2023,外国语言文学类,俄语,,,449,2023,本科批,,32236,448,0,上海,综合,,,湖州师范学院
,major_line_2023,建筑类,建筑学,,,449,2023,本科批,,32236,448,0,上海,综合,,,湖州师范学院
,major_line_2023,公共管理类,行政管理,,,450,2023,本科批,,32460,447,0,上海,综合,,,湖州师范学院
,major_line_2023,计算机类,数据科学与大数据技术,,,443,2023,本科批,,33564,442,0,上海,综合,,,湖州师范学院
,major_line_2023,计算机类,计算机科学与技术,,,442,2023,本科批,,33766,441,0,上海,综合,,,湖州师范学院
,major_line_2023,电子信息类,电子信息工程,,,441,2023,本科批,,33965,440,0,上海,综合,,,湖州师范学院
,major_line_2023,新闻传播学类,新闻学,,,455,2023,本科批,,30610,455,0,上海,综合,,,湖州师范学院
,major_line_2023,护理学类,护理学（无色盲、色弱）,,,461,2023,本科批,,30852,454,0,上海,综合,,,湖州师范学院
,major_line_2023,工商管理类,财务管理,,,455,2023,本科批,,31094,453,0,上海,综合,,,湖州师范学院
,major_line_2023,法学类,知识产权,,,453,2023,本科批,,31347,452,0,上海,综合,,,湖州师范学院
,major_line_2023,金融学类,金融工程,,,452,2023,本科批,,31584,451,0,上海,综合,,,湖州师范学院
,major_line_2023,外国语言文学类,日语（外语单科成绩不低于100分）,,,452,2023,本科批,,31821,450,0,上海,综合,,,湖州师范学院
,major_line_2023,电子商务类,电子商务,,,450,2023,本科批,,32023,449,0,上海,综合,,,湖州师范学院
,major_line_2023,外国语言文学类,英语（师范。英语单科成绩不低于100分）（语种:英语）,,,452,2023,本科批,,32236,448,0,上海,综合,,,湖州师范学院
,major_line_2023,外国语言文学类,俄语,,,449,2023,本科批,,32236,448,0,上海,综合,,,湖州师范学院
,major_line_2023,公共管理类,行政管理,,,450,2023,本科批,,32460,447,0,上海,综合,,,湖州师范学院
,major_line_2023,马克思主义理论类,思想政治教育（师范）,,,497,2023,本科批,,21695,492,0,上海,综合,,,湖州师范学院
,major_line_2023,口腔医学类,口腔医学（无色盲、色弱）,,,530,2023,本科批,,13663,524,0,上海,综合,,,湖州师范学院
,major_line_2023,临床医学类,临床医学（无色盲、色弱）,,,501,2023,本科批,,20893,495,0,上海,综合,,,湖州师范学院
,major_line_2023,建筑类,建筑学,,,449,2023,本科批,,32236,448,0,上海,综合,,,湖州师范学院
,major_line_2023,化工与制药类,化学工程与工艺（国家级一流专业建设点，国家级特色专业，国家工程教育专业认证通过专业，省级重点专业）,,,441,2023,本科批,,33965,440,0,上海,综合,,,东北石油大学
,major_line_2023,能源动力类,能源与动力工程（国家级一流专业建设点）,,,440,2023,本科批,,34170,439,0,上海,综合,,,东北石油大学
,major_line_2023,经济与贸易类,国际经济与贸易,,,438,2023,本科批,,34431,438,0,上海,综合,,,东北石油大学
,major_line_2023,化学类,化学,,,438,2023,本科批,,34431,438,0,上海,综合,,,东北石油大学
,major_line_2023,环境科学与工程类,环境工程（国家工程教育专业认证通过专业）,,,438,2023,本科批,,34853,436,0,上海,综合,,,东北石油大学
,major_line_2023,工商管理类,工商管理类（含工商管理、会计学、财务管理专业）,,,434,2023,本科批,,35473,433,0,上海,综合,,,东北石油大学
,major_line_2023,计算机类,网络空间安全,,,431,2023,本科批,,35904,431,0,上海,综合,,,东北石油大学
,major_line_2023,外国语言文学类,英语（语种:英语）,,,429,2023,本科批,,36303,429,0,上海,综合,,,东北石油大学
,major_line_2023,公共管理类,行政管理,,,424,2023,本科批,,37931,421,0,上海,综合,,,东北石油大学
,major_line_2023,公共管理类,行政管理,,,424,2023,本科批,,37931,421,0,上海,综合,,,东北石油大学
,major_line_2023,化工与制药类,化学工程与工艺（国家级一流专业建设点，国家级特色专业，国家工程教育专业认证通过专业，省级重点专业）,,,441,2023,本科批,,33965,440,0,上海,综合,,,东北石油大学
,major_line_2023,化学类,化学,,,438,2023,本科批,,34431,438,0,上海,综合,,,东北石油大学
,major_line_2023,计算机类,网络空间安全,,,431,2023,本科批,,35904,431,0,上海,综合,,,东北石油大学
,major_line_2023,经济与贸易类,国际经济与贸易,,,438,2023,本科批,,34431,438,0,上海,综合,,,东北石油大学
,major_line_2023,工商管理类,工商管理类（含工商管理、会计学、财务管理专业）,,,434,2023,本科批,,35473,433,0,上海,综合,,,东北石油大学
,major_line_2023,外国语言文学类,英语（语种:英语）,,,429,2023,本科批,,36303,429,0,上海,综合,,,东北石油大学
,major_line_2023,环境科学与工程类,环境工程（国家工程教育专业认证通过专业）,,,438,2023,本科批,,34853,436,0,上海,综合,,,东北石油大学
,major_line_2023,能源动力类,能源与动力工程（国家级一流专业建设点）,,,440,2023,本科批,,34170,439,0,上海,综合,,,东北石油大学
,major_line_2023,金融学类,金融学,,,459,2023,本科批,,29925,458,0,上海,综合,,,嘉兴大学
,major_line_2023,工商管理类,财务管理,,,461,2023,本科批,,30385,456,0,上海,综合,,,嘉兴大学
,major_line_2023,工商管理类,人力资源管理,,,458,2023,本科批,,30385,456,0,上海,综合,,,嘉兴大学
,major_line_2023,经济与贸易类,国际经济与贸易,,,467,2023,本科批,,30610,455,0,上海,综合,,,嘉兴大学
,major_line_2023,外国语言文学类,日语,,,455,2023,本科批,,30852,454,0,上海,综合,,,嘉兴大学
,major_line_2023,工商管理类,市场营销,,,455,2023,本科批,,30852,454,0,上海,综合,,,嘉兴大学
,major_line_2023,计算机类,计算机科学与技术,,,449,2023,本科批,,32897,445,0,上海,综合,,,嘉兴大学
,major_line_2023,计算机类,软件工程,,,444,2023,本科批,,33766,441,0,上海,综合,,,嘉兴大学
,major_line_2023,机械类,工业设计,,,443,2023,本科批,,33766,441,0,上海,综合,,,嘉兴大学
,major_line_2023,管理科学与工程类,工程管理,,,441,2023,本科批,,33965,440,0,上海,综合,,,嘉兴大学
,major_line_2023,电子信息类,通信工程,,,441,2023,本科批,,33965,440,0,上海,综合,,,嘉兴大学
,major_line_2023,机械类,机械设计制造及其自动化,,,440,2023,本科批,,33965,440,0,上海,综合,,,嘉兴大学
,major_line_2023,计算机类,网络工程,,,440,2023,本科批,,33965,440,0,上海,综合,,,嘉兴大学
,major_line_2023,计算机类,数据科学与大数据技术,,,440,2023,本科批,,34170,439,0,上海,综合,,,嘉兴大学
,major_line_2023,土木类,土木工程,,,439,2023,本科批,,34170,439,0,上海,综合,,,嘉兴大学
,major_line_2023,土木类,建筑环境与能源应用工程,,,439,2023,本科批,,34170,439,0,上海,综合,,,嘉兴大学
,major_line_2023,金融学类,金融学,,,459,2023,本科批,,29925,458,0,上海,综合,,,嘉兴大学
,major_line_2023,工商管理类,财务管理,,,461,2023,本科批,,30385,456,0,上海,综合,,,嘉兴大学
,major_line_2023,工商管理类,人力资源管理,,,458,2023,本科批,,30385,456,0,上海,综合,,,嘉兴大学
,major_line_2023,经济与贸易类,国际经济与贸易,,,467,2023,本科批,,30610,455,0,上海,综合,,,嘉兴大学
,major_line_2023,外国语言文学类,日语,,,455,2023,本科批,,30852,454,0,上海,综合,,,嘉兴大学
,major_line_2023,工商管理类,市场营销,,,455,2023,本科批,,30852,454,0,上海,综合,,,嘉兴大学
,major_line_2023,计算机类,计算机科学与技术,,,449,2023,本科批,,32897,445,0,上海,综合,,,嘉兴大学
,major_line_2023,计算机类,软件工程,,,444,2023,本科批,,33766,441,0,上海,综合,,,嘉兴大学
,major_line_2023,机械类,工业设计,,,443,2023,本科批,,33766,441,0,上海,综合,,,嘉兴大学
,major_line_2023,管理科学与工程类,工程管理,,,441,2023,本科批,,33965,440,0,上海,综合,,,嘉兴大学
,major_line_2023,电子信息类,通信工程,,,441,2023,本科批,,33965,440,0,上海,综合,,,嘉兴大学
,major_line_2023,机械类,机械设计制造及其自动化,,,440,2023,本科批,,33965,440,0,上海,综合,,,嘉兴大学
,major_line_2023,计算机类,网络工程,,,440,2023,本科批,,33965,440,0,上海,综合,,,嘉兴大学
,major_line_2023,计算机类,数据科学与大数据技术,,,440,2023,本科批,,34170,439,0,上海,综合,,,嘉兴大学
,major_line_2023,土木类,土木工程,,,439,2023,本科批,,34170,439,0,上海,综合,,,嘉兴大学
,major_line_2023,土木类,建筑环境与能源应用工程,,,439,2023,本科批,,34170,439,0,上海,综合,,,嘉兴大学
,major_line_2023,计算机类,计算机科学与技术（前两年在定海校区，后两年在新城校区）,,,472,2023,本科批,,26866,471,0,上海,综合,,,浙江海洋大学
,major_line_2023,电子信息类,电子信息工程（前两年在定海校区，后两年在新城校区）,,,463,2023,本科批,,29469,460,0,上海,综合,,,浙江海洋大学
,major_line_2023,物流管理与工程类,物流管理,,,461,2023,本科批,,30610,455,0,上海,综合,,,浙江海洋大学
,major_line_2023,外国语言文学类,商务英语（英语单科成绩不低于105分）（语种:英语）,,,455,2023,本科批,,30852,454,0,上海,综合,,,浙江海洋大学
,major_line_2023,外国语言文学类,英语（英语单科成绩不低于105分）（语种:英语）,,,451,2023,本科批,,31584,451,0,上海,综合,,,浙江海洋大学
,major_line_2023,计算机类,数据科学与大数据技术（前两年在定海校区，后两年在新城校区）,,,451,2023,本科批,,31821,450,0,上海,综合,,,浙江海洋大学
,major_line_2023,电气类,电气工程及其自动化（前两年在定海校区，后两年在新城校区）,,,450,2023,本科批,,32023,449,0,上海,综合,,,浙江海洋大学
,major_line_2023,海洋工程类,船舶与海洋工程（第一年在定海校区，后三年在新城校区）,,,456,2023,本科批,,32236,448,0,上海,综合,,,浙江海洋大学
,major_line_2023,自动化类,机器人工程（前两年在定海校区，后两年在新城校区）,,,448,2023,本科批,,32460,447,0,上海,综合,,,浙江海洋大学
,major_line_2023,土木类,土木工程（前两年在定海校区，后两年在新城校区）,,,447,2023,本科批,,32897,445,0,上海,综合,,,浙江海洋大学
,major_line_2023,计算机类,计算机科学与技术（前两年在定海校区，后两年在新城校区）,,,472,2023,本科批,,26866,471,0,上海,综合,,,浙江海洋大学
,major_line_2023,电子信息类,电子信息工程（前两年在定海校区，后两年在新城校区）,,,463,2023,本科批,,29469,460,0,上海,综合,,,浙江海洋大学
,major_line_2023,计算机类,数据科学与大数据技术（前两年在定海校区，后两年在新城校区）,,,451,2023,本科批,,31821,450,0,上海,综合,,,浙江海洋大学
,major_line_2023,电气类,电气工程及其自动化（前两年在定海校区，后两年在新城校区）,,,450,2023,本科批,,32023,449,0,上海,综合,,,浙江海洋大学
,major_line_2023,海洋工程类,船舶与海洋工程（第一年在定海校区，后三年在新城校区）,,,456,2023,本科批,,32236,448,0,上海,综合,,,浙江海洋大学
,major_line_2023,自动化类,机器人工程（前两年在定海校区，后两年在新城校区）,,,448,2023,本科批,,32460,447,0,上海,综合,,,浙江海洋大学
,major_line_2023,土木类,土木工程（前两年在定海校区，后两年在新城校区）,,,447,2023,本科批,,32897,445,0,上海,综合,,,浙江海洋大学
,major_line_2023,物流管理与工程类,物流管理,,,461,2023,本科批,,30610,455,0,上海,综合,,,浙江海洋大学
,major_line_2023,外国语言文学类,商务英语（英语单科成绩不低于105分）（语种:英语）,,,455,2023,本科批,,30852,454,0,上海,综合,,,浙江海洋大学
,major_line_2023,外国语言文学类,英语（英语单科成绩不低于105分）（语种:英语）,,,451,2023,本科批,,31584,451,0,上海,综合,,,浙江海洋大学
,major_line_2023,生物工程类,生物工程（语种:不限大一在西山校区，大二起在校本部青义校区）,,,447,2023,本科批,,32897,445,0,上海,综合,,,西南科技大学
,major_line_2023,计算机类,计算机类（含计算机科学与技术、软件工程、信息安全专业）（语种:不限在青义校区）,,,481,2023,本科批,,30385,456,0,上海,综合,,,西南科技大学
,major_line_2023,生物工程类,生物工程（语种:不限大一在西山校区，大二起在校本部青义校区）,,,447,2023,本科批,,32897,445,0,上海,综合,,,西南科技大学
,major_line_2023,管理科学与工程类,信息管理与信息系统（语种:不限大一在西山校区，大二起在校本部青义校区）,,,445,2023,本科批,,33327,443,0,上海,综合,,,西南科技大学
,major_line_2023,中国语言文学类,中国语言文学类（含汉语言文学、汉语国际教育专业）（语种:不限在青义校区）,,,442,2023,本科批,,33965,440,0,上海,综合,,,西南科技大学
,major_line_2023,管理科学与工程类,工程管理（语种:不限在青义校区）,,,440,2023,本科批,,34170,439,0,上海,综合,,,西南科技大学
,major_line_2023,外国语言文学类,日语（外语语种为英语、日语、西班牙语；大一在西山校区，大二起在校本部青义校区）,,,438,2023,本科批,,34625,437,0,上海,综合,,,西南科技大学
,major_line_2023,计算机类,计算机类（含计算机科学与技术、软件工程、信息安全专业）（语种:不限在青义校区）,,,481,2023,本科批,,30385,456,0,上海,综合,,,西南科技大学
,major_line_2023,管理科学与工程类,信息管理与信息系统（语种:不限大一在西山校区，大二起在校本部青义校区）,,,445,2023,本科批,,33327,443,0,上海,综合,,,西南科技大学
,major_line_2023,管理科学与工程类,工程管理（语种:不限在青义校区）,,,440,2023,本科批,,34170,439,0,上海,综合,,,西南科技大学
,major_line_2023,中国语言文学类,中国语言文学类（含汉语言文学、汉语国际教育专业）（语种:不限在青义校区）,,,442,2023,本科批,,33965,440,0,上海,综合,,,西南科技大学
,major_line_2023,外国语言文学类,日语（外语语种为英语、日语、西班牙语；大一在西山校区，大二起在校本部青义校区）,,,438,2023,本科批,,34625,437,0,上海,综合,,,西南科技大学
,major_line_2023,教育学类,学前教育（中外合作办学）（学费37000元/年）（中外合作办学）,,,466,2023,本科批,,28564,464,467,上海,综合,,,海南师范大学
,major_line_2023,数学类,数学与应用数学,,,472,2023,本科批,,28788,463,480,上海,综合,,,海南师范大学
,major_line_2023,数学类,数学与应用数学,,,472,2023,本科批,,28788,463,480,上海,综合,,,海南师范大学
,major_line_2023,教育学类,学前教育（中外合作办学）（学费37000元/年）（中外合作办学）,,,466,2023,本科批,,28564,464,467,上海,综合,,,海南师范大学
,major_line_2023,药学类,药物化学,,,495,2023,本科批,,22397,489,0,上海,综合,,,上海工程技术大学
,major_line_2023,化工与制药类,制药工程（通过工程教育专业认证，国家级一流本科专业建设点）,,,491,2023,本科批,,22878,487,0,上海,综合,,,上海工程技术大学
,major_line_2023,化工与制药类,化学工程与工艺（通过工程教育专业认证，国家级一流本科专业建设点）,,,489,2023,本科批,,23334,485,0,上海,综合,,,上海工程技术大学
,major_line_2023,环境科学与工程类,环境工程（通过工程教育专业认证，国家级一流本科专业建设点）,,,487,2023,本科批,,23581,484,0,上海,综合,,,上海工程技术大学
,major_line_2023,化工与制药类,涂料工程,,,486,2023,本科批,,23581,484,0,上海,综合,,,上海工程技术大学
,major_line_2023,电子信息类,应用电子技术,,,256,2023,专科批,,1036,252,0,上海,综合,,,上海工程技术大学
,major_line_2023,机械设计制造类,机械制造及自动化,,,254,2023,专科批,,1122,251,0,上海,综合,,,上海工程技术大学
,major_line_2023,自动化类,工业机器人技术,,,254,2023,专科批,,1206,250,0,上海,综合,,,上海工程技术大学
,major_line_2023,机械设计制造类,模具设计与制造,,,253,2023,专科批,,1295,249,0,上海,综合,,,上海工程技术大学
,major_line_2023,工商管理类,连锁经营与管理,,,253,2023,专科批,,1367,248,0,上海,综合,,,上海工程技术大学
,major_line_2023,经济贸易类,国际商务（中外合作办学）（旅游及商务管理方向）（中外合作办学）,,,248,2023,专科批,,1367,248,0,上海,综合,,,上海工程技术大学
,major_line_2023,机械类,机械工程（“卓越工程师教育培养计划”试点专业，通过工程教育专业认证，国家级一流本科专业建设点）,,,483,2023,本科批,,24801,479,0,上海,综合,,,上海工程技术大学
,major_line_2023,电子信息类,电子信息类（含计算机科学与技术、电气工程及其自动化、自动化、数据科学与大数据技术、人工智能专业。分流情况详见学校网站。计算机科学与技术专业通过工程教育认证，国家一流本科专业建设点。自动化专业通过工程教育认证，上海一流本科专业建设点。电气工程及其自动化专业为上海市一流本科专业建设点）,,,482,2023,本科批,,25351,477,0,上海,综合,,,上海工程技术大学
,major_line_2023,机械类,智能制造工程,,,482,2023,本科批,,25351,477,0,上海,综合,,,上海工程技术大学
,major_line_2023,自动化类,机器人工程,,,479,2023,本科批,,25585,476,0,上海,综合,,,上海工程技术大学
,major_line_2023,管理科学与工程类,信息管理与信息系统（国家级一流本科专业建设点）,,,478,2023,本科批,,25848,475,0,上海,综合,,,上海工程技术大学
,major_line_2023,电子信息类,光电信息科学与工程,,,477,2023,本科批,,25848,475,0,上海,综合,,,上海工程技术大学
,major_line_2023,电子信息类,电子封装技术,,,478,2023,本科批,,26112,474,0,上海,综合,,,上海工程技术大学
,major_line_2023,机械类,车辆工程（城市轨道交通车辆方向。“卓越工程师教育培养计划”试点专业，通过德国ASIIN认证）,,,477,2023,本科批,,26377,473,0,上海,综合,,,上海工程技术大学
,major_line_2023,自动化类,轨道交通信号与控制（“卓越工程师教育培养计划”试点专业，通过德国ASIIN认证。上海市一流本科专业建设点）,,,477,2023,本科批,,26613,472,0,上海,综合,,,上海工程技术大学
,major_line_2023,管理科学与工程类,工程管理（上海市一流本科专业建设点）,,,475,2023,本科批,,26866,471,0,上海,综合,,,上海工程技术大学
,major_line_2023,机械类,材料成型及控制工程（上海市一流本科专业建设点）,,,473,2023,本科批,,26866,471,0,上海,综合,,,上海工程技术大学
,major_line_2023,机械类,汽车服务工程（上海市一流本科专业建设点）,,,473,2023,本科批,,26866,471,0,上海,综合,,,上海工程技术大学
,major_line_2023,管理科学与工程类,管理科学（东方管理方向）,,,472,2023,本科批,,26866,471,0,上海,综合,,,上海工程技术大学
,major_line_2023,材料类,材料类（含材料科学与工程、焊接技术与工程专业。分流情况详见学校网站。材料科学与工程专业通过工程教育专业认证，上海市一流本科专业建设点）,,,472,2023,本科批,,26866,471,0,上海,综合,,,上海工程技术大学
,major_line_2023,机械类,工业设计,,,473,2023,本科批,,27118,470,0,上海,综合,,,上海工程技术大学
,major_line_2023,土木类,铁道工程（上海市一流本科专业建设点）,,,473,2023,本科批,,27118,470,0,上海,综合,,,上海工程技术大学
,major_line_2023,机械类,车辆工程（“卓越工程师教育培养计划”试点专业，通过工程教育专业认证，国家级一流本科专业建设点）,,,493,2023,本科批,,22166,490,0,上海,综合,,,上海工程技术大学
,major_line_2023,电子信息类,电子信息工程,,,491,2023,本科批,,22656,488,0,上海,综合,,,上海工程技术大学
,major_line_2023,航空航天类,飞行器制造工程（通过美国AABI认证，上海市一流本科专业建设点。建议男生报考）,,,490,2023,本科批,,23115,486,0,上海,综合,,,上海工程技术大学
,major_line_2023,数学类,数据计算及应用,,,488,2023,本科批,,23115,486,0,上海,综合,,,上海工程技术大学
,major_line_2023,能源动力类,能源与动力工程（上海市一流本科专业建设点）,,,480,2023,本科批,,26112,474,0,上海,综合,,,上海工程技术大学
,major_line_2023,交通运输类,交通运输（科专业建设点上海市一流本科专业建设点不限不限“卓越工程师教育培养计划”试点专业，通过工程教育专业认证，国家级一流本科专业建设点）,,,474,2023,本科批,,27340,469,0,上海,综合,,,上海工程技术大学
,major_line_2023,纺织类,服装设计与工程（“卓越工程师教育培养计划”试点专业，通过工程教育专业认证，国家级一流本）,,,473,2023,本科批,,27576,468,0,上海,综合,,,上海工程技术大学
,major_line_2023,纺织类,纺织工程,,,470,2023,本科批,,27818,467,0,上海,综合,,,上海工程技术大学
,major_line_2023,纺织类,非织造材料与工程,,,469,2023,本科批,,27818,467,0,上海,综合,,,上海工程技术大学
,major_line_2023,新闻传播学类,广告学,,,488,2023,本科批,,25351,477,0,上海,综合,,,上海工程技术大学
,major_line_2023,工商管理类,财务管理,,,483,2023,本科批,,25585,476,0,上海,综合,,,上海工程技术大学
,major_line_2023,公共管理类,养老服务管理,,,479,2023,本科批,,26377,473,0,上海,综合,,,上海工程技术大学
,major_line_2023,工商管理类,工商管理类（含工商管理、市场营销、人力资源管理专业。分流情况详见学校网站。工商管理、市场营销专业为国家级一流本科专业建设点）,,,478,2023,本科批,,26613,472,0,上海,综合,,,上海工程技术大学
,major_line_2023,物流管理与工程类,物流管理（民航物流方向。上海市一流本科专业建设点）,,,475,2023,本科批,,26866,471,0,上海,综合,,,上海工程技术大学
,major_line_2023,金融学类,金融学,,,474,2023,本科批,,26866,471,0,上海,综合,,,上海工程技术大学
,major_line_2023,公共管理类,交通管理（通过美国AABI认证，上海市一流本科专业建设点）,,,475,2023,本科批,,27118,470,0,上海,综合,,,上海工程技术大学
,major_line_2023,工业工程类,工业工程,,,475,2023,本科批,,27118,470,0,上海,综合,,,上海工程技术大学
,major_line_2023,旅游管理类,旅游管理（邮轮经济方向。国家级一流本科专业建设点）,,,475,2023,本科批,,27118,470,0,上海,综合,,,上海工程技术大学
,major_line_2023,经济与贸易类,国际经济与贸易,,,473,2023,本科批,,27118,470,0,上海,综合,,,上海工程技术大学
,major_line_2023,公共管理类,公共管理类（含公共事业管理、劳动与社会保障专业。分流情况详见学校网站。劳动与社会保障专业为上海市一流本科专业建设点）,,,473,2023,本科批,,27118,470,0,上海,综合,,,上海工程技术大学
,major_line_2023,物流管理与工程类,物流管理,,,473,2023,本科批,,27340,469,0,上海,综合,,,上海工程技术大学
,major_line_2023,外国语言文学类,翻译（语种:英语）,,,473,2023,本科批,,27340,469,0,上海,综合,,,上海工程技术大学
,major_line_2023,机械类,车辆工程（“卓越工程师教育培养计划”试点专业，通过工程教育专业认证，国家级一流本科专业建设点）,,,493,2023,本科批,,22166,490,0,上海,综合,,,上海工程技术大学
,major_line_2023,药学类,药物化学,,,495,2023,本科批,,22397,489,0,上海,综合,,,上海工程技术大学
,major_line_2023,电子信息类,电子信息工程,,,491,2023,本科批,,22656,488,0,上海,综合,,,上海工程技术大学
,major_line_2023,化工与制药类,制药工程（通过工程教育专业认证，国家级一流本科专业建设点）,,,491,2023,本科批,,22878,487,0,上海,综合,,,上海工程技术大学
,major_line_2023,航空航天类,飞行器制造工程（通过美国AABI认证，上海市一流本科专业建设点。建议男生报考）,,,490,2023,本科批,,23115,486,0,上海,综合,,,上海工程技术大学
,major_line_2023,数学类,数据计算及应用,,,488,2023,本科批,,23115,486,0,上海,综合,,,上海工程技术大学
,major_line_2023,化工与制药类,化学工程与工艺（通过工程教育专业认证，国家级一流本科专业建设点）,,,489,2023,本科批,,23334,485,0,上海,综合,,,上海工程技术大学
,major_line_2023,环境科学与工程类,环境工程（通过工程教育专业认证，国家级一流本科专业建设点）,,,487,2023,本科批,,23581,484,0,上海,综合,,,上海工程技术大学
,major_line_2023,化工与制药类,涂料工程,,,486,2023,本科批,,23581,484,0,上海,综合,,,上海工程技术大学
,major_line_2023,机械类,机械工程（“卓越工程师教育培养计划”试点专业，通过工程教育专业认证，国家级一流本科专业建设点）,,,483,2023,本科批,,24801,479,0,上海,综合,,,上海工程技术大学
,major_line_2023,新闻传播学类,广告学,,,488,2023,本科批,,25351,477,0,上海,综合,,,上海工程技术大学
,major_line_2023,电子信息类,电子信息类（含计算机科学与技术、电气工程及其自动化、自动化、数据科学与大数据技术、人工智能专业。分流情况详见学校网站。计算机科学与技术专业通过工程教育认证，国家一流本科专业建设点。自动化专业通过工程教育认证，上海一流本科专业建设点。电气工程及其自动化专业为上海市一流本科专业建设点）,,,482,2023,本科批,,25351,477,0,上海,综合,,,上海工程技术大学
,major_line_2023,机械类,智能制造工程,,,482,2023,本科批,,25351,477,0,上海,综合,,,上海工程技术大学
,major_line_2023,工商管理类,财务管理,,,483,2023,本科批,,25585,476,0,上海,综合,,,上海工程技术大学
,major_line_2023,自动化类,机器人工程,,,479,2023,本科批,,25585,476,0,上海,综合,,,上海工程技术大学
,major_line_2023,管理科学与工程类,信息管理与信息系统（国家级一流本科专业建设点）,,,478,2023,本科批,,25848,475,0,上海,综合,,,上海工程技术大学
,major_line_2023,电子信息类,光电信息科学与工程,,,477,2023,本科批,,25848,475,0,上海,综合,,,上海工程技术大学
,major_line_2023,能源动力类,能源与动力工程（上海市一流本科专业建设点）,,,480,2023,本科批,,26112,474,0,上海,综合,,,上海工程技术大学
,major_line_2023,电子信息类,电子封装技术,,,478,2023,本科批,,26112,474,0,上海,综合,,,上海工程技术大学
,major_line_2023,公共管理类,养老服务管理,,,479,2023,本科批,,26377,473,0,上海,综合,,,上海工程技术大学
,major_line_2023,机械类,车辆工程（城市轨道交通车辆方向。“卓越工程师教育培养计划”试点专业，通过德国ASIIN认证）,,,477,2023,本科批,,26377,473,0,上海,综合,,,上海工程技术大学
,major_line_2023,工商管理类,工商管理类（含工商管理、市场营销、人力资源管理专业。分流情况详见学校网站。工商管理、市场营销专业为国家级一流本科专业建设点）,,,478,2023,本科批,,26613,472,0,上海,综合,,,上海工程技术大学
,major_line_2023,自动化类,轨道交通信号与控制（“卓越工程师教育培养计划”试点专业，通过德国ASIIN认证。上海市一流本科专业建设点）,,,477,2023,本科批,,26613,472,0,上海,综合,,,上海工程技术大学
,major_line_2023,物流管理与工程类,物流管理（民航物流方向。上海市一流本科专业建设点）,,,475,2023,本科批,,26866,471,0,上海,综合,,,上海工程技术大学
,major_line_2023,管理科学与工程类,工程管理（上海市一流本科专业建设点）,,,475,2023,本科批,,26866,471,0,上海,综合,,,上海工程技术大学
,major_line_2023,金融学类,金融学,,,474,2023,本科批,,26866,471,0,上海,综合,,,上海工程技术大学
,major_line_2023,机械类,材料成型及控制工程（上海市一流本科专业建设点）,,,473,2023,本科批,,26866,471,0,上海,综合,,,上海工程技术大学
,major_line_2023,机械类,汽车服务工程（上海市一流本科专业建设点）,,,473,2023,本科批,,26866,471,0,上海,综合,,,上海工程技术大学
,major_line_2023,管理科学与工程类,管理科学（东方管理方向）,,,472,2023,本科批,,26866,471,0,上海,综合,,,上海工程技术大学
,major_line_2023,材料类,材料类（含材料科学与工程、焊接技术与工程专业。分流情况详见学校网站。材料科学与工程专业通过工程教育专业认证，上海市一流本科专业建设点）,,,472,2023,本科批,,26866,471,0,上海,综合,,,上海工程技术大学
,major_line_2023,公共管理类,交通管理（通过美国AABI认证，上海市一流本科专业建设点）,,,475,2023,本科批,,27118,470,0,上海,综合,,,上海工程技术大学
,major_line_2023,工业工程类,工业工程,,,475,2023,本科批,,27118,470,0,上海,综合,,,上海工程技术大学
,major_line_2023,旅游管理类,旅游管理（邮轮经济方向。国家级一流本科专业建设点）,,,475,2023,本科批,,27118,470,0,上海,综合,,,上海工程技术大学
,major_line_2023,机械类,工业设计,,,473,2023,本科批,,27118,470,0,上海,综合,,,上海工程技术大学
,major_line_2023,经济与贸易类,国际经济与贸易,,,473,2023,本科批,,27118,470,0,上海,综合,,,上海工程技术大学
,major_line_2023,土木类,铁道工程（上海市一流本科专业建设点）,,,473,2023,本科批,,27118,470,0,上海,综合,,,上海工程技术大学
,major_line_2023,公共管理类,公共管理类（含公共事业管理、劳动与社会保障专业。分流情况详见学校网站。劳动与社会保障专业为上海市一流本科专业建设点）,,,473,2023,本科批,,27118,470,0,上海,综合,,,上海工程技术大学
,major_line_2023,交通运输类,交通运输（科专业建设点上海市一流本科专业建设点不限不限“卓越工程师教育培养计划”试点专业，通过工程教育专业认证，国家级一流本科专业建设点）,,,474,2023,本科批,,27340,469,0,上海,综合,,,上海工程技术大学
,major_line_2023,物流管理与工程类,物流管理,,,473,2023,本科批,,27340,469,0,上海,综合,,,上海工程技术大学
,major_line_2023,外国语言文学类,翻译（语种:英语）,,,473,2023,本科批,,27340,469,0,上海,综合,,,上海工程技术大学
,major_line_2023,纺织类,服装设计与工程（“卓越工程师教育培养计划”试点专业，通过工程教育专业认证，国家级一流本）,,,473,2023,本科批,,27576,468,0,上海,综合,,,上海工程技术大学
,major_line_2023,纺织类,纺织工程,,,470,2023,本科批,,27818,467,0,上海,综合,,,上海工程技术大学
,major_line_2023,纺织类,非织造材料与工程,,,469,2023,本科批,,27818,467,0,上海,综合,,,上海工程技术大学
,major_line_2023,电子信息类,应用电子技术,,,256,2023,专科批,,1036,252,0,上海,综合,,,上海工程技术大学
,major_line_2023,机械设计制造类,机械制造及自动化,,,254,2023,专科批,,1122,251,0,上海,综合,,,上海工程技术大学
,major_line_2023,自动化类,工业机器人技术,,,254,2023,专科批,,1206,250,0,上海,综合,,,上海工程技术大学
,major_line_2023,机械设计制造类,模具设计与制造,,,253,2023,专科批,,1295,249,0,上海,综合,,,上海工程技术大学
,major_line_2023,工商管理类,连锁经营与管理,,,253,2023,专科批,,1367,248,0,上海,综合,,,上海工程技术大学
,major_line_2023,经济贸易类,国际商务（中外合作办学）（旅游及商务管理方向）（中外合作办学）,,,248,2023,专科批,,1367,248,0,上海,综合,,,上海工程技术大学
,major_line_2023,工商管理类,会计学,,,497,2023,本科批,,21430,493,0,上海,综合,,,安徽财经大学
,major_line_2023,金融学类,金融学,,,486,2023,本科批,,23581,484,0,上海,综合,,,安徽财经大学
,major_line_2023,经济与贸易类,经济与贸易类（含国际经济与贸易、贸易经济专业）,,,485,2023,本科批,,23814,483,0,上海,综合,,,安徽财经大学
,major_line_2023,物流管理与工程类,供应链管理,,,490,2023,本科批,,24317,481,0,上海,综合,,,安徽财经大学
,major_line_2023,工商管理类,会计学,,,497,2023,本科批,,21430,493,0,上海,综合,,,安徽财经大学
,major_line_2023,金融学类,金融学,,,486,2023,本科批,,23581,484,0,上海,综合,,,安徽财经大学
,major_line_2023,经济与贸易类,经济与贸易类（含国际经济与贸易、贸易经济专业）,,,485,2023,本科批,,23814,483,0,上海,综合,,,安徽财经大学
,major_line_2023,物流管理与工程类,供应链管理,,,490,2023,本科批,,24317,481,0,上海,综合,,,安徽财经大学
,major_line_2023,外国语言文学类,英语（语种:英语）,,,438,2023,本科批,,35259,434,0,上海,综合,,,桂林电子科技大学
,major_line_2023,计算机类,计算机科学与技术,,,499,2023,本科批,,20181,498,0,上海,综合,,,桂林电子科技大学
,major_line_2023,电子信息类,通信工程,,,485,2023,本科批,,23814,483,0,上海,综合,,,桂林电子科技大学
,major_line_2023,计算机类,软件工程,,,484,2023,本科批,,23814,483,0,上海,综合,,,桂林电子科技大学
,major_line_2023,电子信息类,电子信息工程,,,484,2023,本科批,,24077,482,0,上海,综合,,,桂林电子科技大学
,major_line_2023,机械类,机械设计制造及其自动化,,,477,2023,本科批,,25351,477,0,上海,综合,,,桂林电子科技大学
,major_line_2023,电子信息类,人工智能,,,473,2023,本科批,,26613,472,0,上海,综合,,,桂林电子科技大学
,major_line_2023,外国语言文学类,英语（语种:英语）,,,438,2023,本科批,,35259,434,0,上海,综合,,,桂林电子科技大学
,major_line_2023,计算机类,计算机科学与技术,,,499,2023,本科批,,20181,498,0,上海,综合,,,桂林电子科技大学
,major_line_2023,电子信息类,通信工程,,,485,2023,本科批,,23814,483,0,上海,综合,,,桂林电子科技大学
,major_line_2023,计算机类,软件工程,,,484,2023,本科批,,23814,483,0,上海,综合,,,桂林电子科技大学
,major_line_2023,电子信息类,电子信息工程,,,484,2023,本科批,,24077,482,0,上海,综合,,,桂林电子科技大学
,major_line_2023,机械类,机械设计制造及其自动化,,,477,2023,本科批,,25351,477,0,上海,综合,,,桂林电子科技大学
,major_line_2023,电子信息类,人工智能,,,473,2023,本科批,,26613,472,0,上海,综合,,,桂林电子科技大学
,major_line_2023,材料类,高分子材料与工程,,,453,2023,本科批,,31821,450,0,上海,综合,,,哈尔滨理工大学
,major_line_2023,材料类,材料化学,,,451,2023,本科批,,32023,449,0,上海,综合,,,哈尔滨理工大学
,major_line_2023,计算机类,计算机科学与技术,,,472,2023,本科批,,28564,464,0,上海,综合,,,哈尔滨理工大学
,major_line_2023,计算机类,软件工程,,,462,2023,本科批,,29469,460,0,上海,综合,,,哈尔滨理工大学
,major_line_2023,机械类,机械设计制造及其自动化,,,454,2023,本科批,,31584,451,0,上海,综合,,,哈尔滨理工大学
,major_line_2023,计算机类,网络工程,,,451,2023,本科批,,31584,451,0,上海,综合,,,哈尔滨理工大学
,major_line_2023,计算机类,数据科学与大数据技术,,,452,2023,本科批,,32023,449,0,上海,综合,,,哈尔滨理工大学
,major_line_2023,自动化类,机器人工程,,,449,2023,本科批,,32023,449,0,上海,综合,,,哈尔滨理工大学
,major_line_2023,管理科学与工程类,信息管理与信息系统,,,451,2023,本科批,,32460,447,0,上海,综合,,,哈尔滨理工大学
,major_line_2023,自动化类,自动化,,,446,2023,本科批,,33766,441,0,上海,综合,,,哈尔滨理工大学
,major_line_2023,机械类,机械电子工程,,,442,2023,本科批,,33766,441,0,上海,综合,,,哈尔滨理工大学
,major_line_2023,电子信息类,通信工程,,,443,2023,本科批,,33965,440,0,上海,综合,,,哈尔滨理工大学
,major_line_2023,计算机类,网络空间安全,,,443,2023,本科批,,33965,440,0,上海,综合,,,哈尔滨理工大学
,major_line_2023,物理学类,应用物理学,,,440,2023,本科批,,33965,440,0,上海,综合,,,哈尔滨理工大学
,major_line_2023,能源动力类,能源与动力工程,,,452,2023,本科批,,31821,450,0,上海,综合,,,哈尔滨理工大学
,major_line_2023,计算机类,计算机科学与技术,,,472,2023,本科批,,28564,464,0,上海,综合,,,哈尔滨理工大学
,major_line_2023,计算机类,软件工程,,,462,2023,本科批,,29469,460,0,上海,综合,,,哈尔滨理工大学
,major_line_2023,机械类,机械设计制造及其自动化,,,454,2023,本科批,,31584,451,0,上海,综合,,,哈尔滨理工大学
,major_line_2023,计算机类,网络工程,,,451,2023,本科批,,31584,451,0,上海,综合,,,哈尔滨理工大学
,major_line_2023,材料类,高分子材料与工程,,,453,2023,本科批,,31821,450,0,上海,综合,,,哈尔滨理工大学
,major_line_2023,能源动力类,能源与动力工程,,,452,2023,本科批,,31821,450,0,上海,综合,,,哈尔滨理工大学
,major_line_2023,计算机类,数据科学与大数据技术,,,452,2023,本科批,,32023,449,0,上海,综合,,,哈尔滨理工大学
,major_line_2023,材料类,材料化学,,,451,2023,本科批,,32023,449,0,上海,综合,,,哈尔滨理工大学
,major_line_2023,自动化类,机器人工程,,,449,2023,本科批,,32023,449,0,上海,综合,,,哈尔滨理工大学
,major_line_2023,管理科学与工程类,信息管理与信息系统,,,451,2023,本科批,,32460,447,0,上海,综合,,,哈尔滨理工大学
,major_line_2023,自动化类,自动化,,,446,2023,本科批,,33766,441,0,上海,综合,,,哈尔滨理工大学
,major_line_2023,机械类,机械电子工程,,,442,2023,本科批,,33766,441,0,上海,综合,,,哈尔滨理工大学
,major_line_2023,电子信息类,通信工程,,,443,2023,本科批,,33965,440,0,上海,综合,,,哈尔滨理工大学
,major_line_2023,计算机类,网络空间安全,,,443,2023,本科批,,33965,440,0,上海,综合,,,哈尔滨理工大学
,major_line_2023,物理学类,应用物理学,,,440,2023,本科批,,33965,440,0,上海,综合,,,哈尔滨理工大学
,major_line_2023,外国语言文学类,日语,,,435,2023,本科批,,35697,432,0,上海,综合,,,哈尔滨理工大学
,major_line_2023,外国语言文学类,英语（语种:英语）,,,431,2023,本科批,,36503,428,0,上海,综合,,,哈尔滨理工大学
,major_line_2023,外国语言文学类,日语,,,435,2023,本科批,,35697,432,0,上海,综合,,,哈尔滨理工大学
,major_line_2023,外国语言文学类,英语（语种:英语）,,,431,2023,本科批,,36503,428,0,上海,综合,,,哈尔滨理工大学
,major_line_2023,新闻传播学类,网络与新媒体（中外合作办学）（采用中英双语教学，非英语语种考生慎报）（中外合作办学）,,,454,2023,本科批,,31094,453,0,上海,综合,,,成都大学
,major_line_2023,旅游管理类,会展经济与管理,,,446,2023,本科批,,33094,444,0,上海,综合,,,成都大学
,major_line_2023,外国语言文学类,英语,,,446,2023,本科批,,33327,443,0,上海,综合,,,成都大学
,major_line_2023,工商管理类,工商管理,,,445,2023,本科批,,33327,443,0,上海,综合,,,成都大学
,major_line_2023,新闻传播学类,网络与新媒体（中外合作办学）（采用中英双语教学，非英语语种考生慎报）（中外合作办学）,,,454,2023,本科批,,31094,453,0,上海,综合,,,成都大学
,major_line_2023,旅游管理类,会展经济与管理,,,446,2023,本科批,,33094,444,0,上海,综合,,,成都大学
,major_line_2023,外国语言文学类,英语,,,446,2023,本科批,,33327,443,0,上海,综合,,,成都大学
,major_line_2023,工商管理类,工商管理,,,445,2023,本科批,,33327,443,0,上海,综合,,,成都大学
,major_line_2023,中国语言文学类,汉语国际教育,,,457,2023,本科批,,31347,452,0,上海,综合,,,鲁东大学
,major_line_2023,地理科学类,地理科学,,,448,2023,本科批,,33327,443,0,上海,综合,,,鲁东大学
,major_line_2023,地理科学类,地理信息科学,,,447,2023,本科批,,33327,443,0,上海,综合,,,鲁东大学
,major_line_2023,物流管理与工程类,物流工程,,,443,2023,本科批,,33766,441,0,上海,综合,,,鲁东大学
,major_line_2023,经济学类,经济学,,,443,2023,本科批,,33965,440,0,上海,综合,,,鲁东大学
,major_line_2023,地理科学类,地理科学,,,448,2023,本科批,,33327,443,0,上海,综合,,,鲁东大学
,major_line_2023,地理科学类,地理信息科学,,,447,2023,本科批,,33327,443,0,上海,综合,,,鲁东大学
,major_line_2023,物流管理与工程类,物流工程,,,443,2023,本科批,,33766,441,0,上海,综合,,,鲁东大学
,major_line_2023,中国语言文学类,汉语国际教育,,,457,2023,本科批,,31347,452,0,上海,综合,,,鲁东大学
,major_line_2023,经济学类,经济学,,,443,2023,本科批,,33965,440,0,上海,综合,,,鲁东大学
,major_line_2023,机械类,智能制造工程,,,457,2023,本科批,,31821,450,0,上海,综合,,,重庆理工大学
,major_line_2023,电子信息类,光电信息科学与工程,,,457,2023,本科批,,32023,449,0,上海,综合,,,重庆理工大学
,major_line_2023,工商管理类,会计学,,,474,2023,本科批,,26377,473,0,上海,综合,,,重庆理工大学
,major_line_2023,经济学类,经济学,,,466,2023,本科批,,28788,463,0,上海,综合,,,重庆理工大学
,major_line_2023,工商管理类,工商管理,,,461,2023,本科批,,29706,459,0,上海,综合,,,重庆理工大学
,major_line_2023,工商管理类,会计学,,,474,2023,本科批,,26377,473,0,上海,综合,,,重庆理工大学
,major_line_2023,经济学类,经济学,,,466,2023,本科批,,28788,463,0,上海,综合,,,重庆理工大学
,major_line_2023,工商管理类,工商管理,,,461,2023,本科批,,29706,459,0,上海,综合,,,重庆理工大学
,major_line_2023,机械类,智能制造工程,,,457,2023,本科批,,31821,450,0,上海,综合,,,重庆理工大学
,major_line_2023,电子信息类,光电信息科学与工程,,,457,2023,本科批,,32023,449,0,上海,综合,,,重庆理工大学
,major_line_2023,化工与制药类,化学工程与工艺,,,448,2023,本科批,,32897,445,0,上海,综合,,,沈阳化工大学
,major_line_2023,材料类,高分子材料与工程,,,443,2023,本科批,,33327,443,0,上海,综合,,,沈阳化工大学
,major_line_2023,化学类,应用化学,,,442,2023,本科批,,33766,441,0,上海,综合,,,沈阳化工大学
,major_line_2023,计算机类,计算机科学与技术,,,437,2023,本科批,,35051,435,0,上海,综合,,,沈阳化工大学
,major_line_2023,计算机类,网络工程,,,431,2023,本科批,,36503,428,0,上海,综合,,,沈阳化工大学
,major_line_2023,材料类,高分子材料与工程,,,443,2023,本科批,,33327,443,0,上海,综合,,,沈阳化工大学
,major_line_2023,计算机类,计算机科学与技术,,,437,2023,本科批,,35051,435,0,上海,综合,,,沈阳化工大学
,major_line_2023,计算机类,网络工程,,,431,2023,本科批,,36503,428,0,上海,综合,,,沈阳化工大学
,major_line_2023,化工与制药类,化学工程与工艺,,,448,2023,本科批,,32897,445,0,上海,综合,,,沈阳化工大学
,major_line_2023,化学类,应用化学,,,442,2023,本科批,,33766,441,0,上海,综合,,,沈阳化工大学
,major_line_2023,临床医学类,临床医学（色盲、色弱、近视900度）（含以上者不取）,,,513,2023,本科批,,18118,506,0,上海,综合,,,西南医科大学
,major_line_2023,临床医学类,临床医学（色盲、色弱、近视900度）（含以上者不取）,,,513,2023,本科批,,18118,506,0,上海,综合,,,西南医科大学
,major_line_2023,建筑类,城乡规划,,,451,2023,本科批,,31584,451,0,上海,综合,,,山东建筑大学
,major_line_2023,建筑类,建筑学（中外合作办学）（合作院校为新西兰Unitec理工学院）（中外合作办学）,,,447,2023,本科批,,33564,442,0,上海,综合,,,山东建筑大学
,major_line_2023,管理科学与工程类,工程造价,,,456,2023,本科批,,33766,441,0,上海,综合,,,山东建筑大学
,major_line_2023,建筑类,城乡规划,,,451,2023,本科批,,31584,451,0,上海,综合,,,山东建筑大学
,major_line_2023,建筑类,建筑学（中外合作办学）（合作院校为新西兰Unitec理工学院）（中外合作办学）,,,447,2023,本科批,,33564,442,0,上海,综合,,,山东建筑大学
,major_line_2023,工商管理类,会计学,,,445,2023,本科批,,33564,442,0,上海,综合,,,山东建筑大学
,major_line_2023,管理科学与工程类,工程造价,,,456,2023,本科批,,33766,441,0,上海,综合,,,山东建筑大学
,major_line_2023,工商管理类,会计学,,,445,2023,本科批,,33564,442,0,上海,综合,,,山东建筑大学
,major_line_2023,口腔医学类,口腔医学（卓越医生实验班）,,,525,2023,本科批,,13398,525,0,上海,综合,,,宁夏医科大学
,major_line_2023,临床医学类,临床医学（卓越医生实验班）,,,517,2023,本科批,,15390,517,0,上海,综合,,,宁夏医科大学
,major_line_2023,口腔医学类,口腔医学,,,511,2023,本科批,,16921,511,0,上海,综合,,,宁夏医科大学
,major_line_2023,临床医学类,临床医学,,,506,2023,本科批,,18898,503,0,上海,综合,,,宁夏医科大学
,major_line_2023,临床医学类,医学影像学,,,498,2023,本科批,,21430,493,0,上海,综合,,,宁夏医科大学
,major_line_2023,临床医学类,眼视光医学,,,492,2023,本科批,,21695,492,0,上海,综合,,,宁夏医科大学
,major_line_2023,临床医学类,麻醉学,,,489,2023,本科批,,22397,489,0,上海,综合,,,宁夏医科大学
,major_line_2023,临床医学类,儿科学,,,486,2023,本科批,,23115,486,0,上海,综合,,,宁夏医科大学
,major_line_2023,口腔医学类,口腔医学（卓越医生实验班）,,,525,2023,本科批,,13398,525,0,上海,综合,,,宁夏医科大学
,major_line_2023,临床医学类,临床医学（卓越医生实验班）,,,517,2023,本科批,,15390,517,0,上海,综合,,,宁夏医科大学
,major_line_2023,口腔医学类,口腔医学,,,511,2023,本科批,,16921,511,0,上海,综合,,,宁夏医科大学
,major_line_2023,临床医学类,临床医学,,,506,2023,本科批,,18898,503,0,上海,综合,,,宁夏医科大学
,major_line_2023,临床医学类,医学影像学,,,498,2023,本科批,,21430,493,0,上海,综合,,,宁夏医科大学
,major_line_2023,临床医学类,眼视光医学,,,492,2023,本科批,,21695,492,0,上海,综合,,,宁夏医科大学
,major_line_2023,临床医学类,麻醉学,,,489,2023,本科批,,22397,489,0,上海,综合,,,宁夏医科大学
,major_line_2023,临床医学类,儿科学,,,486,2023,本科批,,23115,486,0,上海,综合,,,宁夏医科大学
,major_line_2023,化工与制药类,化学工程与工艺,,,451,2023,本科批,,32676,446,0,上海,综合,,,东华理工大学
,major_line_2023,统计学类,统计学,,,448,2023,本科批,,32897,445,0,上海,综合,,,东华理工大学
,major_line_2023,环境科学与工程类,环境工程,,,444,2023,本科批,,33327,443,0,上海,综合,,,东华理工大学
,major_line_2023,工商管理类,工商管理类（含市场营销、会计学、财务管理专业）,,,444,2023,本科批,,33564,442,0,上海,综合,,,东华理工大学
,major_line_2023,经济与贸易类,国际经济与贸易,,,442,2023,本科批,,33766,441,0,上海,综合,,,东华理工大学
,major_line_2023,工商管理类,工商管理类（含市场营销、会计学、财务管理专业）,,,444,2023,本科批,,33564,442,0,上海,综合,,,东华理工大学
,major_line_2023,经济与贸易类,国际经济与贸易,,,442,2023,本科批,,33766,441,0,上海,综合,,,东华理工大学
,major_line_2023,化工与制药类,化学工程与工艺,,,451,2023,本科批,,32676,446,0,上海,综合,,,东华理工大学
,major_line_2023,统计学类,统计学,,,448,2023,本科批,,32897,445,0,上海,综合,,,东华理工大学
,major_line_2023,环境科学与工程类,环境工程,,,444,2023,本科批,,33327,443,0,上海,综合,,,东华理工大学
,major_line_2023,中医学类,中医学,,,512,2023,本科批,,16670,512,0,上海,综合,,,山东中医药大学
,major_line_2023,中西医结合类,中西医临床医学,,,505,2023,本科批,,18398,505,0,上海,综合,,,山东中医药大学
,major_line_2023,中医学类,针灸推拿学,,,503,2023,本科批,,18898,503,0,上海,综合,,,山东中医药大学
,major_line_2023,药学类,药学,,,503,2023,本科批,,18898,503,0,上海,综合,,,山东中医药大学
,major_line_2023,中药学类,中药学,,,499,2023,本科批,,19921,499,0,上海,综合,,,山东中医药大学
,major_line_2023,中医学类,中医学,,,512,2023,本科批,,16670,512,0,上海,综合,,,山东中医药大学
,major_line_2023,中西医结合类,中西医临床医学,,,505,2023,本科批,,18398,505,0,上海,综合,,,山东中医药大学
,major_line_2023,中医学类,针灸推拿学,,,503,2023,本科批,,18898,503,0,上海,综合,,,山东中医药大学
,major_line_2023,药学类,药学,,,503,2023,本科批,,18898,503,0,上海,综合,,,山东中医药大学
,major_line_2023,中药学类,中药学,,,499,2023,本科批,,19921,499,0,上海,综合,,,山东中医药大学
,major_line_2023,中国语言文学类,汉语言文学（师范）,,,499,2023,本科批,,20398,497,0,上海,综合,,,哈尔滨师范大学
,major_line_2023,外国语言文学类,英语（师范）（语种:英语）,,,494,2023,本科批,,23115,486,0,上海,综合,,,哈尔滨师范大学
,major_line_2023,数学类,数学与应用数学（师范）,,,461,2023,本科批,,33965,440,0,上海,综合,,,哈尔滨师范大学
,major_line_2023,电子信息类,电子信息科学与技术,,,435,2023,本科批,,35697,432,0,上海,综合,,,哈尔滨师范大学
,major_line_2023,中国语言文学类,汉语言文学（师范）,,,499,2023,本科批,,20398,497,0,上海,综合,,,哈尔滨师范大学
,major_line_2023,数学类,数学与应用数学（师范）,,,461,2023,本科批,,33965,440,0,上海,综合,,,哈尔滨师范大学
,major_line_2023,电子信息类,电子信息科学与技术,,,435,2023,本科批,,35697,432,0,上海,综合,,,哈尔滨师范大学
,major_line_2023,外国语言文学类,英语（师范）（语种:英语）,,,494,2023,本科批,,23115,486,0,上海,综合,,,哈尔滨师范大学
,major_line_2023,建筑类,建筑学,,,456,2023,本科批,,31347,452,0,上海,综合,,,武汉轻工大学
,major_line_2023,金融学类,金融学（大数据金融实验班）,,,456,2023,本科批,,32236,448,0,上海,综合,,,武汉轻工大学
,major_line_2023,外国语言文学类,外国语言文学类（含英语、翻译专业）（语种:英语）,,,447,2023,本科批,,32676,446,0,上海,综合,,,武汉轻工大学
,major_line_2023,经济与贸易类,国际经济与贸易,,,446,2023,本科批,,32676,446,0,上海,综合,,,武汉轻工大学
,major_line_2023,建筑类,建筑学,,,456,2023,本科批,,31347,452,0,上海,综合,,,武汉轻工大学
,major_line_2023,金融学类,金融学（大数据金融实验班）,,,456,2023,本科批,,32236,448,0,上海,综合,,,武汉轻工大学
,major_line_2023,外国语言文学类,外国语言文学类（含英语、翻译专业）（语种:英语）,,,447,2023,本科批,,32676,446,0,上海,综合,,,武汉轻工大学
,major_line_2023,经济与贸易类,国际经济与贸易,,,446,2023,本科批,,32676,446,0,上海,综合,,,武汉轻工大学
,major_line_2023,地理科学类,地理科学,,,461,2023,本科批,,29246,461,0,上海,综合,,,赣南师范大学
,major_line_2023,化学类,化学,,,461,2023,本科批,,29246,461,0,上海,综合,,,赣南师范大学
,major_line_2023,教育学类,教育技术学,,,436,2023,本科批,,34853,436,0,上海,综合,,,赣南师范大学
,major_line_2023,马克思主义理论类,思想政治教育,,,477,2023,本科批,,25351,477,0,上海,综合,,,赣南师范大学
,major_line_2023,物理学类,物理学,,,434,2023,本科批,,35259,434,0,上海,综合,,,赣南师范大学
,major_line_2023,计算机类,数据科学与大数据技术,,,431,2023,本科批,,35904,431,0,上海,综合,,,赣南师范大学
,major_line_2023,数学类,数学与应用数学,,,430,2023,本科批,,36113,430,0,上海,综合,,,赣南师范大学
,major_line_2023,电子信息类,电子信息工程,,,427,2023,本科批,,36712,427,0,上海,综合,,,赣南师范大学
,major_line_2023,马克思主义理论类,思想政治教育,,,477,2023,本科批,,25351,477,0,上海,综合,,,赣南师范大学
,major_line_2023,中国语言文学类,汉语言文学,,,464,2023,本科批,,29013,462,0,上海,综合,,,赣南师范大学
,major_line_2023,地理科学类,地理科学,,,461,2023,本科批,,29246,461,0,上海,综合,,,赣南师范大学
,major_line_2023,化学类,化学,,,461,2023,本科批,,29246,461,0,上海,综合,,,赣南师范大学
,major_line_2023,外国语言文学类,日语,,,450,2023,本科批,,31821,450,0,上海,综合,,,赣南师范大学
,major_line_2023,教育学类,学前教育,,,448,2023,本科批,,32236,448,0,上海,综合,,,赣南师范大学
,major_line_2023,法学类,法学,,,445,2023,本科批,,33094,444,0,上海,综合,,,赣南师范大学
,major_line_2023,教育学类,教育技术学,,,436,2023,本科批,,34853,436,0,上海,综合,,,赣南师范大学
,major_line_2023,物理学类,物理学,,,434,2023,本科批,,35259,434,0,上海,综合,,,赣南师范大学
,major_line_2023,计算机类,数据科学与大数据技术,,,431,2023,本科批,,35904,431,0,上海,综合,,,赣南师范大学
,major_line_2023,数学类,数学与应用数学,,,430,2023,本科批,,36113,430,0,上海,综合,,,赣南师范大学
,major_line_2023,电子信息类,电子信息工程,,,427,2023,本科批,,36712,427,0,上海,综合,,,赣南师范大学
,major_line_2023,中国语言文学类,汉语言文学,,,464,2023,本科批,,29013,462,0,上海,综合,,,赣南师范大学
,major_line_2023,外国语言文学类,日语,,,450,2023,本科批,,31821,450,0,上海,综合,,,赣南师范大学
,major_line_2023,教育学类,学前教育,,,448,2023,本科批,,32236,448,0,上海,综合,,,赣南师范大学
,major_line_2023,法学类,法学,,,445,2023,本科批,,33094,444,0,上海,综合,,,赣南师范大学
,major_line_2023,外国语言文学类,"阿拉伯语（外语单科成绩不低于90分。办学点：校本部；含人文交流、汉阿翻译拔尖人才实验班两个方向。第三学期初，根据学院分流政策，选拔15-20人分流至阿拉伯语（汉阿翻译拔尖人才实验班,其他学生编入两个自然班级，分流至阿拉伯语）（人文交流））",,,520,2023,本科批,,16172,514,0,上海,综合,,,北京第二外国语学院
,major_line_2023,旅游管理类,旅游管理（外语单科成绩不低于90分。办学点：校本部；旅游规划与开发方向）,,,511,2023,本科批,,16921,511,0,上海,综合,,,北京第二外国语学院
,major_line_2023,外国语言文学类,日语（外语单科成绩不低于90分。办学点：校本部；漫画文创方向）,,,514,2023,本科批,,17631,508,0,上海,综合,,,北京第二外国语学院
,major_line_2023,金融学类,金融学（外语单科成绩不低于90分。办学点：校本部；资本市场与投融资方向）,,,510,2023,本科批,,17863,507,0,上海,综合,,,北京第二外国语学院
,major_line_2023,工商管理类,财务管理（外语单科成绩不低于90分。办学点：校本部；AI财务方向）,,,506,2023,本科批,,18118,506,0,上海,综合,,,北京第二外国语学院
,major_line_2023,工商管理类,财务管理（外语单科成绩不低于90分。办学点：校本部；资本量化分析方向）,,,503,2023,本科批,,18898,503,0,上海,综合,,,北京第二外国语学院
,major_line_2023,旅游管理类,旅游管理（外语单科成绩不低于90分。办学点：校本部；旅游经济战略与管理方向）,,,502,2023,本科批,,19158,502,0,上海,综合,,,北京第二外国语学院
,major_line_2023,旅游管理类,会展经济与管理（外语单科成绩不低于90分。办学点：校本部；国际会展与赛事管理方向）,,,502,2023,本科批,,20181,498,0,上海,综合,,,北京第二外国语学院
,major_line_2023,外国语言文学类,"阿拉伯语（外语单科成绩不低于90分。办学点：校本部；含人文交流、汉阿翻译拔尖人才实验班两个方向。第三学期初，根据学院分流政策，选拔15-20人分流至阿拉伯语（汉阿翻译拔尖人才实验班,其他学生编入两个自然班级，分流至阿拉伯语）（人文交流））",,,520,2023,本科批,,16172,514,0,上海,综合,,,北京第二外国语学院
,major_line_2023,旅游管理类,旅游管理（外语单科成绩不低于90分。办学点：校本部；旅游规划与开发方向）,,,511,2023,本科批,,16921,511,0,上海,综合,,,北京第二外国语学院
,major_line_2023,外国语言文学类,日语（外语单科成绩不低于90分。办学点：校本部；漫画文创方向）,,,514,2023,本科批,,17631,508,0,上海,综合,,,北京第二外国语学院
,major_line_2023,金融学类,金融学（外语单科成绩不低于90分。办学点：校本部；资本市场与投融资方向）,,,510,2023,本科批,,17863,507,0,上海,综合,,,北京第二外国语学院
,major_line_2023,工商管理类,财务管理（外语单科成绩不低于90分。办学点：校本部；AI财务方向）,,,506,2023,本科批,,18118,506,0,上海,综合,,,北京第二外国语学院
,major_line_2023,工商管理类,财务管理（外语单科成绩不低于90分。办学点：校本部；资本量化分析方向）,,,503,2023,本科批,,18898,503,0,上海,综合,,,北京第二外国语学院
,major_line_2023,旅游管理类,旅游管理（外语单科成绩不低于90分。办学点：校本部；旅游经济战略与管理方向）,,,502,2023,本科批,,19158,502,0,上海,综合,,,北京第二外国语学院
,major_line_2023,旅游管理类,会展经济与管理（外语单科成绩不低于90分。办学点：校本部；国际会展与赛事管理方向）,,,502,2023,本科批,,20181,498,0,上海,综合,,,北京第二外国语学院
,major_line_2023,材料类,高分子材料与工程,,,426,2023,本科批,,37730,422,0,上海,综合,,,长春工业大学
,major_line_2023,化工与制药类,化学工程与工艺,,,430,2023,本科批,,36906,426,0,上海,综合,,,长春工业大学
,major_line_2023,材料类,高分子材料与工程,,,426,2023,本科批,,37730,422,0,上海,综合,,,长春工业大学
,major_line_2023,化工与制药类,化学工程与工艺,,,430,2023,本科批,,36906,426,0,上海,综合,,,长春工业大学
,major_line_2023,法学类,法学（民商法方向）,,,539,2023,本科批,,10565,537,0,上海,综合,,,西北政法大学
,major_line_2023,法学类,法学（经济法方向）,,,538,2023,本科批,,10808,536,0,上海,综合,,,西北政法大学
,major_line_2023,法学类,法学（反恐怖主义法方向）,,,537,2023,本科批,,10808,536,0,上海,综合,,,西北政法大学
,major_line_2023,法学类,法学（民商法方向）,,,539,2023,本科批,,10565,537,0,上海,综合,,,西北政法大学
,major_line_2023,法学类,法学（经济法方向）,,,538,2023,本科批,,10808,536,0,上海,综合,,,西北政法大学
,major_line_2023,法学类,法学（反恐怖主义法方向）,,,537,2023,本科批,,10808,536,0,上海,综合,,,西北政法大学
,major_line_2023,工商管理类,会计学,,,454,2023,本科批,,31347,452,0,上海,综合,,,华北水利水电大学
,major_line_2023,经济与贸易类,国际经济与贸易,,,443,2023,本科批,,34170,439,0,上海,综合,,,华北水利水电大学
,major_line_2023,经济学类,经济学,,,444,2023,本科批,,34431,438,0,上海,综合,,,华北水利水电大学
,major_line_2023,工商管理类,市场营销,,,442,2023,本科批,,34431,438,0,上海,综合,,,华北水利水电大学
,major_line_2023,土木类,建筑环境与能源应用工程,,,438,2023,本科批,,34625,437,0,上海,综合,,,华北水利水电大学
,major_line_2023,统计学类,统计学,,,434,2023,本科批,,35904,431,0,上海,综合,,,华北水利水电大学
,major_line_2023,工商管理类,会计学,,,454,2023,本科批,,31347,452,0,上海,综合,,,华北水利水电大学
,major_line_2023,经济与贸易类,国际经济与贸易,,,443,2023,本科批,,34170,439,0,上海,综合,,,华北水利水电大学
,major_line_2023,经济学类,经济学,,,444,2023,本科批,,34431,438,0,上海,综合,,,华北水利水电大学
,major_line_2023,工商管理类,市场营销,,,442,2023,本科批,,34431,438,0,上海,综合,,,华北水利水电大学
,major_line_2023,土木类,建筑环境与能源应用工程,,,438,2023,本科批,,34625,437,0,上海,综合,,,华北水利水电大学
,major_line_2023,统计学类,统计学,,,434,2023,本科批,,35904,431,0,上海,综合,,,华北水利水电大学
,major_line_2023,建筑类,风景园林,,,0,2023,本科批,,24801,479,0,上海,综合,,,上海应用技术大学
,major_line_2023,食品科学与工程类,食品科学与工程,,,0,2023,本科批,,25081,478,0,上海,综合,,,上海应用技术大学
,major_line_2023,化工与制药类,化学工程与工艺,,,0,2023,本科批,,25585,476,0,上海,综合,,,上海应用技术大学
,major_line_2023,化工与制药类,制药工程,,,0,2023,本科批,,25585,476,0,上海,综合,,,上海应用技术大学
,major_line_2023,生物工程类,生物工程,,,0,2023,本科批,,26613,472,0,上海,综合,,,上海应用技术大学
,major_line_2023,生物科学类,生态学,,,0,2023,本科批,,27118,470,0,上海,综合,,,上海应用技术大学
,major_line_2023,植物生产类,园艺,,,0,2023,本科批,,27340,469,0,上海,综合,,,上海应用技术大学
,major_line_2023,林学类,园林,,,0,2023,本科批,,27340,469,0,上海,综合,,,上海应用技术大学
,major_line_2023,环境科学与工程类,环境工程,,,0,2023,本科批,,27340,469,0,上海,综合,,,上海应用技术大学
,major_line_2023,社会学类,社会工作,,,0,2023,本科批,,27818,467,0,上海,综合,,,上海应用技术大学
,major_line_2023,外国语言文学类,英语,,,0,2023,本科批,,29246,461,0,上海,综合,,,上海应用技术大学
,major_line_2023,工商管理类,工商管理类,,,0,2023,本科批,,29246,461,0,上海,综合,,,上海应用技术大学
,major_line_2023,公共管理类,公共管理类,,,0,2023,本科批,,29246,461,0,上海,综合,,,上海应用技术大学
,major_line_2023,外国语言文学类,德语,,,0,2023,本科批,,29706,459,0,上海,综合,,,上海应用技术大学
,major_line_2023,工商管理类,市场营销（中外合作）（中外合作办学）,,,0,2023,本科批,,29706,459,0,上海,综合,,,上海应用技术大学
,major_line_2023,材料类,材料科学与工程（卓越班）,,,0,2023,本科批,,22166,490,0,上海,综合,,,上海应用技术大学
,major_line_2023,材料类,材料科学与工程,,,0,2023,本科批,,24317,481,0,上海,综合,,,上海应用技术大学
,major_line_2023,材料类,复合材料与工程,,,0,2023,本科批,,24548,480,0,上海,综合,,,上海应用技术大学
,major_line_2023,电气类,电气工程及其自动化（卓越班）,,,0,2023,本科批,,26112,474,0,上海,综合,,,上海应用技术大学
,major_line_2023,机械类,机械设计制造及其自动化,,,0,2023,本科批,,27118,470,0,上海,综合,,,上海应用技术大学
,major_line_2023,电子信息类,电子信息工程,,,0,2023,本科批,,27118,470,0,上海,综合,,,上海应用技术大学
,major_line_2023,电子信息类,集成电路设计与集成系统,,,0,2023,本科批,,27340,469,0,上海,综合,,,上海应用技术大学
,major_line_2023,计算机类,软件工程,,,0,2023,本科批,,27576,468,0,上海,综合,,,上海应用技术大学
,major_line_2023,电气类,电气工程及其自动化（轨道供电牵引）,,,0,2023,本科批,,28319,465,0,上海,综合,,,上海应用技术大学
,major_line_2023,计算机类,计算机科学与技术,,,0,2023,本科批,,28319,465,0,上海,综合,,,上海应用技术大学
,major_line_2023,电子信息类,人工智能,,,0,2023,本科批,,28319,465,0,上海,综合,,,上海应用技术大学
,major_line_2023,自动化类,机器人工程,,,0,2023,本科批,,28319,465,0,上海,综合,,,上海应用技术大学
,major_line_2023,电子信息类,通信工程,,,0,2023,本科批,,28788,463,0,上海,综合,,,上海应用技术大学
,major_line_2023,材料类,材料物理,,,0,2023,本科批,,28788,463,0,上海,综合,,,上海应用技术大学
,major_line_2023,管理科学与工程类,信息管理与信息系统,,,0,2023,本科批,,29013,462,0,上海,综合,,,上海应用技术大学
,major_line_2023,土木类,建筑环境与能源应用工程,,,0,2023,本科批,,29013,462,0,上海,综合,,,上海应用技术大学
,major_line_2023,管理科学与工程类,大数据管理与应用,,,0,2023,本科批,,29246,461,0,上海,综合,,,上海应用技术大学
,major_line_2023,电子信息类,光电信息科学与工程,,,0,2023,本科批,,29469,460,0,上海,综合,,,上海应用技术大学
,major_line_2023,机械类,车辆工程,,,0,2023,本科批,,29469,460,0,上海,综合,,,上海应用技术大学
,major_line_2023,建筑类,建筑学,,,0,2023,本科批,,29706,459,0,上海,综合,,,上海应用技术大学
,major_line_2023,安全科学与工程类,安全工程,,,0,2023,本科批,,29706,459,0,上海,综合,,,上海应用技术大学
,major_line_2023,土木类,土木工程,,,0,2023,本科批,,29706,459,0,上海,综合,,,上海应用技术大学
,major_line_2023,土木类,给排水科学与工程,,,0,2023,本科批,,29925,458,0,上海,综合,,,上海应用技术大学
,major_line_2023,管理科学与工程类,工程管理,,,0,2023,本科批,,30168,457,0,上海,综合,,,上海应用技术大学
,major_line_2023,机械类,机械类,,,0,2023,本科批,,30385,456,0,上海,综合,,,上海应用技术大学
,major_line_2023,土木类,铁道工程,,,0,2023,本科批,,30385,456,0,上海,综合,,,上海应用技术大学
,major_line_2023,数学类,数学与应用数学,,,0,2023,本科批,,30385,456,0,上海,综合,,,上海应用技术大学
,major_line_2023,能源动力类,能源与动力工程,,,0,2023,本科批,,27576,468,0,上海,综合,,,上海应用技术大学
,major_line_2023,化学类,应用化学,,,0,2023,本科批,,28075,466,0,上海,综合,,,上海应用技术大学
,major_line_2023,交通运输类,交通工程,,,0,2023,本科批,,28075,466,0,上海,综合,,,上海应用技术大学
,major_line_2023,化学类,应用化学（中外合作）（中外合作办学）,,,0,2023,本科批,,28319,465,0,上海,综合,,,上海应用技术大学
,major_line_2023,轻工类,香料香精技术与工程,,,0,2023,本科批,,15916,515,0,上海,综合,,,上海应用技术大学
,major_line_2023,轻工类,化妆品技术与工程,,,0,2023,本科批,,18118,506,0,上海,综合,,,上海应用技术大学
,major_line_2023,轻工类,香料香精技术与工程,,,0,2023,本科批,,15916,515,0,上海,综合,,,上海应用技术大学
,major_line_2023,轻工类,化妆品技术与工程,,,0,2023,本科批,,18118,506,0,上海,综合,,,上海应用技术大学
,major_line_2023,材料类,材料科学与工程（卓越班）,,,0,2023,本科批,,22166,490,0,上海,综合,,,上海应用技术大学
,major_line_2023,材料类,材料科学与工程,,,0,2023,本科批,,24317,481,0,上海,综合,,,上海应用技术大学
,major_line_2023,材料类,复合材料与工程,,,0,2023,本科批,,24548,480,0,上海,综合,,,上海应用技术大学
,major_line_2023,建筑类,风景园林,,,0,2023,本科批,,24801,479,0,上海,综合,,,上海应用技术大学
,major_line_2023,食品科学与工程类,食品科学与工程,,,0,2023,本科批,,25081,478,0,上海,综合,,,上海应用技术大学
,major_line_2023,化工与制药类,化学工程与工艺,,,0,2023,本科批,,25585,476,0,上海,综合,,,上海应用技术大学
,major_line_2023,化工与制药类,制药工程,,,0,2023,本科批,,25585,476,0,上海,综合,,,上海应用技术大学
,major_line_2023,电气类,电气工程及其自动化（卓越班）,,,0,2023,本科批,,26112,474,0,上海,综合,,,上海应用技术大学
,major_line_2023,生物工程类,生物工程,,,0,2023,本科批,,26613,472,0,上海,综合,,,上海应用技术大学
,major_line_2023,机械类,机械设计制造及其自动化,,,0,2023,本科批,,27118,470,0,上海,综合,,,上海应用技术大学
,major_line_2023,生物科学类,生态学,,,0,2023,本科批,,27118,470,0,上海,综合,,,上海应用技术大学
,major_line_2023,电子信息类,电子信息工程,,,0,2023,本科批,,27118,470,0,上海,综合,,,上海应用技术大学
,major_line_2023,植物生产类,园艺,,,0,2023,本科批,,27340,469,0,上海,综合,,,上海应用技术大学
,major_line_2023,林学类,园林,,,0,2023,本科批,,27340,469,0,上海,综合,,,上海应用技术大学
,major_line_2023,环境科学与工程类,环境工程,,,0,2023,本科批,,27340,469,0,上海,综合,,,上海应用技术大学
,major_line_2023,电子信息类,集成电路设计与集成系统,,,0,2023,本科批,,27340,469,0,上海,综合,,,上海应用技术大学
,major_line_2023,能源动力类,能源与动力工程,,,0,2023,本科批,,27576,468,0,上海,综合,,,上海应用技术大学
,major_line_2023,计算机类,软件工程,,,0,2023,本科批,,27576,468,0,上海,综合,,,上海应用技术大学
,major_line_2023,社会学类,社会工作,,,0,2023,本科批,,27818,467,0,上海,综合,,,上海应用技术大学
,major_line_2023,化学类,应用化学,,,0,2023,本科批,,28075,466,0,上海,综合,,,上海应用技术大学
,major_line_2023,交通运输类,交通工程,,,0,2023,本科批,,28075,466,0,上海,综合,,,上海应用技术大学
,major_line_2023,电气类,电气工程及其自动化（轨道供电牵引）,,,0,2023,本科批,,28319,465,0,上海,综合,,,上海应用技术大学
,major_line_2023,化学类,应用化学（中外合作）（中外合作办学）,,,0,2023,本科批,,28319,465,0,上海,综合,,,上海应用技术大学
,major_line_2023,计算机类,计算机科学与技术,,,0,2023,本科批,,28319,465,0,上海,综合,,,上海应用技术大学
,major_line_2023,电子信息类,人工智能,,,0,2023,本科批,,28319,465,0,上海,综合,,,上海应用技术大学
,major_line_2023,自动化类,机器人工程,,,0,2023,本科批,,28319,465,0,上海,综合,,,上海应用技术大学
,major_line_2023,电子信息类,通信工程,,,0,2023,本科批,,28788,463,0,上海,综合,,,上海应用技术大学
,major_line_2023,材料类,材料物理,,,0,2023,本科批,,28788,463,0,上海,综合,,,上海应用技术大学
,major_line_2023,管理科学与工程类,信息管理与信息系统,,,0,2023,本科批,,29013,462,0,上海,综合,,,上海应用技术大学
,major_line_2023,土木类,建筑环境与能源应用工程,,,0,2023,本科批,,29013,462,0,上海,综合,,,上海应用技术大学
,major_line_2023,外国语言文学类,英语,,,0,2023,本科批,,29246,461,0,上海,综合,,,上海应用技术大学
,major_line_2023,工商管理类,工商管理类,,,0,2023,本科批,,29246,461,0,上海,综合,,,上海应用技术大学
,major_line_2023,公共管理类,公共管理类,,,0,2023,本科批,,29246,461,0,上海,综合,,,上海应用技术大学
,major_line_2023,管理科学与工程类,大数据管理与应用,,,0,2023,本科批,,29246,461,0,上海,综合,,,上海应用技术大学
,major_line_2023,电子信息类,光电信息科学与工程,,,0,2023,本科批,,29469,460,0,上海,综合,,,上海应用技术大学
,major_line_2023,机械类,车辆工程,,,0,2023,本科批,,29469,460,0,上海,综合,,,上海应用技术大学
,major_line_2023,建筑类,建筑学,,,0,2023,本科批,,29706,459,0,上海,综合,,,上海应用技术大学
,major_line_2023,外国语言文学类,德语,,,0,2023,本科批,,29706,459,0,上海,综合,,,上海应用技术大学
,major_line_2023,安全科学与工程类,安全工程,,,0,2023,本科批,,29706,459,0,上海,综合,,,上海应用技术大学
,major_line_2023,工商管理类,市场营销（中外合作）（中外合作办学）,,,0,2023,本科批,,29706,459,0,上海,综合,,,上海应用技术大学
,major_line_2023,土木类,土木工程,,,0,2023,本科批,,29706,459,0,上海,综合,,,上海应用技术大学
,major_line_2023,土木类,给排水科学与工程,,,0,2023,本科批,,29925,458,0,上海,综合,,,上海应用技术大学
,major_line_2023,管理科学与工程类,工程管理,,,0,2023,本科批,,30168,457,0,上海,综合,,,上海应用技术大学
,major_line_2023,机械类,机械类,,,0,2023,本科批,,30385,456,0,上海,综合,,,上海应用技术大学
,major_line_2023,土木类,铁道工程,,,0,2023,本科批,,30385,456,0,上海,综合,,,上海应用技术大学
,major_line_2023,数学类,数学与应用数学,,,0,2023,本科批,,30385,456,0,上海,综合,,,上海应用技术大学
,major_line_2023,化工与制药类,化学工程与工艺,,,454,2023,本科批,,31094,453,0,上海,综合,,,西安石油大学
,major_line_2023,电气类,电气工程及其自动化,,,450,2023,本科批,,32897,445,0,上海,综合,,,西安石油大学
,major_line_2023,计算机类,计算机类（含计算机科学与技术、软件工程、网络工程、数字媒体技术专业）,,,450,2023,本科批,,33094,444,0,上海,综合,,,西安石油大学
,major_line_2023,工商管理类,工商管理类（含市场营销、会计学、财务管理、人力资源管理专业）,,,449,2023,本科批,,33094,444,0,上海,综合,,,西安石油大学
,major_line_2023,外国语言文学类,英语（语种:英语）,,,442,2023,本科批,,33965,440,0,上海,综合,,,西安石油大学
,major_line_2023,电气类,电气工程及其自动化,,,450,2023,本科批,,32897,445,0,上海,综合,,,西安石油大学
,major_line_2023,计算机类,计算机类（含计算机科学与技术、软件工程、网络工程、数字媒体技术专业）,,,450,2023,本科批,,33094,444,0,上海,综合,,,西安石油大学
,major_line_2023,外国语言文学类,英语（语种:英语）,,,442,2023,本科批,,33965,440,0,上海,综合,,,西安石油大学
,major_line_2023,工商管理类,工商管理类（含市场营销、会计学、财务管理、人力资源管理专业）,,,449,2023,本科批,,33094,444,0,上海,综合,,,西安石油大学
,major_line_2023,化工与制药类,化学工程与工艺,,,454,2023,本科批,,31094,453,0,上海,综合,,,西安石油大学
,major_line_2023,金融学类,金融学（中外合作办学）（国际金融方向）（中外合作办学）,,,520,2023,本科批,,15632,516,0,上海,综合,,,温州肯恩大学
,major_line_2023,工商管理类,会计学（中外合作办学）（国际会计方向）（中外合作办学）,,,515,2023,本科批,,16423,513,0,上海,综合,,,温州肯恩大学
,major_line_2023,工商管理类,国际商务（中外合作办学）（中外合作办学）,,,515,2023,本科批,,16423,513,0,上海,综合,,,温州肯恩大学
,major_line_2023,心理学类,心理学（中外合作办学）（中外合作办学）,,,512,2023,本科批,,17377,509,0,上海,综合,,,温州肯恩大学
,major_line_2023,新闻传播学类,传播学（中外合作办学）（中外合作办学）,,,509,2023,本科批,,17377,509,0,上海,综合,,,温州肯恩大学
,major_line_2023,金融学类,金融学（中外合作办学）（国际金融方向）（中外合作办学）,,,520,2023,本科批,,15632,516,0,上海,综合,,,温州肯恩大学
,major_line_2023,工商管理类,会计学（中外合作办学）（国际会计方向）（中外合作办学）,,,515,2023,本科批,,16423,513,0,上海,综合,,,温州肯恩大学
,major_line_2023,工商管理类,国际商务（中外合作办学）（中外合作办学）,,,515,2023,本科批,,16423,513,0,上海,综合,,,温州肯恩大学
,major_line_2023,心理学类,心理学（中外合作办学）（中外合作办学）,,,512,2023,本科批,,17377,509,0,上海,综合,,,温州肯恩大学
,major_line_2023,新闻传播学类,传播学（中外合作办学）（中外合作办学）,,,509,2023,本科批,,17377,509,0,上海,综合,,,温州肯恩大学
,major_line_2023,工商管理类,会计学（语种:不限在科学校区）,,,438,2023,本科批,,34625,437,0,上海,综合,,,郑州轻工业大学
,major_line_2023,工商管理类,工商管理（语种:不限在科学校区）,,,437,2023,本科批,,34853,436,0,上海,综合,,,郑州轻工业大学
,major_line_2023,电子商务类,电子商务（语种:不限在科学校区）,,,433,2023,本科批,,35904,431,0,上海,综合,,,郑州轻工业大学
,major_line_2023,工商管理类,市场营销（语种:不限在科学校区）,,,432,2023,本科批,,35904,431,0,上海,综合,,,郑州轻工业大学
,major_line_2023,外国语言文学类,朝鲜语（语种:不限在东风校区）,,,432,2023,本科批,,35904,431,0,上海,综合,,,郑州轻工业大学
,major_line_2023,社会学类,社会工作（语种:不限在科学校区）,,,431,2023,本科批,,36113,430,0,上海,综合,,,郑州轻工业大学
,major_line_2023,食品科学与工程类,食品质量与安全,,,447,2023,本科批,,32676,446,0,上海,综合,,,郑州轻工业大学
,major_line_2023,化工与制药类,化学工程与工艺,,,445,2023,本科批,,33094,444,0,上海,综合,,,郑州轻工业大学
,major_line_2023,食品科学与工程类,食品质量与安全,,,447,2023,本科批,,32676,446,0,上海,综合,,,郑州轻工业大学
,major_line_2023,化工与制药类,化学工程与工艺,,,445,2023,本科批,,33094,444,0,上海,综合,,,郑州轻工业大学
,major_line_2023,工商管理类,会计学（语种:不限在科学校区）,,,438,2023,本科批,,34625,437,0,上海,综合,,,郑州轻工业大学
,major_line_2023,工商管理类,工商管理（语种:不限在科学校区）,,,437,2023,本科批,,34853,436,0,上海,综合,,,郑州轻工业大学
,major_line_2023,电子商务类,电子商务（语种:不限在科学校区）,,,433,2023,本科批,,35904,431,0,上海,综合,,,郑州轻工业大学
,major_line_2023,工商管理类,市场营销（语种:不限在科学校区）,,,432,2023,本科批,,35904,431,0,上海,综合,,,郑州轻工业大学
,major_line_2023,外国语言文学类,朝鲜语（语种:不限在东风校区）,,,432,2023,本科批,,35904,431,0,上海,综合,,,郑州轻工业大学
,major_line_2023,社会学类,社会工作（语种:不限在科学校区）,,,431,2023,本科批,,36113,430,0,上海,综合,,,郑州轻工业大学
,major_line_2023,电气类,电气工程及其自动化,,,506,2023,本科批,,18118,506,0,上海,综合,,,东北电力大学
,major_line_2023,能源动力类,能源与动力工程,,,494,2023,本科批,,21165,494,0,上海,综合,,,东北电力大学
,major_line_2023,自动化类,自动化,,,490,2023,本科批,,22166,490,0,上海,综合,,,东北电力大学
,major_line_2023,计算机类,计算机科学与技术,,,490,2023,本科批,,22166,490,0,上海,综合,,,东北电力大学
,major_line_2023,电子信息类,电子信息工程,,,489,2023,本科批,,22397,489,0,上海,综合,,,东北电力大学
,major_line_2023,电气类,电气工程及其自动化,,,506,2023,本科批,,18118,506,0,上海,综合,,,东北电力大学
,major_line_2023,能源动力类,能源与动力工程,,,494,2023,本科批,,21165,494,0,上海,综合,,,东北电力大学
,major_line_2023,自动化类,自动化,,,490,2023,本科批,,22166,490,0,上海,综合,,,东北电力大学
,major_line_2023,计算机类,计算机科学与技术,,,490,2023,本科批,,22166,490,0,上海,综合,,,东北电力大学
,major_line_2023,电子信息类,电子信息工程,,,489,2023,本科批,,22397,489,0,上海,综合,,,东北电力大学
,major_line_2023,临床医学类,临床医学,,,504,2023,本科批,,19158,502,0,上海,综合,,,滨州医学院
,major_line_2023,临床医学类,临床医学,,,504,2023,本科批,,19158,502,0,上海,综合,,,滨州医学院
,major_line_2023,生物工程类,生物工程,,,454,2023,本科批,,31821,450,0,上海,综合,,,大连大学
,major_line_2023,工商管理类,会计学,,,451,2023,本科批,,32676,446,0,上海,综合,,,大连大学
,major_line_2023,机械类,工业设计,,,438,2023,本科批,,34431,438,0,上海,综合,,,大连大学
,major_line_2023,机械类,工业设计,,,438,2023,本科批,,34431,438,0,上海,综合,,,大连大学
,major_line_2023,生物工程类,生物工程,,,454,2023,本科批,,31821,450,0,上海,综合,,,大连大学
,major_line_2023,工商管理类,会计学,,,451,2023,本科批,,32676,446,0,上海,综合,,,大连大学
,major_line_2023,矿业类,油气储运工程,,,433,2023,本科批,,36303,429,0,上海,综合,,,辽宁石油化工大学
,major_line_2023,化工与制药类,化学工程与工艺,,,431,2023,本科批,,36503,428,0,上海,综合,,,辽宁石油化工大学
,major_line_2023,环境科学与工程类,环境工程,,,426,2023,本科批,,37730,422,0,上海,综合,,,辽宁石油化工大学
,major_line_2023,矿业类,油气储运工程,,,433,2023,本科批,,36303,429,0,上海,综合,,,辽宁石油化工大学
,major_line_2023,化工与制药类,化学工程与工艺,,,431,2023,本科批,,36503,428,0,上海,综合,,,辽宁石油化工大学
,major_line_2023,环境科学与工程类,环境工程,,,426,2023,本科批,,37730,422,0,上海,综合,,,辽宁石油化工大学
,major_line_2023,工商管理类,市场营销,,,410,2023,本科批,,40512,407,0,上海,综合,,,辽宁石油化工大学
,major_line_2023,工商管理类,市场营销,,,410,2023,本科批,,40512,407,0,上海,综合,,,辽宁石油化工大学
,major_line_2023,经济与贸易类,国际经济与贸易,,,435,2023,本科批,,35473,433,0,上海,综合,,,西华师范大学
,major_line_2023,经济与贸易类,国际经济与贸易,,,435,2023,本科批,,35473,433,0,上海,综合,,,西华师范大学
,major_line_2023,计算机类,软件工程（中外合作办学）（与芬兰奥卢大学“4+0”双学位培养模式）（中外合作办学）,,,443,2023,本科批,,33965,440,0,上海,综合,,,南京工程学院
,major_line_2023,工商管理类,会计学,,,472,2023,本科批,,27576,468,0,上海,综合,,,南京工程学院
,major_line_2023,工商管理类,财务管理,,,463,2023,本科批,,29013,462,0,上海,综合,,,南京工程学院
,major_line_2023,经济与贸易类,国际经济与贸易,,,463,2023,本科批,,29246,461,0,上海,综合,,,南京工程学院
,major_line_2023,物流管理与工程类,物流管理,,,460,2023,本科批,,29469,460,0,上海,综合,,,南京工程学院
,major_line_2023,电子信息类,电子信息工程,,,486,2023,本科批,,25585,476,0,上海,综合,,,南京工程学院
,major_line_2023,计算机类,计算机科学与技术,,,460,2023,本科批,,30168,457,0,上海,综合,,,南京工程学院
,major_line_2023,电子信息类,人工智能,,,451,2023,本科批,,32023,449,0,上海,综合,,,南京工程学院
,major_line_2023,管理科学与工程类,大数据管理与应用,,,449,2023,本科批,,32236,448,0,上海,综合,,,南京工程学院
,major_line_2023,自动化类,机器人工程,,,449,2023,本科批,,32460,447,0,上海,综合,,,南京工程学院
,major_line_2023,管理科学与工程类,工程管理,,,447,2023,本科批,,32460,447,0,上海,综合,,,南京工程学院
,major_line_2023,电子信息类,电子信息工程,,,486,2023,本科批,,25585,476,0,上海,综合,,,南京工程学院
,major_line_2023,工商管理类,会计学,,,472,2023,本科批,,27576,468,0,上海,综合,,,南京工程学院
,major_line_2023,工商管理类,财务管理,,,463,2023,本科批,,29013,462,0,上海,综合,,,南京工程学院
,major_line_2023,经济与贸易类,国际经济与贸易,,,463,2023,本科批,,29246,461,0,上海,综合,,,南京工程学院
,major_line_2023,物流管理与工程类,物流管理,,,460,2023,本科批,,29469,460,0,上海,综合,,,南京工程学院
,major_line_2023,计算机类,计算机科学与技术,,,460,2023,本科批,,30168,457,0,上海,综合,,,南京工程学院
,major_line_2023,电子信息类,人工智能,,,451,2023,本科批,,32023,449,0,上海,综合,,,南京工程学院
,major_line_2023,管理科学与工程类,大数据管理与应用,,,449,2023,本科批,,32236,448,0,上海,综合,,,南京工程学院
,major_line_2023,自动化类,机器人工程,,,449,2023,本科批,,32460,447,0,上海,综合,,,南京工程学院
,major_line_2023,管理科学与工程类,工程管理,,,447,2023,本科批,,32460,447,0,上海,综合,,,南京工程学院
,major_line_2023,计算机类,软件工程（中外合作办学）（与芬兰奥卢大学“4+0”双学位培养模式）（中外合作办学）,,,443,2023,本科批,,33965,440,0,上海,综合,,,南京工程学院
,major_line_2023,机械类,材料成型及控制工程,,,438,2023,本科批,,34431,438,0,上海,综合,,,安徽工程大学
,major_line_2023,物流管理与工程类,物流管理,,,449,2023,本科批,,32460,447,0,上海,综合,,,安徽工程大学
,major_line_2023,工商管理类,工商管理,,,445,2023,本科批,,32897,445,0,上海,综合,,,安徽工程大学
,major_line_2023,物流管理与工程类,物流管理,,,449,2023,本科批,,32460,447,0,上海,综合,,,安徽工程大学
,major_line_2023,工商管理类,工商管理,,,445,2023,本科批,,32897,445,0,上海,综合,,,安徽工程大学
,major_line_2023,机械类,材料成型及控制工程,,,438,2023,本科批,,34431,438,0,上海,综合,,,安徽工程大学
,major_line_2023,护理学类,护理学,,,476,2023,本科批,,25585,476,0,上海,综合,,,湖南中医药大学
,major_line_2023,临床医学类,临床医学,,,525,2023,本科批,,13398,525,0,上海,综合,,,湖南中医药大学
,major_line_2023,口腔医学类,口腔医学,,,525,2023,本科批,,13398,525,0,上海,综合,,,湖南中医药大学
,major_line_2023,中医学类,中医学（卓越1班。5+3一体化）,,,536,2023,本科批,,10808,536,0,上海,综合,,,湖南中医药大学
,major_line_2023,中医学类,中医学,,,526,2023,本科批,,13152,526,0,上海,综合,,,湖南中医药大学
,major_line_2023,中医学类,针灸推拿学,,,525,2023,本科批,,13398,525,0,上海,综合,,,湖南中医药大学
,major_line_2023,中西医结合类,中西医临床医学,,,522,2023,本科批,,14182,522,0,上海,综合,,,湖南中医药大学
,major_line_2023,药学类,药学,,,522,2023,本科批,,14182,522,0,上海,综合,,,湖南中医药大学
,major_line_2023,中药学类,中药学,,,520,2023,本科批,,14672,520,0,上海,综合,,,湖南中医药大学
,major_line_2023,医学技术类,康复治疗学,,,520,2023,本科批,,14672,520,0,上海,综合,,,湖南中医药大学
,major_line_2023,中医学类,中医学（卓越1班。5+3一体化）,,,536,2023,本科批,,10808,536,0,上海,综合,,,湖南中医药大学
,major_line_2023,中医学类,中医学,,,526,2023,本科批,,13152,526,0,上海,综合,,,湖南中医药大学
,major_line_2023,临床医学类,临床医学,,,525,2023,本科批,,13398,525,0,上海,综合,,,湖南中医药大学
,major_line_2023,中医学类,针灸推拿学,,,525,2023,本科批,,13398,525,0,上海,综合,,,湖南中医药大学
,major_line_2023,口腔医学类,口腔医学,,,525,2023,本科批,,13398,525,0,上海,综合,,,湖南中医药大学
,major_line_2023,中西医结合类,中西医临床医学,,,522,2023,本科批,,14182,522,0,上海,综合,,,湖南中医药大学
,major_line_2023,药学类,药学,,,522,2023,本科批,,14182,522,0,上海,综合,,,湖南中医药大学
,major_line_2023,中药学类,中药学,,,520,2023,本科批,,14672,520,0,上海,综合,,,湖南中医药大学
,major_line_2023,医学技术类,康复治疗学,,,520,2023,本科批,,14672,520,0,上海,综合,,,湖南中医药大学
,major_line_2023,护理学类,护理学,,,476,2023,本科批,,25585,476,0,上海,综合,,,湖南中医药大学
,major_line_2023,工商管理类,工商管理,,,440,2023,本科批,,34431,438,0,上海,综合,,,大连交通大学
,major_line_2023,电子信息类,电子信息工程,,,452,2023,本科批,,31347,452,0,上海,综合,,,大连交通大学
,major_line_2023,电气类,电气工程及其自动化,,,450,2023,本科批,,32676,446,0,上海,综合,,,大连交通大学
,major_line_2023,机械类,车辆工程,,,447,2023,本科批,,33564,442,0,上海,综合,,,大连交通大学
,major_line_2023,土木类,土木工程,,,439,2023,本科批,,34170,439,0,上海,综合,,,大连交通大学
,major_line_2023,机械类,机械工程,,,439,2023,本科批,,34170,439,0,上海,综合,,,大连交通大学
,major_line_2023,工商管理类,工商管理,,,440,2023,本科批,,34431,438,0,上海,综合,,,大连交通大学
,major_line_2023,电子信息类,电子信息工程,,,452,2023,本科批,,31347,452,0,上海,综合,,,大连交通大学
,major_line_2023,电气类,电气工程及其自动化,,,450,2023,本科批,,32676,446,0,上海,综合,,,大连交通大学
,major_line_2023,机械类,车辆工程,,,447,2023,本科批,,33564,442,0,上海,综合,,,大连交通大学
,major_line_2023,土木类,土木工程,,,439,2023,本科批,,34170,439,0,上海,综合,,,大连交通大学
,major_line_2023,机械类,机械工程,,,439,2023,本科批,,34170,439,0,上海,综合,,,大连交通大学
,major_line_2023,物流管理与工程类,供应链管理,,,456,2023,本科批,,32023,449,0,上海,综合,,,成都信息工程大学
,major_line_2023,经济与贸易类,国际经济与贸易,,,451,2023,本科批,,32236,448,0,上海,综合,,,成都信息工程大学
,major_line_2023,金融学类,金融工程,,,447,2023,本科批,,32676,446,0,上海,综合,,,成都信息工程大学
,major_line_2023,大气科学类,大气科学,,,473,2023,本科批,,26377,473,0,上海,综合,,,成都信息工程大学
,major_line_2023,电子信息类,电子信息工程,,,461,2023,本科批,,29469,460,0,上海,综合,,,成都信息工程大学
,major_line_2023,计算机类,区块链工程,,,464,2023,本科批,,29925,458,0,上海,综合,,,成都信息工程大学
,major_line_2023,计算机类,信息安全,,,449,2023,本科批,,32023,449,0,上海,综合,,,成都信息工程大学
,major_line_2023,大气科学类,大气科学,,,473,2023,本科批,,26377,473,0,上海,综合,,,成都信息工程大学
,major_line_2023,电子信息类,电子信息工程,,,461,2023,本科批,,29469,460,0,上海,综合,,,成都信息工程大学
,major_line_2023,计算机类,区块链工程,,,464,2023,本科批,,29925,458,0,上海,综合,,,成都信息工程大学
,major_line_2023,物流管理与工程类,供应链管理,,,456,2023,本科批,,32023,449,0,上海,综合,,,成都信息工程大学
,major_line_2023,计算机类,信息安全,,,449,2023,本科批,,32023,449,0,上海,综合,,,成都信息工程大学
,major_line_2023,经济与贸易类,国际经济与贸易,,,451,2023,本科批,,32236,448,0,上海,综合,,,成都信息工程大学
,major_line_2023,金融学类,金融工程,,,447,2023,本科批,,32676,446,0,上海,综合,,,成都信息工程大学
,major_line_2023,中西医结合类,中西医临床医学,,,489,2023,本科批,,23334,485,0,上海,综合,,,河南中医药大学
,major_line_2023,中药学类,中药学类（含中药学、药学、药物制剂、制药工程、中药制药、生物工程、中药资源与开发专业）,,,481,2023,本科批,,25081,478,0,上海,综合,,,河南中医药大学
,major_line_2023,中西医结合类,中西医临床医学,,,489,2023,本科批,,23334,485,0,上海,综合,,,河南中医药大学
,major_line_2023,中药学类,中药学类（含中药学、药学、药物制剂、制药工程、中药制药、生物工程、中药资源与开发专业）,,,481,2023,本科批,,25081,478,0,上海,综合,,,河南中医药大学
,major_line_2023,财政学类,税收学,,,519,2023,本科批,,15390,517,0,上海,综合,,,上海海关学院
,major_line_2023,经济学类,经济统计学,,,516,2023,本科批,,15916,515,0,上海,综合,,,上海海关学院
,major_line_2023,工商管理类,国际商务,,,515,2023,本科批,,16423,513,0,上海,综合,,,上海海关学院
,major_line_2023,物流管理与工程类,物流管理,,,514,2023,本科批,,16423,513,0,上海,综合,,,上海海关学院
,major_line_2023,外国语言文学类,英语（语种:英语）,,,513,2023,本科批,,16423,513,0,上海,综合,,,上海海关学院
,major_line_2023,财政学类,税收学,,,519,2023,本科批,,15390,517,0,上海,综合,,,上海海关学院
,major_line_2023,经济学类,经济统计学,,,516,2023,本科批,,15916,515,0,上海,综合,,,上海海关学院
,major_line_2023,工商管理类,国际商务,,,515,2023,本科批,,16423,513,0,上海,综合,,,上海海关学院
,major_line_2023,物流管理与工程类,物流管理,,,514,2023,本科批,,16423,513,0,上海,综合,,,上海海关学院
,major_line_2023,外国语言文学类,英语（语种:英语）,,,513,2023,本科批,,16423,513,0,上海,综合,,,上海海关学院
,major_line_2023,临床医学类,临床医学,,,494,2023,本科批,,24077,482,0,上海,综合,,,新乡医学院
,major_line_2023,临床医学类,临床医学,,,494,2023,本科批,,24077,482,0,上海,综合,,,新乡医学院
,major_line_2023,物流管理与工程类,物流管理,,,438,2023,本科批,,34853,436,0,上海,综合,,,桂林理工大学
,major_line_2023,新闻传播学类,新闻传播学类（含传播学、广告学专业）,,,437,2023,本科批,,35473,433,0,上海,综合,,,桂林理工大学
,major_line_2023,工商管理类,工商管理类（含工商管理、市场营销、人力资源管理专业）,,,432,2023,本科批,,36113,430,0,上海,综合,,,桂林理工大学
,major_line_2023,旅游管理类,旅游管理类（含旅游管理、酒店管理专业）,,,432,2023,本科批,,36113,430,0,上海,综合,,,桂林理工大学
,major_line_2023,物流管理与工程类,物流管理,,,438,2023,本科批,,34853,436,0,上海,综合,,,桂林理工大学
,major_line_2023,新闻传播学类,新闻传播学类（含传播学、广告学专业）,,,437,2023,本科批,,35473,433,0,上海,综合,,,桂林理工大学
,major_line_2023,工商管理类,工商管理类（含工商管理、市场营销、人力资源管理专业）,,,432,2023,本科批,,36113,430,0,上海,综合,,,桂林理工大学
,major_line_2023,旅游管理类,旅游管理类（含旅游管理、酒店管理专业）,,,432,2023,本科批,,36113,430,0,上海,综合,,,桂林理工大学
,major_line_2023,法学类,法学（卓越法律人才培养创新班）,,,540,2023,本科批,,10105,539,0,上海,综合,,,上海政法学院
,major_line_2023,法学类,法学（涉外卓越法律人才培养创新班）,,,539,2023,本科批,,10565,537,0,上海,综合,,,上海政法学院
,major_line_2023,法学类,法学（涉外卓越律师人才培养试点班）,,,535,2023,本科批,,11029,535,0,上海,综合,,,上海政法学院
,major_line_2023,法学类,法学（民商法方向）,,,529,2023,本科批,,13663,524,0,上海,综合,,,上海政法学院
,major_line_2023,法学类,法学（刑事司法方向）,,,523,2023,本科批,,14672,520,0,上海,综合,,,上海政法学院
,major_line_2023,法学类,法学（经济法方向）,,,522,2023,本科批,,14672,520,0,上海,综合,,,上海政法学院
,major_line_2023,法学类,法学（人工智能法学方向）,,,520,2023,本科批,,15390,517,0,上海,综合,,,上海政法学院
,major_line_2023,法学类,法学（国际经济法方向）,,,519,2023,本科批,,15390,517,0,上海,综合,,,上海政法学院
,major_line_2023,法学类,知识产权,,,518,2023,本科批,,15632,516,0,上海,综合,,,上海政法学院
,major_line_2023,法学类,法学（调解方向）,,,518,2023,本科批,,15632,516,0,上海,综合,,,上海政法学院
,major_line_2023,法学类,法学（体育法方向）,,,517,2023,本科批,,15632,516,0,上海,综合,,,上海政法学院
,major_line_2023,法学类,法学（法庭科学方向）,,,517,2023,本科批,,15632,516,0,上海,综合,,,上海政法学院
,major_line_2023,法学类,监狱学（国家级一流本科专业）,,,516,2023,本科批,,16423,513,0,上海,综合,,,上海政法学院
,major_line_2023,马克思主义理论类,思想政治教育（上海市一流本科专业）,,,514,2023,本科批,,17139,510,0,上海,综合,,,上海政法学院
,major_line_2023,法学类,社区矫正,,,511,2023,本科批,,17139,510,0,上海,综合,,,上海政法学院
,major_line_2023,中国语言文学类,汉语言文学（文化创意产业方向）,,,511,2023,本科批,,18118,506,0,上海,综合,,,上海政法学院
,major_line_2023,社会学类,社会工作（卓越社会管理人才培养试点班。上海市一流本科专业）,,,509,2023,本科批,,18118,506,0,上海,综合,,,上海政法学院
,major_line_2023,新闻传播学类,新闻学（卓越新闻传播人才培养试点班。上海市一流本科专业）,,,509,2023,本科批,,18118,506,0,上海,综合,,,上海政法学院
,major_line_2023,工商管理类,审计学（上海市一流本科专业）,,,509,2023,本科批,,18398,505,0,上海,综合,,,上海政法学院
,major_line_2023,新闻传播学类,广播电视学（卓越新闻传播人才培养试点班）,,,506,2023,本科批,,19420,501,0,上海,综合,,,上海政法学院
,major_line_2023,新闻传播学类,网络与新媒体,,,506,2023,本科批,,19420,501,0,上海,综合,,,上海政法学院
,major_line_2023,政治学类,政治学与行政学（上海市一流本科专业）,,,505,2023,本科批,,19420,501,0,上海,综合,,,上海政法学院
,major_line_2023,政治学类,国际政治（上海市一流本科专业）,,,505,2023,本科批,,19672,500,0,上海,综合,,,上海政法学院
,major_line_2023,心理学类,应用心理学,,,505,2023,本科批,,19672,500,0,上海,综合,,,上海政法学院
,major_line_2023,社会学类,社会学,,,504,2023,本科批,,19672,500,0,上海,综合,,,上海政法学院
,major_line_2023,财政学类,税收学,,,502,2023,本科批,,19672,500,0,上海,综合,,,上海政法学院
,major_line_2023,经济与贸易类,国际经济与贸易（上海市一流本科专业）,,,503,2023,本科批,,19921,499,0,上海,综合,,,上海政法学院
,major_line_2023,经济学类,经济学（上海市一流本科专业）,,,502,2023,本科批,,19921,499,0,上海,综合,,,上海政法学院
,major_line_2023,公共管理类,劳动与社会保障,,,501,2023,本科批,,20181,498,0,上海,综合,,,上海政法学院
,major_line_2023,金融学类,经济与金融（上海市一流本科专业）,,,501,2023,本科批,,20181,498,0,上海,综合,,,上海政法学院
,major_line_2023,工商管理类,财务管理,,,501,2023,本科批,,20181,498,0,上海,综合,,,上海政法学院
,major_line_2023,公共管理类,行政管理,,,501,2023,本科批,,20181,498,0,上海,综合,,,上海政法学院
,major_line_2023,中国语言文学类,汉语国际教育,,,501,2023,本科批,,20181,498,0,上海,综合,,,上海政法学院
,major_line_2023,外国语言文学类,翻译（语种:英语）,,,499,2023,本科批,,20181,498,0,上海,综合,,,上海政法学院
,major_line_2023,外国语言文学类,英语（语种:英语）,,,500,2023,本科批,,20398,497,0,上海,综合,,,上海政法学院
,major_line_2023,工商管理类,工商管理,,,499,2023,本科批,,20398,497,0,上海,综合,,,上海政法学院
,major_line_2023,电子商务类,电子商务及法律,,,499,2023,本科批,,20398,497,0,上海,综合,,,上海政法学院
,major_line_2023,外国语言文学类,俄语（外语语种为英语、俄语）,,,498,2023,本科批,,20398,497,0,上海,综合,,,上海政法学院
,major_line_2023,马克思主义理论类,思想政治教育（上海市一流本科专业）,,,514,2023,本科批,,17139,510,0,上海,综合,,,上海政法学院
,major_line_2023,中国语言文学类,汉语言文学（文化创意产业方向）,,,511,2023,本科批,,18118,506,0,上海,综合,,,上海政法学院
,major_line_2023,社会学类,社会工作（卓越社会管理人才培养试点班。上海市一流本科专业）,,,509,2023,本科批,,18118,506,0,上海,综合,,,上海政法学院
,major_line_2023,新闻传播学类,新闻学（卓越新闻传播人才培养试点班。上海市一流本科专业）,,,509,2023,本科批,,18118,506,0,上海,综合,,,上海政法学院
,major_line_2023,新闻传播学类,广播电视学（卓越新闻传播人才培养试点班）,,,506,2023,本科批,,19420,501,0,上海,综合,,,上海政法学院
,major_line_2023,新闻传播学类,网络与新媒体,,,506,2023,本科批,,19420,501,0,上海,综合,,,上海政法学院
,major_line_2023,政治学类,政治学与行政学（上海市一流本科专业）,,,505,2023,本科批,,19420,501,0,上海,综合,,,上海政法学院
,major_line_2023,政治学类,国际政治（上海市一流本科专业）,,,505,2023,本科批,,19672,500,0,上海,综合,,,上海政法学院
,major_line_2023,心理学类,应用心理学,,,505,2023,本科批,,19672,500,0,上海,综合,,,上海政法学院
,major_line_2023,社会学类,社会学,,,504,2023,本科批,,19672,500,0,上海,综合,,,上海政法学院
,major_line_2023,公共管理类,劳动与社会保障,,,501,2023,本科批,,20181,498,0,上海,综合,,,上海政法学院
,major_line_2023,公共管理类,行政管理,,,501,2023,本科批,,20181,498,0,上海,综合,,,上海政法学院
,major_line_2023,中国语言文学类,汉语国际教育,,,501,2023,本科批,,20181,498,0,上海,综合,,,上海政法学院
,major_line_2023,外国语言文学类,翻译（语种:英语）,,,499,2023,本科批,,20181,498,0,上海,综合,,,上海政法学院
,major_line_2023,外国语言文学类,英语（语种:英语）,,,500,2023,本科批,,20398,497,0,上海,综合,,,上海政法学院
,major_line_2023,外国语言文学类,俄语（外语语种为英语、俄语）,,,498,2023,本科批,,20398,497,0,上海,综合,,,上海政法学院
,major_line_2023,法学类,监狱学（国家级一流本科专业）,,,516,2023,本科批,,16423,513,0,上海,综合,,,上海政法学院
,major_line_2023,法学类,社区矫正,,,511,2023,本科批,,17139,510,0,上海,综合,,,上海政法学院
,major_line_2023,法学类,法学（卓越法律人才培养创新班）,,,540,2023,本科批,,10105,539,0,上海,综合,,,上海政法学院
,major_line_2023,法学类,法学（涉外卓越法律人才培养创新班）,,,539,2023,本科批,,10565,537,0,上海,综合,,,上海政法学院
,major_line_2023,法学类,法学（涉外卓越律师人才培养试点班）,,,535,2023,本科批,,11029,535,0,上海,综合,,,上海政法学院
,major_line_2023,工商管理类,审计学（上海市一流本科专业）,,,509,2023,本科批,,18398,505,0,上海,综合,,,上海政法学院
,major_line_2023,财政学类,税收学,,,502,2023,本科批,,19672,500,0,上海,综合,,,上海政法学院
,major_line_2023,经济与贸易类,国际经济与贸易（上海市一流本科专业）,,,503,2023,本科批,,19921,499,0,上海,综合,,,上海政法学院
,major_line_2023,经济学类,经济学（上海市一流本科专业）,,,502,2023,本科批,,19921,499,0,上海,综合,,,上海政法学院
,major_line_2023,金融学类,经济与金融（上海市一流本科专业）,,,501,2023,本科批,,20181,498,0,上海,综合,,,上海政法学院
,major_line_2023,工商管理类,财务管理,,,501,2023,本科批,,20181,498,0,上海,综合,,,上海政法学院
,major_line_2023,工商管理类,工商管理,,,499,2023,本科批,,20398,497,0,上海,综合,,,上海政法学院
,major_line_2023,电子商务类,电子商务及法律,,,499,2023,本科批,,20398,497,0,上海,综合,,,上海政法学院
,major_line_2023,法学类,法学（民商法方向）,,,529,2023,本科批,,13663,524,0,上海,综合,,,上海政法学院
,major_line_2023,法学类,法学（刑事司法方向）,,,523,2023,本科批,,14672,520,0,上海,综合,,,上海政法学院
,major_line_2023,法学类,法学（经济法方向）,,,522,2023,本科批,,14672,520,0,上海,综合,,,上海政法学院
,major_line_2023,法学类,法学（人工智能法学方向）,,,520,2023,本科批,,15390,517,0,上海,综合,,,上海政法学院
,major_line_2023,法学类,法学（国际经济法方向）,,,519,2023,本科批,,15390,517,0,上海,综合,,,上海政法学院
,major_line_2023,法学类,知识产权,,,518,2023,本科批,,15632,516,0,上海,综合,,,上海政法学院
,major_line_2023,法学类,法学（调解方向）,,,518,2023,本科批,,15632,516,0,上海,综合,,,上海政法学院
,major_line_2023,法学类,法学（体育法方向）,,,517,2023,本科批,,15632,516,0,上海,综合,,,上海政法学院
,major_line_2023,法学类,法学（法庭科学方向）,,,517,2023,本科批,,15632,516,0,上海,综合,,,上海政法学院
,major_line_2023,化学类,应用化学,,,442,2023,本科批,,33564,442,0,上海,综合,,,沈阳理工大学
,major_line_2023,材料类,无机非金属材料工程,,,441,2023,本科批,,33766,441,0,上海,综合,,,沈阳理工大学
,major_line_2023,材料类,金属材料工程,,,440,2023,本科批,,33965,440,0,上海,综合,,,沈阳理工大学
,major_line_2023,材料类,粉体材料科学与工程,,,438,2023,本科批,,34431,438,0,上海,综合,,,沈阳理工大学
,major_line_2023,机械类,材料成型及控制工程,,,441,2023,本科批,,33766,441,0,上海,综合,,,沈阳理工大学
,major_line_2023,自动化类,自动化,,,438,2023,本科批,,34431,438,0,上海,综合,,,沈阳理工大学
,major_line_2023,电气类,电气工程及其自动化,,,438,2023,本科批,,34431,438,0,上海,综合,,,沈阳理工大学
,major_line_2023,机械类,车辆工程,,,438,2023,本科批,,34431,438,0,上海,综合,,,沈阳理工大学
,major_line_2023,电子信息类,光电信息科学与工程,,,438,2023,本科批,,34431,438,0,上海,综合,,,沈阳理工大学
,major_line_2023,电子信息类,电子信息工程,,,438,2023,本科批,,34431,438,0,上海,综合,,,沈阳理工大学
,major_line_2023,电子信息类,通信工程,,,438,2023,本科批,,34431,438,0,上海,综合,,,沈阳理工大学
,major_line_2023,计算机类,计算机科学与技术,,,438,2023,本科批,,34431,438,0,上海,综合,,,沈阳理工大学
,major_line_2023,计算机类,网络工程,,,438,2023,本科批,,34431,438,0,上海,综合,,,沈阳理工大学
,major_line_2023,机械类,机械设计制造及其自动化,,,437,2023,本科批,,34625,437,0,上海,综合,,,沈阳理工大学
,major_line_2023,自动化类,机器人工程,,,437,2023,本科批,,34625,437,0,上海,综合,,,沈阳理工大学
,major_line_2023,机械类,工业设计,,,437,2023,本科批,,34625,437,0,上海,综合,,,沈阳理工大学
,major_line_2023,仪器类,测控技术与仪器,,,436,2023,本科批,,34853,436,0,上海,综合,,,沈阳理工大学
,major_line_2023,管理科学与工程类,信息管理与信息系统,,,436,2023,本科批,,34853,436,0,上海,综合,,,沈阳理工大学
,major_line_2023,计算机类,智能科学与技术,,,436,2023,本科批,,34853,436,0,上海,综合,,,沈阳理工大学
,major_line_2023,兵器类,智能无人系统技术,,,436,2023,本科批,,34853,436,0,上海,综合,,,沈阳理工大学
,major_line_2023,机械类,智能制造工程,,,436,2023,本科批,,34853,436,0,上海,综合,,,沈阳理工大学
,major_line_2023,机械类,机械电子工程,,,435,2023,本科批,,35051,435,0,上海,综合,,,沈阳理工大学
,major_line_2023,化学类,应用化学,,,442,2023,本科批,,33564,442,0,上海,综合,,,沈阳理工大学
,major_line_2023,机械类,材料成型及控制工程,,,441,2023,本科批,,33766,441,0,上海,综合,,,沈阳理工大学
,major_line_2023,材料类,无机非金属材料工程,,,441,2023,本科批,,33766,441,0,上海,综合,,,沈阳理工大学
,major_line_2023,材料类,金属材料工程,,,440,2023,本科批,,33965,440,0,上海,综合,,,沈阳理工大学
,major_line_2023,自动化类,自动化,,,438,2023,本科批,,34431,438,0,上海,综合,,,沈阳理工大学
,major_line_2023,电气类,电气工程及其自动化,,,438,2023,本科批,,34431,438,0,上海,综合,,,沈阳理工大学
,major_line_2023,机械类,车辆工程,,,438,2023,本科批,,34431,438,0,上海,综合,,,沈阳理工大学
,major_line_2023,工商管理类,会计学,,,438,2023,本科批,,34431,438,0,上海,综合,,,沈阳理工大学
,major_line_2023,电子信息类,光电信息科学与工程,,,438,2023,本科批,,34431,438,0,上海,综合,,,沈阳理工大学
,major_line_2023,电子信息类,电子信息工程,,,438,2023,本科批,,34431,438,0,上海,综合,,,沈阳理工大学
,major_line_2023,电子信息类,通信工程,,,438,2023,本科批,,34431,438,0,上海,综合,,,沈阳理工大学
,major_line_2023,计算机类,计算机科学与技术,,,438,2023,本科批,,34431,438,0,上海,综合,,,沈阳理工大学
,major_line_2023,计算机类,网络工程,,,438,2023,本科批,,34431,438,0,上海,综合,,,沈阳理工大学
,major_line_2023,材料类,粉体材料科学与工程,,,438,2023,本科批,,34431,438,0,上海,综合,,,沈阳理工大学
,major_line_2023,机械类,机械设计制造及其自动化,,,437,2023,本科批,,34625,437,0,上海,综合,,,沈阳理工大学
,major_line_2023,自动化类,机器人工程,,,437,2023,本科批,,34625,437,0,上海,综合,,,沈阳理工大学
,major_line_2023,机械类,工业设计,,,437,2023,本科批,,34625,437,0,上海,综合,,,沈阳理工大学
,major_line_2023,仪器类,测控技术与仪器,,,436,2023,本科批,,34853,436,0,上海,综合,,,沈阳理工大学
,major_line_2023,管理科学与工程类,信息管理与信息系统,,,436,2023,本科批,,34853,436,0,上海,综合,,,沈阳理工大学
,major_line_2023,计算机类,智能科学与技术,,,436,2023,本科批,,34853,436,0,上海,综合,,,沈阳理工大学
,major_line_2023,兵器类,智能无人系统技术,,,436,2023,本科批,,34853,436,0,上海,综合,,,沈阳理工大学
,major_line_2023,机械类,智能制造工程,,,436,2023,本科批,,34853,436,0,上海,综合,,,沈阳理工大学
,major_line_2023,机械类,机械电子工程,,,435,2023,本科批,,35051,435,0,上海,综合,,,沈阳理工大学
,major_line_2023,金融学类,金融学,,,435,2023,本科批,,35051,435,0,上海,综合,,,沈阳理工大学
,major_line_2023,外国语言文学类,英语（语种:英语）,,,432,2023,本科批,,35697,432,0,上海,综合,,,沈阳理工大学
,major_line_2023,工商管理类,会计学,,,438,2023,本科批,,34431,438,0,上海,综合,,,沈阳理工大学
,major_line_2023,金融学类,金融学,,,435,2023,本科批,,35051,435,0,上海,综合,,,沈阳理工大学
,major_line_2023,外国语言文学类,英语（语种:英语）,,,432,2023,本科批,,35697,432,0,上海,综合,,,沈阳理工大学
,major_line_2023,材料类,高分子材料与工程,,,456,2023,本科批,,30610,455,0,上海,综合,,,安徽建筑大学
,major_line_2023,地理科学类,地理信息科学,,,464,2023,本科批,,29013,462,0,上海,综合,,,安徽建筑大学
,major_line_2023,建筑类,城乡规划,,,469,2023,本科批,,29246,461,0,上海,综合,,,安徽建筑大学
,major_line_2023,地理科学类,地理信息科学,,,464,2023,本科批,,29013,462,0,上海,综合,,,安徽建筑大学
,major_line_2023,建筑类,城乡规划,,,469,2023,本科批,,29246,461,0,上海,综合,,,安徽建筑大学
,major_line_2023,公共管理类,土地资源管理,,,458,2023,本科批,,29925,458,0,上海,综合,,,安徽建筑大学
,major_line_2023,材料类,高分子材料与工程,,,456,2023,本科批,,30610,455,0,上海,综合,,,安徽建筑大学
,major_line_2023,环境科学与工程类,环境工程,,,456,2023,本科批,,30610,455,0,上海,综合,,,安徽建筑大学
,major_line_2023,能源动力类,能源与动力工程,,,456,2023,本科批,,30610,455,0,上海,综合,,,安徽建筑大学
,major_line_2023,化学类,应用化学,,,455,2023,本科批,,30610,455,0,上海,综合,,,安徽建筑大学
,major_line_2023,环境科学与工程类,环境生态工程,,,456,2023,本科批,,30852,454,0,上海,综合,,,安徽建筑大学
,major_line_2023,工商管理类,会计学,,,456,2023,本科批,,31347,452,0,上海,综合,,,安徽建筑大学
,major_line_2023,建筑类,风景园林,,,453,2023,本科批,,31347,452,0,上海,综合,,,安徽建筑大学
,major_line_2023,工商管理类,人力资源管理,,,451,2023,本科批,,31584,451,0,上海,综合,,,安徽建筑大学
,major_line_2023,工商管理类,财务管理,,,450,2023,本科批,,32023,449,0,上海,综合,,,安徽建筑大学
,major_line_2023,公共管理类,劳动与社会保障,,,448,2023,本科批,,32236,448,0,上海,综合,,,安徽建筑大学
,major_line_2023,法学类,法学,,,449,2023,本科批,,32460,447,0,上海,综合,,,安徽建筑大学
,major_line_2023,公共管理类,城市管理,,,446,2023,本科批,,32676,446,0,上海,综合,,,安徽建筑大学
,major_line_2023,建筑类,风景园林,,,453,2023,本科批,,31347,452,0,上海,综合,,,安徽建筑大学
,major_line_2023,公共管理类,土地资源管理,,,458,2023,本科批,,29925,458,0,上海,综合,,,安徽建筑大学
,major_line_2023,工商管理类,会计学,,,456,2023,本科批,,31347,452,0,上海,综合,,,安徽建筑大学
,major_line_2023,工商管理类,人力资源管理,,,451,2023,本科批,,31584,451,0,上海,综合,,,安徽建筑大学
,major_line_2023,工商管理类,财务管理,,,450,2023,本科批,,32023,449,0,上海,综合,,,安徽建筑大学
,major_line_2023,公共管理类,劳动与社会保障,,,448,2023,本科批,,32236,448,0,上海,综合,,,安徽建筑大学
,major_line_2023,法学类,法学,,,449,2023,本科批,,32460,447,0,上海,综合,,,安徽建筑大学
,major_line_2023,公共管理类,城市管理,,,446,2023,本科批,,32676,446,0,上海,综合,,,安徽建筑大学
,major_line_2023,环境科学与工程类,环境工程,,,456,2023,本科批,,30610,455,0,上海,综合,,,安徽建筑大学
,major_line_2023,环境科学与工程类,环境生态工程,,,456,2023,本科批,,30852,454,0,上海,综合,,,安徽建筑大学
,major_line_2023,能源动力类,能源与动力工程,,,456,2023,本科批,,30610,455,0,上海,综合,,,安徽建筑大学
,major_line_2023,化学类,应用化学,,,455,2023,本科批,,30610,455,0,上海,综合,,,安徽建筑大学
,major_line_2023,工商管理类,会计学,,,443,2023,本科批,,33327,443,0,上海,综合,,,湖南工业大学
,major_line_2023,工商管理类,工商管理类（含工商管理、市场营销、人力资源管理专业）（语种:不限第一学年在工学院校区，第二学年起在校本部；其他专业在校本部）,,,444,2023,本科批,,33766,441,0,上海,综合,,,湖南工业大学
,major_line_2023,金融学类,金融工程,,,445,2023,本科批,,33965,440,0,上海,综合,,,湖南工业大学
,major_line_2023,外国语言文学类,英语,,,441,2023,本科批,,33965,440,0,上海,综合,,,湖南工业大学
,major_line_2023,电子商务类,电子商务（语种:不限第一学年在工学院校区，第二学年起在校本部；其他专业在校本部）,,,440,2023,本科批,,33965,440,0,上海,综合,,,湖南工业大学
,major_line_2023,经济与贸易类,国际经济与贸易,,,440,2023,本科批,,34431,438,0,上海,综合,,,湖南工业大学
,major_line_2023,工商管理类,会计学,,,443,2023,本科批,,33327,443,0,上海,综合,,,湖南工业大学
,major_line_2023,工商管理类,工商管理类（含工商管理、市场营销、人力资源管理专业）（语种:不限第一学年在工学院校区，第二学年起在校本部；其他专业在校本部）,,,444,2023,本科批,,33766,441,0,上海,综合,,,湖南工业大学
,major_line_2023,金融学类,金融工程,,,445,2023,本科批,,33965,440,0,上海,综合,,,湖南工业大学
,major_line_2023,外国语言文学类,英语,,,441,2023,本科批,,33965,440,0,上海,综合,,,湖南工业大学
,major_line_2023,电子商务类,电子商务（语种:不限第一学年在工学院校区，第二学年起在校本部；其他专业在校本部）,,,440,2023,本科批,,33965,440,0,上海,综合,,,湖南工业大学
,major_line_2023,经济与贸易类,国际经济与贸易,,,440,2023,本科批,,34431,438,0,上海,综合,,,湖南工业大学
,major_line_2023,工商管理类,国际商务,,,448,2023,本科批,,32236,448,0,上海,综合,,,厦门理工学院
,major_line_2023,公共管理类,城市管理,,,448,2023,本科批,,32236,448,0,上海,综合,,,厦门理工学院
,major_line_2023,旅游管理类,会展经济与管理,,,450,2023,本科批,,32460,447,0,上海,综合,,,厦门理工学院
,major_line_2023,机械类,智能制造工程,,,446,2023,本科批,,33327,443,0,上海,综合,,,厦门理工学院
,major_line_2023,材料类,新能源材料与器件,,,440,2023,本科批,,33965,440,0,上海,综合,,,厦门理工学院
,major_line_2023,电子信息类,人工智能,,,440,2023,本科批,,34170,439,0,上海,综合,,,厦门理工学院
,major_line_2023,工商管理类,国际商务,,,448,2023,本科批,,32236,448,0,上海,综合,,,厦门理工学院
,major_line_2023,公共管理类,城市管理,,,448,2023,本科批,,32236,448,0,上海,综合,,,厦门理工学院
,major_line_2023,旅游管理类,会展经济与管理,,,450,2023,本科批,,32460,447,0,上海,综合,,,厦门理工学院
,major_line_2023,机械类,智能制造工程,,,446,2023,本科批,,33327,443,0,上海,综合,,,厦门理工学院
,major_line_2023,材料类,新能源材料与器件,,,440,2023,本科批,,33965,440,0,上海,综合,,,厦门理工学院
,major_line_2023,电子信息类,人工智能,,,440,2023,本科批,,34170,439,0,上海,综合,,,厦门理工学院
,major_line_2023,法学类,法学（阜新校区中华路校园）,,,437,2023,本科批,,35473,433,0,上海,综合,,,辽宁工程技术大学
,major_line_2023,公共管理类,劳动与社会保障（阜新校区中华路校园）,,,428,2023,本科批,,36906,426,0,上海,综合,,,辽宁工程技术大学
,major_line_2023,金融学类,金融学（葫芦岛校区龙湾校园）,,,427,2023,本科批,,37331,424,0,上海,综合,,,辽宁工程技术大学
,major_line_2023,测绘类,地理空间信息工程,,,433,2023,本科批,,35473,433,0,上海,综合,,,辽宁工程技术大学
,major_line_2023,法学类,法学（阜新校区中华路校园）,,,437,2023,本科批,,35473,433,0,上海,综合,,,辽宁工程技术大学
,major_line_2023,测绘类,地理空间信息工程,,,433,2023,本科批,,35473,433,0,上海,综合,,,辽宁工程技术大学
,major_line_2023,机械类,车辆工程（阜新校区玉龙校园）,,,435,2023,本科批,,35697,432,0,上海,综合,,,辽宁工程技术大学
,major_line_2023,环境科学与工程类,环境工程,,,432,2023,本科批,,35904,431,0,上海,综合,,,辽宁工程技术大学
,major_line_2023,电子信息类,电子信息工程（葫芦岛校区龙湾校园）,,,431,2023,本科批,,36113,430,0,上海,综合,,,辽宁工程技术大学
,major_line_2023,公共管理类,劳动与社会保障（阜新校区中华路校园）,,,428,2023,本科批,,36906,426,0,上海,综合,,,辽宁工程技术大学
,major_line_2023,金融学类,金融学（葫芦岛校区龙湾校园）,,,427,2023,本科批,,37331,424,0,上海,综合,,,辽宁工程技术大学
,major_line_2023,机械类,车辆工程（阜新校区玉龙校园）,,,435,2023,本科批,,35697,432,0,上海,综合,,,辽宁工程技术大学
,major_line_2023,电子信息类,电子信息工程（葫芦岛校区龙湾校园）,,,431,2023,本科批,,36113,430,0,上海,综合,,,辽宁工程技术大学
,major_line_2023,环境科学与工程类,环境工程,,,432,2023,本科批,,35904,431,0,上海,综合,,,辽宁工程技术大学
,major_line_2023,新闻传播学类,传播学（主校区）,,,468,2023,本科批,,27576,468,0,上海,综合,,,北京印刷学院
,major_line_2023,工商管理类,工商管理类（含市场营销、财务管理、文化产业管理专业）（西校区）,,,464,2023,本科批,,28788,463,0,上海,综合,,,北京印刷学院
,major_line_2023,新闻传播学类,传播学（主校区）,,,468,2023,本科批,,27576,468,0,上海,综合,,,北京印刷学院
,major_line_2023,工商管理类,工商管理类（含市场营销、财务管理、文化产业管理专业）（西校区）,,,464,2023,本科批,,28788,463,0,上海,综合,,,北京印刷学院
,major_line_2023,口腔医学类,口腔医学,,,547,2023,本科批,,8255,547,0,上海,综合,,,昆明医科大学
,major_line_2023,临床医学类,临床医学,,,537,2023,本科批,,12669,528,0,上海,综合,,,昆明医科大学
,major_line_2023,临床医学类,麻醉学,,,525,2023,本科批,,13398,525,0,上海,综合,,,昆明医科大学
,major_line_2023,临床医学类,医学影像学,,,521,2023,本科批,,14416,521,0,上海,综合,,,昆明医科大学
,major_line_2023,药学类,临床药学,,,492,2023,本科批,,21695,492,0,上海,综合,,,昆明医科大学
,major_line_2023,医学技术类,康复物理治疗,,,477,2023,本科批,,25351,477,0,上海,综合,,,昆明医科大学
,major_line_2023,药学类,临床药学,,,492,2023,本科批,,21695,492,0,上海,综合,,,昆明医科大学
,major_line_2023,医学技术类,康复物理治疗,,,477,2023,本科批,,25351,477,0,上海,综合,,,昆明医科大学
,major_line_2023,口腔医学类,口腔医学,,,547,2023,本科批,,8255,547,0,上海,综合,,,昆明医科大学
,major_line_2023,临床医学类,临床医学,,,537,2023,本科批,,12669,528,0,上海,综合,,,昆明医科大学
,major_line_2023,临床医学类,麻醉学,,,525,2023,本科批,,13398,525,0,上海,综合,,,昆明医科大学
,major_line_2023,临床医学类,医学影像学,,,521,2023,本科批,,14416,521,0,上海,综合,,,昆明医科大学
,major_line_2023,矿业类,碳储科学与工程,,,458,2023,本科批,,31347,452,0,上海,综合,,,华北理工大学
,major_line_2023,生物科学类,生物科学类（含生物技术、生物信息学专业）,,,453,2023,本科批,,32236,448,0,上海,综合,,,华北理工大学
,major_line_2023,化工与制药类,能源化学工程,,,451,2023,本科批,,32676,446,0,上海,综合,,,华北理工大学
,major_line_2023,临床医学类,临床医学,,,498,2023,本科批,,21695,492,0,上海,综合,,,华北理工大学
,major_line_2023,临床医学类,精神医学,,,485,2023,本科批,,24077,482,0,上海,综合,,,华北理工大学
,major_line_2023,临床医学类,临床医学,,,498,2023,本科批,,21695,492,0,上海,综合,,,华北理工大学
,major_line_2023,临床医学类,精神医学,,,485,2023,本科批,,24077,482,0,上海,综合,,,华北理工大学
,major_line_2023,矿业类,碳储科学与工程,,,458,2023,本科批,,31347,452,0,上海,综合,,,华北理工大学
,major_line_2023,生物科学类,生物科学类（含生物技术、生物信息学专业）,,,453,2023,本科批,,32236,448,0,上海,综合,,,华北理工大学
,major_line_2023,化工与制药类,能源化学工程,,,451,2023,本科批,,32676,446,0,上海,综合,,,华北理工大学
,major_line_2023,外国语言文学类,日语（外语语种为英语、日语）,,,451,2023,本科批,,31584,451,0,上海,综合,,,常熟理工学院
,major_line_2023,外国语言文学类,英语（师范类）（语种:英语）,,,455,2023,本科批,,32460,447,0,上海,综合,,,常熟理工学院
,major_line_2023,外国语言文学类,英语（语种:英语）,,,447,2023,本科批,,32460,447,0,上海,综合,,,常熟理工学院
,major_line_2023,金融学类,经济与金融,,,447,2023,本科批,,32676,446,0,上海,综合,,,常熟理工学院
,major_line_2023,外国语言文学类,德语（外语语种为英语、德语）,,,446,2023,本科批,,32676,446,0,上海,综合,,,常熟理工学院
,major_line_2023,工商管理类,财务管理,,,446,2023,本科批,,32676,446,0,上海,综合,,,常熟理工学院
,major_line_2023,物流管理与工程类,物流管理,,,446,2023,本科批,,32676,446,0,上海,综合,,,常熟理工学院
,major_line_2023,外国语言文学类,日语（外语语种为英语、日语）,,,451,2023,本科批,,31584,451,0,上海,综合,,,常熟理工学院
,major_line_2023,外国语言文学类,英语（师范类）（语种:英语）,,,455,2023,本科批,,32460,447,0,上海,综合,,,常熟理工学院
,major_line_2023,外国语言文学类,英语（语种:英语）,,,447,2023,本科批,,32460,447,0,上海,综合,,,常熟理工学院
,major_line_2023,金融学类,经济与金融,,,447,2023,本科批,,32676,446,0,上海,综合,,,常熟理工学院
,major_line_2023,外国语言文学类,德语（外语语种为英语、德语）,,,446,2023,本科批,,32676,446,0,上海,综合,,,常熟理工学院
,major_line_2023,工商管理类,财务管理,,,446,2023,本科批,,32676,446,0,上海,综合,,,常熟理工学院
,major_line_2023,物流管理与工程类,物流管理,,,446,2023,本科批,,32676,446,0,上海,综合,,,常熟理工学院
,major_line_2023,法学类,法学,,,447,2023,本科批,,33564,442,0,上海,综合,,,延安大学
,major_line_2023,社会学类,社会工作,,,434,2023,本科批,,35473,433,0,上海,综合,,,延安大学
,major_line_2023,工商管理类,工商管理,,,435,2023,本科批,,35697,432,0,上海,综合,,,延安大学
,major_line_2023,体育学类,运动康复,,,424,2023,本科批,,37931,421,0,上海,综合,,,延安大学
,major_line_2023,体育学类,运动康复,,,424,2023,本科批,,37931,421,0,上海,综合,,,延安大学
,major_line_2023,法学类,法学,,,447,2023,本科批,,33564,442,0,上海,综合,,,延安大学
,major_line_2023,社会学类,社会工作,,,434,2023,本科批,,35473,433,0,上海,综合,,,延安大学
,major_line_2023,工商管理类,工商管理,,,435,2023,本科批,,35697,432,0,上海,综合,,,延安大学
,major_line_2023,马克思主义理论类,思想政治教育,,,475,2023,本科批,,25848,475,0,上海,综合,,,中国民航大学
,major_line_2023,法学类,法学（航空法方向）（东丽校区）,,,483,2023,本科批,,24548,480,0,上海,综合,,,中国民航大学
,major_line_2023,外国语言文学类,英语（语种:英语）（东丽校区）,,,481,2023,本科批,,25081,478,0,上海,综合,,,中国民航大学
,major_line_2023,心理学类,应用心理学（东丽校区）,,,478,2023,本科批,,25081,478,0,上海,综合,,,中国民航大学
,major_line_2023,物流管理与工程类,物流管理（东丽校区）,,,487,2023,本科批,,25351,477,0,上海,综合,,,中国民航大学
,major_line_2023,公共管理类,航空安防管理（原则上只招男生。建议身体符合）（空勤人员和空中交通管制员体检鉴定医学标准）（AC-67F-S001相关规定，男生身高170cm至185cm，无色盲、色弱）（宁河校区）,,,475,2023,本科批,,25848,475,0,上海,综合,,,中国民航大学
,major_line_2023,外国语言文学类,翻译（语种:英语）（东丽校区）,,,471,2023,本科批,,27576,468,0,上海,综合,,,中国民航大学
,major_line_2023,工商管理类,工商管理类（航空运输管理方向。含经济与金融、工商管理、会计学、财务管理专业）,,,469,2023,本科批,,28319,465,0,上海,综合,,,中国民航大学
,major_line_2023,交通运输类,交通工程,,,481,2023,本科批,,24801,479,0,上海,综合,,,中国民航大学
,major_line_2023,矿业类,油气储运工程（机场供油工程方向。无色盲、色弱）,,,481,2023,本科批,,25585,476,0,上海,综合,,,中国民航大学
,major_line_2023,统计学类,统计学（民航大数据方向）,,,485,2023,本科批,,26613,472,0,上海,综合,,,中国民航大学
,major_line_2023,法学类,法学（航空法方向）（东丽校区）,,,483,2023,本科批,,24548,480,0,上海,综合,,,中国民航大学
,major_line_2023,交通运输类,交通工程,,,481,2023,本科批,,24801,479,0,上海,综合,,,中国民航大学
,major_line_2023,外国语言文学类,英语（语种:英语）（东丽校区）,,,481,2023,本科批,,25081,478,0,上海,综合,,,中国民航大学
,major_line_2023,心理学类,应用心理学（东丽校区）,,,478,2023,本科批,,25081,478,0,上海,综合,,,中国民航大学
,major_line_2023,工科试验班,工科试验班（中欧航空工程师方向。飞行器动力工程专业。无色盲、色弱。考生高考成绩超过2023年上海市特殊类型招生控制分数线40分）（含）,,,492,2023,本科批,,25351,477,0,上海,综合,,,中国民航大学
,major_line_2023,工科试验班,工科试验班（智慧空中交通管制方向。含交通运输）（空中交通管制、智慧交通专业。原则上只招男生。单眼裸视E字表4.0）（含以上，无语言、发音、听力障碍，无色盲、色弱）,,,492,2023,本科批,,25351,477,0,上海,综合,,,中国民航大学
,major_line_2023,物流管理与工程类,物流管理（东丽校区）,,,487,2023,本科批,,25351,477,0,上海,综合,,,中国民航大学
,major_line_2023,矿业类,油气储运工程（机场供油工程方向。无色盲、色弱）,,,481,2023,本科批,,25585,476,0,上海,综合,,,中国民航大学
,major_line_2023,马克思主义理论类,思想政治教育,,,475,2023,本科批,,25848,475,0,上海,综合,,,中国民航大学
,major_line_2023,公共管理类,航空安防管理（原则上只招男生。建议身体符合）（空勤人员和空中交通管制员体检鉴定医学标准）（AC-67F-S001相关规定，男生身高170cm至185cm，无色盲、色弱）（宁河校区）,,,475,2023,本科批,,25848,475,0,上海,综合,,,中国民航大学
,major_line_2023,统计学类,统计学（民航大数据方向）,,,485,2023,本科批,,26613,472,0,上海,综合,,,中国民航大学
,major_line_2023,航空航天类,飞行器适航技术,,,471,2023,本科批,,26866,471,0,上海,综合,,,中国民航大学
,major_line_2023,外国语言文学类,翻译（语种:英语）（东丽校区）,,,471,2023,本科批,,27576,468,0,上海,综合,,,中国民航大学
,major_line_2023,工商管理类,工商管理类（航空运输管理方向。含经济与金融、工商管理、会计学、财务管理专业）,,,469,2023,本科批,,28319,465,0,上海,综合,,,中国民航大学
,major_line_2023,工科试验班,工科试验班（航空航天方向。含飞行器动力工程）（航空发动机、飞行器制造工程）（飞机结构与系统、机械电子工程）（飞机机电附件、材料科学与工程、飞行器设计与工程、新能源科学与工程专业。无色盲、色弱）,,,475,2023,本科批,,29013,462,0,上海,综合,,,中国民航大学
,major_line_2023,工科试验班,工科试验班（电子信息与电气自动化方向。含电子信息工程）（航空电子、电气工程及其自动化）（航空电气、通信工程、自动化、物联网工程专业。无色盲、色弱）,,,465,2023,本科批,,30168,457,0,上海,综合,,,中国民航大学
,major_line_2023,公共管理类,交通管理（飞行运行管理方向。原则上只招男生。单眼裸视E字表4.0）（含以上，无语言、发音、听力障碍，无色盲、色弱）,,,465,2023,本科批,,30610,455,0,上海,综合,,,中国民航大学
,major_line_2023,航空航天类,无人驾驶航空器系统工程,,,471,2023,本科批,,31347,452,0,上海,综合,,,中国民航大学
,major_line_2023,大气科学类,应用气象学,,,464,2023,本科批,,31584,451,0,上海,综合,,,中国民航大学
,major_line_2023,数学类,信息与计算科学,,,452,2023,本科批,,31821,450,0,上海,综合,,,中国民航大学
,major_line_2023,工科试验班,工科试验班（智能与计算机方向。含计算机科学与技术、人工智能专业。无色盲、色弱）,,,457,2023,本科批,,32023,449,0,上海,综合,,,中国民航大学
,major_line_2023,工科试验班,工科试验班（民航安全与应急类。含安全工程、应急技术与管理专业。无色盲、色弱）,,,451,2023,本科批,,32023,449,0,上海,综合,,,中国民航大学
,major_line_2023,计算机类,信息安全（无色盲、色弱）,,,449,2023,本科批,,32023,449,0,上海,综合,,,中国民航大学
,major_line_2023,航空航天类,飞行器运维工程（无色盲、色弱）,,,455,2023,本科批,,32236,448,0,上海,综合,,,中国民航大学
,major_line_2023,土木类,土木工程,,,448,2023,本科批,,32236,448,0,上海,综合,,,中国民航大学
,major_line_2023,材料类,材料化学,,,448,2023,本科批,,32236,448,0,上海,综合,,,中国民航大学
,major_line_2023,工业工程类,工业工程（航空维修工程方向。无色盲、色弱）,,,456,2023,本科批,,32460,447,0,上海,综合,,,中国民航大学
,major_line_2023,工科试验班,工科试验班（中欧航空工程师方向。飞行器动力工程专业。无色盲、色弱。考生高考成绩超过2023年上海市特殊类型招生控制分数线40分）（含）,,,492,2023,本科批,,25351,477,0,上海,综合,,,中国民航大学
,major_line_2023,工科试验班,工科试验班（智慧空中交通管制方向。含交通运输）（空中交通管制、智慧交通专业。原则上只招男生。单眼裸视E字表4.0）（含以上，无语言、发音、听力障碍，无色盲、色弱）,,,492,2023,本科批,,25351,477,0,上海,综合,,,中国民航大学
,major_line_2023,航空航天类,飞行器适航技术,,,471,2023,本科批,,26866,471,0,上海,综合,,,中国民航大学
,major_line_2023,工科试验班,工科试验班（航空航天方向。含飞行器动力工程）（航空发动机、飞行器制造工程）（飞机结构与系统、机械电子工程）（飞机机电附件、材料科学与工程、飞行器设计与工程、新能源科学与工程专业。无色盲、色弱）,,,475,2023,本科批,,29013,462,0,上海,综合,,,中国民航大学
,major_line_2023,工科试验班,工科试验班（电子信息与电气自动化方向。含电子信息工程）（航空电子、电气工程及其自动化）（航空电气、通信工程、自动化、物联网工程专业。无色盲、色弱）,,,465,2023,本科批,,30168,457,0,上海,综合,,,中国民航大学
,major_line_2023,公共管理类,交通管理（飞行运行管理方向。原则上只招男生。单眼裸视E字表4.0）（含以上，无语言、发音、听力障碍，无色盲、色弱）,,,465,2023,本科批,,30610,455,0,上海,综合,,,中国民航大学
,major_line_2023,航空航天类,无人驾驶航空器系统工程,,,471,2023,本科批,,31347,452,0,上海,综合,,,中国民航大学
,major_line_2023,大气科学类,应用气象学,,,464,2023,本科批,,31584,451,0,上海,综合,,,中国民航大学
,major_line_2023,数学类,信息与计算科学,,,452,2023,本科批,,31821,450,0,上海,综合,,,中国民航大学
,major_line_2023,工科试验班,工科试验班（智能与计算机方向。含计算机科学与技术、人工智能专业。无色盲、色弱）,,,457,2023,本科批,,32023,449,0,上海,综合,,,中国民航大学
,major_line_2023,工科试验班,工科试验班（民航安全与应急类。含安全工程、应急技术与管理专业。无色盲、色弱）,,,451,2023,本科批,,32023,449,0,上海,综合,,,中国民航大学
,major_line_2023,计算机类,信息安全（无色盲、色弱）,,,449,2023,本科批,,32023,449,0,上海,综合,,,中国民航大学
,major_line_2023,航空航天类,飞行器运维工程（无色盲、色弱）,,,455,2023,本科批,,32236,448,0,上海,综合,,,中国民航大学
,major_line_2023,土木类,土木工程,,,448,2023,本科批,,32236,448,0,上海,综合,,,中国民航大学
,major_line_2023,材料类,材料化学,,,448,2023,本科批,,32236,448,0,上海,综合,,,中国民航大学
,major_line_2023,工业工程类,工业工程（航空维修工程方向。无色盲、色弱）,,,456,2023,本科批,,32460,447,0,上海,综合,,,中国民航大学
,major_line_2023,计算机类,软件工程（中外合作办学）（中外合作办学）,,,420,2023,本科批,,38467,418,0,上海,综合,,,中原工学院
,major_line_2023,电气类,电气工程及其自动化（中外合作办学）（中外合作办学）,,,421,2023,本科批,,38666,417,0,上海,综合,,,中原工学院
,major_line_2023,仪器类,测控技术与仪器（中外合作办学）（中外合作办学）,,,418,2023,本科批,,39040,415,0,上海,综合,,,中原工学院
,major_line_2023,计算机类,软件工程（中外合作办学）（中外合作办学）,,,420,2023,本科批,,38467,418,0,上海,综合,,,中原工学院
,major_line_2023,电气类,电气工程及其自动化（中外合作办学）（中外合作办学）,,,421,2023,本科批,,38666,417,0,上海,综合,,,中原工学院
,major_line_2023,仪器类,测控技术与仪器（中外合作办学）（中外合作办学）,,,418,2023,本科批,,39040,415,0,上海,综合,,,中原工学院
,major_line_2023,能源动力类,能源与动力工程,,,453,2023,本科批,,31094,453,0,上海,综合,,,辽宁科技大学
,major_line_2023,数学类,数据计算及应用,,,438,2023,本科批,,34431,438,0,上海,综合,,,辽宁科技大学
,major_line_2023,计算机类,软件工程（学费后两年为12700元/年）,,,437,2023,本科批,,34625,437,0,上海,综合,,,辽宁科技大学
,major_line_2023,计算机类,物联网工程,,,435,2023,本科批,,35051,435,0,上海,综合,,,辽宁科技大学
,major_line_2023,机械类,机械电子工程,,,434,2023,本科批,,35259,434,0,上海,综合,,,辽宁科技大学
,major_line_2023,化工与制药类,化学工程与工艺,,,435,2023,本科批,,35473,433,0,上海,综合,,,辽宁科技大学
,major_line_2023,材料类,冶金工程,,,423,2023,本科批,,37931,421,0,上海,综合,,,辽宁科技大学
,major_line_2023,化工与制药类,化学工程与工艺,,,435,2023,本科批,,35473,433,0,上海,综合,,,辽宁科技大学
,major_line_2023,材料类,冶金工程,,,423,2023,本科批,,37931,421,0,上海,综合,,,辽宁科技大学
,major_line_2023,能源动力类,能源与动力工程,,,453,2023,本科批,,31094,453,0,上海,综合,,,辽宁科技大学
,major_line_2023,数学类,数据计算及应用,,,438,2023,本科批,,34431,438,0,上海,综合,,,辽宁科技大学
,major_line_2023,计算机类,软件工程（学费后两年为12700元/年）,,,437,2023,本科批,,34625,437,0,上海,综合,,,辽宁科技大学
,major_line_2023,计算机类,物联网工程,,,435,2023,本科批,,35051,435,0,上海,综合,,,辽宁科技大学
,major_line_2023,机械类,机械电子工程,,,434,2023,本科批,,35259,434,0,上海,综合,,,辽宁科技大学
,major_line_2023,计算机类,计算机类（含计算机科学与技术、软件工程、网络工程、物联网工程专业）,,,464,2023,本科批,,29925,458,0,上海,综合,,,西南民族大学
,major_line_2023,电子信息类,电子信息类（含电子信息工程、通信工程、人工智能专业）,,,461,2023,本科批,,30385,456,0,上海,综合,,,西南民族大学
,major_line_2023,药学类,药学类（含药学、药物制剂专业）,,,470,2023,本科批,,28788,463,0,上海,综合,,,西南民族大学
,major_line_2023,环境科学与工程类,环境科学与工程类（含环境工程、环境科学专业）,,,463,2023,本科批,,29246,461,0,上海,综合,,,西南民族大学
,major_line_2023,社会学类,社会学类（含社会学、社会工作专业）（语种:不限在武侯校区）,,,481,2023,本科批,,24801,479,0,上海,综合,,,西南民族大学
,major_line_2023,药学类,药学类（含药学、药物制剂专业）,,,470,2023,本科批,,28788,463,0,上海,综合,,,西南民族大学
,major_line_2023,环境科学与工程类,环境科学与工程类（含环境工程、环境科学专业）,,,463,2023,本科批,,29246,461,0,上海,综合,,,西南民族大学
,major_line_2023,计算机类,计算机类（含计算机科学与技术、软件工程、网络工程、物联网工程专业）,,,464,2023,本科批,,29925,458,0,上海,综合,,,西南民族大学
,major_line_2023,电子信息类,电子信息类（含电子信息工程、通信工程、人工智能专业）,,,461,2023,本科批,,30385,456,0,上海,综合,,,西南民族大学
,major_line_2023,金融学类,金融学类（含金融学、金融工程专业）（语种:不限在航空港校区）,,,454,2023,本科批,,31347,452,0,上海,综合,,,西南民族大学
,major_line_2023,社会学类,社会学类（含社会学、社会工作专业）（语种:不限在武侯校区）,,,481,2023,本科批,,24801,479,0,上海,综合,,,西南民族大学
,major_line_2023,金融学类,金融学类（含金融学、金融工程专业）（语种:不限在航空港校区）,,,454,2023,本科批,,31347,452,0,上海,综合,,,西南民族大学
,major_line_2023,中医学类,中医学（5+3一体化。非英语语种考生慎报）,,,519,2023,本科批,,16172,514,0,上海,综合,,,辽宁中医药大学
,major_line_2023,中医学类,中医学（5+3一体化。非英语语种考生慎报）,,,519,2023,本科批,,16172,514,0,上海,综合,,,辽宁中医药大学
,major_line_2023,新闻传播学类,网络与新媒体,,,438,2023,本科批,,34431,438,0,上海,综合,,,北华大学
,major_line_2023,教育学类,小学教育,,,440,2023,本科批,,35259,434,0,上海,综合,,,北华大学
,major_line_2023,电气类,电气工程及其自动化,,,436,2023,本科批,,34853,436,0,上海,综合,,,北华大学
,major_line_2023,新闻传播学类,网络与新媒体,,,438,2023,本科批,,34431,438,0,上海,综合,,,北华大学
,major_line_2023,电气类,电气工程及其自动化,,,436,2023,本科批,,34853,436,0,上海,综合,,,北华大学
,major_line_2023,教育学类,小学教育,,,440,2023,本科批,,35259,434,0,上海,综合,,,北华大学
,major_line_2023,电子信息类,电子信息科学与技术,,,417,2023,本科批,,39440,413,0,上海,综合,,,新疆农业大学
,major_line_2023,土木类,土木工程,,,409,2023,本科批,,40349,408,0,上海,综合,,,新疆农业大学
,major_line_2023,电子信息类,电子信息科学与技术,,,417,2023,本科批,,39440,413,0,上海,综合,,,新疆农业大学
,major_line_2023,土木类,土木工程,,,409,2023,本科批,,40349,408,0,上海,综合,,,新疆农业大学
,major_line_2023,经济与贸易类,经济与贸易类（国际经济与贸易专业）,,,412,2023,本科批,,40998,404,0,上海,综合,,,新疆农业大学
,major_line_2023,工商管理类,工商管理类（含人力资源管理、会计学、市场营销专业）,,,401,2023,本科批,,42683,394,0,上海,综合,,,新疆农业大学
,major_line_2023,经济与贸易类,经济与贸易类（国际经济与贸易专业）,,,412,2023,本科批,,40998,404,0,上海,综合,,,新疆农业大学
,major_line_2023,工商管理类,工商管理类（含人力资源管理、会计学、市场营销专业）,,,401,2023,本科批,,42683,394,0,上海,综合,,,新疆农业大学
,major_line_2023,地理科学类,人文地理与城乡规划,,,466,2023,本科批,,29469,460,0,上海,综合,,,北京联合大学
,major_line_2023,旅游管理类,会展经济与管理（北四环校区）,,,452,2023,本科批,,31821,450,0,上海,综合,,,北京联合大学
,major_line_2023,工商管理类,人力资源管理（垈头校区）,,,451,2023,本科批,,31821,450,0,上海,综合,,,北京联合大学
,major_line_2023,电子信息类,人工智能,,,445,2023,本科批,,33564,442,0,上海,综合,,,北京联合大学
,major_line_2023,计算机类,软件工程,,,442,2023,本科批,,33564,442,0,上海,综合,,,北京联合大学
,major_line_2023,旅游管理类,会展经济与管理（北四环校区）,,,452,2023,本科批,,31821,450,0,上海,综合,,,北京联合大学
,major_line_2023,工商管理类,人力资源管理（垈头校区）,,,451,2023,本科批,,31821,450,0,上海,综合,,,北京联合大学
,major_line_2023,电子信息类,人工智能,,,445,2023,本科批,,33564,442,0,上海,综合,,,北京联合大学
,major_line_2023,计算机类,软件工程,,,442,2023,本科批,,33564,442,0,上海,综合,,,北京联合大学
,major_line_2023,地理科学类,人文地理与城乡规划,,,466,2023,本科批,,29469,460,0,上海,综合,,,北京联合大学
,major_line_2023,金融学类,金融数学,,,475,2023,本科批,,25848,475,0,上海,综合,,,山西财经大学
,major_line_2023,数学类,信息与计算科学,,,440,2023,本科批,,33965,440,0,上海,综合,,,山西财经大学
,major_line_2023,电子商务类,电子商务,,,436,2023,本科批,,34853,436,0,上海,综合,,,山西财经大学
,major_line_2023,金融学类,金融数学,,,475,2023,本科批,,25848,475,0,上海,综合,,,山西财经大学
,major_line_2023,金融学类,金融学,,,466,2023,本科批,,28075,466,0,上海,综合,,,山西财经大学
,major_line_2023,财政学类,财政学,,,460,2023,本科批,,29469,460,0,上海,综合,,,山西财经大学
,major_line_2023,工商管理类,财务管理,,,458,2023,本科批,,29925,458,0,上海,综合,,,山西财经大学
,major_line_2023,经济学类,能源经济,,,457,2023,本科批,,31347,452,0,上海,综合,,,山西财经大学
,major_line_2023,工商管理类,市场营销,,,452,2023,本科批,,31347,452,0,上海,综合,,,山西财经大学
,major_line_2023,工商管理类,文化产业管理,,,451,2023,本科批,,31584,451,0,上海,综合,,,山西财经大学
,major_line_2023,外国语言文学类,商务英语（语种:英语）,,,451,2023,本科批,,31584,451,0,上海,综合,,,山西财经大学
,major_line_2023,新闻传播学类,新闻学,,,450,2023,本科批,,31821,450,0,上海,综合,,,山西财经大学
,major_line_2023,物流管理与工程类,物流管理,,,450,2023,本科批,,31821,450,0,上海,综合,,,山西财经大学
,major_line_2023,数学类,信息与计算科学,,,440,2023,本科批,,33965,440,0,上海,综合,,,山西财经大学
,major_line_2023,电子商务类,电子商务,,,436,2023,本科批,,34853,436,0,上海,综合,,,山西财经大学
,major_line_2023,金融学类,金融学,,,466,2023,本科批,,28075,466,0,上海,综合,,,山西财经大学
,major_line_2023,财政学类,财政学,,,460,2023,本科批,,29469,460,0,上海,综合,,,山西财经大学
,major_line_2023,工商管理类,财务管理,,,458,2023,本科批,,29925,458,0,上海,综合,,,山西财经大学
,major_line_2023,经济学类,能源经济,,,457,2023,本科批,,31347,452,0,上海,综合,,,山西财经大学
,major_line_2023,工商管理类,市场营销,,,452,2023,本科批,,31347,452,0,上海,综合,,,山西财经大学
,major_line_2023,工商管理类,文化产业管理,,,451,2023,本科批,,31584,451,0,上海,综合,,,山西财经大学
,major_line_2023,外国语言文学类,商务英语（语种:英语）,,,451,2023,本科批,,31584,451,0,上海,综合,,,山西财经大学
,major_line_2023,新闻传播学类,新闻学,,,450,2023,本科批,,31821,450,0,上海,综合,,,山西财经大学
,major_line_2023,物流管理与工程类,物流管理,,,450,2023,本科批,,31821,450,0,上海,综合,,,山西财经大学
,major_line_2023,临床医学类,麻醉学,,,492,2023,本科批,,21695,492,0,上海,综合,,,湖北医药学院
,major_line_2023,临床医学类,医学影像学,,,490,2023,本科批,,22166,490,0,上海,综合,,,湖北医药学院
,major_line_2023,临床医学类,临床医学,,,490,2023,本科批,,22656,488,0,上海,综合,,,湖北医药学院
,major_line_2023,医学技术类,医学检验技术,,,480,2023,本科批,,24548,480,0,上海,综合,,,湖北医药学院
,major_line_2023,临床医学类,精神医学,,,480,2023,本科批,,25081,478,0,上海,综合,,,湖北医药学院
,major_line_2023,临床医学类,麻醉学,,,492,2023,本科批,,21695,492,0,上海,综合,,,湖北医药学院
,major_line_2023,临床医学类,医学影像学,,,490,2023,本科批,,22166,490,0,上海,综合,,,湖北医药学院
,major_line_2023,临床医学类,临床医学,,,490,2023,本科批,,22656,488,0,上海,综合,,,湖北医药学院
,major_line_2023,医学技术类,医学检验技术,,,480,2023,本科批,,24548,480,0,上海,综合,,,湖北医药学院
,major_line_2023,临床医学类,精神医学,,,480,2023,本科批,,25081,478,0,上海,综合,,,湖北医药学院
,major_line_2023,工商管理类,会计学,,,442,2023,本科批,,34625,437,0,上海,综合,,,河北工程大学
,major_line_2023,工商管理类,工商管理,,,437,2023,本科批,,34853,436,0,上海,综合,,,河北工程大学
,major_line_2023,机械类,车辆工程,,,431,2023,本科批,,36113,430,0,上海,综合,,,河北工程大学
,major_line_2023,能源动力类,新能源科学与工程,,,429,2023,本科批,,36503,428,0,上海,综合,,,河北工程大学
,major_line_2023,土木类,土木工程,,,428,2023,本科批,,36503,428,0,上海,综合,,,河北工程大学
,major_line_2023,工商管理类,会计学,,,442,2023,本科批,,34625,437,0,上海,综合,,,河北工程大学
,major_line_2023,工商管理类,工商管理,,,437,2023,本科批,,34853,436,0,上海,综合,,,河北工程大学
,major_line_2023,机械类,车辆工程,,,431,2023,本科批,,36113,430,0,上海,综合,,,河北工程大学
,major_line_2023,能源动力类,新能源科学与工程,,,429,2023,本科批,,36503,428,0,上海,综合,,,河北工程大学
,major_line_2023,土木类,土木工程,,,428,2023,本科批,,36503,428,0,上海,综合,,,河北工程大学
,major_line_2023,动物医学类,动物医学,,,486,2023,本科批,,23115,486,0,上海,综合,,,云南农业大学
,major_line_2023,动物医学类,动植物检疫（植物检疫方向）,,,476,2023,本科批,,25585,476,0,上海,综合,,,云南农业大学
,major_line_2023,生物科学类,生物技术,,,464,2023,本科批,,28564,464,0,上海,综合,,,云南农业大学
,major_line_2023,植物生产类,农学,,,463,2023,本科批,,28788,463,0,上海,综合,,,云南农业大学
,major_line_2023,食品科学与工程类,食品质量与安全,,,457,2023,本科批,,30168,457,0,上海,综合,,,云南农业大学
,major_line_2023,动物医学类,动物医学,,,486,2023,本科批,,23115,486,0,上海,综合,,,云南农业大学
,major_line_2023,动物医学类,动植物检疫（植物检疫方向）,,,476,2023,本科批,,25585,476,0,上海,综合,,,云南农业大学
,major_line_2023,生物科学类,生物技术,,,464,2023,本科批,,28564,464,0,上海,综合,,,云南农业大学
,major_line_2023,植物生产类,农学,,,463,2023,本科批,,28788,463,0,上海,综合,,,云南农业大学
,major_line_2023,食品科学与工程类,食品质量与安全,,,457,2023,本科批,,30168,457,0,上海,综合,,,云南农业大学
,major_line_2023,物流管理与工程类,物流管理,,,449,2023,本科批,,32460,447,0,上海,综合,,,盐城工学院
,major_line_2023,电气类,电气工程及其自动化,,,440,2023,本科批,,33965,440,0,上海,综合,,,盐城工学院
,major_line_2023,电气类,电气工程及其自动化,,,440,2023,本科批,,33965,440,0,上海,综合,,,盐城工学院
,major_line_2023,物流管理与工程类,物流管理,,,449,2023,本科批,,32460,447,0,上海,综合,,,盐城工学院
,major_line_2023,计算机类,计算机科学与技术（主校区）,,,439,2023,本科批,,34170,439,0,上海,综合,,,太原科技大学
,major_line_2023,机械类,机械设计制造及其自动化（南校区）,,,438,2023,本科批,,34431,438,0,上海,综合,,,太原科技大学
,major_line_2023,电气类,电气工程及其自动化（南校区）,,,434,2023,本科批,,35259,434,0,上海,综合,,,太原科技大学
,major_line_2023,电子信息类,电子信息工程（南校区）,,,434,2023,本科批,,35259,434,0,上海,综合,,,太原科技大学
,major_line_2023,计算机类,计算机科学与技术（主校区）,,,439,2023,本科批,,34170,439,0,上海,综合,,,太原科技大学
,major_line_2023,机械类,机械设计制造及其自动化（南校区）,,,438,2023,本科批,,34431,438,0,上海,综合,,,太原科技大学
,major_line_2023,电气类,电气工程及其自动化（南校区）,,,434,2023,本科批,,35259,434,0,上海,综合,,,太原科技大学
,major_line_2023,电子信息类,电子信息工程（南校区）,,,434,2023,本科批,,35259,434,0,上海,综合,,,太原科技大学
,major_line_2023,机械类,机械类（含机械设计制造及其自动化、机械电子工程专业）,,,440,2023,本科批,,33965,440,0,上海,综合,,,重庆科技大学
,major_line_2023,工商管理类,工商管理类（含会计学、人力资源管理、市场营销专业）,,,442,2023,本科批,,34170,439,0,上海,综合,,,重庆科技大学
,major_line_2023,机械类,机械类（含机械设计制造及其自动化、机械电子工程专业）,,,440,2023,本科批,,33965,440,0,上海,综合,,,重庆科技大学
,major_line_2023,工商管理类,工商管理类（含会计学、人力资源管理、市场营销专业）,,,442,2023,本科批,,34170,439,0,上海,综合,,,重庆科技大学
,major_line_2023,食品科学与工程类,食品科学与工程（无色盲、色弱）,,,466,2023,本科批,,28075,466,0,上海,综合,,,广东海洋大学
,major_line_2023,计算机类,计算机科学与技术（单色识别不全者不取）,,,462,2023,本科批,,29013,462,0,上海,综合,,,广东海洋大学
,major_line_2023,海洋科学类,海洋科学（无色盲）,,,457,2023,本科批,,30168,457,0,上海,综合,,,广东海洋大学
,major_line_2023,电气类,电气工程及其自动化,,,442,2023,本科批,,33564,442,0,上海,综合,,,广东海洋大学
,major_line_2023,能源动力类,能源与动力工程,,,441,2023,本科批,,33766,441,0,上海,综合,,,广东海洋大学
,major_line_2023,大气科学类,大气科学（无色盲）,,,439,2023,本科批,,34170,439,0,上海,综合,,,广东海洋大学
,major_line_2023,食品科学与工程类,食品科学与工程（无色盲、色弱）,,,466,2023,本科批,,28075,466,0,上海,综合,,,广东海洋大学
,major_line_2023,电气类,电气工程及其自动化,,,442,2023,本科批,,33564,442,0,上海,综合,,,广东海洋大学
,major_line_2023,能源动力类,能源与动力工程,,,441,2023,本科批,,33766,441,0,上海,综合,,,广东海洋大学
,major_line_2023,大气科学类,大气科学（无色盲）,,,439,2023,本科批,,34170,439,0,上海,综合,,,广东海洋大学
,major_line_2023,海洋科学类,海洋科学（无色盲）,,,457,2023,本科批,,30168,457,0,上海,综合,,,广东海洋大学
,major_line_2023,计算机类,计算机科学与技术（单色识别不全者不取）,,,462,2023,本科批,,29013,462,0,上海,综合,,,广东海洋大学
,major_line_2023,工商管理类,人力资源管理,,,445,2023,本科批,,33327,443,0,上海,综合,,,大连海洋大学
,major_line_2023,机械类,机械设计制造及其自动化,,,441,2023,本科批,,33965,440,0,上海,综合,,,大连海洋大学
,major_line_2023,金融学类,经济与金融,,,439,2023,本科批,,34625,437,0,上海,综合,,,大连海洋大学
,major_line_2023,能源动力类,能源与动力工程,,,438,2023,本科批,,34625,437,0,上海,综合,,,大连海洋大学
,major_line_2023,海洋工程类,船舶与海洋工程,,,437,2023,本科批,,34853,436,0,上海,综合,,,大连海洋大学
,major_line_2023,工商管理类,人力资源管理,,,445,2023,本科批,,33327,443,0,上海,综合,,,大连海洋大学
,major_line_2023,金融学类,经济与金融,,,439,2023,本科批,,34625,437,0,上海,综合,,,大连海洋大学
,major_line_2023,机械类,机械设计制造及其自动化,,,441,2023,本科批,,33965,440,0,上海,综合,,,大连海洋大学
,major_line_2023,能源动力类,能源与动力工程,,,438,2023,本科批,,34625,437,0,上海,综合,,,大连海洋大学
,major_line_2023,海洋工程类,船舶与海洋工程,,,437,2023,本科批,,34853,436,0,上海,综合,,,大连海洋大学
,major_line_2023,临床医学类,临床医学,,,510,2023,本科批,,17863,507,0,上海,综合,,,山东第二医科大学
,major_line_2023,临床医学类,麻醉学,,,504,2023,本科批,,18898,503,0,上海,综合,,,山东第二医科大学
,major_line_2023,医学技术类,医学影像技术,,,497,2023,本科批,,20398,497,0,上海,综合,,,山东第二医科大学
,major_line_2023,临床医学类,临床医学,,,510,2023,本科批,,17863,507,0,上海,综合,,,山东第二医科大学
,major_line_2023,临床医学类,麻醉学,,,504,2023,本科批,,18898,503,0,上海,综合,,,山东第二医科大学
,major_line_2023,医学技术类,医学影像技术,,,497,2023,本科批,,20398,497,0,上海,综合,,,山东第二医科大学
,major_line_2023,经济学类,经济学（单色识别不全者不取）,,,471,2023,本科批,,28319,465,0,上海,综合,,,重庆工商大学
,major_line_2023,金融学类,金融学类（含金融学、金融工程、保险学、投资学专业）,,,466,2023,本科批,,30168,457,0,上海,综合,,,重庆工商大学
,major_line_2023,工商管理类,工商管理类（含工商管理、人力资源管理、市场营销、国际商务专业。单色识别不全者不取）,,,454,2023,本科批,,31094,453,0,上海,综合,,,重庆工商大学
,major_line_2023,新闻传播学类,新闻传播学类（含新闻学、广播电视学、广告学、网络与新媒体专业）,,,450,2023,本科批,,31821,450,0,上海,综合,,,重庆工商大学
,major_line_2023,电子商务类,电子商务,,,444,2023,本科批,,34431,438,0,上海,综合,,,重庆工商大学
,major_line_2023,旅游管理类,旅游管理类（含旅游管理、酒店管理、会展经济与管理专业）,,,438,2023,本科批,,37730,422,0,上海,综合,,,重庆工商大学
,major_line_2023,经济学类,经济学（单色识别不全者不取）,,,471,2023,本科批,,28319,465,0,上海,综合,,,重庆工商大学
,major_line_2023,金融学类,金融学类（含金融学、金融工程、保险学、投资学专业）,,,466,2023,本科批,,30168,457,0,上海,综合,,,重庆工商大学
,major_line_2023,工商管理类,工商管理类（含工商管理、人力资源管理、市场营销、国际商务专业。单色识别不全者不取）,,,454,2023,本科批,,31094,453,0,上海,综合,,,重庆工商大学
,major_line_2023,新闻传播学类,新闻传播学类（含新闻学、广播电视学、广告学、网络与新媒体专业）,,,450,2023,本科批,,31821,450,0,上海,综合,,,重庆工商大学
,major_line_2023,电子商务类,电子商务,,,444,2023,本科批,,34431,438,0,上海,综合,,,重庆工商大学
,major_line_2023,旅游管理类,旅游管理类（含旅游管理、酒店管理、会展经济与管理专业）,,,438,2023,本科批,,37730,422,0,上海,综合,,,重庆工商大学
,major_line_2023,工商管理类,工商管理类（含工商管理、财务管理、人力资源管理、会计学专业）,,,414,2023,本科批,,40174,409,0,上海,综合,,,塔里木大学
,major_line_2023,物流管理与工程类,物流管理,,,408,2023,本科批,,40830,405,0,上海,综合,,,塔里木大学
,major_line_2023,工商管理类,工商管理类（含工商管理、财务管理、人力资源管理、会计学专业）,,,414,2023,本科批,,40174,409,0,上海,综合,,,塔里木大学
,major_line_2023,物流管理与工程类,物流管理,,,408,2023,本科批,,40830,405,0,上海,综合,,,塔里木大学
,major_line_2023,法学类,法学,,,471,2023,本科批,,28075,466,0,上海,综合,,,西华大学
,major_line_2023,工商管理类,财务管理,,,451,2023,本科批,,31821,450,0,上海,综合,,,西华大学
,major_line_2023,工商管理类,工商管理,,,448,2023,本科批,,32897,445,0,上海,综合,,,西华大学
,major_line_2023,法学类,法学,,,471,2023,本科批,,28075,466,0,上海,综合,,,西华大学
,major_line_2023,工商管理类,财务管理,,,451,2023,本科批,,31821,450,0,上海,综合,,,西华大学
,major_line_2023,工商管理类,工商管理,,,448,2023,本科批,,32897,445,0,上海,综合,,,西华大学
,major_line_2023,中国语言文学类,汉语言文学,,,444,2023,本科批,,33327,443,0,上海,综合,,,湖南理工学院
,major_line_2023,法学类,法学,,,439,2023,本科批,,34625,437,0,上海,综合,,,湖南理工学院
,major_line_2023,工商管理类,人力资源管理,,,438,2023,本科批,,34853,436,0,上海,综合,,,湖南理工学院
,major_line_2023,经济与贸易类,国际经济与贸易,,,437,2023,本科批,,34853,436,0,上海,综合,,,湖南理工学院
,major_line_2023,新闻传播学类,广告学,,,436,2023,本科批,,35259,434,0,上海,综合,,,湖南理工学院
,major_line_2023,机械类,机械设计制造及其自动化,,,435,2023,本科批,,35259,434,0,上海,综合,,,湖南理工学院
,major_line_2023,计算机类,计算机科学与技术,,,435,2023,本科批,,35259,434,0,上海,综合,,,湖南理工学院
,major_line_2023,电子信息类,电子信息工程,,,435,2023,本科批,,35473,433,0,上海,综合,,,湖南理工学院
,major_line_2023,外国语言文学类,朝鲜语,,,433,2023,本科批,,35473,433,0,上海,综合,,,湖南理工学院
,major_line_2023,自动化类,自动化,,,433,2023,本科批,,35697,432,0,上海,综合,,,湖南理工学院
,major_line_2023,机械类,材料成型及控制工程,,,433,2023,本科批,,35697,432,0,上海,综合,,,湖南理工学院
,major_line_2023,电子信息类,电子科学与技术,,,433,2023,本科批,,35904,431,0,上海,综合,,,湖南理工学院
,major_line_2023,电子信息类,通信工程,,,432,2023,本科批,,35904,431,0,上海,综合,,,湖南理工学院
,major_line_2023,土木类,土木工程,,,430,2023,本科批,,36303,429,0,上海,综合,,,湖南理工学院
,major_line_2023,化学类,应用化学（中外合作办学）（中外合作办学）,,,428,2023,本科批,,37110,425,0,上海,综合,,,湖南理工学院
,major_line_2023,机械类,机械设计制造及其自动化,,,435,2023,本科批,,35259,434,0,上海,综合,,,湖南理工学院
,major_line_2023,计算机类,计算机科学与技术,,,435,2023,本科批,,35259,434,0,上海,综合,,,湖南理工学院
,major_line_2023,电子信息类,电子信息工程,,,435,2023,本科批,,35473,433,0,上海,综合,,,湖南理工学院
,major_line_2023,自动化类,自动化,,,433,2023,本科批,,35697,432,0,上海,综合,,,湖南理工学院
,major_line_2023,机械类,材料成型及控制工程,,,433,2023,本科批,,35697,432,0,上海,综合,,,湖南理工学院
,major_line_2023,电子信息类,电子科学与技术,,,433,2023,本科批,,35904,431,0,上海,综合,,,湖南理工学院
,major_line_2023,电子信息类,通信工程,,,432,2023,本科批,,35904,431,0,上海,综合,,,湖南理工学院
,major_line_2023,土木类,土木工程,,,430,2023,本科批,,36303,429,0,上海,综合,,,湖南理工学院
,major_line_2023,中国语言文学类,汉语言文学,,,444,2023,本科批,,33327,443,0,上海,综合,,,湖南理工学院
,major_line_2023,法学类,法学,,,439,2023,本科批,,34625,437,0,上海,综合,,,湖南理工学院
,major_line_2023,工商管理类,人力资源管理,,,438,2023,本科批,,34853,436,0,上海,综合,,,湖南理工学院
,major_line_2023,经济与贸易类,国际经济与贸易,,,437,2023,本科批,,34853,436,0,上海,综合,,,湖南理工学院
,major_line_2023,新闻传播学类,广告学,,,436,2023,本科批,,35259,434,0,上海,综合,,,湖南理工学院
,major_line_2023,外国语言文学类,朝鲜语,,,433,2023,本科批,,35473,433,0,上海,综合,,,湖南理工学院
,major_line_2023,化学类,应用化学（中外合作办学）（中外合作办学）,,,428,2023,本科批,,37110,425,0,上海,综合,,,湖南理工学院
,major_line_2023,临床医学类,临床医学（无色盲、色弱）,,,478,2023,本科批,,25351,477,0,上海,综合,,,大理大学
,major_line_2023,临床医学类,医学影像学（无色盲、色弱）,,,492,2023,本科批,,23115,486,0,上海,综合,,,大理大学
,major_line_2023,口腔医学类,口腔医学（无色盲、色弱）,,,516,2023,本科批,,15916,515,0,上海,综合,,,大理大学
,major_line_2023,临床医学类,医学影像学（无色盲、色弱）,,,492,2023,本科批,,23115,486,0,上海,综合,,,大理大学
,major_line_2023,临床医学类,临床医学（无色盲、色弱）,,,478,2023,本科批,,25351,477,0,上海,综合,,,大理大学
,major_line_2023,经济学类,经济学,,,438,2023,本科批,,35473,433,0,上海,综合,,,大理大学
,major_line_2023,工商管理类,工商管理类（含工商管理、财务管理专业）,,,435,2023,本科批,,35697,432,0,上海,综合,,,大理大学
,major_line_2023,口腔医学类,口腔医学（无色盲、色弱）,,,516,2023,本科批,,15916,515,0,上海,综合,,,大理大学
,major_line_2023,经济学类,经济学,,,438,2023,本科批,,35473,433,0,上海,综合,,,大理大学
,major_line_2023,工商管理类,工商管理类（含工商管理、财务管理专业）,,,435,2023,本科批,,35697,432,0,上海,综合,,,大理大学
,major_line_2023,历史学类,文物与博物馆学,,,474,2023,本科批,,26112,474,0,上海,综合,,,景德镇陶瓷大学
,major_line_2023,历史学类,文化遗产,,,467,2023,本科批,,27818,467,0,上海,综合,,,景德镇陶瓷大学
,major_line_2023,历史学类,考古学,,,458,2023,本科批,,29925,458,0,上海,综合,,,景德镇陶瓷大学
,major_line_2023,历史学类,文物保护技术,,,450,2023,本科批,,31821,450,0,上海,综合,,,景德镇陶瓷大学
,major_line_2023,法学类,法学,,,443,2023,本科批,,33327,443,0,上海,综合,,,景德镇陶瓷大学
,major_line_2023,工商管理类,工商管理类（含工商管理、市场营销、会计学、财务管理专业）,,,440,2023,本科批,,34431,438,0,上海,综合,,,景德镇陶瓷大学
,major_line_2023,外国语言文学类,日语,,,436,2023,本科批,,34853,436,0,上海,综合,,,景德镇陶瓷大学
,major_line_2023,教育学类,艺术教育,,,436,2023,本科批,,34853,436,0,上海,综合,,,景德镇陶瓷大学
,major_line_2023,法学类,法学,,,443,2023,本科批,,33327,443,0,上海,综合,,,景德镇陶瓷大学
,major_line_2023,工商管理类,工商管理类（含工商管理、市场营销、会计学、财务管理专业）,,,440,2023,本科批,,34431,438,0,上海,综合,,,景德镇陶瓷大学
,major_line_2023,外国语言文学类,日语,,,436,2023,本科批,,34853,436,0,上海,综合,,,景德镇陶瓷大学
,major_line_2023,教育学类,艺术教育,,,436,2023,本科批,,34853,436,0,上海,综合,,,景德镇陶瓷大学
,major_line_2023,历史学类,文化遗产,,,467,2023,本科批,,27818,467,0,上海,综合,,,景德镇陶瓷大学
,major_line_2023,历史学类,文物保护技术,,,450,2023,本科批,,31821,450,0,上海,综合,,,景德镇陶瓷大学
,major_line_2023,历史学类,文物与博物馆学,,,474,2023,本科批,,26112,474,0,上海,综合,,,景德镇陶瓷大学
,major_line_2023,历史学类,考古学,,,458,2023,本科批,,29925,458,0,上海,综合,,,景德镇陶瓷大学
,major_line_2023,工商管理类,会计学,,,473,2023,本科批,,28319,465,0,上海,综合,,,吉林财经大学
,major_line_2023,金融学类,金融学,,,456,2023,本科批,,30610,455,0,上海,综合,,,吉林财经大学
,major_line_2023,工商管理类,审计学,,,455,2023,本科批,,30610,455,0,上海,综合,,,吉林财经大学
,major_line_2023,经济学类,经济学,,,455,2023,本科批,,31347,452,0,上海,综合,,,吉林财经大学
,major_line_2023,法学类,法学,,,452,2023,本科批,,31347,452,0,上海,综合,,,吉林财经大学
,major_line_2023,财政学类,国际税收,,,457,2023,本科批,,31584,451,0,上海,综合,,,吉林财经大学
,major_line_2023,工商管理类,会计学,,,473,2023,本科批,,28319,465,0,上海,综合,,,吉林财经大学
,major_line_2023,金融学类,金融学,,,456,2023,本科批,,30610,455,0,上海,综合,,,吉林财经大学
,major_line_2023,工商管理类,审计学,,,455,2023,本科批,,30610,455,0,上海,综合,,,吉林财经大学
,major_line_2023,经济学类,经济学,,,455,2023,本科批,,31347,452,0,上海,综合,,,吉林财经大学
,major_line_2023,法学类,法学,,,452,2023,本科批,,31347,452,0,上海,综合,,,吉林财经大学
,major_line_2023,财政学类,国际税收,,,457,2023,本科批,,31584,451,0,上海,综合,,,吉林财经大学
,major_line_2023,外国语言文学类,英语（语种:英语）,,,490,2023,本科批,,22878,487,0,上海,综合,,,四川外国语大学
,major_line_2023,外国语言文学类,商务英语（语种:英语）,,,482,2023,本科批,,24317,481,0,上海,综合,,,四川外国语大学
,major_line_2023,外国语言文学类,西班牙语,,,497,2023,本科批,,20893,495,0,上海,综合,,,四川外国语大学
,major_line_2023,物流管理与工程类,物流管理（中外合作办学）（与法国斯特拉斯堡大学合作）（中外合作办学）,,,472,2023,本科批,,26866,471,0,上海,综合,,,四川外国语大学
,major_line_2023,法学类,法学,,,484,2023,本科批,,23814,483,0,上海,综合,,,四川外国语大学
,major_line_2023,金融学类,金融科技,,,480,2023,本科批,,24801,479,0,上海,综合,,,四川外国语大学
,major_line_2023,新闻传播学类,国际新闻与传播,,,480,2023,本科批,,24801,479,0,上海,综合,,,四川外国语大学
,major_line_2023,外国语言文学类,西班牙语,,,497,2023,本科批,,20893,495,0,上海,综合,,,四川外国语大学
,major_line_2023,外国语言文学类,英语（语种:英语）,,,490,2023,本科批,,22878,487,0,上海,综合,,,四川外国语大学
,major_line_2023,法学类,法学,,,484,2023,本科批,,23814,483,0,上海,综合,,,四川外国语大学
,major_line_2023,外国语言文学类,商务英语（语种:英语）,,,482,2023,本科批,,24317,481,0,上海,综合,,,四川外国语大学
,major_line_2023,金融学类,金融科技,,,480,2023,本科批,,24801,479,0,上海,综合,,,四川外国语大学
,major_line_2023,新闻传播学类,国际新闻与传播,,,480,2023,本科批,,24801,479,0,上海,综合,,,四川外国语大学
,major_line_2023,物流管理与工程类,物流管理（中外合作办学）（与法国斯特拉斯堡大学合作）（中外合作办学）,,,472,2023,本科批,,26866,471,0,上海,综合,,,四川外国语大学
,major_line_2023,教育学类,小学教育,,,463,2023,本科批,,28788,463,0,上海,综合,,,吉林师范大学
,major_line_2023,经济与贸易类,国际经济与贸易,,,451,2023,本科批,,31584,451,0,上海,综合,,,吉林师范大学
,major_line_2023,教育学类,教育学,,,449,2023,本科批,,32023,449,0,上海,综合,,,吉林师范大学
,major_line_2023,旅游管理类,旅游管理,,,445,2023,本科批,,32897,445,0,上海,综合,,,吉林师范大学
,major_line_2023,新闻传播学类,新闻学,,,441,2023,本科批,,33766,441,0,上海,综合,,,吉林师范大学
,major_line_2023,新闻传播学类,编辑出版学,,,439,2023,本科批,,34170,439,0,上海,综合,,,吉林师范大学
,major_line_2023,外国语言文学类,德语（语种:英语）,,,429,2023,本科批,,38467,418,0,上海,综合,,,吉林师范大学
,major_line_2023,教育学类,小学教育,,,463,2023,本科批,,28788,463,0,上海,综合,,,吉林师范大学
,major_line_2023,经济与贸易类,国际经济与贸易,,,451,2023,本科批,,31584,451,0,上海,综合,,,吉林师范大学
,major_line_2023,教育学类,教育学,,,449,2023,本科批,,32023,449,0,上海,综合,,,吉林师范大学
,major_line_2023,旅游管理类,旅游管理,,,445,2023,本科批,,32897,445,0,上海,综合,,,吉林师范大学
,major_line_2023,新闻传播学类,新闻学,,,441,2023,本科批,,33766,441,0,上海,综合,,,吉林师范大学
,major_line_2023,新闻传播学类,编辑出版学,,,439,2023,本科批,,34170,439,0,上海,综合,,,吉林师范大学
,major_line_2023,外国语言文学类,德语（语种:英语）,,,429,2023,本科批,,38467,418,0,上海,综合,,,吉林师范大学
,major_line_2023,临床医学类,临床医学（无色盲、色弱）,,,531,2023,本科批,,14416,521,0,上海,综合,,,广东医科大学
,major_line_2023,公共卫生与预防医学类,预防医学（无色盲、色弱）,,,498,2023,本科批,,21165,494,0,上海,综合,,,广东医科大学
,major_line_2023,临床医学类,临床医学（无色盲、色弱）,,,531,2023,本科批,,14416,521,0,上海,综合,,,广东医科大学
,major_line_2023,公共卫生与预防医学类,预防医学（无色盲、色弱）,,,498,2023,本科批,,21165,494,0,上海,综合,,,广东医科大学
,major_line_2023,心理学类,应用心理学,,,454,2023,本科批,,32897,445,0,上海,综合,,,盐城师范学院
,major_line_2023,心理学类,应用心理学,,,454,2023,本科批,,32897,445,0,上海,综合,,,盐城师范学院
,major_line_2023,工商管理类,会计学,,,457,2023,本科批,,30385,456,0,上海,综合,,,江苏理工学院
,major_line_2023,金融学类,金融学,,,456,2023,本科批,,30610,455,0,上海,综合,,,江苏理工学院
,major_line_2023,外国语言文学类,英语（语种:英语）,,,459,2023,本科批,,30852,454,0,上海,综合,,,江苏理工学院
,major_line_2023,环境科学与工程类,环境工程（中外合作办学）（第四年起赴德国梅泽堡应用技术大学学习一年半，学费另算）（中外合作办学）,,,444,2023,本科批,,33094,444,0,上海,综合,,,江苏理工学院
,major_line_2023,计算机类,物联网工程,,,441,2023,本科批,,33766,441,0,上海,综合,,,江苏理工学院
,major_line_2023,环境科学与工程类,环境工程（中外合作办学）（第四年起赴德国梅泽堡应用技术大学学习一年半，学费另算）（中外合作办学）,,,444,2023,本科批,,33094,444,0,上海,综合,,,江苏理工学院
,major_line_2023,工商管理类,会计学,,,457,2023,本科批,,30385,456,0,上海,综合,,,江苏理工学院
,major_line_2023,金融学类,金融学,,,456,2023,本科批,,30610,455,0,上海,综合,,,江苏理工学院
,major_line_2023,外国语言文学类,英语（语种:英语）,,,459,2023,本科批,,30852,454,0,上海,综合,,,江苏理工学院
,major_line_2023,计算机类,物联网工程,,,441,2023,本科批,,33766,441,0,上海,综合,,,江苏理工学院
,major_line_2023,教育学类,学前教育（师范）（长江路校区）,,,468,2023,本科批,,30385,456,0,上海,综合,,,淮阴师范学院
,major_line_2023,新闻传播学类,广告学（长江路校区）,,,435,2023,本科批,,37110,425,0,上海,综合,,,淮阴师范学院
,major_line_2023,法学类,知识产权（交通路校区）,,,435,2023,本科批,,37331,424,0,上海,综合,,,淮阴师范学院
,major_line_2023,中国语言文学类,汉语国际教育（长江路校区）,,,433,2023,本科批,,37331,424,0,上海,综合,,,淮阴师范学院
,major_line_2023,教育学类,学前教育（师范）（长江路校区）,,,468,2023,本科批,,30385,456,0,上海,综合,,,淮阴师范学院
,major_line_2023,新闻传播学类,广告学（长江路校区）,,,435,2023,本科批,,37110,425,0,上海,综合,,,淮阴师范学院
,major_line_2023,法学类,知识产权（交通路校区）,,,435,2023,本科批,,37331,424,0,上海,综合,,,淮阴师范学院
,major_line_2023,中国语言文学类,汉语国际教育（长江路校区）,,,433,2023,本科批,,37331,424,0,上海,综合,,,淮阴师范学院
,major_line_2023,中国语言文学类,汉语言文学,,,454,2023,本科批,,31347,452,0,上海,综合,,,福建理工大学
,major_line_2023,法学类,法学,,,448,2023,本科批,,33094,444,0,上海,综合,,,福建理工大学
,major_line_2023,新闻传播学类,新闻学,,,446,2023,本科批,,33327,443,0,上海,综合,,,福建理工大学
,major_line_2023,新闻传播学类,网络与新媒体,,,444,2023,本科批,,33327,443,0,上海,综合,,,福建理工大学
,major_line_2023,中国语言文学类,汉语言文学,,,454,2023,本科批,,31347,452,0,上海,综合,,,福建理工大学
,major_line_2023,法学类,法学,,,448,2023,本科批,,33094,444,0,上海,综合,,,福建理工大学
,major_line_2023,新闻传播学类,新闻学,,,446,2023,本科批,,33327,443,0,上海,综合,,,福建理工大学
,major_line_2023,新闻传播学类,网络与新媒体,,,444,2023,本科批,,33327,443,0,上海,综合,,,福建理工大学
,major_line_2023,药学类,药学,,,447,2023,本科批,,32460,447,0,上海,综合,,,江西中医药大学
,major_line_2023,中药学类,中药制药,,,441,2023,本科批,,34625,437,0,上海,综合,,,江西中医药大学
,major_line_2023,中医学类,中医学,,,519,2023,本科批,,16423,513,0,上海,综合,,,江西中医药大学
,major_line_2023,中医学类,针灸推拿学,,,512,2023,本科批,,16670,512,0,上海,综合,,,江西中医药大学
,major_line_2023,中医学类,中医骨伤科学,,,506,2023,本科批,,18635,504,0,上海,综合,,,江西中医药大学
,major_line_2023,中西医结合类,中西医临床医学,,,505,2023,本科批,,18635,504,0,上海,综合,,,江西中医药大学
,major_line_2023,中医学类,中医学,,,519,2023,本科批,,16423,513,0,上海,综合,,,江西中医药大学
,major_line_2023,中医学类,针灸推拿学,,,512,2023,本科批,,16670,512,0,上海,综合,,,江西中医药大学
,major_line_2023,中医学类,中医骨伤科学,,,506,2023,本科批,,18635,504,0,上海,综合,,,江西中医药大学
,major_line_2023,中西医结合类,中西医临床医学,,,505,2023,本科批,,18635,504,0,上海,综合,,,江西中医药大学
,major_line_2023,药学类,药学,,,447,2023,本科批,,32460,447,0,上海,综合,,,江西中医药大学
,major_line_2023,中药学类,中药制药,,,441,2023,本科批,,34625,437,0,上海,综合,,,江西中医药大学
,major_line_2023,环境科学与工程类,环境工程,,,437,2023,本科批,,34853,436,0,上海,综合,,,河北地质大学
,major_line_2023,材料类,材料类（料科学与工程专业）,,,441,2023,本科批,,34431,438,0,上海,综合,,,河北地质大学
,major_line_2023,材料类,材料类（料科学与工程专业）,,,441,2023,本科批,,34431,438,0,上海,综合,,,河北地质大学
,major_line_2023,环境科学与工程类,环境工程,,,437,2023,本科批,,34853,436,0,上海,综合,,,河北地质大学
,major_line_2023,外国语言文学类,法语,,,437,2023,本科批,,35051,435,0,上海,综合,,,河北地质大学
,major_line_2023,新闻传播学类,广告学,,,436,2023,本科批,,35473,433,0,上海,综合,,,河北地质大学
,major_line_2023,工商管理类,工商管理类（财会方向。含会计学、审计学、财务管理专业）,,,433,2023,本科批,,36113,430,0,上海,综合,,,河北地质大学
,major_line_2023,公共管理类,公共管理类（含行政管理、劳动与社会保障专业）,,,429,2023,本科批,,36303,429,0,上海,综合,,,河北地质大学
,major_line_2023,土木类,土木类,,,424,2023,本科批,,37531,423,0,上海,综合,,,河北地质大学
,major_line_2023,土木类,土木类,,,424,2023,本科批,,37531,423,0,上海,综合,,,河北地质大学
,major_line_2023,外国语言文学类,法语,,,437,2023,本科批,,35051,435,0,上海,综合,,,河北地质大学
,major_line_2023,新闻传播学类,广告学,,,436,2023,本科批,,35473,433,0,上海,综合,,,河北地质大学
,major_line_2023,工商管理类,工商管理类（财会方向。含会计学、审计学、财务管理专业）,,,433,2023,本科批,,36113,430,0,上海,综合,,,河北地质大学
,major_line_2023,公共管理类,公共管理类（含行政管理、劳动与社会保障专业）,,,429,2023,本科批,,36303,429,0,上海,综合,,,河北地质大学
,major_line_2023,中国语言文学类,汉语言文学（师范）,,,494,2023,本科批,,21165,494,0,上海,综合,,,淮北师范大学
,major_line_2023,生物科学类,生物科学（师范）（语种:不限在相山校区）,,,474,2023,本科批,,26112,474,0,上海,综合,,,淮北师范大学
,major_line_2023,心理学类,应用心理学（师范）（语种:不限在滨湖校区）,,,466,2023,本科批,,28075,466,0,上海,综合,,,淮北师范大学
,major_line_2023,生物工程类,生物工程（语种:不限在相山校区）,,,463,2023,本科批,,28788,463,0,上海,综合,,,淮北师范大学
,major_line_2023,教育学类,特殊教育（师范）（语种:不限在滨湖校区）,,,463,2023,本科批,,28788,463,0,上海,综合,,,淮北师范大学
,major_line_2023,法学类,法学（语种:不限在滨湖校区）,,,462,2023,本科批,,29013,462,0,上海,综合,,,淮北师范大学
,major_line_2023,环境科学与工程类,环境科学（语种:不限在相山校区）,,,458,2023,本科批,,29925,458,0,上海,综合,,,淮北师范大学
,major_line_2023,环境科学与工程类,环境生态工程（语种:不限在相山校区）,,,457,2023,本科批,,30168,457,0,上海,综合,,,淮北师范大学
,major_line_2023,统计学类,统计学（语种:不限在滨湖校区）,,,454,2023,本科批,,30852,454,0,上海,综合,,,淮北师范大学
,major_line_2023,物流管理与工程类,物流管理（语种:不限在滨湖校区）,,,452,2023,本科批,,31347,452,0,上海,综合,,,淮北师范大学
,major_line_2023,化学类,应用化学,,,451,2023,本科批,,31584,451,0,上海,综合,,,淮北师范大学
,major_line_2023,新闻传播学类,新闻学（语种:不限在滨湖校区）,,,447,2023,本科批,,32460,447,0,上海,综合,,,淮北师范大学
,major_line_2023,社会学类,社会学（语种:不限在滨湖校区）,,,447,2023,本科批,,32460,447,0,上海,综合,,,淮北师范大学
,major_line_2023,外国语言文学类,商务英语（英语单科成绩不低于115分）（语种:英语在相山校区）,,,447,2023,本科批,,32460,447,0,上海,综合,,,淮北师范大学
,major_line_2023,经济学类,经济学（语种:不限在滨湖校区）,,,445,2023,本科批,,32897,445,0,上海,综合,,,淮北师范大学
,major_line_2023,经济与贸易类,国际经济与贸易（语种:不限在滨湖校区）,,,445,2023,本科批,,32897,445,0,上海,综合,,,淮北师范大学
,major_line_2023,工商管理类,会计学（语种:不限在滨湖校区）,,,443,2023,本科批,,33327,443,0,上海,综合,,,淮北师范大学
,major_line_2023,电子商务类,电子商务（语种:不限在滨湖校区）,,,444,2023,本科批,,33564,442,0,上海,综合,,,淮北师范大学
,major_line_2023,中国语言文学类,汉语言文学（师范）,,,494,2023,本科批,,21165,494,0,上海,综合,,,淮北师范大学
,major_line_2023,教育学类,特殊教育（师范）（语种:不限在滨湖校区）,,,463,2023,本科批,,28788,463,0,上海,综合,,,淮北师范大学
,major_line_2023,法学类,法学（语种:不限在滨湖校区）,,,462,2023,本科批,,29013,462,0,上海,综合,,,淮北师范大学
,major_line_2023,物流管理与工程类,物流管理（语种:不限在滨湖校区）,,,452,2023,本科批,,31347,452,0,上海,综合,,,淮北师范大学
,major_line_2023,新闻传播学类,新闻学（语种:不限在滨湖校区）,,,447,2023,本科批,,32460,447,0,上海,综合,,,淮北师范大学
,major_line_2023,社会学类,社会学（语种:不限在滨湖校区）,,,447,2023,本科批,,32460,447,0,上海,综合,,,淮北师范大学
,major_line_2023,外国语言文学类,商务英语（英语单科成绩不低于115分）（语种:英语在相山校区）,,,447,2023,本科批,,32460,447,0,上海,综合,,,淮北师范大学
,major_line_2023,经济学类,经济学（语种:不限在滨湖校区）,,,445,2023,本科批,,32897,445,0,上海,综合,,,淮北师范大学
,major_line_2023,经济与贸易类,国际经济与贸易（语种:不限在滨湖校区）,,,445,2023,本科批,,32897,445,0,上海,综合,,,淮北师范大学
,major_line_2023,工商管理类,会计学（语种:不限在滨湖校区）,,,443,2023,本科批,,33327,443,0,上海,综合,,,淮北师范大学
,major_line_2023,电子商务类,电子商务（语种:不限在滨湖校区）,,,444,2023,本科批,,33564,442,0,上海,综合,,,淮北师范大学
,major_line_2023,生物科学类,生物科学（师范）（语种:不限在相山校区）,,,474,2023,本科批,,26112,474,0,上海,综合,,,淮北师范大学
,major_line_2023,心理学类,应用心理学（师范）（语种:不限在滨湖校区）,,,466,2023,本科批,,28075,466,0,上海,综合,,,淮北师范大学
,major_line_2023,生物工程类,生物工程（语种:不限在相山校区）,,,463,2023,本科批,,28788,463,0,上海,综合,,,淮北师范大学
,major_line_2023,环境科学与工程类,环境科学（语种:不限在相山校区）,,,458,2023,本科批,,29925,458,0,上海,综合,,,淮北师范大学
,major_line_2023,环境科学与工程类,环境生态工程（语种:不限在相山校区）,,,457,2023,本科批,,30168,457,0,上海,综合,,,淮北师范大学
,major_line_2023,统计学类,统计学（语种:不限在滨湖校区）,,,454,2023,本科批,,30852,454,0,上海,综合,,,淮北师范大学
,major_line_2023,化学类,应用化学,,,451,2023,本科批,,31584,451,0,上海,综合,,,淮北师范大学
,major_line_2023,临床医学类,临床医学（无色盲、色弱）,,,481,2023,本科批,,24548,480,0,上海,综合,,,海南医科大学
,major_line_2023,医学技术类,医学检验技术（无色盲、色弱）,,,463,2023,本科批,,29706,459,0,上海,综合,,,海南医科大学
,major_line_2023,医学技术类,医学检验技术（无色盲、色弱）,,,463,2023,本科批,,29706,459,0,上海,综合,,,海南医科大学
,major_line_2023,临床医学类,临床医学（无色盲、色弱）,,,481,2023,本科批,,24548,480,0,上海,综合,,,海南医科大学
,major_line_2023,法学类,法学,,,480,2023,本科批,,24801,479,0,上海,综合,,,河南财经政法大学
,major_line_2023,金融学类,金融学类（含金融学、金融工程、投资学、投资学）（期货方向专业）,,,473,2023,本科批,,27818,467,0,上海,综合,,,河南财经政法大学
,major_line_2023,经济与贸易类,经济与贸易类（含国际经济与贸易、贸易经济专业）,,,471,2023,本科批,,27818,467,0,上海,综合,,,河南财经政法大学
,major_line_2023,工商管理类,财务管理,,,470,2023,本科批,,27818,467,0,上海,综合,,,河南财经政法大学
,major_line_2023,法学类,法学,,,480,2023,本科批,,24801,479,0,上海,综合,,,河南财经政法大学
,major_line_2023,金融学类,金融学类（含金融学、金融工程、投资学、投资学）（期货方向专业）,,,473,2023,本科批,,27818,467,0,上海,综合,,,河南财经政法大学
,major_line_2023,经济与贸易类,经济与贸易类（含国际经济与贸易、贸易经济专业）,,,471,2023,本科批,,27818,467,0,上海,综合,,,河南财经政法大学
,major_line_2023,工商管理类,财务管理,,,470,2023,本科批,,27818,467,0,上海,综合,,,河南财经政法大学
,major_line_2023,外国语言文学类,西班牙语,,,513,2023,本科批,,16423,513,0,上海,综合,,,西安外国语大学
,major_line_2023,外国语言文学类,商务英语（语种:英语）,,,502,2023,本科批,,19158,502,0,上海,综合,,,西安外国语大学
,major_line_2023,外国语言文学类,德语,,,497,2023,本科批,,20398,497,0,上海,综合,,,西安外国语大学
,major_line_2023,外国语言文学类,阿拉伯语,,,498,2023,本科批,,20893,495,0,上海,综合,,,西安外国语大学
,major_line_2023,金融学类,金融学,,,495,2023,本科批,,20893,495,0,上海,综合,,,西安外国语大学
,major_line_2023,外国语言文学类,葡萄牙语,,,494,2023,本科批,,21165,494,0,上海,综合,,,西安外国语大学
,major_line_2023,外国语言文学类,英语（语种:英语）,,,493,2023,本科批,,21932,491,0,上海,综合,,,西安外国语大学
,major_line_2023,外国语言文学类,日语,,,490,2023,本科批,,22656,488,0,上海,综合,,,西安外国语大学
,major_line_2023,外国语言文学类,西班牙语,,,513,2023,本科批,,16423,513,0,上海,综合,,,西安外国语大学
,major_line_2023,外国语言文学类,商务英语（语种:英语）,,,502,2023,本科批,,19158,502,0,上海,综合,,,西安外国语大学
,major_line_2023,外国语言文学类,德语,,,497,2023,本科批,,20398,497,0,上海,综合,,,西安外国语大学
,major_line_2023,外国语言文学类,阿拉伯语,,,498,2023,本科批,,20893,495,0,上海,综合,,,西安外国语大学
,major_line_2023,金融学类,金融学,,,495,2023,本科批,,20893,495,0,上海,综合,,,西安外国语大学
,major_line_2023,外国语言文学类,葡萄牙语,,,494,2023,本科批,,21165,494,0,上海,综合,,,西安外国语大学
,major_line_2023,外国语言文学类,英语（语种:英语）,,,493,2023,本科批,,21932,491,0,上海,综合,,,西安外国语大学
,major_line_2023,外国语言文学类,日语,,,490,2023,本科批,,22656,488,0,上海,综合,,,西安外国语大学
,major_line_2023,外国语言文学类,日语（外语语种为英语、日语）,,,443,2023,本科批,,33965,440,0,上海,综合,,,常州工学院
,major_line_2023,电子商务类,电子商务,,,436,2023,本科批,,35697,432,0,上海,综合,,,常州工学院
,major_line_2023,外国语言文学类,日语（外语语种为英语、日语）,,,443,2023,本科批,,33965,440,0,上海,综合,,,常州工学院
,major_line_2023,电子商务类,电子商务,,,436,2023,本科批,,35697,432,0,上海,综合,,,常州工学院
,major_line_2023,金融学类,金融学（期货与证券实验班）,,,474,2023,本科批,,26613,472,0,上海,综合,,,北京物资学院
,major_line_2023,金融学类,金融科技,,,466,2023,本科批,,28075,466,0,上海,综合,,,北京物资学院
,major_line_2023,金融学类,金融学,,,464,2023,本科批,,28564,464,0,上海,综合,,,北京物资学院
,major_line_2023,金融学类,金融学（期货与证券实验班）,,,474,2023,本科批,,26613,472,0,上海,综合,,,北京物资学院
,major_line_2023,金融学类,金融科技,,,466,2023,本科批,,28075,466,0,上海,综合,,,北京物资学院
,major_line_2023,金融学类,金融学,,,464,2023,本科批,,28564,464,0,上海,综合,,,北京物资学院
,major_line_2023,口腔医学类,口腔医学,,,493,2023,本科批,,21695,492,0,上海,综合,,,锦州医科大学
,major_line_2023,临床医学类,麻醉学,,,490,2023,本科批,,22166,490,0,上海,综合,,,锦州医科大学
,major_line_2023,临床医学类,临床医学,,,492,2023,本科批,,23334,485,0,上海,综合,,,锦州医科大学
,major_line_2023,临床医学类,医学影像学,,,482,2023,本科批,,24548,480,0,上海,综合,,,锦州医科大学
,major_line_2023,体育学类,运动康复（中外合作办学）（只招肢体健康考生，有严重先天性循环系统疾病者不宜。具体身体方面要求详见院校招生章程）（中外合作办学）,,,436,2023,本科批,,34853,436,0,上海,综合,,,锦州医科大学
,major_line_2023,体育学类,运动康复（中外合作办学）（只招肢体健康考生，有严重先天性循环系统疾病者不宜。具体身体方面要求详见院校招生章程）（中外合作办学）,,,436,2023,本科批,,34853,436,0,上海,综合,,,锦州医科大学
,major_line_2023,口腔医学类,口腔医学,,,493,2023,本科批,,21695,492,0,上海,综合,,,锦州医科大学
,major_line_2023,临床医学类,麻醉学,,,490,2023,本科批,,22166,490,0,上海,综合,,,锦州医科大学
,major_line_2023,临床医学类,临床医学,,,492,2023,本科批,,23334,485,0,上海,综合,,,锦州医科大学
,major_line_2023,临床医学类,医学影像学,,,482,2023,本科批,,24548,480,0,上海,综合,,,锦州医科大学
,major_line_2023,机械设计制造类,模具设计与制造（高本贯通。三年后通过入学转段考试转入该校材料成型及控制工程专业）,,,267,2023,专科批,,597,259,0,上海,综合,,,上海第二工业大学
,major_line_2023,语言类,应用英语（涉外商务方向）（语种:英语）,,,265,2023,专科批,,715,257,0,上海,综合,,,上海第二工业大学
,major_line_2023,自动化类,电气自动化技术,,,259,2023,专科批,,715,257,0,上海,综合,,,上海第二工业大学
,major_line_2023,体育类,电子竞技运动与管理,,,256,2023,专科批,,907,254,0,上海,综合,,,上海第二工业大学
,major_line_2023,经济贸易类,国际商务,,,256,2023,专科批,,907,254,0,上海,综合,,,上海第二工业大学
,major_line_2023,语言类,应用韩语,,,255,2023,专科批,,907,254,0,上海,综合,,,上海第二工业大学
,major_line_2023,旅游类,酒店管理与数字化运营,,,252,2023,专科批,,1723,244,0,上海,综合,,,上海第二工业大学
,major_line_2023,机械设计制造类,模具设计与制造（高本贯通。三年后通过入学转段考试转入该校材料成型及控制工程专业）,,,267,2023,专科批,,597,259,0,上海,综合,,,上海第二工业大学
,major_line_2023,语言类,应用英语（涉外商务方向）（语种:英语）,,,265,2023,专科批,,715,257,0,上海,综合,,,上海第二工业大学
,major_line_2023,自动化类,电气自动化技术,,,259,2023,专科批,,715,257,0,上海,综合,,,上海第二工业大学
,major_line_2023,体育类,电子竞技运动与管理,,,256,2023,专科批,,907,254,0,上海,综合,,,上海第二工业大学
,major_line_2023,经济贸易类,国际商务,,,256,2023,专科批,,907,254,0,上海,综合,,,上海第二工业大学
,major_line_2023,语言类,应用韩语,,,255,2023,专科批,,907,254,0,上海,综合,,,上海第二工业大学
,major_line_2023,旅游类,酒店管理与数字化运营,,,252,2023,专科批,,1723,244,0,上海,综合,,,上海第二工业大学
,major_line_2023,计算机类,软件工程（上海市一流本科专业建设点）,,,474,2023,本科批,,27340,469,0,上海,综合,,,上海第二工业大学
,major_line_2023,经济学类,经济统计学,,,474,2023,本科批,,27340,469,0,上海,综合,,,上海第二工业大学
,major_line_2023,计算机类,计算机科学与技术（上海市一流本科专业，上海市应用型本科试点专业）,,,476,2023,本科批,,27576,468,0,上海,综合,,,上海第二工业大学
,major_line_2023,材料类,材料化学（上海市一流本科专业建设点）,,,472,2023,本科批,,27818,467,0,上海,综合,,,上海第二工业大学
,major_line_2023,环境科学与工程类,环境工程（上海市一流本科专业建设点，上海市应用型本科试点专业。无色盲、色弱）,,,468,2023,本科批,,27818,467,0,上海,综合,,,上海第二工业大学
,major_line_2023,统计学类,应用统计学,,,468,2023,本科批,,28319,465,0,上海,综合,,,上海第二工业大学
,major_line_2023,计算机类,网络工程（上海市一流本科专业建设点，上海市应用型本科试点专业）,,,467,2023,本科批,,28319,465,0,上海,综合,,,上海第二工业大学
,major_line_2023,中国语言文学类,汉语国际教育,,,470,2023,本科批,,28564,464,0,上海,综合,,,上海第二工业大学
,major_line_2023,计算机类,数字媒体技术,,,468,2023,本科批,,28564,464,0,上海,综合,,,上海第二工业大学
,major_line_2023,环境科学与工程类,环保设备工程（上海市一流本科专业建设点。无色盲、色弱）,,,466,2023,本科批,,28564,464,0,上海,综合,,,上海第二工业大学
,major_line_2023,工业工程类,工业工程（上海市一流本科专业建设点）,,,465,2023,本科批,,28564,464,0,上海,综合,,,上海第二工业大学
,major_line_2023,工商管理类,财务管理,,,468,2023,本科批,,28788,463,0,上海,综合,,,上海第二工业大学
,major_line_2023,化学类,应用化学（无色盲、色弱）,,,465,2023,本科批,,28788,463,0,上海,综合,,,上海第二工业大学
,major_line_2023,计算机类,数据科学与大数据技术,,,466,2023,本科批,,29013,462,0,上海,综合,,,上海第二工业大学
,major_line_2023,财政学类,税收学,,,465,2023,本科批,,29013,462,0,上海,综合,,,上海第二工业大学
,major_line_2023,电子信息类,通信工程（上海市一流本科专业建设点，上海市应用型本科试点专业）,,,467,2023,本科批,,29246,461,0,上海,综合,,,上海第二工业大学
,major_line_2023,公共管理类,公共关系学,,,465,2023,本科批,,29246,461,0,上海,综合,,,上海第二工业大学
,major_line_2023,机械类,机械工程（国家一流本科专业建设点，上海市应用型本科试点专业）,,,465,2023,本科批,,29469,460,0,上海,综合,,,上海第二工业大学
,major_line_2023,物流管理与工程类,物流管理（国家一流本科专业建设点）,,,464,2023,本科批,,29706,459,0,上海,综合,,,上海第二工业大学
,major_line_2023,计算机类,智能科学与技术,,,463,2023,本科批,,29706,459,0,上海,综合,,,上海第二工业大学
,major_line_2023,电子信息类,电子信息工程,,,463,2023,本科批,,29925,458,0,上海,综合,,,上海第二工业大学
,major_line_2023,工业工程类,标准化工程,,,461,2023,本科批,,29925,458,0,上海,综合,,,上海第二工业大学
,major_line_2023,能源动力类,新能源科学与工程,,,463,2023,本科批,,30168,457,0,上海,综合,,,上海第二工业大学
,major_line_2023,金融学类,信用管理（上海市一流本科专业建设点，上海市应用型本科试点专业）,,,460,2023,本科批,,30168,457,0,上海,综合,,,上海第二工业大学
,major_line_2023,自动化类,自动化（上海市一流本科专业建设点，上海市应用型本科试点专业）,,,462,2023,本科批,,30385,456,0,上海,综合,,,上海第二工业大学
,major_line_2023,电子商务类,电子商务（上海市一流本科专业建设点）,,,458,2023,本科批,,30385,456,0,上海,综合,,,上海第二工业大学
,major_line_2023,旅游管理类,会展经济与管理,,,459,2023,本科批,,30610,455,0,上海,综合,,,上海第二工业大学
,major_line_2023,外国语言文学类,英语（上海市一流本科专业建设点）（语种:英语）,,,459,2023,本科批,,30610,455,0,上海,综合,,,上海第二工业大学
,major_line_2023,工商管理类,国际商务（上海市一流本科专业建设点。全英语教学）,,,458,2023,本科批,,30610,455,0,上海,综合,,,上海第二工业大学
,major_line_2023,金融学类,投资学,,,457,2023,本科批,,30610,455,0,上海,综合,,,上海第二工业大学
,major_line_2023,外国语言文学类,日语,,,457,2023,本科批,,30610,455,0,上海,综合,,,上海第二工业大学
,major_line_2023,机械类,机械电子工程（上海市应用型本科试点专业）,,,457,2023,本科批,,30610,455,0,上海,综合,,,上海第二工业大学
,major_line_2023,管理科学与工程类,信息管理与信息系统（全英语教学）,,,458,2023,本科批,,30852,454,0,上海,综合,,,上海第二工业大学
,major_line_2023,数学类,信息与计算科学,,,457,2023,本科批,,30852,454,0,上海,综合,,,上海第二工业大学
,major_line_2023,仪器类,测控技术与仪器（上海市一流本科专业建设点）,,,456,2023,本科批,,30852,454,0,上海,综合,,,上海第二工业大学
,major_line_2023,机械类,智能制造工程,,,456,2023,本科批,,30852,454,0,上海,综合,,,上海第二工业大学
,major_line_2023,机械类,工业设计,,,456,2023,本科批,,30852,454,0,上海,综合,,,上海第二工业大学
,major_line_2023,机械类,材料成型及控制工程,,,455,2023,本科批,,30852,454,0,上海,综合,,,上海第二工业大学
,major_line_2023,材料类,复合材料成型工程,,,458,2023,本科批,,31094,453,0,上海,综合,,,上海第二工业大学
,major_line_2023,材料类,材料科学与工程（上海市一流本科专业建设点，上海市应用型本科试点专业）,,,456,2023,本科批,,31094,453,0,上海,综合,,,上海第二工业大学
,major_line_2023,经济学类,经济统计学,,,474,2023,本科批,,27340,469,0,上海,综合,,,上海第二工业大学
,major_line_2023,中国语言文学类,汉语国际教育,,,470,2023,本科批,,28564,464,0,上海,综合,,,上海第二工业大学
,major_line_2023,工商管理类,财务管理,,,468,2023,本科批,,28788,463,0,上海,综合,,,上海第二工业大学
,major_line_2023,财政学类,税收学,,,465,2023,本科批,,29013,462,0,上海,综合,,,上海第二工业大学
,major_line_2023,公共管理类,公共关系学,,,465,2023,本科批,,29246,461,0,上海,综合,,,上海第二工业大学
,major_line_2023,物流管理与工程类,物流管理（国家一流本科专业建设点）,,,464,2023,本科批,,29706,459,0,上海,综合,,,上海第二工业大学
,major_line_2023,工业工程类,标准化工程,,,461,2023,本科批,,29925,458,0,上海,综合,,,上海第二工业大学
,major_line_2023,金融学类,信用管理（上海市一流本科专业建设点，上海市应用型本科试点专业）,,,460,2023,本科批,,30168,457,0,上海,综合,,,上海第二工业大学
,major_line_2023,电子商务类,电子商务（上海市一流本科专业建设点）,,,458,2023,本科批,,30385,456,0,上海,综合,,,上海第二工业大学
,major_line_2023,旅游管理类,会展经济与管理,,,459,2023,本科批,,30610,455,0,上海,综合,,,上海第二工业大学
,major_line_2023,外国语言文学类,英语（上海市一流本科专业建设点）（语种:英语）,,,459,2023,本科批,,30610,455,0,上海,综合,,,上海第二工业大学
,major_line_2023,工商管理类,国际商务（上海市一流本科专业建设点。全英语教学）,,,458,2023,本科批,,30610,455,0,上海,综合,,,上海第二工业大学
,major_line_2023,金融学类,投资学,,,457,2023,本科批,,30610,455,0,上海,综合,,,上海第二工业大学
,major_line_2023,外国语言文学类,日语,,,457,2023,本科批,,30610,455,0,上海,综合,,,上海第二工业大学
,major_line_2023,材料类,材料化学（上海市一流本科专业建设点）,,,472,2023,本科批,,27818,467,0,上海,综合,,,上海第二工业大学
,major_line_2023,计算机类,软件工程（上海市一流本科专业建设点）,,,474,2023,本科批,,27340,469,0,上海,综合,,,上海第二工业大学
,major_line_2023,计算机类,计算机科学与技术（上海市一流本科专业，上海市应用型本科试点专业）,,,476,2023,本科批,,27576,468,0,上海,综合,,,上海第二工业大学
,major_line_2023,计算机类,网络工程（上海市一流本科专业建设点，上海市应用型本科试点专业）,,,467,2023,本科批,,28319,465,0,上海,综合,,,上海第二工业大学
,major_line_2023,计算机类,数字媒体技术,,,468,2023,本科批,,28564,464,0,上海,综合,,,上海第二工业大学
,major_line_2023,计算机类,数据科学与大数据技术,,,466,2023,本科批,,29013,462,0,上海,综合,,,上海第二工业大学
,major_line_2023,电子信息类,通信工程（上海市一流本科专业建设点，上海市应用型本科试点专业）,,,467,2023,本科批,,29246,461,0,上海,综合,,,上海第二工业大学
,major_line_2023,机械类,机械工程（国家一流本科专业建设点，上海市应用型本科试点专业）,,,465,2023,本科批,,29469,460,0,上海,综合,,,上海第二工业大学
,major_line_2023,计算机类,智能科学与技术,,,463,2023,本科批,,29706,459,0,上海,综合,,,上海第二工业大学
,major_line_2023,电子信息类,电子信息工程,,,463,2023,本科批,,29925,458,0,上海,综合,,,上海第二工业大学
,major_line_2023,能源动力类,新能源科学与工程,,,463,2023,本科批,,30168,457,0,上海,综合,,,上海第二工业大学
,major_line_2023,自动化类,自动化（上海市一流本科专业建设点，上海市应用型本科试点专业）,,,462,2023,本科批,,30385,456,0,上海,综合,,,上海第二工业大学
,major_line_2023,机械类,机械电子工程（上海市应用型本科试点专业）,,,457,2023,本科批,,30610,455,0,上海,综合,,,上海第二工业大学
,major_line_2023,管理科学与工程类,信息管理与信息系统（全英语教学）,,,458,2023,本科批,,30852,454,0,上海,综合,,,上海第二工业大学
,major_line_2023,数学类,信息与计算科学,,,457,2023,本科批,,30852,454,0,上海,综合,,,上海第二工业大学
,major_line_2023,仪器类,测控技术与仪器（上海市一流本科专业建设点）,,,456,2023,本科批,,30852,454,0,上海,综合,,,上海第二工业大学
,major_line_2023,机械类,智能制造工程,,,456,2023,本科批,,30852,454,0,上海,综合,,,上海第二工业大学
,major_line_2023,机械类,工业设计,,,456,2023,本科批,,30852,454,0,上海,综合,,,上海第二工业大学
,major_line_2023,机械类,材料成型及控制工程,,,455,2023,本科批,,30852,454,0,上海,综合,,,上海第二工业大学
,major_line_2023,材料类,复合材料成型工程,,,458,2023,本科批,,31094,453,0,上海,综合,,,上海第二工业大学
,major_line_2023,材料类,材料科学与工程（上海市一流本科专业建设点，上海市应用型本科试点专业）,,,456,2023,本科批,,31094,453,0,上海,综合,,,上海第二工业大学
,major_line_2023,环境科学与工程类,环境工程（上海市一流本科专业建设点，上海市应用型本科试点专业。无色盲、色弱）,,,468,2023,本科批,,27818,467,0,上海,综合,,,上海第二工业大学
,major_line_2023,统计学类,应用统计学,,,468,2023,本科批,,28319,465,0,上海,综合,,,上海第二工业大学
,major_line_2023,环境科学与工程类,环保设备工程（上海市一流本科专业建设点。无色盲、色弱）,,,466,2023,本科批,,28564,464,0,上海,综合,,,上海第二工业大学
,major_line_2023,工业工程类,工业工程（上海市一流本科专业建设点）,,,465,2023,本科批,,28564,464,0,上海,综合,,,上海第二工业大学
,major_line_2023,化学类,应用化学（无色盲、色弱）,,,465,2023,本科批,,28788,463,0,上海,综合,,,上海第二工业大学
,major_line_2023,中药学类,中药学（无色盲、色弱）,,,467,2023,本科批,,28319,465,0,上海,综合,,,长春中医药大学
,major_line_2023,中医学类,中医学,,,500,2023,本科批,,22397,489,0,上海,综合,,,长春中医药大学
,major_line_2023,中医学类,针灸推拿学,,,489,2023,本科批,,22656,488,0,上海,综合,,,长春中医药大学
,major_line_2023,中药学类,中药学（无色盲、色弱）,,,467,2023,本科批,,28319,465,0,上海,综合,,,长春中医药大学
,major_line_2023,中医学类,中医学,,,500,2023,本科批,,22397,489,0,上海,综合,,,长春中医药大学
,major_line_2023,中医学类,针灸推拿学,,,489,2023,本科批,,22656,488,0,上海,综合,,,长春中医药大学
,major_line_2023,建筑类,建筑学,,,439,2023,本科批,,34170,439,0,上海,综合,,,天津城建大学
,major_line_2023,土木类,土木工程,,,439,2023,本科批,,34170,439,0,上海,综合,,,天津城建大学
,major_line_2023,土木类,建筑电气与智能化,,,438,2023,本科批,,34431,438,0,上海,综合,,,天津城建大学
,major_line_2023,土木类,建筑环境与能源应用工程,,,436,2023,本科批,,34853,436,0,上海,综合,,,天津城建大学
,major_line_2023,测绘类,测绘工程,,,435,2023,本科批,,35051,435,0,上海,综合,,,天津城建大学
,major_line_2023,机械类,智能制造工程,,,435,2023,本科批,,35051,435,0,上海,综合,,,天津城建大学
,major_line_2023,电子信息类,人工智能,,,435,2023,本科批,,35051,435,0,上海,综合,,,天津城建大学
,major_line_2023,土木类,智能建造,,,434,2023,本科批,,35259,434,0,上海,综合,,,天津城建大学
,major_line_2023,建筑类,城乡规划,,,433,2023,本科批,,35473,433,0,上海,综合,,,天津城建大学
,major_line_2023,管理科学与工程类,管理科学与工程类（含工程管理、房地产开发与管理、工程造价专业）,,,432,2023,本科批,,35697,432,0,上海,综合,,,天津城建大学
,major_line_2023,土木类,给排水科学与工程,,,430,2023,本科批,,36113,430,0,上海,综合,,,天津城建大学
,major_line_2023,建筑类,建筑学,,,439,2023,本科批,,34170,439,0,上海,综合,,,天津城建大学
,major_line_2023,土木类,土木工程,,,439,2023,本科批,,34170,439,0,上海,综合,,,天津城建大学
,major_line_2023,土木类,建筑电气与智能化,,,438,2023,本科批,,34431,438,0,上海,综合,,,天津城建大学
,major_line_2023,土木类,建筑环境与能源应用工程,,,436,2023,本科批,,34853,436,0,上海,综合,,,天津城建大学
,major_line_2023,测绘类,测绘工程,,,435,2023,本科批,,35051,435,0,上海,综合,,,天津城建大学
,major_line_2023,机械类,智能制造工程,,,435,2023,本科批,,35051,435,0,上海,综合,,,天津城建大学
,major_line_2023,电子信息类,人工智能,,,435,2023,本科批,,35051,435,0,上海,综合,,,天津城建大学
,major_line_2023,土木类,智能建造,,,434,2023,本科批,,35259,434,0,上海,综合,,,天津城建大学
,major_line_2023,建筑类,城乡规划,,,433,2023,本科批,,35473,433,0,上海,综合,,,天津城建大学
,major_line_2023,管理科学与工程类,管理科学与工程类（含工程管理、房地产开发与管理、工程造价专业）,,,432,2023,本科批,,35697,432,0,上海,综合,,,天津城建大学
,major_line_2023,土木类,给排水科学与工程,,,430,2023,本科批,,36113,430,0,上海,综合,,,天津城建大学
,major_line_2023,电气类,电气类（办学点在临港校区；（含电机电器智能化、新能源科学与工程）（上海市一流本科专业、测控技术与仪器）（上海市一流本科专业专业））,,,449,2023,本科批,,32460,447,0,上海,综合,,,上海电机学院
,major_line_2023,计算机类,计算机类（办学点在临港校区；（含计算机科学与技术）（上海市一流本科专业、软件工程）（上海市一流本科专业、数据科学与大数据技术、物联网工程）（上海市一流本科专业、人工智能专业））,,,449,2023,本科批,,32897,445,0,上海,综合,,,上海电机学院
,major_line_2023,电子信息类,通信工程（办学点在临港校区；（上海市一流本科专业））,,,448,2023,本科批,,33094,444,0,上海,综合,,,上海电机学院
,major_line_2023,航空航天类,飞行器制造工程（办学点在临港校区；）,,,448,2023,本科批,,33094,444,0,上海,综合,,,上海电机学院
,major_line_2023,电子信息类,电子信息工程（办学点在临港校区；）,,,447,2023,本科批,,33094,444,0,上海,综合,,,上海电机学院
,major_line_2023,机械类,机械类（办学点在临港校区；（机械类）（汽车类。含车辆工程）（上海市一流本科专业、新能源汽车工程专业））,,,447,2023,本科批,,33094,444,0,上海,综合,,,上海电机学院
,major_line_2023,机械类,机械电子工程（办学点在临港校区；（教育部工程教育认证专业，上海市一流本科专业））,,,446,2023,本科批,,33327,443,0,上海,综合,,,上海电机学院
,major_line_2023,自动化类,自动化（办学点在临港校区；（上海市一流本科专业））,,,445,2023,本科批,,33327,443,0,上海,综合,,,上海电机学院
,major_line_2023,材料类,材料科学与工程（办学点在临港校区；）,,,444,2023,本科批,,33564,442,0,上海,综合,,,上海电机学院
,major_line_2023,电子信息类,电子封装技术（办学点在临港校区；）,,,443,2023,本科批,,33564,442,0,上海,综合,,,上海电机学院
,major_line_2023,材料类,焊接技术与工程（办学点在临港校区；（上海市一流本科专业））,,,443,2023,本科批,,33564,442,0,上海,综合,,,上海电机学院
,major_line_2023,电子信息类,光电信息科学与工程（办学点在临港校区；）,,,443,2023,本科批,,33564,442,0,上海,综合,,,上海电机学院
,major_line_2023,工业工程类,工业工程类（办学点在闵行校区；（含工业工程、质量管理工程专业））,,,443,2023,本科批,,33564,442,0,上海,综合,,,上海电机学院
,major_line_2023,机械类,工业设计（办学点在闵行校区；（上海市一流本科专业））,,,443,2023,本科批,,33766,441,0,上海,综合,,,上海电机学院
,major_line_2023,电气类,电气工程及其自动化（卓越工程师计划，国家级一流本科专业，教育部工程教育认证专业）,,,462,2023,本科批,,30610,455,0,上海,综合,,,上海电机学院
,major_line_2023,机械类,机械设计制造及其自动化（卓越工程师计划，国家级一流本科专业，教育部工程教育认证专业）,,,453,2023,本科批,,31347,452,0,上海,综合,,,上海电机学院
,major_line_2023,机械类,材料成型及控制工程（卓越工程师计划，教育部工程教育认证专业，上海市一流本科专业）,,,452,2023,本科批,,31584,451,0,上海,综合,,,上海电机学院
,major_line_2023,机械类,智能制造工程（智能制造试点班）,,,452,2023,本科批,,31584,451,0,上海,综合,,,上海电机学院
,major_line_2023,电气类,电气工程及其自动化（卓越工程师计划，国家级一流本科专业，教育部工程教育认证专业）,,,462,2023,本科批,,30610,455,0,上海,综合,,,上海电机学院
,major_line_2023,经济学类,经济统计学（办学点在闵行校区；）,,,454,2023,本科批,,31347,452,0,上海,综合,,,上海电机学院
,major_line_2023,机械类,机械设计制造及其自动化（卓越工程师计划，国家级一流本科专业，教育部工程教育认证专业）,,,453,2023,本科批,,31347,452,0,上海,综合,,,上海电机学院
,major_line_2023,机械类,材料成型及控制工程（卓越工程师计划，教育部工程教育认证专业，上海市一流本科专业）,,,452,2023,本科批,,31584,451,0,上海,综合,,,上海电机学院
,major_line_2023,机械类,智能制造工程（智能制造试点班）,,,452,2023,本科批,,31584,451,0,上海,综合,,,上海电机学院
,major_line_2023,经济学类,经济学类（办学点在闵行校区；（含国际经济与贸易）（上海市一流本科专业、能源经济、经济与金融专业））,,,453,2023,本科批,,31821,450,0,上海,综合,,,上海电机学院
,major_line_2023,经济与贸易类,国际经济与贸易（办学点在临港校区；（中外合作办学）（中美合作））（中外合作办学）,,,452,2023,本科批,,32023,449,0,上海,综合,,,上海电机学院
,major_line_2023,工商管理类,工商管理类（办学点在闵行校区；（含财务管理、市场营销、物流管理专业，均为上海市一流本科专业））,,,452,2023,本科批,,32023,449,0,上海,综合,,,上海电机学院
,major_line_2023,物流管理与工程类,物流管理（办学点在临港校区；（中外合作办学）（中德合作。外语单科成绩不低于90分。外语教学语种为德语））（中外合作办学）,,,451,2023,本科批,,32236,448,0,上海,综合,,,上海电机学院
,major_line_2023,外国语言文学类,德语（办学点在闵行校区；外语语种为英语、德语）,,,451,2023,本科批,,32236,448,0,上海,综合,,,上海电机学院
,major_line_2023,外国语言文学类,英语（办学点在闵行校区；（语种:英语））,,,450,2023,本科批,,32236,448,0,上海,综合,,,上海电机学院
,major_line_2023,电气类,电气类（办学点在临港校区；（含电机电器智能化、新能源科学与工程）（上海市一流本科专业、测控技术与仪器）（上海市一流本科专业专业））,,,449,2023,本科批,,32460,447,0,上海,综合,,,上海电机学院
,major_line_2023,计算机类,计算机类（办学点在临港校区；（含计算机科学与技术）（上海市一流本科专业、软件工程）（上海市一流本科专业、数据科学与大数据技术、物联网工程）（上海市一流本科专业、人工智能专业））,,,449,2023,本科批,,32897,445,0,上海,综合,,,上海电机学院
,major_line_2023,电子信息类,通信工程（办学点在临港校区；（上海市一流本科专业））,,,448,2023,本科批,,33094,444,0,上海,综合,,,上海电机学院
,major_line_2023,航空航天类,飞行器制造工程（办学点在临港校区；）,,,448,2023,本科批,,33094,444,0,上海,综合,,,上海电机学院
,major_line_2023,电子信息类,电子信息工程（办学点在临港校区；）,,,447,2023,本科批,,33094,444,0,上海,综合,,,上海电机学院
,major_line_2023,机械类,机械类（办学点在临港校区；（机械类）（汽车类。含车辆工程）（上海市一流本科专业、新能源汽车工程专业））,,,447,2023,本科批,,33094,444,0,上海,综合,,,上海电机学院
,major_line_2023,机械类,机械电子工程（办学点在临港校区；（教育部工程教育认证专业，上海市一流本科专业））,,,446,2023,本科批,,33327,443,0,上海,综合,,,上海电机学院
,major_line_2023,自动化类,自动化（办学点在临港校区；（上海市一流本科专业））,,,445,2023,本科批,,33327,443,0,上海,综合,,,上海电机学院
,major_line_2023,材料类,材料科学与工程（办学点在临港校区；）,,,444,2023,本科批,,33564,442,0,上海,综合,,,上海电机学院
,major_line_2023,电子信息类,电子封装技术（办学点在临港校区；）,,,443,2023,本科批,,33564,442,0,上海,综合,,,上海电机学院
,major_line_2023,材料类,焊接技术与工程（办学点在临港校区；（上海市一流本科专业））,,,443,2023,本科批,,33564,442,0,上海,综合,,,上海电机学院
,major_line_2023,电子信息类,光电信息科学与工程（办学点在临港校区；）,,,443,2023,本科批,,33564,442,0,上海,综合,,,上海电机学院
,major_line_2023,工业工程类,工业工程类（办学点在闵行校区；（含工业工程、质量管理工程专业））,,,443,2023,本科批,,33564,442,0,上海,综合,,,上海电机学院
,major_line_2023,机械类,工业设计（办学点在闵行校区；（上海市一流本科专业））,,,443,2023,本科批,,33766,441,0,上海,综合,,,上海电机学院
,major_line_2023,经济学类,经济统计学（办学点在闵行校区；）,,,454,2023,本科批,,31347,452,0,上海,综合,,,上海电机学院
,major_line_2023,经济学类,经济学类（办学点在闵行校区；（含国际经济与贸易）（上海市一流本科专业、能源经济、经济与金融专业））,,,453,2023,本科批,,31821,450,0,上海,综合,,,上海电机学院
,major_line_2023,经济与贸易类,国际经济与贸易（办学点在临港校区；（中外合作办学）（中美合作））（中外合作办学）,,,452,2023,本科批,,32023,449,0,上海,综合,,,上海电机学院
,major_line_2023,工商管理类,工商管理类（办学点在闵行校区；（含财务管理、市场营销、物流管理专业，均为上海市一流本科专业））,,,452,2023,本科批,,32023,449,0,上海,综合,,,上海电机学院
,major_line_2023,物流管理与工程类,物流管理（办学点在临港校区；（中外合作办学）（中德合作。外语单科成绩不低于90分。外语教学语种为德语））（中外合作办学）,,,451,2023,本科批,,32236,448,0,上海,综合,,,上海电机学院
,major_line_2023,外国语言文学类,德语（办学点在闵行校区；外语语种为英语、德语）,,,451,2023,本科批,,32236,448,0,上海,综合,,,上海电机学院
,major_line_2023,外国语言文学类,英语（办学点在闵行校区；（语种:英语））,,,450,2023,本科批,,32236,448,0,上海,综合,,,上海电机学院
,major_line_2023,工商管理类,会计学,,,457,2023,本科批,,32023,449,0,上海,综合,,,徐州工程学院
,major_line_2023,经济与贸易类,国际经济与贸易,,,448,2023,本科批,,32236,448,0,上海,综合,,,徐州工程学院
,major_line_2023,金融学类,经济与金融,,,447,2023,本科批,,32460,447,0,上海,综合,,,徐州工程学院
,major_line_2023,物流管理与工程类,物流工程,,,446,2023,本科批,,32676,446,0,上海,综合,,,徐州工程学院
,major_line_2023,机械类,机械设计制造及其自动化,,,440,2023,本科批,,33965,440,0,上海,综合,,,徐州工程学院
,major_line_2023,管理科学与工程类,工程管理,,,439,2023,本科批,,34170,439,0,上海,综合,,,徐州工程学院
,major_line_2023,工商管理类,会计学,,,457,2023,本科批,,32023,449,0,上海,综合,,,徐州工程学院
,major_line_2023,经济与贸易类,国际经济与贸易,,,448,2023,本科批,,32236,448,0,上海,综合,,,徐州工程学院
,major_line_2023,金融学类,经济与金融,,,447,2023,本科批,,32460,447,0,上海,综合,,,徐州工程学院
,major_line_2023,物流管理与工程类,物流工程,,,446,2023,本科批,,32676,446,0,上海,综合,,,徐州工程学院
,major_line_2023,机械类,机械设计制造及其自动化,,,440,2023,本科批,,33965,440,0,上海,综合,,,徐州工程学院
,major_line_2023,管理科学与工程类,工程管理,,,439,2023,本科批,,34170,439,0,上海,综合,,,徐州工程学院
,major_line_2023,中国语言文学类,汉语言文学,,,471,2023,本科批,,28788,463,0,上海,综合,,,江苏海洋大学
,major_line_2023,新闻传播学类,新闻学,,,460,2023,本科批,,30168,457,0,上海,综合,,,江苏海洋大学
,major_line_2023,金融学类,金融学,,,459,2023,本科批,,30852,454,0,上海,综合,,,江苏海洋大学
,major_line_2023,外国语言文学类,英语（语种:英语）,,,455,2023,本科批,,30852,454,0,上海,综合,,,江苏海洋大学
,major_line_2023,工商管理类,工商管理,,,453,2023,本科批,,31094,453,0,上海,综合,,,江苏海洋大学
,major_line_2023,数学类,数学与应用数学（通灌校区）,,,452,2023,本科批,,31347,452,0,上海,综合,,,江苏海洋大学
,major_line_2023,电子信息类,电子信息工程（苍梧校区）,,,445,2023,本科批,,32897,445,0,上海,综合,,,江苏海洋大学
,major_line_2023,安全科学与工程类,安全工程（苍梧校区）,,,444,2023,本科批,,33564,442,0,上海,综合,,,江苏海洋大学
,major_line_2023,土木类,土木工程（通灌校区）,,,441,2023,本科批,,33766,441,0,上海,综合,,,江苏海洋大学
,major_line_2023,中国语言文学类,汉语言文学,,,471,2023,本科批,,28788,463,0,上海,综合,,,江苏海洋大学
,major_line_2023,新闻传播学类,新闻学,,,460,2023,本科批,,30168,457,0,上海,综合,,,江苏海洋大学
,major_line_2023,金融学类,金融学,,,459,2023,本科批,,30852,454,0,上海,综合,,,江苏海洋大学
,major_line_2023,外国语言文学类,英语（语种:英语）,,,455,2023,本科批,,30852,454,0,上海,综合,,,江苏海洋大学
,major_line_2023,工商管理类,工商管理,,,453,2023,本科批,,31094,453,0,上海,综合,,,江苏海洋大学
,major_line_2023,数学类,数学与应用数学（通灌校区）,,,452,2023,本科批,,31347,452,0,上海,综合,,,江苏海洋大学
,major_line_2023,电子信息类,电子信息工程（苍梧校区）,,,445,2023,本科批,,32897,445,0,上海,综合,,,江苏海洋大学
,major_line_2023,安全科学与工程类,安全工程（苍梧校区）,,,444,2023,本科批,,33564,442,0,上海,综合,,,江苏海洋大学
,major_line_2023,土木类,土木工程（通灌校区）,,,441,2023,本科批,,33766,441,0,上海,综合,,,江苏海洋大学
,major_line_2023,体育学类,运动康复,,,490,2023,本科批,,22166,490,0,上海,综合,,,首都体育学院
,major_line_2023,体育学类,运动人体科学（运动健康管理方向）,,,482,2023,本科批,,24077,482,0,上海,综合,,,首都体育学院
,major_line_2023,新闻传播学类,新闻学（体育新闻方向）,,,486,2023,本科批,,24317,481,0,上海,综合,,,首都体育学院
,major_line_2023,体育学类,运动康复,,,490,2023,本科批,,22166,490,0,上海,综合,,,首都体育学院
,major_line_2023,体育学类,运动人体科学（运动健康管理方向）,,,482,2023,本科批,,24077,482,0,上海,综合,,,首都体育学院
,major_line_2023,新闻传播学类,新闻学（体育新闻方向）,,,486,2023,本科批,,24317,481,0,上海,综合,,,首都体育学院
,major_line_2023,心理学类,应用心理学,,,462,2023,本科批,,29013,462,0,上海,综合,,,湖北中医药大学
,major_line_2023,外国语言文学类,商务英语（语种:英语）,,,457,2023,本科批,,30168,457,0,上海,综合,,,湖北中医药大学
,major_line_2023,工商管理类,国际商务,,,454,2023,本科批,,30852,454,0,上海,综合,,,湖北中医药大学
,major_line_2023,物流管理与工程类,物流管理,,,445,2023,本科批,,32897,445,0,上海,综合,,,湖北中医药大学
,major_line_2023,工商管理类,市场营销,,,442,2023,本科批,,33564,442,0,上海,综合,,,湖北中医药大学
,major_line_2023,电子信息类,医学信息工程,,,439,2023,本科批,,34170,439,0,上海,综合,,,湖北中医药大学
,major_line_2023,管理科学与工程类,信息管理与信息系统,,,435,2023,本科批,,35051,435,0,上海,综合,,,湖北中医药大学
,major_line_2023,中医学类,中医学,,,509,2023,本科批,,19158,502,0,上海,综合,,,湖北中医药大学
,major_line_2023,中医学类,针灸推拿学,,,500,2023,本科批,,19921,499,0,上海,综合,,,湖北中医药大学
,major_line_2023,心理学类,应用心理学,,,462,2023,本科批,,29013,462,0,上海,综合,,,湖北中医药大学
,major_line_2023,外国语言文学类,商务英语（语种:英语）,,,457,2023,本科批,,30168,457,0,上海,综合,,,湖北中医药大学
,major_line_2023,工商管理类,国际商务,,,454,2023,本科批,,30852,454,0,上海,综合,,,湖北中医药大学
,major_line_2023,物流管理与工程类,物流管理,,,445,2023,本科批,,32897,445,0,上海,综合,,,湖北中医药大学
,major_line_2023,工商管理类,市场营销,,,442,2023,本科批,,33564,442,0,上海,综合,,,湖北中医药大学
,major_line_2023,电子信息类,医学信息工程,,,439,2023,本科批,,34170,439,0,上海,综合,,,湖北中医药大学
,major_line_2023,药学类,药学,,,438,2023,本科批,,34431,438,0,上海,综合,,,湖北中医药大学
,major_line_2023,管理科学与工程类,信息管理与信息系统,,,435,2023,本科批,,35051,435,0,上海,综合,,,湖北中医药大学
,major_line_2023,医学技术类,卫生检验与检疫,,,426,2023,本科批,,36906,426,0,上海,综合,,,湖北中医药大学
,major_line_2023,药学类,药学,,,438,2023,本科批,,34431,438,0,上海,综合,,,湖北中医药大学
,major_line_2023,医学技术类,卫生检验与检疫,,,426,2023,本科批,,36906,426,0,上海,综合,,,湖北中医药大学
,major_line_2023,中医学类,中医学,,,509,2023,本科批,,19158,502,0,上海,综合,,,湖北中医药大学
,major_line_2023,中医学类,针灸推拿学,,,500,2023,本科批,,19921,499,0,上海,综合,,,湖北中医药大学
,major_line_2023,法学类,法学,,,443,2023,本科批,,33766,441,444,上海,综合,,,长沙学院
,major_line_2023,工商管理类,财务管理,,,439,2023,本科批,,34625,437,439,上海,综合,,,长沙学院
,major_line_2023,电气类,电气工程及其自动化,,,437,2023,本科批,,35051,435,438,上海,综合,,,长沙学院
,major_line_2023,电子信息类,人工智能,,,435,2023,本科批,,35259,434,435,上海,综合,,,长沙学院
,major_line_2023,法学类,法学,,,443,2023,本科批,,33766,441,444,上海,综合,,,长沙学院
,major_line_2023,工商管理类,财务管理,,,439,2023,本科批,,34625,437,439,上海,综合,,,长沙学院
,major_line_2023,电气类,电气工程及其自动化,,,437,2023,本科批,,35051,435,438,上海,综合,,,长沙学院
,major_line_2023,电子信息类,人工智能,,,435,2023,本科批,,35259,434,435,上海,综合,,,长沙学院
,major_line_2023,工商管理类,财务管理,,,436,2023,本科批,,34853,436,0,上海,综合,,,南昌工程学院
,major_line_2023,物流管理与工程类,物流管理,,,438,2023,本科批,,35051,435,0,上海,综合,,,南昌工程学院
,major_line_2023,金融学类,投资学,,,437,2023,本科批,,35259,434,0,上海,综合,,,南昌工程学院
,major_line_2023,经济与贸易类,国际经济与贸易,,,434,2023,本科批,,35259,434,0,上海,综合,,,南昌工程学院
,major_line_2023,工商管理类,市场营销,,,433,2023,本科批,,35697,432,0,上海,综合,,,南昌工程学院
,major_line_2023,外国语言文学类,翻译（语种:英语）,,,433,2023,本科批,,35904,431,0,上海,综合,,,南昌工程学院
,major_line_2023,工商管理类,人力资源管理,,,433,2023,本科批,,35904,431,0,上海,综合,,,南昌工程学院
,major_line_2023,外国语言文学类,英语（语种:英语）,,,432,2023,本科批,,36113,430,0,上海,综合,,,南昌工程学院
,major_line_2023,外国语言文学类,法语（语种:英语）,,,431,2023,本科批,,36113,430,0,上海,综合,,,南昌工程学院
,major_line_2023,水利类,水利水电工程,,,443,2023,本科批,,33564,442,0,上海,综合,,,南昌工程学院
,major_line_2023,电气类,电气工程及其自动化,,,438,2023,本科批,,34431,438,0,上海,综合,,,南昌工程学院
,major_line_2023,计算机类,计算机科学与技术,,,437,2023,本科批,,34853,436,0,上海,综合,,,南昌工程学院
,major_line_2023,工商管理类,财务管理,,,436,2023,本科批,,34853,436,0,上海,综合,,,南昌工程学院
,major_line_2023,管理科学与工程类,应急管理,,,436,2023,本科批,,34853,436,0,上海,综合,,,南昌工程学院
,major_line_2023,物流管理与工程类,物流管理,,,438,2023,本科批,,35051,435,0,上海,综合,,,南昌工程学院
,major_line_2023,金融学类,投资学,,,437,2023,本科批,,35259,434,0,上海,综合,,,南昌工程学院
,major_line_2023,经济与贸易类,国际经济与贸易,,,434,2023,本科批,,35259,434,0,上海,综合,,,南昌工程学院
,major_line_2023,工商管理类,市场营销,,,433,2023,本科批,,35697,432,0,上海,综合,,,南昌工程学院
,major_line_2023,外国语言文学类,翻译（语种:英语）,,,433,2023,本科批,,35904,431,0,上海,综合,,,南昌工程学院
,major_line_2023,工商管理类,人力资源管理,,,433,2023,本科批,,35904,431,0,上海,综合,,,南昌工程学院
,major_line_2023,外国语言文学类,英语（语种:英语）,,,432,2023,本科批,,36113,430,0,上海,综合,,,南昌工程学院
,major_line_2023,外国语言文学类,法语（语种:英语）,,,431,2023,本科批,,36113,430,0,上海,综合,,,南昌工程学院
,major_line_2023,水利类,水利水电工程,,,443,2023,本科批,,33564,442,0,上海,综合,,,南昌工程学院
,major_line_2023,电气类,电气工程及其自动化,,,438,2023,本科批,,34431,438,0,上海,综合,,,南昌工程学院
,major_line_2023,计算机类,计算机科学与技术,,,437,2023,本科批,,34853,436,0,上海,综合,,,南昌工程学院
,major_line_2023,管理科学与工程类,应急管理,,,436,2023,本科批,,34853,436,0,上海,综合,,,南昌工程学院
,major_line_2023,法学类,法学,,,439,2023,本科批,,34853,436,0,上海,综合,,,山东交通学院
,major_line_2023,工商管理类,财务管理,,,436,2023,本科批,,34853,436,0,上海,综合,,,山东交通学院
,major_line_2023,法学类,法学,,,439,2023,本科批,,34853,436,0,上海,综合,,,山东交通学院
,major_line_2023,工商管理类,财务管理,,,436,2023,本科批,,34853,436,0,上海,综合,,,山东交通学院
,major_line_2023,中国语言文学类,汉语言文学（师范）,,,485,2023,本科批,,24317,481,0,上海,综合,,,江西科技师范大学
,major_line_2023,历史学类,历史学（师范）,,,465,2023,本科批,,30610,455,0,上海,综合,,,江西科技师范大学
,major_line_2023,数学类,数学与应用数学（师范）,,,469,2023,本科批,,27818,467,0,上海,综合,,,江西科技师范大学
,major_line_2023,化工与制药类,制药工程（含职教师范）,,,458,2023,本科批,,31094,453,0,上海,综合,,,江西科技师范大学
,major_line_2023,旅游管理类,旅游管理（含职教师范）,,,441,2023,本科批,,34170,439,0,上海,综合,,,江西科技师范大学
,major_line_2023,中国语言文学类,汉语言文学（师范）,,,485,2023,本科批,,24317,481,0,上海,综合,,,江西科技师范大学
,major_line_2023,数学类,数学与应用数学（师范）,,,469,2023,本科批,,27818,467,0,上海,综合,,,江西科技师范大学
,major_line_2023,历史学类,历史学（师范）,,,465,2023,本科批,,30610,455,0,上海,综合,,,江西科技师范大学
,major_line_2023,化工与制药类,制药工程（含职教师范）,,,458,2023,本科批,,31094,453,0,上海,综合,,,江西科技师范大学
,major_line_2023,材料类,材料化学,,,442,2023,本科批,,34170,439,0,上海,综合,,,江西科技师范大学
,major_line_2023,旅游管理类,旅游管理（含职教师范）,,,441,2023,本科批,,34170,439,0,上海,综合,,,江西科技师范大学
,major_line_2023,材料类,材料化学,,,442,2023,本科批,,34170,439,0,上海,综合,,,江西科技师范大学
,major_line_2023,教育学类,小学教育（师范）,,,469,2023,本科批,,29246,461,0,上海,综合,,,井冈山大学
,major_line_2023,中国语言文学类,汉语言文学（师范）,,,457,2023,本科批,,31094,453,0,上海,综合,,,井冈山大学
,major_line_2023,外国语言文学类,英语（师范）（语种:英语）,,,451,2023,本科批,,32460,447,0,上海,综合,,,井冈山大学
,major_line_2023,教育学类,小学教育（师范）,,,469,2023,本科批,,29246,461,0,上海,综合,,,井冈山大学
,major_line_2023,中国语言文学类,汉语言文学（师范）,,,457,2023,本科批,,31094,453,0,上海,综合,,,井冈山大学
,major_line_2023,生物科学类,生物科学（师范）,,,455,2023,本科批,,32460,447,0,上海,综合,,,井冈山大学
,major_line_2023,外国语言文学类,英语（师范）（语种:英语）,,,451,2023,本科批,,32460,447,0,上海,综合,,,井冈山大学
,major_line_2023,数学类,数学与应用数学（师范）,,,441,2023,本科批,,35259,434,0,上海,综合,,,井冈山大学
,major_line_2023,物理学类,物理学（师范）,,,436,2023,本科批,,35697,432,0,上海,综合,,,井冈山大学
,major_line_2023,生物科学类,生物科学（师范）,,,455,2023,本科批,,32460,447,0,上海,综合,,,井冈山大学
,major_line_2023,数学类,数学与应用数学（师范）,,,441,2023,本科批,,35259,434,0,上海,综合,,,井冈山大学
,major_line_2023,物理学类,物理学（师范）,,,436,2023,本科批,,35697,432,0,上海,综合,,,井冈山大学
,major_line_2023,物流管理与工程类,物流管理,,,441,2023,本科批,,33766,441,0,上海,综合,,,陕西理工大学
,major_line_2023,经济学类,经济学,,,435,2023,本科批,,35473,433,0,上海,综合,,,陕西理工大学
,major_line_2023,经济与贸易类,国际经济与贸易,,,431,2023,本科批,,36113,430,0,上海,综合,,,陕西理工大学
,major_line_2023,物流管理与工程类,物流管理,,,441,2023,本科批,,33766,441,0,上海,综合,,,陕西理工大学
,major_line_2023,经济学类,经济学,,,435,2023,本科批,,35473,433,0,上海,综合,,,陕西理工大学
,major_line_2023,经济与贸易类,国际经济与贸易,,,431,2023,本科批,,36113,430,0,上海,综合,,,陕西理工大学
,major_line_2023,工商管理类,财务会计教育,,,441,2023,本科批,,34170,439,0,上海,综合,,,天津职业技术师范大学
,major_line_2023,教育学类,教育技术学,,,439,2023,本科批,,34170,439,0,上海,综合,,,天津职业技术师范大学
,major_line_2023,机械类,机械设计制造及其自动化,,,433,2023,本科批,,35473,433,0,上海,综合,,,天津职业技术师范大学
,major_line_2023,自动化类,自动化,,,434,2023,本科批,,35697,432,0,上海,综合,,,天津职业技术师范大学
,major_line_2023,机械类,车辆工程,,,430,2023,本科批,,36113,430,0,上海,综合,,,天津职业技术师范大学
,major_line_2023,仪器类,测控技术与仪器,,,429,2023,本科批,,36303,429,0,上海,综合,,,天津职业技术师范大学
,major_line_2023,机械类,汽车服务工程,,,429,2023,本科批,,36303,429,0,上海,综合,,,天津职业技术师范大学
,major_line_2023,机械类,材料成型及控制工程,,,428,2023,本科批,,36503,428,0,上海,综合,,,天津职业技术师范大学
,major_line_2023,机械类,机械设计制造及其自动化,,,433,2023,本科批,,35473,433,0,上海,综合,,,天津职业技术师范大学
,major_line_2023,自动化类,自动化,,,434,2023,本科批,,35697,432,0,上海,综合,,,天津职业技术师范大学
,major_line_2023,机械类,车辆工程,,,430,2023,本科批,,36113,430,0,上海,综合,,,天津职业技术师范大学
,major_line_2023,仪器类,测控技术与仪器,,,429,2023,本科批,,36303,429,0,上海,综合,,,天津职业技术师范大学
,major_line_2023,机械类,汽车服务工程,,,429,2023,本科批,,36303,429,0,上海,综合,,,天津职业技术师范大学
,major_line_2023,机械类,材料成型及控制工程,,,428,2023,本科批,,36503,428,0,上海,综合,,,天津职业技术师范大学
,major_line_2023,工商管理类,财务会计教育,,,441,2023,本科批,,34170,439,0,上海,综合,,,天津职业技术师范大学
,major_line_2023,教育学类,教育技术学,,,439,2023,本科批,,34170,439,0,上海,综合,,,天津职业技术师范大学
,major_line_2023,中国语言文学类,汉语言文学,,,470,2023,本科批,,27340,469,0,上海,综合,,,衡阳师范学院
,major_line_2023,马克思主义理论类,思想政治教育,,,438,2023,本科批,,34853,436,0,上海,综合,,,衡阳师范学院
,major_line_2023,地理科学类,人文地理与城乡规划,,,428,2023,本科批,,36503,428,0,上海,综合,,,衡阳师范学院
,major_line_2023,新闻传播学类,网络与新媒体,,,439,2023,本科批,,34625,437,0,上海,综合,,,衡阳师范学院
,major_line_2023,经济与贸易类,国际经济与贸易,,,436,2023,本科批,,34853,436,0,上海,综合,,,衡阳师范学院
,major_line_2023,中国语言文学类,汉语言文学,,,470,2023,本科批,,27340,469,0,上海,综合,,,衡阳师范学院
,major_line_2023,新闻传播学类,网络与新媒体,,,439,2023,本科批,,34625,437,0,上海,综合,,,衡阳师范学院
,major_line_2023,马克思主义理论类,思想政治教育,,,438,2023,本科批,,34853,436,0,上海,综合,,,衡阳师范学院
,major_line_2023,经济与贸易类,国际经济与贸易,,,436,2023,本科批,,34853,436,0,上海,综合,,,衡阳师范学院
,major_line_2023,地理科学类,人文地理与城乡规划,,,428,2023,本科批,,36503,428,0,上海,综合,,,衡阳师范学院
,major_line_2023,中医学类,中医学,,,521,2023,本科批,,14416,521,0,上海,综合,,,安徽中医药大学
,major_line_2023,中医学类,针灸推拿学,,,519,2023,本科批,,14925,519,0,上海,综合,,,安徽中医药大学
,major_line_2023,中医学类,中医学,,,521,2023,本科批,,14416,521,0,上海,综合,,,安徽中医药大学
,major_line_2023,中医学类,针灸推拿学,,,519,2023,本科批,,14925,519,0,上海,综合,,,安徽中医药大学
,major_line_2023,教育学类,小学教育（师范）,,,516,2023,本科批,,16921,511,0,上海,综合,,,南京晓庄学院
,major_line_2023,外国语言文学类,商务英语（语种:英语）,,,510,2023,本科批,,17139,510,0,上海,综合,,,南京晓庄学院
,major_line_2023,教育学类,学前教育（师范）,,,504,2023,本科批,,18635,504,0,上海,综合,,,南京晓庄学院
,major_line_2023,教育学类,小学教育（师范）,,,516,2023,本科批,,16921,511,0,上海,综合,,,南京晓庄学院
,major_line_2023,外国语言文学类,商务英语（语种:英语）,,,510,2023,本科批,,17139,510,0,上海,综合,,,南京晓庄学院
,major_line_2023,教育学类,学前教育（师范）,,,504,2023,本科批,,18635,504,0,上海,综合,,,南京晓庄学院
,major_line_2023,外国语言文学类,斯瓦希里语（语种:英语）,,,501,2023,本科批,,19420,501,0,上海,综合,,,天津外国语大学
,major_line_2023,外国语言文学类,保加利亚语（语种:英语）,,,482,2023,本科批,,24077,482,0,上海,综合,,,天津外国语大学
,major_line_2023,外国语言文学类,乌克兰语（外语语种为英语、俄语）,,,474,2023,本科批,,26112,474,0,上海,综合,,,天津外国语大学
,major_line_2023,外国语言文学类,斯瓦希里语（语种:英语）,,,501,2023,本科批,,19420,501,0,上海,综合,,,天津外国语大学
,major_line_2023,外国语言文学类,保加利亚语（语种:英语）,,,482,2023,本科批,,24077,482,0,上海,综合,,,天津外国语大学
,major_line_2023,外国语言文学类,乌克兰语（外语语种为英语、俄语）,,,474,2023,本科批,,26112,474,0,上海,综合,,,天津外国语大学
,major_line_2023,工商管理类,工商管理,,,443,2023,本科批,,33327,443,0,上海,综合,,,四川轻化工大学
,major_line_2023,金融学类,投资学,,,434,2023,本科批,,35259,434,0,上海,综合,,,四川轻化工大学
,major_line_2023,工商管理类,人力资源管理,,,432,2023,本科批,,35697,432,0,上海,综合,,,四川轻化工大学
,major_line_2023,旅游管理类,旅游管理,,,432,2023,本科批,,35697,432,0,上海,综合,,,四川轻化工大学
,major_line_2023,工商管理类,工商管理,,,443,2023,本科批,,33327,443,0,上海,综合,,,四川轻化工大学
,major_line_2023,金融学类,投资学,,,434,2023,本科批,,35259,434,0,上海,综合,,,四川轻化工大学
,major_line_2023,工商管理类,人力资源管理,,,432,2023,本科批,,35697,432,0,上海,综合,,,四川轻化工大学
,major_line_2023,旅游管理类,旅游管理,,,432,2023,本科批,,35697,432,0,上海,综合,,,四川轻化工大学
,major_line_2023,电子信息类,电子信息工程（湖西校区）,,,426,2023,本科批,,37331,424,0,上海,综合,,,长春工程学院
,major_line_2023,计算机类,计算机科学与技术（湖西校区）,,,425,2023,本科批,,37331,424,0,上海,综合,,,长春工程学院
,major_line_2023,管理科学与工程类,工程造价（湖东校区）,,,424,2023,本科批,,37331,424,0,上海,综合,,,长春工程学院
,major_line_2023,自动化类,机器人工程（湖西校区）,,,423,2023,本科批,,37531,423,0,上海,综合,,,长春工程学院
,major_line_2023,计算机类,物联网工程（湖西校区）,,,424,2023,本科批,,37730,422,0,上海,综合,,,长春工程学院
,major_line_2023,机械类,智能车辆工程（湖西校区）,,,422,2023,本科批,,37730,422,0,上海,综合,,,长春工程学院
,major_line_2023,电子信息类,电子信息工程（湖西校区）,,,426,2023,本科批,,37331,424,0,上海,综合,,,长春工程学院
,major_line_2023,计算机类,计算机科学与技术（湖西校区）,,,425,2023,本科批,,37331,424,0,上海,综合,,,长春工程学院
,major_line_2023,管理科学与工程类,工程造价（湖东校区）,,,424,2023,本科批,,37331,424,0,上海,综合,,,长春工程学院
,major_line_2023,自动化类,机器人工程（湖西校区）,,,423,2023,本科批,,37531,423,0,上海,综合,,,长春工程学院
,major_line_2023,计算机类,物联网工程（湖西校区）,,,424,2023,本科批,,37730,422,0,上海,综合,,,长春工程学院
,major_line_2023,机械类,智能车辆工程（湖西校区）,,,422,2023,本科批,,37730,422,0,上海,综合,,,长春工程学院
,major_line_2023,环境科学与工程类,环境科学与工程,,,461,2023,本科批,,29706,459,0,上海,综合,,,无锡学院
,major_line_2023,计算机类,物联网工程,,,440,2023,本科批,,33965,440,0,上海,综合,,,无锡学院
,major_line_2023,电气类,电气工程及其自动化,,,444,2023,本科批,,34170,439,0,上海,综合,,,无锡学院
,major_line_2023,电子信息类,电子科学与技术,,,439,2023,本科批,,34170,439,0,上海,综合,,,无锡学院
,major_line_2023,管理科学与工程类,应急管理,,,439,2023,本科批,,34170,439,0,上海,综合,,,无锡学院
,major_line_2023,经济与贸易类,国际经济与贸易,,,454,2023,本科批,,30852,454,0,上海,综合,,,无锡学院
,major_line_2023,工商管理类,会计学,,,453,2023,本科批,,31094,453,0,上海,综合,,,无锡学院
,major_line_2023,工商管理类,人力资源管理,,,452,2023,本科批,,31347,452,0,上海,综合,,,无锡学院
,major_line_2023,工商管理类,财务管理,,,452,2023,本科批,,31347,452,0,上海,综合,,,无锡学院
,major_line_2023,外国语言文学类,英语（语种:英语）,,,452,2023,本科批,,31584,451,0,上海,综合,,,无锡学院
,major_line_2023,环境科学与工程类,环境科学与工程,,,461,2023,本科批,,29706,459,0,上海,综合,,,无锡学院
,major_line_2023,经济与贸易类,国际经济与贸易,,,454,2023,本科批,,30852,454,0,上海,综合,,,无锡学院
,major_line_2023,工商管理类,会计学,,,453,2023,本科批,,31094,453,0,上海,综合,,,无锡学院
,major_line_2023,工商管理类,人力资源管理,,,452,2023,本科批,,31347,452,0,上海,综合,,,无锡学院
,major_line_2023,工商管理类,财务管理,,,452,2023,本科批,,31347,452,0,上海,综合,,,无锡学院
,major_line_2023,外国语言文学类,英语（语种:英语）,,,452,2023,本科批,,31584,451,0,上海,综合,,,无锡学院
,major_line_2023,计算机类,物联网工程,,,440,2023,本科批,,33965,440,0,上海,综合,,,无锡学院
,major_line_2023,电气类,电气工程及其自动化,,,444,2023,本科批,,34170,439,0,上海,综合,,,无锡学院
,major_line_2023,电子信息类,电子科学与技术,,,439,2023,本科批,,34170,439,0,上海,综合,,,无锡学院
,major_line_2023,管理科学与工程类,应急管理,,,439,2023,本科批,,34170,439,0,上海,综合,,,无锡学院
,major_line_2023,中药学类,中药学,,,447,2023,本科批,,32460,447,0,上海,综合,,,安徽科技学院
,major_line_2023,生物工程类,生物工程（语种:不限在凤阳校区）,,,441,2023,本科批,,33965,440,0,上海,综合,,,安徽科技学院
,major_line_2023,工业工程类,质量管理工程（语种:不限在蚌埠龙湖校区）,,,440,2023,本科批,,33965,440,0,上海,综合,,,安徽科技学院
,major_line_2023,工商管理类,市场营销,,,446,2023,本科批,,32676,446,0,上海,综合,,,安徽科技学院
,major_line_2023,物流管理与工程类,物流管理,,,441,2023,本科批,,33766,441,0,上海,综合,,,安徽科技学院
,major_line_2023,中药学类,中药学,,,447,2023,本科批,,32460,447,0,上海,综合,,,安徽科技学院
,major_line_2023,工商管理类,市场营销,,,446,2023,本科批,,32676,446,0,上海,综合,,,安徽科技学院
,major_line_2023,食品科学与工程类,食品质量与安全,,,444,2023,本科批,,33564,442,0,上海,综合,,,安徽科技学院
,major_line_2023,物流管理与工程类,物流管理,,,441,2023,本科批,,33766,441,0,上海,综合,,,安徽科技学院
,major_line_2023,生物工程类,生物工程（语种:不限在凤阳校区）,,,441,2023,本科批,,33965,440,0,上海,综合,,,安徽科技学院
,major_line_2023,工业工程类,质量管理工程（语种:不限在蚌埠龙湖校区）,,,440,2023,本科批,,33965,440,0,上海,综合,,,安徽科技学院
,major_line_2023,食品科学与工程类,食品科学与工程,,,439,2023,本科批,,34170,439,0,上海,综合,,,安徽科技学院
,major_line_2023,食品科学与工程类,食品质量与安全,,,444,2023,本科批,,33564,442,0,上海,综合,,,安徽科技学院
,major_line_2023,食品科学与工程类,食品科学与工程,,,439,2023,本科批,,34170,439,0,上海,综合,,,安徽科技学院
,major_line_2023,工商管理类,会计学,,,446,2023,本科批,,32676,446,0,上海,综合,,,金陵科技学院
,major_line_2023,外国语言文学类,英语（语种:英语）,,,446,2023,本科批,,32676,446,0,上海,综合,,,金陵科技学院
,major_line_2023,工商管理类,市场营销,,,445,2023,本科批,,32897,445,0,上海,综合,,,金陵科技学院
,major_line_2023,计算机类,软件工程（江宁校区）,,,441,2023,本科批,,33766,441,0,上海,综合,,,金陵科技学院
,major_line_2023,计算机类,物联网工程（江宁校区）,,,441,2023,本科批,,33766,441,0,上海,综合,,,金陵科技学院
,major_line_2023,机械类,车辆工程（江宁校区）,,,441,2023,本科批,,33766,441,0,上海,综合,,,金陵科技学院
,major_line_2023,机械类,机械设计制造及其自动化（江宁校区）,,,441,2023,本科批,,33766,441,0,上海,综合,,,金陵科技学院
,major_line_2023,食品科学与工程类,食品科学与工程（幕府校区）,,,440,2023,本科批,,33965,440,0,上海,综合,,,金陵科技学院
,major_line_2023,土木类,建筑电气与智能化（江宁校区）,,,440,2023,本科批,,33965,440,0,上海,综合,,,金陵科技学院
,major_line_2023,建筑类,城乡规划（江宁校区）,,,440,2023,本科批,,33965,440,0,上海,综合,,,金陵科技学院
,major_line_2023,中国语言文学类,古典文献学,,,465,2023,本科批,,28319,465,0,上海,综合,,,金陵科技学院
,major_line_2023,中国语言文学类,古典文献学,,,465,2023,本科批,,28319,465,0,上海,综合,,,金陵科技学院
,major_line_2023,工商管理类,会计学,,,446,2023,本科批,,32676,446,0,上海,综合,,,金陵科技学院
,major_line_2023,外国语言文学类,英语（语种:英语）,,,446,2023,本科批,,32676,446,0,上海,综合,,,金陵科技学院
,major_line_2023,工商管理类,市场营销,,,445,2023,本科批,,32897,445,0,上海,综合,,,金陵科技学院
,major_line_2023,计算机类,软件工程（江宁校区）,,,441,2023,本科批,,33766,441,0,上海,综合,,,金陵科技学院
,major_line_2023,计算机类,物联网工程（江宁校区）,,,441,2023,本科批,,33766,441,0,上海,综合,,,金陵科技学院
,major_line_2023,机械类,车辆工程（江宁校区）,,,441,2023,本科批,,33766,441,0,上海,综合,,,金陵科技学院
,major_line_2023,机械类,机械设计制造及其自动化（江宁校区）,,,441,2023,本科批,,33766,441,0,上海,综合,,,金陵科技学院
,major_line_2023,食品科学与工程类,食品科学与工程（幕府校区）,,,440,2023,本科批,,33965,440,0,上海,综合,,,金陵科技学院
,major_line_2023,土木类,建筑电气与智能化（江宁校区）,,,440,2023,本科批,,33965,440,0,上海,综合,,,金陵科技学院
,major_line_2023,建筑类,城乡规划（江宁校区）,,,440,2023,本科批,,33965,440,0,上海,综合,,,金陵科技学院
,major_line_2023,教育学类,教育技术学（师范）,,,435,2023,本科批,,37331,424,0,上海,综合,,,岭南师范学院
,major_line_2023,经济与贸易类,国际经济与贸易,,,426,2023,本科批,,37531,423,0,上海,综合,,,岭南师范学院
,major_line_2023,数学类,信息与计算科学,,,426,2023,本科批,,37730,422,0,上海,综合,,,岭南师范学院
,major_line_2023,数学类,信息与计算科学,,,426,2023,本科批,,37730,422,0,上海,综合,,,岭南师范学院
,major_line_2023,教育学类,教育技术学（师范）,,,435,2023,本科批,,37331,424,0,上海,综合,,,岭南师范学院
,major_line_2023,经济与贸易类,国际经济与贸易,,,426,2023,本科批,,37531,423,0,上海,综合,,,岭南师范学院
,major_line_2023,化工与制药类,化学工程与工艺,,,449,2023,本科批,,32023,449,0,上海,综合,,,衢州学院
,major_line_2023,材料类,高分子材料与工程,,,441,2023,本科批,,33766,441,0,上海,综合,,,衢州学院
,major_line_2023,材料类,高分子材料与工程,,,441,2023,本科批,,33766,441,0,上海,综合,,,衢州学院
,major_line_2023,化工与制药类,化学工程与工艺,,,449,2023,本科批,,32023,449,0,上海,综合,,,衢州学院
,major_line_2023,新闻传播学类,新闻学（杭州钱塘校区）,,,544,2023,本科批,,8940,544,0,上海,综合,,,浙江传媒学院
,major_line_2023,新闻传播学类,广播电视学（杭州钱塘校区）,,,535,2023,本科批,,11029,535,0,上海,综合,,,浙江传媒学院
,major_line_2023,计算机类,数字媒体技术,,,522,2023,本科批,,14182,522,0,上海,综合,,,浙江传媒学院
,major_line_2023,新闻传播学类,网络与新媒体（桐乡乌镇校区）,,,521,2023,本科批,,14416,521,0,上海,综合,,,浙江传媒学院
,major_line_2023,计算机类,软件工程（传媒大数据方向）,,,521,2023,本科批,,14416,521,0,上海,综合,,,浙江传媒学院
,major_line_2023,新闻传播学类,传播学（杭州钱塘校区）,,,520,2023,本科批,,14672,520,0,上海,综合,,,浙江传媒学院
,major_line_2023,计算机类,网络工程,,,519,2023,本科批,,14925,519,0,上海,综合,,,浙江传媒学院
,major_line_2023,工商管理类,文化产业管理（桐乡乌镇校区）,,,517,2023,本科批,,15390,517,0,上海,综合,,,浙江传媒学院
,major_line_2023,新闻传播学类,编辑出版学（杭州钱塘校区）,,,512,2023,本科批,,16670,512,0,上海,综合,,,浙江传媒学院
,major_line_2023,新闻传播学类,广告学（桐乡乌镇校区）,,,512,2023,本科批,,16670,512,0,上海,综合,,,浙江传媒学院
,major_line_2023,公共管理类,公共关系学（桐乡乌镇校区）,,,510,2023,本科批,,17139,510,0,上海,综合,,,浙江传媒学院
,major_line_2023,外国语言文学类,英语（英语单科成绩不低于115分）（语种:英语）（杭州钱塘校区）,,,510,2023,本科批,,17139,510,0,上海,综合,,,浙江传媒学院
,major_line_2023,旅游管理类,会展经济与管理（桐乡乌镇校区）,,,510,2023,本科批,,17139,510,0,上海,综合,,,浙江传媒学院
,major_line_2023,新闻传播学类,传播学（中外合作办学）（外语单科成绩不低于105分）（中外合作办学）,,,511,2023,本科批,,17863,507,0,上海,综合,,,浙江传媒学院
,major_line_2023,中国语言文学类,汉语言文学（网络文学与创意写作方向）,,,507,2023,本科批,,17863,507,0,上海,综合,,,浙江传媒学院
,major_line_2023,中国语言文学类,汉语言文学,,,506,2023,本科批,,18118,506,0,上海,综合,,,浙江传媒学院
,major_line_2023,电子信息类,广播电视工程,,,501,2023,本科批,,19420,501,0,上海,综合,,,浙江传媒学院
,major_line_2023,电子信息类,电子科学与技术（演艺工程与舞台技术方向）,,,507,2023,本科批,,19921,499,0,上海,综合,,,浙江传媒学院
,major_line_2023,电子信息类,人工智能,,,499,2023,本科批,,19921,499,0,上海,综合,,,浙江传媒学院
,major_line_2023,计算机类,电影制作,,,496,2023,本科批,,22878,487,0,上海,综合,,,浙江传媒学院
,major_line_2023,中国语言文学类,汉语言文学（网络文学与创意写作方向）,,,507,2023,本科批,,17863,507,0,上海,综合,,,浙江传媒学院
,major_line_2023,中国语言文学类,汉语言文学,,,506,2023,本科批,,18118,506,0,上海,综合,,,浙江传媒学院
,major_line_2023,新闻传播学类,传播学（中外合作办学）（外语单科成绩不低于105分）（中外合作办学）,,,511,2023,本科批,,17863,507,0,上海,综合,,,浙江传媒学院
,major_line_2023,计算机类,电影制作,,,496,2023,本科批,,22878,487,0,上海,综合,,,浙江传媒学院
,major_line_2023,计算机类,数字媒体技术,,,522,2023,本科批,,14182,522,0,上海,综合,,,浙江传媒学院
,major_line_2023,计算机类,软件工程（传媒大数据方向）,,,521,2023,本科批,,14416,521,0,上海,综合,,,浙江传媒学院
,major_line_2023,计算机类,网络工程,,,519,2023,本科批,,14925,519,0,上海,综合,,,浙江传媒学院
,major_line_2023,电子信息类,广播电视工程,,,501,2023,本科批,,19420,501,0,上海,综合,,,浙江传媒学院
,major_line_2023,电子信息类,电子科学与技术（演艺工程与舞台技术方向）,,,507,2023,本科批,,19921,499,0,上海,综合,,,浙江传媒学院
,major_line_2023,电子信息类,人工智能,,,499,2023,本科批,,19921,499,0,上海,综合,,,浙江传媒学院
,major_line_2023,新闻传播学类,新闻学（杭州钱塘校区）,,,544,2023,本科批,,8940,544,0,上海,综合,,,浙江传媒学院
,major_line_2023,新闻传播学类,广播电视学（杭州钱塘校区）,,,535,2023,本科批,,11029,535,0,上海,综合,,,浙江传媒学院
,major_line_2023,新闻传播学类,网络与新媒体（桐乡乌镇校区）,,,521,2023,本科批,,14416,521,0,上海,综合,,,浙江传媒学院
,major_line_2023,新闻传播学类,传播学（杭州钱塘校区）,,,520,2023,本科批,,14672,520,0,上海,综合,,,浙江传媒学院
,major_line_2023,工商管理类,文化产业管理（桐乡乌镇校区）,,,517,2023,本科批,,15390,517,0,上海,综合,,,浙江传媒学院
,major_line_2023,新闻传播学类,编辑出版学（杭州钱塘校区）,,,512,2023,本科批,,16670,512,0,上海,综合,,,浙江传媒学院
,major_line_2023,新闻传播学类,广告学（桐乡乌镇校区）,,,512,2023,本科批,,16670,512,0,上海,综合,,,浙江传媒学院
,major_line_2023,公共管理类,公共关系学（桐乡乌镇校区）,,,510,2023,本科批,,17139,510,0,上海,综合,,,浙江传媒学院
,major_line_2023,外国语言文学类,英语（英语单科成绩不低于115分）（语种:英语）（杭州钱塘校区）,,,510,2023,本科批,,17139,510,0,上海,综合,,,浙江传媒学院
,major_line_2023,旅游管理类,会展经济与管理（桐乡乌镇校区）,,,510,2023,本科批,,17139,510,0,上海,综合,,,浙江传媒学院
,major_line_2023,轻工类,轻工类（含轻化工程、包装工程专业）,,,417,2023,本科批,,38855,416,0,上海,综合,,,齐齐哈尔大学
,major_line_2023,纺织类,纺织工程,,,416,2023,本科批,,38855,416,0,上海,综合,,,齐齐哈尔大学
,major_line_2023,电气类,电气工程及其自动化,,,427,2023,本科批,,36906,426,0,上海,综合,,,齐齐哈尔大学
,major_line_2023,计算机类,计算机类（含计算机科学与技术、软件工程专业）,,,427,2023,本科批,,36906,426,0,上海,综合,,,齐齐哈尔大学
,major_line_2023,电子信息类,电子信息类（含电子信息工程、通信工程专业）,,,426,2023,本科批,,36906,426,0,上海,综合,,,齐齐哈尔大学
,major_line_2023,电子信息类,人工智能,,,425,2023,本科批,,37110,425,0,上海,综合,,,齐齐哈尔大学
,major_line_2023,计算机类,物联网工程,,,425,2023,本科批,,37331,424,0,上海,综合,,,齐齐哈尔大学
,major_line_2023,计算机类,数据科学与大数据技术,,,424,2023,本科批,,37331,424,0,上海,综合,,,齐齐哈尔大学
,major_line_2023,材料类,材料类（含材料化学、无机非金属材料工程、高分子材料与工程专业）,,,423,2023,本科批,,37931,421,0,上海,综合,,,齐齐哈尔大学
,major_line_2023,化工与制药类,化工与制药类（含化学工程与工艺、制药工程、能源化学工程专业）,,,433,2023,本科批,,35473,433,0,上海,综合,,,齐齐哈尔大学
,major_line_2023,中国语言文学类,中国语言文学类（含汉语言文学）（师范类、汉语言文学专业）,,,433,2023,本科批,,35473,433,0,上海,综合,,,齐齐哈尔大学
,major_line_2023,食品科学与工程类,食品科学与工程类（含食品科学与工程、食品质量与安全专业）,,,431,2023,本科批,,36113,430,0,上海,综合,,,齐齐哈尔大学
,major_line_2023,经济与贸易类,国际经济与贸易,,,430,2023,本科批,,36113,430,0,上海,综合,,,齐齐哈尔大学
,major_line_2023,电气类,电气工程及其自动化,,,427,2023,本科批,,36906,426,0,上海,综合,,,齐齐哈尔大学
,major_line_2023,计算机类,计算机类（含计算机科学与技术、软件工程专业）,,,427,2023,本科批,,36906,426,0,上海,综合,,,齐齐哈尔大学
,major_line_2023,电子信息类,电子信息类（含电子信息工程、通信工程专业）,,,426,2023,本科批,,36906,426,0,上海,综合,,,齐齐哈尔大学
,major_line_2023,电子信息类,人工智能,,,425,2023,本科批,,37110,425,0,上海,综合,,,齐齐哈尔大学
,major_line_2023,计算机类,物联网工程,,,425,2023,本科批,,37331,424,0,上海,综合,,,齐齐哈尔大学
,major_line_2023,计算机类,数据科学与大数据技术,,,424,2023,本科批,,37331,424,0,上海,综合,,,齐齐哈尔大学
,major_line_2023,心理学类,应用心理学,,,423,2023,本科批,,37531,423,0,上海,综合,,,齐齐哈尔大学
,major_line_2023,新闻传播学类,广播电视学,,,424,2023,本科批,,37730,422,0,上海,综合,,,齐齐哈尔大学
,major_line_2023,材料类,材料类（含材料化学、无机非金属材料工程、高分子材料与工程专业）,,,423,2023,本科批,,37931,421,0,上海,综合,,,齐齐哈尔大学
,major_line_2023,工商管理类,工商管理类（含工商管理、市场营销、财务管理专业）,,,423,2023,本科批,,38092,420,0,上海,综合,,,齐齐哈尔大学
,major_line_2023,外国语言文学类,日语,,,421,2023,本科批,,38092,420,0,上海,综合,,,齐齐哈尔大学
,major_line_2023,轻工类,轻工类（含轻化工程、包装工程专业）,,,417,2023,本科批,,38855,416,0,上海,综合,,,齐齐哈尔大学
,major_line_2023,纺织类,纺织工程,,,416,2023,本科批,,38855,416,0,上海,综合,,,齐齐哈尔大学
,major_line_2023,中国语言文学类,中国语言文学类（含汉语言文学）（师范类、汉语言文学专业）,,,433,2023,本科批,,35473,433,0,上海,综合,,,齐齐哈尔大学
,major_line_2023,经济与贸易类,国际经济与贸易,,,430,2023,本科批,,36113,430,0,上海,综合,,,齐齐哈尔大学
,major_line_2023,心理学类,应用心理学,,,423,2023,本科批,,37531,423,0,上海,综合,,,齐齐哈尔大学
,major_line_2023,新闻传播学类,广播电视学,,,424,2023,本科批,,37730,422,0,上海,综合,,,齐齐哈尔大学
,major_line_2023,工商管理类,工商管理类（含工商管理、市场营销、财务管理专业）,,,423,2023,本科批,,38092,420,0,上海,综合,,,齐齐哈尔大学
,major_line_2023,外国语言文学类,日语,,,421,2023,本科批,,38092,420,0,上海,综合,,,齐齐哈尔大学
,major_line_2023,化工与制药类,化工与制药类（含化学工程与工艺、制药工程、能源化学工程专业）,,,433,2023,本科批,,35473,433,0,上海,综合,,,齐齐哈尔大学
,major_line_2023,食品科学与工程类,食品科学与工程类（含食品科学与工程、食品质量与安全专业）,,,431,2023,本科批,,36113,430,0,上海,综合,,,齐齐哈尔大学
,major_line_2023,计算机类,大数据技术（中外合作办学）（中外合作办学）,,,251,2023,专科批,,1639,245,0,上海,综合,,,上海立信会计金融学院
,major_line_2023,金融学类,金融工程,,,488,2023,本科批,,23814,483,0,上海,综合,,,上海立信会计金融学院
,major_line_2023,金融学类,金融科技,,,478,2023,本科批,,26377,473,0,上海,综合,,,上海立信会计金融学院
,major_line_2023,金融学类,精算学,,,477,2023,本科批,,26613,472,0,上海,综合,,,上海立信会计金融学院
,major_line_2023,数学类,数学与应用数学（办学点上川路校区；）,,,482,2023,本科批,,25585,476,0,上海,综合,,,上海立信会计金融学院
,major_line_2023,经济学类,数字经济（办学点上川路校区；）,,,468,2023,本科批,,28788,463,0,上海,综合,,,上海立信会计金融学院
,major_line_2023,计算机类,数据科学与大数据技术（办学点文翔路校区；）,,,466,2023,本科批,,29469,460,0,上海,综合,,,上海立信会计金融学院
,major_line_2023,计算机类,计算机科学与技术（办学点文翔路校区；）,,,466,2023,本科批,,29925,458,0,上海,综合,,,上海立信会计金融学院
,major_line_2023,计算机类,智能科学与技术（办学点文翔路校区；）,,,459,2023,本科批,,30610,455,0,上海,综合,,,上海立信会计金融学院
,major_line_2023,管理科学与工程类,房地产开发与管理（办学点文翔路校区；）,,,457,2023,本科批,,30610,455,0,上海,综合,,,上海立信会计金融学院
,major_line_2023,工商管理类,审计学,,,504,2023,本科批,,20181,498,0,上海,综合,,,上海立信会计金融学院
,major_line_2023,统计学类,应用统计学,,,497,2023,本科批,,20893,495,0,上海,综合,,,上海立信会计金融学院
,major_line_2023,工商管理类,会计学（办学点文翔路校区；）,,,507,2023,本科批,,19672,500,0,上海,综合,,,上海立信会计金融学院
,major_line_2023,工商管理类,审计学,,,504,2023,本科批,,20181,498,0,上海,综合,,,上海立信会计金融学院
,major_line_2023,统计学类,应用统计学,,,497,2023,本科批,,20893,495,0,上海,综合,,,上海立信会计金融学院
,major_line_2023,工商管理类,财务管理（办学点文翔路校区；）,,,496,2023,本科批,,21695,492,0,上海,综合,,,上海立信会计金融学院
,major_line_2023,工商管理类,资产评估（办学点文翔路校区；）,,,493,2023,本科批,,22397,489,0,上海,综合,,,上海立信会计金融学院
,major_line_2023,法学类,法学（办学点上川路校区；）,,,491,2023,本科批,,23334,485,0,上海,综合,,,上海立信会计金融学院
,major_line_2023,金融学类,金融学（办学点上川路校区；）,,,491,2023,本科批,,23581,484,0,上海,综合,,,上海立信会计金融学院
,major_line_2023,公共管理类,劳动与社会保障（办学点文翔路校区；）,,,488,2023,本科批,,23581,484,0,上海,综合,,,上海立信会计金融学院
,major_line_2023,工商管理类,人力资源管理（办学点文翔路校区；）,,,487,2023,本科批,,23581,484,0,上海,综合,,,上海立信会计金融学院
,major_line_2023,金融学类,金融工程,,,488,2023,本科批,,23814,483,0,上海,综合,,,上海立信会计金融学院
,major_line_2023,工商管理类,国际商务（办学点上川路校区；）,,,487,2023,本科批,,23814,483,0,上海,综合,,,上海立信会计金融学院
,major_line_2023,物流管理与工程类,物流管理（办学点文翔路校区；）,,,486,2023,本科批,,23814,483,0,上海,综合,,,上海立信会计金融学院
,major_line_2023,工商管理类,工商管理（办学点文翔路校区；）,,,487,2023,本科批,,24077,482,0,上海,综合,,,上海立信会计金融学院
,major_line_2023,公共管理类,行政管理（办学点文翔路校区；）,,,486,2023,本科批,,24077,482,0,上海,综合,,,上海立信会计金融学院
,major_line_2023,电子商务类,电子商务（办学点文翔路校区；）,,,485,2023,本科批,,24077,482,0,上海,综合,,,上海立信会计金融学院
,major_line_2023,工商管理类,市场营销（办学点文翔路校区；）,,,484,2023,本科批,,24077,482,0,上海,综合,,,上海立信会计金融学院
,major_line_2023,财政学类,财政学（办学点文翔路校区；）,,,487,2023,本科批,,24317,481,0,上海,综合,,,上海立信会计金融学院
,major_line_2023,经济学类,经济学（办学点上川路校区；）,,,484,2023,本科批,,24317,481,0,上海,综合,,,上海立信会计金融学院
,major_line_2023,经济学类,经济统计学（办学点上川路校区；）,,,482,2023,本科批,,24548,480,0,上海,综合,,,上海立信会计金融学院
,major_line_2023,财政学类,税收学（办学点文翔路校区；）,,,484,2023,本科批,,25081,478,0,上海,综合,,,上海立信会计金融学院
,major_line_2023,金融学类,金融数学（办学点上川路校区；）,,,483,2023,本科批,,25351,477,0,上海,综合,,,上海立信会计金融学院
,major_line_2023,数学类,数学与应用数学（办学点上川路校区；）,,,482,2023,本科批,,25585,476,0,上海,综合,,,上海立信会计金融学院
,major_line_2023,外国语言文学类,英语（办学点文翔路校区；（语种:英语））,,,482,2023,本科批,,25585,476,0,上海,综合,,,上海立信会计金融学院
,major_line_2023,金融学类,保险学（办学点上川路校区；）,,,479,2023,本科批,,25848,475,0,上海,综合,,,上海立信会计金融学院
,major_line_2023,经济与贸易类,国际经济与贸易（办学点上川路校区；）,,,478,2023,本科批,,25848,475,0,上海,综合,,,上海立信会计金融学院
,major_line_2023,金融学类,信用管理（办学点上川路校区；）,,,478,2023,本科批,,25848,475,0,上海,综合,,,上海立信会计金融学院
,major_line_2023,外国语言文学类,商务英语（办学点文翔路校区；（语种:英语））,,,478,2023,本科批,,25848,475,0,上海,综合,,,上海立信会计金融学院
,major_line_2023,外国语言文学类,日语（办学点文翔路校区；外语语种为英语、日语）,,,478,2023,本科批,,25848,475,0,上海,综合,,,上海立信会计金融学院
,major_line_2023,金融学类,投资学（办学点上川路校区；）,,,478,2023,本科批,,25848,475,0,上海,综合,,,上海立信会计金融学院
,major_line_2023,金融学类,金融科技,,,478,2023,本科批,,26377,473,0,上海,综合,,,上海立信会计金融学院
,major_line_2023,金融学类,精算学,,,477,2023,本科批,,26613,472,0,上海,综合,,,上海立信会计金融学院
,major_line_2023,经济学类,数字经济（办学点上川路校区；）,,,468,2023,本科批,,28788,463,0,上海,综合,,,上海立信会计金融学院
,major_line_2023,计算机类,数据科学与大数据技术（办学点文翔路校区；）,,,466,2023,本科批,,29469,460,0,上海,综合,,,上海立信会计金融学院
,major_line_2023,计算机类,计算机科学与技术（办学点文翔路校区；）,,,466,2023,本科批,,29925,458,0,上海,综合,,,上海立信会计金融学院
,major_line_2023,计算机类,智能科学与技术（办学点文翔路校区；）,,,459,2023,本科批,,30610,455,0,上海,综合,,,上海立信会计金融学院
,major_line_2023,管理科学与工程类,房地产开发与管理（办学点文翔路校区；）,,,457,2023,本科批,,30610,455,0,上海,综合,,,上海立信会计金融学院
,major_line_2023,工商管理类,会计学（办学点文翔路校区；）,,,507,2023,本科批,,19672,500,0,上海,综合,,,上海立信会计金融学院
,major_line_2023,工商管理类,财务管理（办学点文翔路校区；）,,,496,2023,本科批,,21695,492,0,上海,综合,,,上海立信会计金融学院
,major_line_2023,工商管理类,资产评估（办学点文翔路校区；）,,,493,2023,本科批,,22397,489,0,上海,综合,,,上海立信会计金融学院
,major_line_2023,公共管理类,劳动与社会保障（办学点文翔路校区；）,,,488,2023,本科批,,23581,484,0,上海,综合,,,上海立信会计金融学院
,major_line_2023,工商管理类,人力资源管理（办学点文翔路校区；）,,,487,2023,本科批,,23581,484,0,上海,综合,,,上海立信会计金融学院
,major_line_2023,工商管理类,国际商务（办学点上川路校区；）,,,487,2023,本科批,,23814,483,0,上海,综合,,,上海立信会计金融学院
,major_line_2023,物流管理与工程类,物流管理（办学点文翔路校区；）,,,486,2023,本科批,,23814,483,0,上海,综合,,,上海立信会计金融学院
,major_line_2023,工商管理类,工商管理（办学点文翔路校区；）,,,487,2023,本科批,,24077,482,0,上海,综合,,,上海立信会计金融学院
,major_line_2023,公共管理类,行政管理（办学点文翔路校区；）,,,486,2023,本科批,,24077,482,0,上海,综合,,,上海立信会计金融学院
,major_line_2023,电子商务类,电子商务（办学点文翔路校区；）,,,485,2023,本科批,,24077,482,0,上海,综合,,,上海立信会计金融学院
,major_line_2023,工商管理类,市场营销（办学点文翔路校区；）,,,484,2023,本科批,,24077,482,0,上海,综合,,,上海立信会计金融学院
,major_line_2023,计算机类,大数据技术（中外合作办学）（中外合作办学）,,,251,2023,专科批,,1639,245,0,上海,综合,,,上海立信会计金融学院
,major_line_2023,法学类,法学（办学点上川路校区；）,,,491,2023,本科批,,23334,485,0,上海,综合,,,上海立信会计金融学院
,major_line_2023,金融学类,金融学（办学点上川路校区；）,,,491,2023,本科批,,23581,484,0,上海,综合,,,上海立信会计金融学院
,major_line_2023,财政学类,财政学（办学点文翔路校区；）,,,487,2023,本科批,,24317,481,0,上海,综合,,,上海立信会计金融学院
,major_line_2023,经济学类,经济学（办学点上川路校区；）,,,484,2023,本科批,,24317,481,0,上海,综合,,,上海立信会计金融学院
,major_line_2023,经济学类,经济统计学（办学点上川路校区；）,,,482,2023,本科批,,24548,480,0,上海,综合,,,上海立信会计金融学院
,major_line_2023,财政学类,税收学（办学点文翔路校区；）,,,484,2023,本科批,,25081,478,0,上海,综合,,,上海立信会计金融学院
,major_line_2023,金融学类,金融数学（办学点上川路校区；）,,,483,2023,本科批,,25351,477,0,上海,综合,,,上海立信会计金融学院
,major_line_2023,外国语言文学类,英语（办学点文翔路校区；（语种:英语））,,,482,2023,本科批,,25585,476,0,上海,综合,,,上海立信会计金融学院
,major_line_2023,金融学类,保险学（办学点上川路校区；）,,,479,2023,本科批,,25848,475,0,上海,综合,,,上海立信会计金融学院
,major_line_2023,经济与贸易类,国际经济与贸易（办学点上川路校区；）,,,478,2023,本科批,,25848,475,0,上海,综合,,,上海立信会计金融学院
,major_line_2023,金融学类,信用管理（办学点上川路校区；）,,,478,2023,本科批,,25848,475,0,上海,综合,,,上海立信会计金融学院
,major_line_2023,外国语言文学类,商务英语（办学点文翔路校区；（语种:英语））,,,478,2023,本科批,,25848,475,0,上海,综合,,,上海立信会计金融学院
,major_line_2023,外国语言文学类,日语（办学点文翔路校区；外语语种为英语、日语）,,,478,2023,本科批,,25848,475,0,上海,综合,,,上海立信会计金融学院
,major_line_2023,金融学类,投资学（办学点上川路校区；）,,,478,2023,本科批,,25848,475,0,上海,综合,,,上海立信会计金融学院
,major_line_2023,公安技术类,刑事科学技术（文件检验方向）（女）,,,559,2023,本科提前批,,5843,559,559,上海,综合,,,中国刑事警察学院
,major_line_2023,公安学类,侦查学（女）,,,543,2023,本科提前批,,9179,543,543,上海,综合,,,中国刑事警察学院
,major_line_2023,公安学类,警犬技术（女）,,,523,2023,本科提前批,,14925,519,526,上海,综合,,,中国刑事警察学院
,major_line_2023,公安技术类,公安视听技术（视频侦查技术方向）（男）,,,517,2023,本科提前批,,15390,517,517,上海,综合,,,中国刑事警察学院
,major_line_2023,公安技术类,公安视听技术（视听资料检验技术方向）（男）,,,501,2023,本科提前批,,19420,501,501,上海,综合,,,中国刑事警察学院
,major_line_2023,公安技术类,刑事科学技术（警务法医方向）（男）,,,497,2023,本科提前批,,20398,497,497,上海,综合,,,中国刑事警察学院
,major_line_2023,公安学类,侦查学（男）,,,0,2023,本科提前批,,20653,496,0,上海,综合,,,中国刑事警察学院
,major_line_2023,公安技术类,刑事科学技术（交通事故处理方向）（男）,,,485,2023,本科提前批,,23334,485,485,上海,综合,,,中国刑事警察学院
,major_line_2023,公安技术类,刑事科学技术（法化学方向）（男）,,,459,2023,本科提前批,,29706,459,459,上海,综合,,,中国刑事警察学院
,major_line_2023,公安技术类,刑事科学技术（痕迹检验方向）（男）,,,486,2023,本科提前批,,30168,457,0,上海,综合,,,中国刑事警察学院
,major_line_2023,公安技术类,刑事科学技术（文件检验方向）（男）,,,473,2023,本科提前批,,31347,452,0,上海,综合,,,中国刑事警察学院
,major_line_2023,公安技术类,网络安全与执法（男）,,,504,2023,本科提前批,,31821,450,0,上海,综合,,,中国刑事警察学院
,major_line_2023,公安学类,警犬技术（男）,,,436,2023,本科提前批,,40830,405,0,上海,综合,,,中国刑事警察学院
,major_line_2023,公安学类,侦查学（女）,,,543,2023,本科提前批,,9179,543,543,上海,综合,,,中国刑事警察学院
,major_line_2023,公安学类,警犬技术（女）,,,523,2023,本科提前批,,14925,519,526,上海,综合,,,中国刑事警察学院
,major_line_2023,公安学类,侦查学（男）,,,0,2023,本科提前批,,20653,496,0,上海,综合,,,中国刑事警察学院
,major_line_2023,公安学类,警犬技术（男）,,,436,2023,本科提前批,,40830,405,0,上海,综合,,,中国刑事警察学院
,major_line_2023,公安技术类,刑事科学技术（文件检验方向）（女）,,,559,2023,本科提前批,,5843,559,559,上海,综合,,,中国刑事警察学院
,major_line_2023,公安技术类,公安视听技术（视频侦查技术方向）（男）,,,517,2023,本科提前批,,15390,517,517,上海,综合,,,中国刑事警察学院
,major_line_2023,公安技术类,公安视听技术（视听资料检验技术方向）（男）,,,501,2023,本科提前批,,19420,501,501,上海,综合,,,中国刑事警察学院
,major_line_2023,公安技术类,刑事科学技术（警务法医方向）（男）,,,497,2023,本科提前批,,20398,497,497,上海,综合,,,中国刑事警察学院
,major_line_2023,公安技术类,刑事科学技术（交通事故处理方向）（男）,,,485,2023,本科提前批,,23334,485,485,上海,综合,,,中国刑事警察学院
,major_line_2023,公安技术类,刑事科学技术（法化学方向）（男）,,,459,2023,本科提前批,,29706,459,459,上海,综合,,,中国刑事警察学院
,major_line_2023,公安技术类,刑事科学技术（痕迹检验方向）（男）,,,486,2023,本科提前批,,30168,457,0,上海,综合,,,中国刑事警察学院
,major_line_2023,公安技术类,刑事科学技术（文件检验方向）（男）,,,473,2023,本科提前批,,31347,452,0,上海,综合,,,中国刑事警察学院
,major_line_2023,公安技术类,网络安全与执法（男）,,,504,2023,本科提前批,,31821,450,0,上海,综合,,,中国刑事警察学院
,major_line_2023,临床医学类,临床医学,,,462,2023,本科批,,29013,462,0,上海,综合,,,攀枝花学院
,major_line_2023,经济与贸易类,国际经济与贸易,,,408,2023,本科批,,40671,406,0,上海,综合,,,攀枝花学院
,major_line_2023,临床医学类,临床医学,,,462,2023,本科批,,29013,462,0,上海,综合,,,攀枝花学院
,major_line_2023,经济与贸易类,国际经济与贸易,,,408,2023,本科批,,40671,406,0,上海,综合,,,攀枝花学院
,major_line_2023,法学类,法学,,,465,2023,本科批,,28319,465,0,上海,综合,,,湖南工商大学
,major_line_2023,电子商务类,跨境电子商务,,,451,2023,本科批,,31584,451,0,上海,综合,,,湖南工商大学
,major_line_2023,金融学类,金融学类（含金融学、保险学、投资学专业）,,,448,2023,本科批,,33094,444,0,上海,综合,,,湖南工商大学
,major_line_2023,法学类,法学,,,465,2023,本科批,,28319,465,0,上海,综合,,,湖南工商大学
,major_line_2023,电子商务类,跨境电子商务,,,451,2023,本科批,,31584,451,0,上海,综合,,,湖南工商大学
,major_line_2023,金融学类,金融学类（含金融学、保险学、投资学专业）,,,448,2023,本科批,,33094,444,0,上海,综合,,,湖南工商大学
,major_line_2023,物理学类,物理学（办学点:校本部）,,,423,2023,本科批,,37531,423,0,上海,综合,,,内江师范学院
,major_line_2023,数学类,数学与应用数学（办学点:校本部）,,,421,2023,本科批,,37931,421,0,上海,综合,,,内江师范学院
,major_line_2023,化学类,化学类（办学点:校本部；含化学、应用化学专业）,,,421,2023,本科批,,37931,421,0,上海,综合,,,内江师范学院
,major_line_2023,物理学类,物理学（办学点:校本部）,,,423,2023,本科批,,37531,423,0,上海,综合,,,内江师范学院
,major_line_2023,数学类,数学与应用数学（办学点:校本部）,,,421,2023,本科批,,37931,421,0,上海,综合,,,内江师范学院
,major_line_2023,化学类,化学类（办学点:校本部；含化学、应用化学专业）,,,421,2023,本科批,,37931,421,0,上海,综合,,,内江师范学院
,major_line_2023,公共卫生与预防医学类,预防医学,,,500,2023,本科批,,20653,496,0,上海,综合,,,广东药科大学
,major_line_2023,药学类,药学类（含药学、药物制剂、药物分析、药物化学专业）,,,494,2023,本科批,,22166,490,0,上海,综合,,,广东药科大学
,major_line_2023,公共卫生与预防医学类,预防医学,,,500,2023,本科批,,20653,496,0,上海,综合,,,广东药科大学
,major_line_2023,药学类,药学类（含药学、药物制剂、药物分析、药物化学专业）,,,494,2023,本科批,,22166,490,0,上海,综合,,,广东药科大学
,major_line_2023,机械类,机械设计制造及其自动化,,,432,2023,本科批,,35904,431,0,上海,综合,,,山东航空学院
,major_line_2023,工商管理类,财务管理,,,435,2023,本科批,,35473,433,0,上海,综合,,,山东航空学院
,major_line_2023,工商管理类,财务管理,,,435,2023,本科批,,35473,433,0,上海,综合,,,山东航空学院
,major_line_2023,机械类,机械设计制造及其自动化,,,432,2023,本科批,,35904,431,0,上海,综合,,,山东航空学院
,major_line_2023,外国语言文学类,法语,,,422,2023,本科批,,38467,418,0,上海,综合,,,潍坊学院
,major_line_2023,外国语言文学类,日语,,,421,2023,本科批,,38855,416,0,上海,综合,,,潍坊学院
,major_line_2023,外国语言文学类,法语,,,422,2023,本科批,,38467,418,0,上海,综合,,,潍坊学院
,major_line_2023,外国语言文学类,日语,,,421,2023,本科批,,38855,416,0,上海,综合,,,潍坊学院
,major_line_2023,中国语言文学类,汉语言文学,,,456,2023,本科批,,30852,454,0,上海,综合,,,云南民族大学
,major_line_2023,民族学类,民族学,,,435,2023,本科批,,35051,435,0,上海,综合,,,云南民族大学
,major_line_2023,电气类,电气工程及其自动化,,,434,2023,本科批,,35259,434,0,上海,综合,,,云南民族大学
,major_line_2023,计算机类,数据科学与大数据技术（不能准确识别颜色者不取）,,,432,2023,本科批,,35697,432,0,上海,综合,,,云南民族大学
,major_line_2023,电气类,电气工程及其自动化,,,434,2023,本科批,,35259,434,0,上海,综合,,,云南民族大学
,major_line_2023,计算机类,数据科学与大数据技术（不能准确识别颜色者不取）,,,432,2023,本科批,,35697,432,0,上海,综合,,,云南民族大学
,major_line_2023,中国语言文学类,汉语言文学,,,456,2023,本科批,,30852,454,0,上海,综合,,,云南民族大学
,major_line_2023,民族学类,民族学,,,435,2023,本科批,,35051,435,0,上海,综合,,,云南民族大学
,major_line_2023,化工与制药类,化学工程与工艺,,,455,2023,本科批,,30610,455,0,上海,综合,,,泉州师范学院
,major_line_2023,生物科学类,生物科学,,,440,2023,本科批,,34431,438,0,上海,综合,,,泉州师范学院
,major_line_2023,计算机类,计算机科学与技术,,,438,2023,本科批,,34625,437,0,上海,综合,,,泉州师范学院
,major_line_2023,环境科学与工程类,环境科学,,,439,2023,本科批,,34853,436,0,上海,综合,,,泉州师范学院
,major_line_2023,计算机类,物联网工程,,,437,2023,本科批,,34853,436,0,上海,综合,,,泉州师范学院
,major_line_2023,外国语言文学类,英语（英语单科成绩不低于100分）（语种:英语）,,,433,2023,本科批,,35904,431,0,上海,综合,,,泉州师范学院
,major_line_2023,材料类,高分子材料与工程,,,429,2023,本科批,,36712,427,0,上海,综合,,,泉州师范学院
,major_line_2023,生物科学类,生物科学,,,440,2023,本科批,,34431,438,0,上海,综合,,,泉州师范学院
,major_line_2023,环境科学与工程类,环境科学,,,439,2023,本科批,,34853,436,0,上海,综合,,,泉州师范学院
,major_line_2023,化工与制药类,化学工程与工艺,,,455,2023,本科批,,30610,455,0,上海,综合,,,泉州师范学院
,major_line_2023,外国语言文学类,英语（英语单科成绩不低于100分）（语种:英语）,,,433,2023,本科批,,35904,431,0,上海,综合,,,泉州师范学院
,major_line_2023,材料类,高分子材料与工程,,,429,2023,本科批,,36712,427,0,上海,综合,,,泉州师范学院
,major_line_2023,计算机类,计算机科学与技术,,,438,2023,本科批,,34625,437,0,上海,综合,,,泉州师范学院
,major_line_2023,计算机类,物联网工程,,,437,2023,本科批,,34853,436,0,上海,综合,,,泉州师范学院
,major_line_2023,中国语言文学类,汉语言文学,,,437,2023,本科批,,36712,427,0,上海,综合,,,黑龙江科技大学
,major_line_2023,工商管理类,会计学,,,427,2023,本科批,,36906,426,0,上海,综合,,,黑龙江科技大学
,major_line_2023,工商管理类,财务管理,,,425,2023,本科批,,37331,424,0,上海,综合,,,黑龙江科技大学
,major_line_2023,金融学类,金融学,,,427,2023,本科批,,37531,423,0,上海,综合,,,黑龙江科技大学
,major_line_2023,经济学类,经济学,,,424,2023,本科批,,37531,423,0,上海,综合,,,黑龙江科技大学
,major_line_2023,工商管理类,工商管理,,,423,2023,本科批,,37730,422,0,上海,综合,,,黑龙江科技大学
,major_line_2023,工商管理类,市场营销,,,423,2023,本科批,,37931,421,0,上海,综合,,,黑龙江科技大学
,major_line_2023,经济与贸易类,国际经济与贸易,,,422,2023,本科批,,37931,421,0,上海,综合,,,黑龙江科技大学
,major_line_2023,外国语言文学类,英语（语种:英语）,,,422,2023,本科批,,37931,421,0,上海,综合,,,黑龙江科技大学
,major_line_2023,中国语言文学类,汉语言文学,,,437,2023,本科批,,36712,427,0,上海,综合,,,黑龙江科技大学
,major_line_2023,工商管理类,会计学,,,427,2023,本科批,,36906,426,0,上海,综合,,,黑龙江科技大学
,major_line_2023,工商管理类,财务管理,,,425,2023,本科批,,37331,424,0,上海,综合,,,黑龙江科技大学
,major_line_2023,金融学类,金融学,,,427,2023,本科批,,37531,423,0,上海,综合,,,黑龙江科技大学
,major_line_2023,经济学类,经济学,,,424,2023,本科批,,37531,423,0,上海,综合,,,黑龙江科技大学
,major_line_2023,工商管理类,工商管理,,,423,2023,本科批,,37730,422,0,上海,综合,,,黑龙江科技大学
,major_line_2023,工商管理类,市场营销,,,423,2023,本科批,,37931,421,0,上海,综合,,,黑龙江科技大学
,major_line_2023,经济与贸易类,国际经济与贸易,,,422,2023,本科批,,37931,421,0,上海,综合,,,黑龙江科技大学
,major_line_2023,外国语言文学类,英语（语种:英语）,,,422,2023,本科批,,37931,421,0,上海,综合,,,黑龙江科技大学
,major_line_2023,工商管理类,财务管理（中外合作办学）（中外合作办学）,,,457,2023,本科批,,31584,451,0,上海,综合,,,天津商业大学
,major_line_2023,经济学类,经济学类（含经济学、财政学、金融学、信用管理、国际经济与贸易专业）,,,445,2023,本科批,,33327,443,0,上海,综合,,,天津商业大学
,major_line_2023,工商管理类,财务管理（中外合作办学）（中外合作办学）,,,457,2023,本科批,,31584,451,0,上海,综合,,,天津商业大学
,major_line_2023,经济学类,经济学类（含经济学、财政学、金融学、信用管理、国际经济与贸易专业）,,,445,2023,本科批,,33327,443,0,上海,综合,,,天津商业大学
,major_line_2023,教育学类,教育学,,,426,2023,本科批,,36906,426,0,上海,综合,,,宝鸡文理学院
,major_line_2023,公共管理类,公共管理类（含公共事业管理、行政管理专业）,,,418,2023,本科批,,38666,417,0,上海,综合,,,宝鸡文理学院
,major_line_2023,旅游管理类,旅游管理,,,417,2023,本科批,,38855,416,0,上海,综合,,,宝鸡文理学院
,major_line_2023,教育学类,教育学,,,426,2023,本科批,,36906,426,0,上海,综合,,,宝鸡文理学院
,major_line_2023,公共管理类,公共管理类（含公共事业管理、行政管理专业）,,,418,2023,本科批,,38666,417,0,上海,综合,,,宝鸡文理学院
,major_line_2023,旅游管理类,旅游管理,,,417,2023,本科批,,38855,416,0,上海,综合,,,宝鸡文理学院
,major_line_2023,中国语言文学类,汉语国际教育,,,429,2023,本科批,,36503,428,0,上海,综合,,,南阳师范学院
,major_line_2023,外国语言文学类,商务英语（语种:英语）,,,425,2023,本科批,,37331,424,0,上海,综合,,,南阳师范学院
,major_line_2023,中国语言文学类,汉语国际教育,,,429,2023,本科批,,36503,428,0,上海,综合,,,南阳师范学院
,major_line_2023,外国语言文学类,商务英语（语种:英语）,,,425,2023,本科批,,37331,424,0,上海,综合,,,南阳师范学院
,major_line_2023,工商管理类,市场营销,,,430,2023,本科批,,36906,426,0,上海,综合,,,大连民族大学
,major_line_2023,工商管理类,工商管理,,,428,2023,本科批,,37331,424,0,上海,综合,,,大连民族大学
,major_line_2023,工商管理类,市场营销,,,430,2023,本科批,,36906,426,0,上海,综合,,,大连民族大学
,major_line_2023,工商管理类,工商管理,,,428,2023,本科批,,37331,424,0,上海,综合,,,大连民族大学
,major_line_2023,马克思主义理论类,思想政治教育（师范类）,,,450,2023,本科批,,33965,440,0,上海,综合,,,湖南文理学院
,major_line_2023,医学技术类,医学检验技术,,,421,2023,本科批,,39779,411,0,上海,综合,,,湖南文理学院
,major_line_2023,工商管理类,会计学,,,443,2023,本科批,,33766,441,0,上海,综合,,,湖南文理学院
,major_line_2023,马克思主义理论类,思想政治教育（师范类）,,,450,2023,本科批,,33965,440,0,上海,综合,,,湖南文理学院
,major_line_2023,中国语言文学类,汉语言文学（师范类）,,,439,2023,本科批,,34431,438,0,上海,综合,,,湖南文理学院
,major_line_2023,食品科学与工程类,食品科学与工程,,,438,2023,本科批,,34625,437,0,上海,综合,,,湖南文理学院
,major_line_2023,工商管理类,财务管理,,,435,2023,本科批,,35259,434,0,上海,综合,,,湖南文理学院
,major_line_2023,金融学类,金融工程,,,437,2023,本科批,,35473,433,0,上海,综合,,,湖南文理学院
,major_line_2023,教育学类,学前教育（师范类）,,,436,2023,本科批,,35697,432,0,上海,综合,,,湖南文理学院
,major_line_2023,经济与贸易类,国际经济与贸易,,,433,2023,本科批,,35697,432,0,上海,综合,,,湖南文理学院
,major_line_2023,电子商务类,电子商务及法律,,,432,2023,本科批,,35697,432,0,上海,综合,,,湖南文理学院
,major_line_2023,医学技术类,医学检验技术,,,421,2023,本科批,,39779,411,0,上海,综合,,,湖南文理学院
,major_line_2023,工商管理类,会计学,,,443,2023,本科批,,33766,441,0,上海,综合,,,湖南文理学院
,major_line_2023,中国语言文学类,汉语言文学（师范类）,,,439,2023,本科批,,34431,438,0,上海,综合,,,湖南文理学院
,major_line_2023,工商管理类,财务管理,,,435,2023,本科批,,35259,434,0,上海,综合,,,湖南文理学院
,major_line_2023,金融学类,金融工程,,,437,2023,本科批,,35473,433,0,上海,综合,,,湖南文理学院
,major_line_2023,教育学类,学前教育（师范类）,,,436,2023,本科批,,35697,432,0,上海,综合,,,湖南文理学院
,major_line_2023,经济与贸易类,国际经济与贸易,,,433,2023,本科批,,35697,432,0,上海,综合,,,湖南文理学院
,major_line_2023,电子商务类,电子商务及法律,,,432,2023,本科批,,35697,432,0,上海,综合,,,湖南文理学院
,major_line_2023,食品科学与工程类,食品科学与工程,,,438,2023,本科批,,34625,437,0,上海,综合,,,湖南文理学院
,major_line_2023,数学类,数学与应用数学,,,427,2023,本科批,,36712,427,0,上海,综合,,,湘南学院
,major_line_2023,电气类,电气工程及其自动化,,,427,2023,本科批,,36712,427,0,上海,综合,,,湘南学院
,major_line_2023,计算机类,物联网工程,,,427,2023,本科批,,36712,427,0,上海,综合,,,湘南学院
,major_line_2023,临床医学类,临床医学,,,466,2023,本科批,,28788,463,0,上海,综合,,,湘南学院
,major_line_2023,临床医学类,临床医学,,,466,2023,本科批,,28788,463,0,上海,综合,,,湘南学院
,major_line_2023,护理学类,护理学,,,436,2023,本科批,,34853,436,0,上海,综合,,,湘南学院
,major_line_2023,经济与贸易类,国际经济与贸易,,,431,2023,本科批,,35904,431,0,上海,综合,,,湘南学院
,major_line_2023,外国语言文学类,英语（语种:英语）,,,430,2023,本科批,,36113,430,0,上海,综合,,,湘南学院
,major_line_2023,新闻传播学类,新闻学,,,428,2023,本科批,,36503,428,0,上海,综合,,,湘南学院
,major_line_2023,外国语言文学类,商务英语（语种:英语）,,,428,2023,本科批,,36503,428,0,上海,综合,,,湘南学院
,major_line_2023,工商管理类,财务管理,,,428,2023,本科批,,36503,428,0,上海,综合,,,湘南学院
,major_line_2023,数学类,数学与应用数学,,,427,2023,本科批,,36712,427,0,上海,综合,,,湘南学院
,major_line_2023,电气类,电气工程及其自动化,,,427,2023,本科批,,36712,427,0,上海,综合,,,湘南学院
,major_line_2023,计算机类,物联网工程,,,427,2023,本科批,,36712,427,0,上海,综合,,,湘南学院
,major_line_2023,护理学类,护理学,,,436,2023,本科批,,34853,436,0,上海,综合,,,湘南学院
,major_line_2023,经济与贸易类,国际经济与贸易,,,431,2023,本科批,,35904,431,0,上海,综合,,,湘南学院
,major_line_2023,外国语言文学类,英语（语种:英语）,,,430,2023,本科批,,36113,430,0,上海,综合,,,湘南学院
,major_line_2023,新闻传播学类,新闻学,,,428,2023,本科批,,36503,428,0,上海,综合,,,湘南学院
,major_line_2023,外国语言文学类,商务英语（语种:英语）,,,428,2023,本科批,,36503,428,0,上海,综合,,,湘南学院
,major_line_2023,工商管理类,财务管理,,,428,2023,本科批,,36503,428,0,上海,综合,,,湘南学院
,major_line_2023,法学类,法学,,,439,2023,本科批,,34170,439,0,上海,综合,,,北方民族大学
,major_line_2023,中国语言文学类,汉语言文学,,,433,2023,本科批,,35473,433,0,上海,综合,,,北方民族大学
,major_line_2023,经济学类,经济学类（含经济学、税收学、国际经济与贸易、金融学专业）,,,429,2023,本科批,,36303,429,0,上海,综合,,,北方民族大学
,major_line_2023,电子商务类,电子商务,,,427,2023,本科批,,36712,427,0,上海,综合,,,北方民族大学
,major_line_2023,法学类,法学,,,439,2023,本科批,,34170,439,0,上海,综合,,,北方民族大学
,major_line_2023,中国语言文学类,汉语言文学,,,433,2023,本科批,,35473,433,0,上海,综合,,,北方民族大学
,major_line_2023,经济学类,经济学类（含经济学、税收学、国际经济与贸易、金融学专业）,,,429,2023,本科批,,36303,429,0,上海,综合,,,北方民族大学
,major_line_2023,电子商务类,电子商务,,,427,2023,本科批,,36712,427,0,上海,综合,,,北方民族大学
,major_line_2023,航空航天类,飞行器制造工程,,,441,2023,本科批,,33766,441,0,上海,综合,,,北华航天工业学院
,major_line_2023,机械类,机械设计制造及其自动化,,,436,2023,本科批,,34853,436,0,上海,综合,,,北华航天工业学院
,major_line_2023,电子信息类,电子信息工程,,,436,2023,本科批,,34853,436,0,上海,综合,,,北华航天工业学院
,major_line_2023,机械类,材料成型及控制工程,,,435,2023,本科批,,35051,435,0,上海,综合,,,北华航天工业学院
,major_line_2023,计算机类,计算机科学与技术,,,435,2023,本科批,,35051,435,0,上海,综合,,,北华航天工业学院
,major_line_2023,土木类,土木工程,,,433,2023,本科批,,35473,433,0,上海,综合,,,北华航天工业学院
,major_line_2023,物流管理与工程类,物流管理,,,437,2023,本科批,,34625,437,0,上海,综合,,,北华航天工业学院
,major_line_2023,工商管理类,会计学,,,434,2023,本科批,,35259,434,0,上海,综合,,,北华航天工业学院
,major_line_2023,外国语言文学类,英语（语种:英语）,,,433,2023,本科批,,35473,433,0,上海,综合,,,北华航天工业学院
,major_line_2023,经济与贸易类,国际经济与贸易,,,433,2023,本科批,,35473,433,0,上海,综合,,,北华航天工业学院
,major_line_2023,航空航天类,飞行器制造工程,,,441,2023,本科批,,33766,441,0,上海,综合,,,北华航天工业学院
,major_line_2023,物流管理与工程类,物流管理,,,437,2023,本科批,,34625,437,0,上海,综合,,,北华航天工业学院
,major_line_2023,机械类,机械设计制造及其自动化,,,436,2023,本科批,,34853,436,0,上海,综合,,,北华航天工业学院
,major_line_2023,电子信息类,电子信息工程,,,436,2023,本科批,,34853,436,0,上海,综合,,,北华航天工业学院
,major_line_2023,机械类,材料成型及控制工程,,,435,2023,本科批,,35051,435,0,上海,综合,,,北华航天工业学院
,major_line_2023,计算机类,计算机科学与技术,,,435,2023,本科批,,35051,435,0,上海,综合,,,北华航天工业学院
,major_line_2023,工商管理类,会计学,,,434,2023,本科批,,35259,434,0,上海,综合,,,北华航天工业学院
,major_line_2023,土木类,土木工程,,,433,2023,本科批,,35473,433,0,上海,综合,,,北华航天工业学院
,major_line_2023,外国语言文学类,英语（语种:英语）,,,433,2023,本科批,,35473,433,0,上海,综合,,,北华航天工业学院
,major_line_2023,经济与贸易类,国际经济与贸易,,,433,2023,本科批,,35473,433,0,上海,综合,,,北华航天工业学院
,major_line_2023,临床医学类,临床医学,,,452,2023,本科批,,31584,451,0,上海,综合,,,佳木斯大学
,major_line_2023,临床医学类,临床医学,,,452,2023,本科批,,31584,451,0,上海,综合,,,佳木斯大学
,major_line_2023,公安技术类,消防工程,,,459,2023,本科批,,31347,452,0,上海,综合,,,中国人民警察大学
,major_line_2023,公安技术类,火灾勘查,,,450,2023,本科批,,32236,448,0,上海,综合,,,中国人民警察大学
,major_line_2023,公安技术类,核生化消防（女生慎报）,,,448,2023,本科批,,32460,447,0,上海,综合,,,中国人民警察大学
,major_line_2023,公共管理类,海外安全管理,,,481,2023,本科批,,26377,473,0,上海,综合,,,中国人民警察大学
,major_line_2023,公共管理类,海外安全管理,,,481,2023,本科批,,26377,473,0,上海,综合,,,中国人民警察大学
,major_line_2023,公安技术类,消防工程,,,459,2023,本科批,,31347,452,0,上海,综合,,,中国人民警察大学
,major_line_2023,公安技术类,火灾勘查,,,450,2023,本科批,,32236,448,0,上海,综合,,,中国人民警察大学
,major_line_2023,公安技术类,核生化消防（女生慎报）,,,448,2023,本科批,,32460,447,0,上海,综合,,,中国人民警察大学
,major_line_2023,教育学类,学前教育（中外合作办学）（中外合作办学）,,,422,2023,本科批,,39601,412,0,上海,综合,,,渭南师范学院
,major_line_2023,教育学类,学前教育（中外合作办学）（中外合作办学）,,,422,2023,本科批,,39601,412,0,上海,综合,,,渭南师范学院
,major_line_2023,工商管理类,会计学,,,469,2023,本科批,,29925,458,0,上海,综合,,,云南财经大学
,major_line_2023,金融学类,金融学,,,459,2023,本科批,,30852,454,0,上海,综合,,,云南财经大学
,major_line_2023,工商管理类,会计学,,,469,2023,本科批,,29925,458,0,上海,综合,,,云南财经大学
,major_line_2023,金融学类,金融学,,,459,2023,本科批,,30852,454,0,上海,综合,,,云南财经大学
,major_line_2023,临床医学类,医学影像学,,,482,2023,本科批,,24077,482,0,上海,综合,,,济宁医学院
,major_line_2023,中西医结合类,中西医临床医学,,,480,2023,本科批,,24548,480,0,上海,综合,,,济宁医学院
,major_line_2023,临床医学类,精神医学,,,479,2023,本科批,,24801,479,0,上海,综合,,,济宁医学院
,major_line_2023,临床医学类,临床医学,,,479,2023,本科批,,25351,477,0,上海,综合,,,济宁医学院
,major_line_2023,中西医结合类,中西医临床医学,,,480,2023,本科批,,24548,480,0,上海,综合,,,济宁医学院
,major_line_2023,临床医学类,医学影像学,,,482,2023,本科批,,24077,482,0,上海,综合,,,济宁医学院
,major_line_2023,临床医学类,精神医学,,,479,2023,本科批,,24801,479,0,上海,综合,,,济宁医学院
,major_line_2023,临床医学类,临床医学,,,479,2023,本科批,,25351,477,0,上海,综合,,,济宁医学院
,major_line_2023,工商管理类,财务管理,,,444,2023,本科批,,33327,443,0,上海,综合,,,滁州学院
,major_line_2023,工商管理类,工商管理,,,442,2023,本科批,,34170,439,0,上海,综合,,,滁州学院
,major_line_2023,经济与贸易类,国际经济与贸易,,,440,2023,本科批,,34431,438,0,上海,综合,,,滁州学院
,major_line_2023,工商管理类,市场营销,,,437,2023,本科批,,34625,437,0,上海,综合,,,滁州学院
,major_line_2023,旅游管理类,旅游管理,,,435,2023,本科批,,35473,433,0,上海,综合,,,滁州学院
,major_line_2023,外国语言文学类,商务英语（语种:英语）,,,428,2023,本科批,,36503,428,0,上海,综合,,,滁州学院
,major_line_2023,外国语言文学类,英语（语种:英语）,,,419,2023,本科批,,38271,419,0,上海,综合,,,滁州学院
,major_line_2023,工商管理类,财务管理,,,444,2023,本科批,,33327,443,0,上海,综合,,,滁州学院
,major_line_2023,工商管理类,工商管理,,,442,2023,本科批,,34170,439,0,上海,综合,,,滁州学院
,major_line_2023,经济与贸易类,国际经济与贸易,,,440,2023,本科批,,34431,438,0,上海,综合,,,滁州学院
,major_line_2023,工商管理类,市场营销,,,437,2023,本科批,,34625,437,0,上海,综合,,,滁州学院
,major_line_2023,旅游管理类,旅游管理,,,435,2023,本科批,,35473,433,0,上海,综合,,,滁州学院
,major_line_2023,外国语言文学类,商务英语（语种:英语）,,,428,2023,本科批,,36503,428,0,上海,综合,,,滁州学院
,major_line_2023,外国语言文学类,英语（语种:英语）,,,419,2023,本科批,,38271,419,0,上海,综合,,,滁州学院
,major_line_2023,工商管理类,审计学（语种:不限在长安校区）,,,475,2023,本科批,,26377,473,0,上海,综合,,,西安财经大学
,major_line_2023,经济学类,经济学（语种:不限在长安校区）,,,471,2023,本科批,,27576,468,0,上海,综合,,,西安财经大学
,major_line_2023,财政学类,财政学（语种:不限在长安校区）,,,469,2023,本科批,,27818,467,0,上海,综合,,,西安财经大学
,major_line_2023,中国语言文学类,汉语言文学（语种:不限在翠华西校区）,,,466,2023,本科批,,28564,464,0,上海,综合,,,西安财经大学
,major_line_2023,工商管理类,工商管理（语种:不限在长安校区）,,,466,2023,本科批,,28564,464,0,上海,综合,,,西安财经大学
,major_line_2023,工商管理类,审计学（语种:不限在长安校区）,,,475,2023,本科批,,26377,473,0,上海,综合,,,西安财经大学
,major_line_2023,经济学类,经济学（语种:不限在长安校区）,,,471,2023,本科批,,27576,468,0,上海,综合,,,西安财经大学
,major_line_2023,财政学类,财政学（语种:不限在长安校区）,,,469,2023,本科批,,27818,467,0,上海,综合,,,西安财经大学
,major_line_2023,中国语言文学类,汉语言文学（语种:不限在翠华西校区）,,,466,2023,本科批,,28564,464,0,上海,综合,,,西安财经大学
,major_line_2023,工商管理类,工商管理（语种:不限在长安校区）,,,466,2023,本科批,,28564,464,0,上海,综合,,,西安财经大学
,major_line_2023,法学类,法学,,,447,2023,本科批,,33965,440,0,上海,综合,,,郑州航空工业管理学院
,major_line_2023,工商管理类,工商管理类（含会计学、会计学）（注册会计师方向、财务管理、审计学、工商管理、人力资源管理、市场营销专业）,,,436,2023,本科批,,36113,430,0,上海,综合,,,郑州航空工业管理学院
,major_line_2023,经济学类,经济学类（含经济学、经济统计学专业）,,,432,2023,本科批,,36113,430,0,上海,综合,,,郑州航空工业管理学院
,major_line_2023,金融学类,金融学类（含金融学、金融工程、金融科技专业）,,,432,2023,本科批,,36503,428,0,上海,综合,,,郑州航空工业管理学院
,major_line_2023,经济与贸易类,经济与贸易类（含国际经济与贸易、贸易经济专业）,,,428,2023,本科批,,36712,427,0,上海,综合,,,郑州航空工业管理学院
,major_line_2023,新闻传播学类,广告学,,,427,2023,本科批,,36712,427,0,上海,综合,,,郑州航空工业管理学院
,major_line_2023,外国语言文学类,外国语言文学类（含英语、翻译专业）,,,427,2023,本科批,,36712,427,0,上海,综合,,,郑州航空工业管理学院
,major_line_2023,法学类,法学,,,447,2023,本科批,,33965,440,0,上海,综合,,,郑州航空工业管理学院
,major_line_2023,工商管理类,工商管理类（含会计学、会计学）（注册会计师方向、财务管理、审计学、工商管理、人力资源管理、市场营销专业）,,,436,2023,本科批,,36113,430,0,上海,综合,,,郑州航空工业管理学院
,major_line_2023,经济学类,经济学类（含经济学、经济统计学专业）,,,432,2023,本科批,,36113,430,0,上海,综合,,,郑州航空工业管理学院
,major_line_2023,金融学类,金融学类（含金融学、金融工程、金融科技专业）,,,432,2023,本科批,,36503,428,0,上海,综合,,,郑州航空工业管理学院
,major_line_2023,经济与贸易类,经济与贸易类（含国际经济与贸易、贸易经济专业）,,,428,2023,本科批,,36712,427,0,上海,综合,,,郑州航空工业管理学院
,major_line_2023,新闻传播学类,广告学,,,427,2023,本科批,,36712,427,0,上海,综合,,,郑州航空工业管理学院
,major_line_2023,外国语言文学类,外国语言文学类（含英语、翻译专业）,,,427,2023,本科批,,36712,427,0,上海,综合,,,郑州航空工业管理学院
,major_line_2023,新闻传播学类,广告学,,,430,2023,本科批,,36712,427,0,上海,综合,,,湖南工程学院
,major_line_2023,计算机类,计算机科学与技术,,,432,2023,本科批,,35904,431,0,上海,综合,,,湖南工程学院
,major_line_2023,计算机类,计算机科学与技术,,,432,2023,本科批,,35904,431,0,上海,综合,,,湖南工程学院
,major_line_2023,新闻传播学类,广告学,,,430,2023,本科批,,36712,427,0,上海,综合,,,湖南工程学院
,major_line_2023,音乐与舞蹈学类,音乐学（统考阶段）,,,440,2023,艺术类本科批,,-,432,447,上海,艺术类,,,湖南科技学院
,major_line_2023,电子信息类,电子信息工程,,,435,2023,本科批,,35259,434,436,上海,综合,,,湖南科技学院
,major_line_2023,电子信息类,通信工程,,,432,2023,本科批,,36303,429,434,上海,综合,,,湖南科技学院
,major_line_2023,机械类,机械设计制造及其自动化,,,429,2023,本科批,,36503,428,429,上海,综合,,,湖南科技学院
,major_line_2023,新闻传播学类,网络与新媒体,,,435,2023,本科批,,35697,432,437,上海,综合,,,湖南科技学院
,major_line_2023,外国语言文学类,日语,,,429,2023,本科批,,36503,428,430,上海,综合,,,湖南科技学院
,major_line_2023,法学类,法学,,,430,2023,本科批,,36906,426,434,上海,综合,,,湖南科技学院
,major_line_2023,电子信息类,电子信息工程,,,435,2023,本科批,,35259,434,436,上海,综合,,,湖南科技学院
,major_line_2023,新闻传播学类,网络与新媒体,,,435,2023,本科批,,35697,432,437,上海,综合,,,湖南科技学院
,major_line_2023,电子信息类,通信工程,,,432,2023,本科批,,36303,429,434,上海,综合,,,湖南科技学院
,major_line_2023,外国语言文学类,日语,,,429,2023,本科批,,36503,428,430,上海,综合,,,湖南科技学院
,major_line_2023,机械类,机械设计制造及其自动化,,,429,2023,本科批,,36503,428,429,上海,综合,,,湖南科技学院
,major_line_2023,法学类,法学,,,430,2023,本科批,,36906,426,434,上海,综合,,,湖南科技学院
,major_line_2023,音乐与舞蹈学类,音乐学（统考阶段）,,,440,2023,艺术类本科批,,-,432,447,上海,艺术类,,,湖南科技学院
,major_line_2023,法学类,法学,,,477,2023,本科批,,25351,477,0,上海,综合,,,中国劳动关系学院
,major_line_2023,政治学类,政治学与行政学,,,471,2023,本科批,,26866,471,0,上海,综合,,,中国劳动关系学院
,major_line_2023,公共管理类,劳动与社会保障,,,469,2023,本科批,,27340,469,0,上海,综合,,,中国劳动关系学院
,major_line_2023,社会学类,社会学,,,462,2023,本科批,,29469,460,0,上海,综合,,,中国劳动关系学院
,major_line_2023,工商管理类,人力资源管理,,,461,2023,本科批,,29469,460,0,上海,综合,,,中国劳动关系学院
,major_line_2023,公共管理类,行政管理,,,463,2023,本科批,,30385,456,0,上海,综合,,,中国劳动关系学院
,major_line_2023,工商管理类,工商管理,,,457,2023,本科批,,30610,455,0,上海,综合,,,中国劳动关系学院
,major_line_2023,旅游管理类,酒店管理,,,453,2023,本科批,,31584,451,0,上海,综合,,,中国劳动关系学院
,major_line_2023,社会学类,社会工作,,,452,2023,本科批,,32023,449,0,上海,综合,,,中国劳动关系学院
,major_line_2023,旅游管理类,旅游管理,,,457,2023,本科批,,32236,448,0,上海,综合,,,中国劳动关系学院
,major_line_2023,法学类,法学,,,477,2023,本科批,,25351,477,0,上海,综合,,,中国劳动关系学院
,major_line_2023,政治学类,政治学与行政学,,,471,2023,本科批,,26866,471,0,上海,综合,,,中国劳动关系学院
,major_line_2023,公共管理类,劳动与社会保障,,,469,2023,本科批,,27340,469,0,上海,综合,,,中国劳动关系学院
,major_line_2023,社会学类,社会学,,,462,2023,本科批,,29469,460,0,上海,综合,,,中国劳动关系学院
,major_line_2023,工商管理类,人力资源管理,,,461,2023,本科批,,29469,460,0,上海,综合,,,中国劳动关系学院
,major_line_2023,公共管理类,行政管理,,,463,2023,本科批,,30385,456,0,上海,综合,,,中国劳动关系学院
,major_line_2023,工商管理类,工商管理,,,457,2023,本科批,,30610,455,0,上海,综合,,,中国劳动关系学院
,major_line_2023,旅游管理类,酒店管理,,,453,2023,本科批,,31584,451,0,上海,综合,,,中国劳动关系学院
,major_line_2023,社会学类,社会工作,,,452,2023,本科批,,32023,449,0,上海,综合,,,中国劳动关系学院
,major_line_2023,旅游管理类,旅游管理,,,457,2023,本科批,,32236,448,0,上海,综合,,,中国劳动关系学院
,major_line_2023,电子商务类,电子商务（中外合作办学）（外语单科成绩不低于90分）（中外合作办学）,,,423,2023,本科批,,38271,419,0,上海,综合,,,贵州财经大学
,major_line_2023,金融学类,金融学（中外合作办学）（外语单科成绩不低于90分）（中外合作办学）,,,412,2023,本科批,,42024,398,0,上海,综合,,,贵州财经大学
,major_line_2023,电子商务类,电子商务（中外合作办学）（外语单科成绩不低于90分）（中外合作办学）,,,423,2023,本科批,,38271,419,0,上海,综合,,,贵州财经大学
,major_line_2023,金融学类,金融学（中外合作办学）（外语单科成绩不低于90分）（中外合作办学）,,,412,2023,本科批,,42024,398,0,上海,综合,,,贵州财经大学
,major_line_2023,民族学类,民族学,,,440,2023,本科批,,33965,440,0,上海,综合,,,西北民族大学
,major_line_2023,历史学类,文物保护技术,,,437,2023,本科批,,34853,436,0,上海,综合,,,西北民族大学
,major_line_2023,外国语言文学类,阿拉伯语（英语单科成绩不低于90分）（语种:英语）,,,436,2023,本科批,,34853,436,0,上海,综合,,,西北民族大学
,major_line_2023,工商管理类,工商管理,,,424,2023,本科批,,37531,423,0,上海,综合,,,西北民族大学
,major_line_2023,外国语言文学类,阿拉伯语（英语单科成绩不低于90分）（语种:英语）,,,436,2023,本科批,,34853,436,0,上海,综合,,,西北民族大学
,major_line_2023,民族学类,民族学,,,440,2023,本科批,,33965,440,0,上海,综合,,,西北民族大学
,major_line_2023,历史学类,文物保护技术,,,437,2023,本科批,,34853,436,0,上海,综合,,,西北民族大学
,major_line_2023,工商管理类,工商管理,,,424,2023,本科批,,37531,423,0,上海,综合,,,西北民族大学
,major_line_2023,机械类,材料成型及控制工程,,,430,2023,本科批,,36113,430,0,上海,综合,,,宿迁学院
,major_line_2023,材料类,材料科学与工程,,,425,2023,本科批,,37110,425,0,上海,综合,,,宿迁学院
,major_line_2023,公共管理类,行政管理,,,440,2023,本科批,,33965,440,0,上海,综合,,,宿迁学院
,major_line_2023,工商管理类,市场营销,,,439,2023,本科批,,34170,439,0,上海,综合,,,宿迁学院
,major_line_2023,公共管理类,劳动与社会保障,,,439,2023,本科批,,34170,439,0,上海,综合,,,宿迁学院
,major_line_2023,公共管理类,行政管理,,,440,2023,本科批,,33965,440,0,上海,综合,,,宿迁学院
,major_line_2023,工商管理类,市场营销,,,439,2023,本科批,,34170,439,0,上海,综合,,,宿迁学院
,major_line_2023,公共管理类,劳动与社会保障,,,439,2023,本科批,,34170,439,0,上海,综合,,,宿迁学院
,major_line_2023,机械类,材料成型及控制工程,,,430,2023,本科批,,36113,430,0,上海,综合,,,宿迁学院
,major_line_2023,材料类,材料科学与工程,,,425,2023,本科批,,37110,425,0,上海,综合,,,宿迁学院
,major_line_2023,建筑类,城乡规划,,,425,2023,本科批,,38092,420,0,上海,综合,,,河南城建学院
,major_line_2023,工商管理类,财务管理,,,424,2023,本科批,,37730,422,0,上海,综合,,,河南城建学院
,major_line_2023,建筑类,城乡规划,,,425,2023,本科批,,38092,420,0,上海,综合,,,河南城建学院
,major_line_2023,工商管理类,财务管理,,,424,2023,本科批,,37730,422,0,上海,综合,,,河南城建学院
,major_line_2023,交通运输类,交通工程（机场管理与工程方向）,,,446,2023,本科批,,33327,443,0,上海,综合,,,中国民用航空飞行学院
,major_line_2023,交通运输类,交通运输（含空中交通管制、飞行签派、航行情报方向。原则上只招男生，不建议女生报考。身体基本要求肝功正常，每眼裸眼视力不低于4.0，矫正远视力不低于4.8且镜片度数不大于500度，无显斜视，无语言、发音或听力障碍，无精神疾病病史等）,,,454,2023,本科批,,33965,440,0,上海,综合,,,中国民用航空飞行学院
,major_line_2023,航空航天类,飞行器适航技术（原则上只招男生，不建议女生报考）（语种:不限在德阳校区）,,,442,2023,本科批,,34170,439,0,上海,综合,,,中国民用航空飞行学院
,major_line_2023,大气科学类,应用气象学（含机场气象预报、航空公司气象分析方向）（语种:不限在德阳校区）,,,440,2023,本科批,,34170,439,0,上海,综合,,,中国民用航空飞行学院
,major_line_2023,电子信息类,电子信息工程（航空电子设备维修方向。原则上只招男生，不建议女生报考）（语种:不限在德阳校区）,,,437,2023,本科批,,34853,436,0,上海,综合,,,中国民用航空飞行学院
,major_line_2023,航空航天类,飞行器动力工程（飞机发动机维修方向。原则上只招男生，不建议女生报考）（语种:不限在德阳校区）,,,446,2023,本科批,,35473,433,0,上海,综合,,,中国民用航空飞行学院
,major_line_2023,测绘类,导航工程（含导航应用与规划、空管保障设施方向）（语种:不限在校本部）,,,434,2023,本科批,,35697,432,0,上海,综合,,,中国民用航空飞行学院
,major_line_2023,电气类,电气工程及其自动化（航空电气设备维修方向。原则上只招男生，不建议女生报考）（语种:不限在德阳校区）,,,433,2023,本科批,,35904,431,0,上海,综合,,,中国民用航空飞行学院
,major_line_2023,计算机类,计算机科学与技术（语种:不限在校本部）,,,433,2023,本科批,,35904,431,0,上海,综合,,,中国民用航空飞行学院
,major_line_2023,航空航天类,飞行器制造工程（飞机结构维修方向）（语种:不限在德阳校区）,,,432,2023,本科批,,35904,431,0,上海,综合,,,中国民用航空飞行学院
,major_line_2023,计算机类,数据科学与大数据技术（语种:不限在校本部）,,,435,2023,本科批,,36113,430,0,上海,综合,,,中国民用航空飞行学院
,major_line_2023,航空航天类,航空航天工程（直升机维修工程方向。原则上只招男生不建议女生报考）（语种:不限在德阳校区）,,,433,2023,本科批,,36113,430,0,上海,综合,,,中国民用航空飞行学院
,major_line_2023,大气科学类,大气科学（语种:不限在德阳校区）,,,433,2023,本科批,,36113,430,0,上海,综合,,,中国民用航空飞行学院
,major_line_2023,安全科学与工程类,安全工程（原则上只招男生，不建议女生报考。无嗅觉障碍）（语种:不限在德阳校区）,,,432,2023,本科批,,36113,430,0,上海,综合,,,中国民用航空飞行学院
,major_line_2023,数学类,信息与计算科学（语种:不限在校本部）,,,431,2023,本科批,,36113,430,0,上海,综合,,,中国民用航空飞行学院
,major_line_2023,计算机类,网络空间安全（语种:不限在校本部）,,,430,2023,本科批,,36113,430,0,上海,综合,,,中国民用航空飞行学院
,major_line_2023,计算机类,物联网工程（语种:不限在校本部）,,,430,2023,本科批,,36303,429,0,上海,综合,,,中国民用航空飞行学院
,major_line_2023,公共管理类,交通管理（机场运行管理方向。无色盲、色弱）,,,464,2023,本科批,,30385,456,0,上海,综合,,,中国民用航空飞行学院
,major_line_2023,物流管理与工程类,物流工程（航空物流方向。无色盲、色弱）,,,454,2023,本科批,,30852,454,0,上海,综合,,,中国民用航空飞行学院
,major_line_2023,心理学类,应用心理学,,,456,2023,本科批,,31094,453,0,上海,综合,,,中国民用航空飞行学院
,major_line_2023,公共管理类,交通管理（机场运行管理方向。无色盲、色弱）,,,464,2023,本科批,,30385,456,0,上海,综合,,,中国民用航空飞行学院
,major_line_2023,物流管理与工程类,物流工程（航空物流方向。无色盲、色弱）,,,454,2023,本科批,,30852,454,0,上海,综合,,,中国民用航空飞行学院
,major_line_2023,心理学类,应用心理学,,,456,2023,本科批,,31094,453,0,上海,综合,,,中国民用航空飞行学院
,major_line_2023,公共管理类,公共事业管理,,,447,2023,本科批,,32897,445,0,上海,综合,,,中国民用航空飞行学院
,major_line_2023,交通运输类,交通工程（机场管理与工程方向）,,,446,2023,本科批,,33327,443,0,上海,综合,,,中国民用航空飞行学院
,major_line_2023,交通运输类,交通运输（含空中交通管制、飞行签派、航行情报方向。原则上只招男生，不建议女生报考。身体基本要求肝功正常，每眼裸眼视力不低于4.0，矫正远视力不低于4.8且镜片度数不大于500度，无显斜视，无语言、发音或听力障碍，无精神疾病病史等）,,,454,2023,本科批,,33965,440,0,上海,综合,,,中国民用航空飞行学院
,major_line_2023,航空航天类,飞行器适航技术（原则上只招男生，不建议女生报考）（语种:不限在德阳校区）,,,442,2023,本科批,,34170,439,0,上海,综合,,,中国民用航空飞行学院
,major_line_2023,大气科学类,应用气象学（含机场气象预报、航空公司气象分析方向）（语种:不限在德阳校区）,,,440,2023,本科批,,34170,439,0,上海,综合,,,中国民用航空飞行学院
,major_line_2023,电子信息类,电子信息工程（航空电子设备维修方向。原则上只招男生，不建议女生报考）（语种:不限在德阳校区）,,,437,2023,本科批,,34853,436,0,上海,综合,,,中国民用航空飞行学院
,major_line_2023,航空航天类,飞行器动力工程（飞机发动机维修方向。原则上只招男生，不建议女生报考）（语种:不限在德阳校区）,,,446,2023,本科批,,35473,433,0,上海,综合,,,中国民用航空飞行学院
,major_line_2023,测绘类,导航工程（含导航应用与规划、空管保障设施方向）（语种:不限在校本部）,,,434,2023,本科批,,35697,432,0,上海,综合,,,中国民用航空飞行学院
,major_line_2023,电气类,电气工程及其自动化（航空电气设备维修方向。原则上只招男生，不建议女生报考）（语种:不限在德阳校区）,,,433,2023,本科批,,35904,431,0,上海,综合,,,中国民用航空飞行学院
,major_line_2023,计算机类,计算机科学与技术（语种:不限在校本部）,,,433,2023,本科批,,35904,431,0,上海,综合,,,中国民用航空飞行学院
,major_line_2023,航空航天类,飞行器制造工程（飞机结构维修方向）（语种:不限在德阳校区）,,,432,2023,本科批,,35904,431,0,上海,综合,,,中国民用航空飞行学院
,major_line_2023,计算机类,数据科学与大数据技术（语种:不限在校本部）,,,435,2023,本科批,,36113,430,0,上海,综合,,,中国民用航空飞行学院
,major_line_2023,航空航天类,航空航天工程（直升机维修工程方向。原则上只招男生不建议女生报考）（语种:不限在德阳校区）,,,433,2023,本科批,,36113,430,0,上海,综合,,,中国民用航空飞行学院
,major_line_2023,大气科学类,大气科学（语种:不限在德阳校区）,,,433,2023,本科批,,36113,430,0,上海,综合,,,中国民用航空飞行学院
,major_line_2023,安全科学与工程类,安全工程（原则上只招男生，不建议女生报考。无嗅觉障碍）（语种:不限在德阳校区）,,,432,2023,本科批,,36113,430,0,上海,综合,,,中国民用航空飞行学院
,major_line_2023,数学类,信息与计算科学（语种:不限在校本部）,,,431,2023,本科批,,36113,430,0,上海,综合,,,中国民用航空飞行学院
,major_line_2023,计算机类,网络空间安全（语种:不限在校本部）,,,430,2023,本科批,,36113,430,0,上海,综合,,,中国民用航空飞行学院
,major_line_2023,计算机类,物联网工程（语种:不限在校本部）,,,430,2023,本科批,,36303,429,0,上海,综合,,,中国民用航空飞行学院
,major_line_2023,公共管理类,公共事业管理,,,447,2023,本科批,,32897,445,0,上海,综合,,,中国民用航空飞行学院
,major_line_2023,工商管理类,财务管理,,,431,2023,本科批,,36503,428,0,上海,综合,,,河南工程学院
,major_line_2023,电子商务类,电子商务,,,427,2023,本科批,,36906,426,0,上海,综合,,,河南工程学院
,major_line_2023,工商管理类,财务管理,,,431,2023,本科批,,36503,428,0,上海,综合,,,河南工程学院
,major_line_2023,电子商务类,电子商务,,,427,2023,本科批,,36906,426,0,上海,综合,,,河南工程学院
,major_line_2023,化工与制药类,制药工程（南校区）,,,438,2023,本科批,,34853,436,0,上海,综合,,,哈尔滨商业大学
,major_line_2023,食品科学与工程类,食品科学与工程类（食品工程学院。含食品科学与工程、食品质量与安全专业）（北校区）,,,437,2023,本科批,,34853,436,0,上海,综合,,,哈尔滨商业大学
,major_line_2023,统计学类,统计学,,,433,2023,本科批,,35697,432,0,上海,综合,,,哈尔滨商业大学
,major_line_2023,工商管理类,工商管理类（会计学院。含会计学、财务管理、审计学专业）,,,438,2023,本科批,,36113,430,0,上海,综合,,,哈尔滨商业大学
,major_line_2023,计算机类,计算机类（计算机学院。含计算机科学与技术、软件工程、数据科学与大数据技术专业）,,,430,2023,本科批,,36303,429,0,上海,综合,,,哈尔滨商业大学
,major_line_2023,旅游管理类,酒店管理,,,429,2023,本科批,,36303,429,0,上海,综合,,,哈尔滨商业大学
,major_line_2023,管理科学与工程类,大数据管理与应用,,,433,2023,本科批,,36712,427,0,上海,综合,,,哈尔滨商业大学
,major_line_2023,财政学类,财政学类（财政与公共管理学院。含财政学、税收学专业）,,,431,2023,本科批,,36712,427,0,上海,综合,,,哈尔滨商业大学
,major_line_2023,金融学类,金融学类（金融学院。含金融学、金融工程、保险学、投资学专业）,,,431,2023,本科批,,36906,426,0,上海,综合,,,哈尔滨商业大学
,major_line_2023,经济与贸易类,经济与贸易类（经济学院。含国际经济与贸易、贸易经济专业）,,,431,2023,本科批,,36906,426,0,上海,综合,,,哈尔滨商业大学
,major_line_2023,计算机类,计算机类（计算机学院。含计算机科学与技术、软件工程、数据科学与大数据技术专业）,,,430,2023,本科批,,36303,429,0,上海,综合,,,哈尔滨商业大学
,major_line_2023,管理科学与工程类,大数据管理与应用,,,433,2023,本科批,,36712,427,0,上海,综合,,,哈尔滨商业大学
,major_line_2023,工商管理类,工商管理类（会计学院。含会计学、财务管理、审计学专业）,,,438,2023,本科批,,36113,430,0,上海,综合,,,哈尔滨商业大学
,major_line_2023,旅游管理类,酒店管理,,,429,2023,本科批,,36303,429,0,上海,综合,,,哈尔滨商业大学
,major_line_2023,财政学类,财政学类（财政与公共管理学院。含财政学、税收学专业）,,,431,2023,本科批,,36712,427,0,上海,综合,,,哈尔滨商业大学
,major_line_2023,金融学类,金融学类（金融学院。含金融学、金融工程、保险学、投资学专业）,,,431,2023,本科批,,36906,426,0,上海,综合,,,哈尔滨商业大学
,major_line_2023,经济与贸易类,经济与贸易类（经济学院。含国际经济与贸易、贸易经济专业）,,,431,2023,本科批,,36906,426,0,上海,综合,,,哈尔滨商业大学
,major_line_2023,化工与制药类,制药工程（南校区）,,,438,2023,本科批,,34853,436,0,上海,综合,,,哈尔滨商业大学
,major_line_2023,食品科学与工程类,食品科学与工程类（食品工程学院。含食品科学与工程、食品质量与安全专业）（北校区）,,,437,2023,本科批,,34853,436,0,上海,综合,,,哈尔滨商业大学
,major_line_2023,统计学类,统计学,,,433,2023,本科批,,35697,432,0,上海,综合,,,哈尔滨商业大学
,major_line_2023,生物科学类,生物科学,,,449,2023,本科批,,32897,445,0,上海,综合,,,上饶师范学院
,major_line_2023,教育学类,学前教育,,,442,2023,本科批,,33766,441,0,上海,综合,,,上饶师范学院
,major_line_2023,生物科学类,生物科学,,,449,2023,本科批,,32897,445,0,上海,综合,,,上饶师范学院
,major_line_2023,教育学类,学前教育,,,442,2023,本科批,,33766,441,0,上海,综合,,,上饶师范学院
,major_line_2023,工商管理类,会计学,,,440,2023,本科批,,33965,440,0,上海,综合,,,山东工商学院
,major_line_2023,工商管理类,工商管理,,,438,2023,本科批,,34431,438,0,上海,综合,,,山东工商学院
,major_line_2023,经济学类,经济学类（含经济学、能源经济专业）,,,437,2023,本科批,,34625,437,0,上海,综合,,,山东工商学院
,major_line_2023,金融学类,金融学,,,436,2023,本科批,,34853,436,0,上海,综合,,,山东工商学院
,major_line_2023,工商管理类,人力资源管理,,,435,2023,本科批,,35051,435,0,上海,综合,,,山东工商学院
,major_line_2023,工商管理类,会计学,,,440,2023,本科批,,33965,440,0,上海,综合,,,山东工商学院
,major_line_2023,工商管理类,工商管理,,,438,2023,本科批,,34431,438,0,上海,综合,,,山东工商学院
,major_line_2023,经济学类,经济学类（含经济学、能源经济专业）,,,437,2023,本科批,,34625,437,0,上海,综合,,,山东工商学院
,major_line_2023,金融学类,金融学,,,436,2023,本科批,,34853,436,0,上海,综合,,,山东工商学院
,major_line_2023,工商管理类,人力资源管理,,,435,2023,本科批,,35051,435,0,上海,综合,,,山东工商学院
,major_line_2023,金融学类,金融数学,,,432,2023,本科批,,35697,432,0,上海,综合,,,商丘师范学院
,major_line_2023,电子信息类,人工智能,,,416,2023,本科批,,39247,414,0,上海,综合,,,商丘师范学院
,major_line_2023,工商管理类,财务管理,,,430,2023,本科批,,37331,424,0,上海,综合,,,商丘师范学院
,major_line_2023,金融学类,投资学,,,424,2023,本科批,,37331,424,0,上海,综合,,,商丘师范学院
,major_line_2023,经济与贸易类,国际经济与贸易,,,423,2023,本科批,,37531,423,0,上海,综合,,,商丘师范学院
,major_line_2023,社会学类,社会工作,,,427,2023,本科批,,37730,422,0,上海,综合,,,商丘师范学院
,major_line_2023,金融学类,金融数学,,,432,2023,本科批,,35697,432,0,上海,综合,,,商丘师范学院
,major_line_2023,工商管理类,财务管理,,,430,2023,本科批,,37331,424,0,上海,综合,,,商丘师范学院
,major_line_2023,金融学类,投资学,,,424,2023,本科批,,37331,424,0,上海,综合,,,商丘师范学院
,major_line_2023,经济与贸易类,国际经济与贸易,,,423,2023,本科批,,37531,423,0,上海,综合,,,商丘师范学院
,major_line_2023,社会学类,社会工作,,,427,2023,本科批,,37730,422,0,上海,综合,,,商丘师范学院
,major_line_2023,电子信息类,人工智能,,,416,2023,本科批,,39247,414,0,上海,综合,,,商丘师范学院
,major_line_2023,经济与贸易类,国际经济与贸易,,,420,2023,本科批,,38467,418,0,上海,综合,,,平顶山学院
,major_line_2023,教育学类,学前教育（师范类）,,,433,2023,本科批,,35904,431,0,上海,综合,,,平顶山学院
,major_line_2023,教育学类,学前教育（师范类）,,,433,2023,本科批,,35904,431,0,上海,综合,,,平顶山学院
,major_line_2023,经济与贸易类,国际经济与贸易,,,420,2023,本科批,,38467,418,0,上海,综合,,,平顶山学院
,major_line_2023,中医学类,中医学,,,491,2023,本科批,,22166,490,0,上海,综合,,,贵州中医药大学
,major_line_2023,中药学类,中药学,,,466,2023,本科批,,28319,465,0,上海,综合,,,贵州中医药大学
,major_line_2023,中药学类,中药学,,,466,2023,本科批,,28319,465,0,上海,综合,,,贵州中医药大学
,major_line_2023,中医学类,中医学,,,491,2023,本科批,,22166,490,0,上海,综合,,,贵州中医药大学
,major_line_2023,公共卫生与预防医学类,预防医学,,,466,2023,本科批,,29246,461,0,上海,综合,,,宜春学院
,major_line_2023,药学类,药学,,,460,2023,本科批,,29469,460,0,上海,综合,,,宜春学院
,major_line_2023,化工与制药类,制药工程,,,459,2023,本科批,,29706,459,0,上海,综合,,,宜春学院
,major_line_2023,临床医学类,麻醉学,,,460,2023,本科批,,31094,453,0,上海,综合,,,宜春学院
,major_line_2023,临床医学类,临床医学（在医学院就读）,,,453,2023,本科批,,31821,450,0,上海,综合,,,宜春学院
,major_line_2023,临床医学类,临床医学（辅修美容医学，在美容医学院就读）,,,453,2023,本科批,,32023,449,0,上海,综合,,,宜春学院
,major_line_2023,法学类,法学,,,444,2023,本科批,,33094,444,0,上海,综合,,,宜春学院
,major_line_2023,新闻传播学类,广告学,,,441,2023,本科批,,33965,440,0,上海,综合,,,宜春学院
,major_line_2023,护理学类,护理学（在医学院就读）,,,441,2023,本科批,,33965,440,0,上海,综合,,,宜春学院
,major_line_2023,护理学类,护理学（辅修医学美容技术，在美容医学院就读）,,,439,2023,本科批,,34170,439,0,上海,综合,,,宜春学院
,major_line_2023,中国语言文学类,汉语言文学,,,440,2023,本科批,,34853,436,0,上海,综合,,,宜春学院
,major_line_2023,外国语言文学类,翻译,,,436,2023,本科批,,34853,436,0,上海,综合,,,宜春学院
,major_line_2023,外国语言文学类,法语,,,433,2023,本科批,,35697,432,0,上海,综合,,,宜春学院
,major_line_2023,经济学类,数字经济,,,433,2023,本科批,,35697,432,0,上海,综合,,,宜春学院
,major_line_2023,工商管理类,财务管理,,,431,2023,本科批,,35904,431,0,上海,综合,,,宜春学院
,major_line_2023,公共卫生与预防医学类,预防医学,,,466,2023,本科批,,29246,461,0,上海,综合,,,宜春学院
,major_line_2023,药学类,药学,,,460,2023,本科批,,29469,460,0,上海,综合,,,宜春学院
,major_line_2023,化工与制药类,制药工程,,,459,2023,本科批,,29706,459,0,上海,综合,,,宜春学院
,major_line_2023,法学类,法学,,,444,2023,本科批,,33094,444,0,上海,综合,,,宜春学院
,major_line_2023,新闻传播学类,广告学,,,441,2023,本科批,,33965,440,0,上海,综合,,,宜春学院
,major_line_2023,中国语言文学类,汉语言文学,,,440,2023,本科批,,34853,436,0,上海,综合,,,宜春学院
,major_line_2023,外国语言文学类,翻译,,,436,2023,本科批,,34853,436,0,上海,综合,,,宜春学院
,major_line_2023,外国语言文学类,法语,,,433,2023,本科批,,35697,432,0,上海,综合,,,宜春学院
,major_line_2023,经济学类,数字经济,,,433,2023,本科批,,35697,432,0,上海,综合,,,宜春学院
,major_line_2023,工商管理类,财务管理,,,431,2023,本科批,,35904,431,0,上海,综合,,,宜春学院
,major_line_2023,临床医学类,麻醉学,,,460,2023,本科批,,31094,453,0,上海,综合,,,宜春学院
,major_line_2023,临床医学类,临床医学（在医学院就读）,,,453,2023,本科批,,31821,450,0,上海,综合,,,宜春学院
,major_line_2023,临床医学类,临床医学（辅修美容医学，在美容医学院就读）,,,453,2023,本科批,,32023,449,0,上海,综合,,,宜春学院
,major_line_2023,护理学类,护理学（在医学院就读）,,,441,2023,本科批,,33965,440,0,上海,综合,,,宜春学院
,major_line_2023,护理学类,护理学（辅修医学美容技术，在美容医学院就读）,,,439,2023,本科批,,34170,439,0,上海,综合,,,宜春学院
,major_line_2023,生物医学工程类,生物医学工程（上海市一流本科专业建设点。上海市应用型本科试点专业）,,,485,2023,本科批,,24317,481,0,上海,综合,,,上海健康医学院
,major_line_2023,生物医学工程类,临床工程技术（上海市一流本科专业建设点）,,,482,2023,本科批,,24801,479,0,上海,综合,,,上海健康医学院
,major_line_2023,护理学类,助产学（用人单位一般只招女生）,,,479,2023,本科批,,26112,474,0,上海,综合,,,上海健康医学院
,major_line_2023,公共管理类,公共事业管理,,,475,2023,本科批,,26866,471,0,上海,综合,,,上海健康医学院
,major_line_2023,公共管理类,健康服务与管理,,,474,2023,本科批,,27118,470,0,上海,综合,,,上海健康医学院
,major_line_2023,公共管理类,医疗产品管理,,,474,2023,本科批,,27118,470,0,上海,综合,,,上海健康医学院
,major_line_2023,护理类,护理,,,266,2023,专科批,,474,262,0,上海,综合,,,上海健康医学院
,major_line_2023,药学类,药学,,,261,2023,专科批,,597,259,0,上海,综合,,,上海健康医学院
,major_line_2023,药品与医疗器械类,医疗器械维护与管理（中外合作办学）（临床工程技术方向）（中外合作办学）,,,266,2023,专科批,,653,258,0,上海,综合,,,上海健康医学院
,major_line_2023,眼视光类,眼视光技术,,,263,2023,专科批,,653,258,0,上海,综合,,,上海健康医学院
,major_line_2023,药品与医疗器械类,康复工程技术,,,261,2023,专科批,,653,258,0,上海,综合,,,上海健康医学院
,major_line_2023,临床医学类,临床医学（六大类疾病及色盲、色弱者不取）,,,517,2023,本科批,,17139,510,0,上海,综合,,,上海健康医学院
,major_line_2023,公共卫生与预防医学类,预防医学（六大类疾病及色盲、色弱者不取）,,,517,2023,本科批,,17377,509,0,上海,综合,,,上海健康医学院
,major_line_2023,医学技术类,医学影像技术（国家级一流本科专业建设点。上海市一流本科建设引领计划）,,,508,2023,本科批,,18898,503,0,上海,综合,,,上海健康医学院
,major_line_2023,医学技术类,医学检验技术,,,505,2023,本科批,,19420,501,0,上海,综合,,,上海健康医学院
,major_line_2023,医学技术类,口腔医学技术,,,499,2023,本科批,,20398,497,0,上海,综合,,,上海健康医学院
,major_line_2023,医学技术类,康复物理治疗,,,497,2023,本科批,,21695,492,0,上海,综合,,,上海健康医学院
,major_line_2023,医学技术类,卫生检验与检疫,,,495,2023,本科批,,21932,491,0,上海,综合,,,上海健康医学院
,major_line_2023,医学技术类,智能影像工程,,,494,2023,本科批,,21932,491,0,上海,综合,,,上海健康医学院
,major_line_2023,公共卫生与预防医学类,食品卫生与营养学,,,493,2023,本科批,,21932,491,0,上海,综合,,,上海健康医学院
,major_line_2023,药学类,药学（上海市一流本科专业建设点。上海市应用型本科试点专业）,,,491,2023,本科批,,23115,486,0,上海,综合,,,上海健康医学院
,major_line_2023,药学类,药物分析,,,486,2023,本科批,,23581,484,0,上海,综合,,,上海健康医学院
,major_line_2023,生物医学工程类,生物医学工程（上海市一流本科专业建设点。上海市应用型本科试点专业）,,,485,2023,本科批,,24317,481,0,上海,综合,,,上海健康医学院
,major_line_2023,护理学类,护理学（国家级一流本科专业建设点，上海市应用型本科试点专业）,,,487,2023,本科批,,24801,479,0,上海,综合,,,上海健康医学院
,major_line_2023,生物医学工程类,临床工程技术（上海市一流本科专业建设点）,,,482,2023,本科批,,24801,479,0,上海,综合,,,上海健康医学院
,major_line_2023,护理学类,助产学（用人单位一般只招女生）,,,479,2023,本科批,,26112,474,0,上海,综合,,,上海健康医学院
,major_line_2023,公共管理类,公共事业管理,,,475,2023,本科批,,26866,471,0,上海,综合,,,上海健康医学院
,major_line_2023,公共管理类,健康服务与管理,,,474,2023,本科批,,27118,470,0,上海,综合,,,上海健康医学院
,major_line_2023,公共管理类,医疗产品管理,,,474,2023,本科批,,27118,470,0,上海,综合,,,上海健康医学院
,major_line_2023,公共卫生与预防医学类,预防医学（六大类疾病及色盲、色弱者不取）,,,517,2023,本科批,,17377,509,0,上海,综合,,,上海健康医学院
,major_line_2023,临床医学类,临床医学（六大类疾病及色盲、色弱者不取）,,,517,2023,本科批,,17139,510,0,上海,综合,,,上海健康医学院
,major_line_2023,药学类,药学（上海市一流本科专业建设点。上海市应用型本科试点专业）,,,491,2023,本科批,,23115,486,0,上海,综合,,,上海健康医学院
,major_line_2023,药学类,药物分析,,,486,2023,本科批,,23581,484,0,上海,综合,,,上海健康医学院
,major_line_2023,医学技术类,医学影像技术（国家级一流本科专业建设点。上海市一流本科建设引领计划）,,,508,2023,本科批,,18898,503,0,上海,综合,,,上海健康医学院
,major_line_2023,医学技术类,医学检验技术,,,505,2023,本科批,,19420,501,0,上海,综合,,,上海健康医学院
,major_line_2023,医学技术类,口腔医学技术,,,499,2023,本科批,,20398,497,0,上海,综合,,,上海健康医学院
,major_line_2023,医学技术类,康复物理治疗,,,497,2023,本科批,,21695,492,0,上海,综合,,,上海健康医学院
,major_line_2023,医学技术类,卫生检验与检疫,,,495,2023,本科批,,21932,491,0,上海,综合,,,上海健康医学院
,major_line_2023,医学技术类,智能影像工程,,,494,2023,本科批,,21932,491,0,上海,综合,,,上海健康医学院
,major_line_2023,公共卫生与预防医学类,食品卫生与营养学,,,493,2023,本科批,,21932,491,0,上海,综合,,,上海健康医学院
,major_line_2023,护理学类,护理学（国家级一流本科专业建设点，上海市应用型本科试点专业）,,,487,2023,本科批,,24801,479,0,上海,综合,,,上海健康医学院
,major_line_2023,护理类,护理,,,266,2023,专科批,,474,262,0,上海,综合,,,上海健康医学院
,major_line_2023,药学类,药学,,,261,2023,专科批,,597,259,0,上海,综合,,,上海健康医学院
,major_line_2023,药品与医疗器械类,医疗器械维护与管理（中外合作办学）（临床工程技术方向）（中外合作办学）,,,266,2023,专科批,,653,258,0,上海,综合,,,上海健康医学院
,major_line_2023,眼视光类,眼视光技术,,,263,2023,专科批,,653,258,0,上海,综合,,,上海健康医学院
,major_line_2023,药品与医疗器械类,康复工程技术,,,261,2023,专科批,,653,258,0,上海,综合,,,上海健康医学院
,major_line_2023,教育学类,家庭教育,,,451,2023,本科批,,32460,447,0,上海,综合,,,中华女子学院
,major_line_2023,心理学类,应用心理学,,,449,2023,本科批,,32460,447,0,上海,综合,,,中华女子学院
,major_line_2023,中国语言文学类,汉语国际教育,,,449,2023,本科批,,32897,445,0,上海,综合,,,中华女子学院
,major_line_2023,公共管理类,养老服务管理,,,447,2023,本科批,,33327,443,0,上海,综合,,,中华女子学院
,major_line_2023,教育学类,学前教育,,,450,2023,本科批,,33766,441,0,上海,综合,,,中华女子学院
,major_line_2023,教育学类,家庭教育,,,451,2023,本科批,,32460,447,0,上海,综合,,,中华女子学院
,major_line_2023,心理学类,应用心理学,,,449,2023,本科批,,32460,447,0,上海,综合,,,中华女子学院
,major_line_2023,中国语言文学类,汉语国际教育,,,449,2023,本科批,,32897,445,0,上海,综合,,,中华女子学院
,major_line_2023,公共管理类,养老服务管理,,,447,2023,本科批,,33327,443,0,上海,综合,,,中华女子学院
,major_line_2023,教育学类,学前教育,,,450,2023,本科批,,33766,441,0,上海,综合,,,中华女子学院
,major_line_2023,经济与贸易类,国际经济与贸易,,,423,2023,本科批,,38271,419,428,上海,综合,,,邵阳学院
,major_line_2023,经济与贸易类,国际经济与贸易,,,423,2023,本科批,,38271,419,428,上海,综合,,,邵阳学院
,major_line_2023,中国语言文学类,汉语国际教育（师范类）,,,424,2023,本科批,,38855,416,428,上海,综合,,,邵阳学院
,major_line_2023,中国语言文学类,汉语国际教育（师范类）,,,424,2023,本科批,,38855,416,428,上海,综合,,,邵阳学院
,major_line_2023,工商管理类,财务管理,,,433,2023,本科批,,35697,432,0,上海,综合,,,洛阳理工学院
,major_line_2023,经济学类,数字经济,,,428,2023,本科批,,36712,427,0,上海,综合,,,洛阳理工学院
,major_line_2023,工商管理类,工商管理,,,427,2023,本科批,,37110,425,0,上海,综合,,,洛阳理工学院
,major_line_2023,工商管理类,财务管理,,,433,2023,本科批,,35697,432,0,上海,综合,,,洛阳理工学院
,major_line_2023,经济学类,数字经济,,,428,2023,本科批,,36712,427,0,上海,综合,,,洛阳理工学院
,major_line_2023,工商管理类,工商管理,,,427,2023,本科批,,37110,425,0,上海,综合,,,洛阳理工学院
,major_line_2023,法学类,知识产权,,,419,2023,本科批,,38467,418,0,上海,综合,,,安阳工学院
,major_line_2023,电子商务类,电子商务,,,417,2023,本科批,,38855,416,0,上海,综合,,,安阳工学院
,major_line_2023,法学类,知识产权,,,419,2023,本科批,,38467,418,0,上海,综合,,,安阳工学院
,major_line_2023,电子商务类,电子商务,,,417,2023,本科批,,38855,416,0,上海,综合,,,安阳工学院
,major_line_2023,临床医学类,临床医学,,,471,2023,本科批,,27118,470,0,上海,综合,,,赣南医科大学
,major_line_2023,临床医学类,麻醉学,,,471,2023,本科批,,27340,469,0,上海,综合,,,赣南医科大学
,major_line_2023,法医学类,法医学,,,469,2023,本科批,,27576,468,0,上海,综合,,,赣南医科大学
,major_line_2023,生物科学类,生物技术,,,468,2023,本科批,,27576,468,0,上海,综合,,,赣南医科大学
,major_line_2023,公共管理类,健康服务与管理,,,441,2023,本科批,,34431,438,0,上海,综合,,,赣南医科大学
,major_line_2023,法学类,法学,,,439,2023,本科批,,34625,437,0,上海,综合,,,赣南医科大学
,major_line_2023,医学技术类,医学影像技术,,,438,2023,本科批,,34625,437,0,上海,综合,,,赣南医科大学
,major_line_2023,医学技术类,智能医学工程,,,437,2023,本科批,,34625,437,0,上海,综合,,,赣南医科大学
,major_line_2023,公共管理类,公共事业管理,,,436,2023,本科批,,35051,435,0,上海,综合,,,赣南医科大学
,major_line_2023,心理学类,应用心理学（无色盲、色弱）,,,434,2023,本科批,,35259,434,0,上海,综合,,,赣南医科大学
,major_line_2023,生物医学工程类,生物医学工程,,,433,2023,本科批,,36303,429,0,上海,综合,,,赣南医科大学
,major_line_2023,生物医学工程类,假肢矫形工程,,,429,2023,本科批,,36303,429,0,上海,综合,,,赣南医科大学
,major_line_2023,公共管理类,健康服务与管理,,,441,2023,本科批,,34431,438,0,上海,综合,,,赣南医科大学
,major_line_2023,法学类,法学,,,439,2023,本科批,,34625,437,0,上海,综合,,,赣南医科大学
,major_line_2023,公共管理类,公共事业管理,,,436,2023,本科批,,35051,435,0,上海,综合,,,赣南医科大学
,major_line_2023,心理学类,应用心理学（无色盲、色弱）,,,434,2023,本科批,,35259,434,0,上海,综合,,,赣南医科大学
,major_line_2023,临床医学类,临床医学,,,471,2023,本科批,,27118,470,0,上海,综合,,,赣南医科大学
,major_line_2023,临床医学类,麻醉学,,,471,2023,本科批,,27340,469,0,上海,综合,,,赣南医科大学
,major_line_2023,法医学类,法医学,,,469,2023,本科批,,27576,468,0,上海,综合,,,赣南医科大学
,major_line_2023,生物科学类,生物技术,,,468,2023,本科批,,27576,468,0,上海,综合,,,赣南医科大学
,major_line_2023,医学技术类,医学影像技术,,,438,2023,本科批,,34625,437,0,上海,综合,,,赣南医科大学
,major_line_2023,医学技术类,智能医学工程,,,437,2023,本科批,,34625,437,0,上海,综合,,,赣南医科大学
,major_line_2023,生物医学工程类,生物医学工程,,,433,2023,本科批,,36303,429,0,上海,综合,,,赣南医科大学
,major_line_2023,生物医学工程类,假肢矫形工程,,,429,2023,本科批,,36303,429,0,上海,综合,,,赣南医科大学
,major_line_2023,工商管理类,会计学,,,434,2023,本科批,,35904,431,0,上海,综合,,,九江学院
,major_line_2023,经济与贸易类,国际经济与贸易,,,430,2023,本科批,,36303,429,0,上海,综合,,,九江学院
,major_line_2023,金融学类,金融工程,,,430,2023,本科批,,36303,429,0,上海,综合,,,九江学院
,major_line_2023,计算机类,数据科学与大数据技术,,,425,2023,本科批,,37730,422,0,上海,综合,,,九江学院
,major_line_2023,工商管理类,会计学,,,434,2023,本科批,,35904,431,0,上海,综合,,,九江学院
,major_line_2023,经济与贸易类,国际经济与贸易,,,430,2023,本科批,,36303,429,0,上海,综合,,,九江学院
,major_line_2023,金融学类,金融工程,,,430,2023,本科批,,36303,429,0,上海,综合,,,九江学院
,major_line_2023,计算机类,数据科学与大数据技术,,,425,2023,本科批,,37730,422,0,上海,综合,,,九江学院
,major_line_2023,临床医学类,临床医学,,,466,2023,本科批,,29706,459,0,上海,综合,,,承德医学院
,major_line_2023,临床医学类,临床医学,,,466,2023,本科批,,29706,459,0,上海,综合,,,承德医学院
,major_line_2023,医学技术类,医学检验技术（无色盲、色弱）,,,486,2023,本科批,,23581,484,0,上海,综合,,,成都医学院
,major_line_2023,医学技术类,医学检验技术（无色盲、色弱）,,,486,2023,本科批,,23581,484,0,上海,综合,,,成都医学院
,major_line_2023,电子信息类,通信工程,,,437,2023,本科批,,34625,437,0,上海,综合,,,淮南师范学院
,major_line_2023,电子信息类,人工智能,,,437,2023,本科批,,34853,436,0,上海,综合,,,淮南师范学院
,major_line_2023,自动化类,轨道交通信号与控制,,,434,2023,本科批,,35259,434,0,上海,综合,,,淮南师范学院
,major_line_2023,金融学类,金融工程,,,433,2023,本科批,,35473,433,0,上海,综合,,,淮南师范学院
,major_line_2023,法学类,法学,,,446,2023,本科批,,32897,445,0,上海,综合,,,淮南师范学院
,major_line_2023,教育学类,学前教育,,,443,2023,本科批,,33564,442,0,上海,综合,,,淮南师范学院
,major_line_2023,经济与贸易类,国际经济与贸易,,,440,2023,本科批,,34170,439,0,上海,综合,,,淮南师范学院
,major_line_2023,外国语言文学类,商务英语（语种:英语）,,,441,2023,本科批,,34431,438,0,上海,综合,,,淮南师范学院
,major_line_2023,工商管理类,会计学,,,439,2023,本科批,,34431,438,0,上海,综合,,,淮南师范学院
,major_line_2023,法学类,法学,,,446,2023,本科批,,32897,445,0,上海,综合,,,淮南师范学院
,major_line_2023,马克思主义理论类,思想政治教育,,,458,2023,本科批,,33564,442,0,上海,综合,,,淮南师范学院
,major_line_2023,教育学类,学前教育,,,443,2023,本科批,,33564,442,0,上海,综合,,,淮南师范学院
,major_line_2023,经济与贸易类,国际经济与贸易,,,440,2023,本科批,,34170,439,0,上海,综合,,,淮南师范学院
,major_line_2023,外国语言文学类,商务英语（语种:英语）,,,441,2023,本科批,,34431,438,0,上海,综合,,,淮南师范学院
,major_line_2023,工商管理类,会计学,,,439,2023,本科批,,34431,438,0,上海,综合,,,淮南师范学院
,major_line_2023,电子信息类,通信工程,,,437,2023,本科批,,34625,437,0,上海,综合,,,淮南师范学院
,major_line_2023,电子信息类,人工智能,,,437,2023,本科批,,34853,436,0,上海,综合,,,淮南师范学院
,major_line_2023,自动化类,轨道交通信号与控制,,,434,2023,本科批,,35259,434,0,上海,综合,,,淮南师范学院
,major_line_2023,金融学类,金融工程,,,433,2023,本科批,,35473,433,0,上海,综合,,,淮南师范学院
,major_line_2023,马克思主义理论类,思想政治教育,,,458,2023,本科批,,33564,442,0,上海,综合,,,淮南师范学院
,major_line_2023,环境科学与工程类,环境工程,,,436,2023,本科批,,35051,435,0,上海,综合,,,湖南工学院
,major_line_2023,化工与制药类,化学工程与工艺,,,436,2023,本科批,,35051,435,0,上海,综合,,,湖南工学院
,major_line_2023,机械类,机械设计制造及其自动化,,,430,2023,本科批,,36303,429,0,上海,综合,,,湖南工学院
,major_line_2023,自动化类,自动化,,,429,2023,本科批,,36503,428,0,上海,综合,,,湖南工学院
,major_line_2023,计算机类,软件工程,,,429,2023,本科批,,36503,428,0,上海,综合,,,湖南工学院
,major_line_2023,安全科学与工程类,安全工程,,,427,2023,本科批,,36712,427,0,上海,综合,,,湖南工学院
,major_line_2023,物流管理与工程类,物流工程,,,436,2023,本科批,,35259,434,0,上海,综合,,,湖南工学院
,major_line_2023,环境科学与工程类,环境工程,,,436,2023,本科批,,35051,435,0,上海,综合,,,湖南工学院
,major_line_2023,化工与制药类,化学工程与工艺,,,436,2023,本科批,,35051,435,0,上海,综合,,,湖南工学院
,major_line_2023,物流管理与工程类,物流工程,,,436,2023,本科批,,35259,434,0,上海,综合,,,湖南工学院
,major_line_2023,机械类,机械设计制造及其自动化,,,430,2023,本科批,,36303,429,0,上海,综合,,,湖南工学院
,major_line_2023,自动化类,自动化,,,429,2023,本科批,,36503,428,0,上海,综合,,,湖南工学院
,major_line_2023,计算机类,软件工程,,,429,2023,本科批,,36503,428,0,上海,综合,,,湖南工学院
,major_line_2023,安全科学与工程类,安全工程,,,427,2023,本科批,,36712,427,0,上海,综合,,,湖南工学院
,major_line_2023,中国语言文学类,秘书学,,,447,2023,本科批,,33094,444,0,上海,综合,,,南昌师范学院
,major_line_2023,电子商务类,电子商务,,,434,2023,本科批,,35259,434,0,上海,综合,,,南昌师范学院
,major_line_2023,中国语言文学类,秘书学,,,447,2023,本科批,,33094,444,0,上海,综合,,,南昌师范学院
,major_line_2023,电子商务类,电子商务,,,434,2023,本科批,,35259,434,0,上海,综合,,,南昌师范学院
,major_line_2023,计算机类,计算机科学与技术,,,428,2023,本科批,,36503,428,0,上海,综合,,,河北建筑工程学院
,major_line_2023,建筑类,建筑学（须具有一定的美术基础）,,,427,2023,本科批,,36712,427,0,上海,综合,,,河北建筑工程学院
,major_line_2023,能源动力类,能源动力类（含能源与动力工程、新能源科学与工程、建筑环境与能源应用工程专业）,,,426,2023,本科批,,36906,426,0,上海,综合,,,河北建筑工程学院
,major_line_2023,土木类,土木工程,,,425,2023,本科批,,37110,425,0,上海,综合,,,河北建筑工程学院
,major_line_2023,工商管理类,财务管理,,,425,2023,本科批,,37331,424,0,上海,综合,,,河北建筑工程学院
,major_line_2023,计算机类,计算机科学与技术,,,428,2023,本科批,,36503,428,0,上海,综合,,,河北建筑工程学院
,major_line_2023,建筑类,建筑学（须具有一定的美术基础）,,,427,2023,本科批,,36712,427,0,上海,综合,,,河北建筑工程学院
,major_line_2023,能源动力类,能源动力类（含能源与动力工程、新能源科学与工程、建筑环境与能源应用工程专业）,,,426,2023,本科批,,36906,426,0,上海,综合,,,河北建筑工程学院
,major_line_2023,土木类,土木工程,,,425,2023,本科批,,37110,425,0,上海,综合,,,河北建筑工程学院
,major_line_2023,工商管理类,财务管理,,,425,2023,本科批,,37331,424,0,上海,综合,,,河北建筑工程学院
,major_line_2023,经济贸易类,关务与外贸服务,,,249,2023,专科批,,1544,246,0,上海,综合,,,上海商学院
,major_line_2023,旅游管理类,酒店管理（中外合作办学）（中外合作办学）,,,458,2023,本科批,,32897,445,0,上海,综合,,,上海商学院
,major_line_2023,电子商务类,电子商务（中外合作办学）（中外合作办学）,,,443,2023,本科批,,35051,435,0,上海,综合,,,上海商学院
,major_line_2023,工商管理类,会计学（上海市一流本科专业）,,,482,2023,本科批,,25351,477,0,上海,综合,,,上海商学院
,major_line_2023,法学类,法学,,,477,2023,本科批,,27118,470,0,上海,综合,,,上海商学院
,major_line_2023,工商管理类,财务管理,,,473,2023,本科批,,27340,469,0,上海,综合,,,上海商学院
,major_line_2023,工商管理类,工商管理（国家级一流本科专业、ACBSP国际认证专业）,,,469,2023,本科批,,28075,466,0,上海,综合,,,上海商学院
,major_line_2023,金融学类,金融学（上海市一流本科专业）,,,469,2023,本科批,,28075,466,0,上海,综合,,,上海商学院
,major_line_2023,财政学类,税收学（上海市应用型本科试点专业）,,,467,2023,本科批,,28075,466,0,上海,综合,,,上海商学院
,major_line_2023,经济与贸易类,国际经济与贸易（国家级一流本科专业）,,,467,2023,本科批,,28564,464,0,上海,综合,,,上海商学院
,major_line_2023,物流管理与工程类,物流管理（国家级一流本科专业）,,,466,2023,本科批,,28788,463,0,上海,综合,,,上海商学院
,major_line_2023,社会学类,社会工作,,,466,2023,本科批,,29013,462,0,上海,综合,,,上海商学院
,major_line_2023,电子商务类,电子商务（国家级一流本科专业、ACBSP国际认证专业）,,,465,2023,本科批,,29013,462,0,上海,综合,,,上海商学院
,major_line_2023,工商管理类,市场营销（上海市一流本科专业、ACBSP国际认证专业）,,,465,2023,本科批,,29013,462,0,上海,综合,,,上海商学院
,major_line_2023,经济学类,经济统计学,,,464,2023,本科批,,29246,461,0,上海,综合,,,上海商学院
,major_line_2023,新闻传播学类,广告学,,,465,2023,本科批,,29469,460,0,上海,综合,,,上海商学院
,major_line_2023,工商管理类,零售业管理（上海市一流本科建设引领计划建设专业）,,,465,2023,本科批,,29706,459,0,上海,综合,,,上海商学院
,major_line_2023,外国语言文学类,商务英语（外语单科成绩不低于105分）,,,463,2023,本科批,,29706,459,0,上海,综合,,,上海商学院
,major_line_2023,旅游管理类,酒店管理（国家级一流本科专业、ACBSP国际认证专业）,,,462,2023,本科批,,29706,459,0,上海,综合,,,上海商学院
,major_line_2023,外国语言文学类,日语,,,462,2023,本科批,,29706,459,0,上海,综合,,,上海商学院
,major_line_2023,经济学类,商务经济学（上海市一流本科专业）,,,462,2023,本科批,,29706,459,0,上海,综合,,,上海商学院
,major_line_2023,外国语言文学类,朝鲜语,,,461,2023,本科批,,29706,459,0,上海,综合,,,上海商学院
,major_line_2023,旅游管理类,旅游管理（上海市一流本科专业）,,,459,2023,本科批,,29925,458,0,上海,综合,,,上海商学院
,major_line_2023,工商管理类,会计学（上海市一流本科专业）,,,482,2023,本科批,,25351,477,0,上海,综合,,,上海商学院
,major_line_2023,法学类,法学,,,477,2023,本科批,,27118,470,0,上海,综合,,,上海商学院
,major_line_2023,工商管理类,财务管理,,,473,2023,本科批,,27340,469,0,上海,综合,,,上海商学院
,major_line_2023,工商管理类,工商管理（国家级一流本科专业、ACBSP国际认证专业）,,,469,2023,本科批,,28075,466,0,上海,综合,,,上海商学院
,major_line_2023,金融学类,金融学（上海市一流本科专业）,,,469,2023,本科批,,28075,466,0,上海,综合,,,上海商学院
,major_line_2023,财政学类,税收学（上海市应用型本科试点专业）,,,467,2023,本科批,,28075,466,0,上海,综合,,,上海商学院
,major_line_2023,食品科学与工程类,食品质量与安全（上海市一流本科专业、IFT认证专业）,,,467,2023,本科批,,28564,464,0,上海,综合,,,上海商学院
,major_line_2023,经济与贸易类,国际经济与贸易（国家级一流本科专业）,,,467,2023,本科批,,28564,464,0,上海,综合,,,上海商学院
,major_line_2023,物流管理与工程类,物流管理（国家级一流本科专业）,,,466,2023,本科批,,28788,463,0,上海,综合,,,上海商学院
,major_line_2023,社会学类,社会工作,,,466,2023,本科批,,29013,462,0,上海,综合,,,上海商学院
,major_line_2023,电子商务类,电子商务（国家级一流本科专业、ACBSP国际认证专业）,,,465,2023,本科批,,29013,462,0,上海,综合,,,上海商学院
,major_line_2023,工商管理类,市场营销（上海市一流本科专业、ACBSP国际认证专业）,,,465,2023,本科批,,29013,462,0,上海,综合,,,上海商学院
,major_line_2023,经济学类,经济统计学,,,464,2023,本科批,,29246,461,0,上海,综合,,,上海商学院
,major_line_2023,林学类,园林,,,463,2023,本科批,,29246,461,0,上海,综合,,,上海商学院
,major_line_2023,新闻传播学类,广告学,,,465,2023,本科批,,29469,460,0,上海,综合,,,上海商学院
,major_line_2023,工商管理类,零售业管理（上海市一流本科建设引领计划建设专业）,,,465,2023,本科批,,29706,459,0,上海,综合,,,上海商学院
,major_line_2023,外国语言文学类,商务英语（外语单科成绩不低于105分）,,,463,2023,本科批,,29706,459,0,上海,综合,,,上海商学院
,major_line_2023,旅游管理类,酒店管理（国家级一流本科专业、ACBSP国际认证专业）,,,462,2023,本科批,,29706,459,0,上海,综合,,,上海商学院
,major_line_2023,外国语言文学类,日语,,,462,2023,本科批,,29706,459,0,上海,综合,,,上海商学院
,major_line_2023,经济学类,商务经济学（上海市一流本科专业）,,,462,2023,本科批,,29706,459,0,上海,综合,,,上海商学院
,major_line_2023,外国语言文学类,朝鲜语,,,461,2023,本科批,,29706,459,0,上海,综合,,,上海商学院
,major_line_2023,旅游管理类,旅游管理（上海市一流本科专业）,,,459,2023,本科批,,29925,458,0,上海,综合,,,上海商学院
,major_line_2023,计算机类,计算机科学与技术（上海市一流本科专业）,,,454,2023,本科批,,31347,452,0,上海,综合,,,上海商学院
,major_line_2023,管理科学与工程类,信息管理与信息系统（上海市一流本科专业）,,,453,2023,本科批,,31584,451,0,上海,综合,,,上海商学院
,major_line_2023,计算机类,物联网工程,,,451,2023,本科批,,31821,450,0,上海,综合,,,上海商学院
,major_line_2023,管理科学与工程类,大数据管理与应用,,,451,2023,本科批,,31821,450,0,上海,综合,,,上海商学院
,major_line_2023,旅游管理类,酒店管理（中外合作办学）（中外合作办学）,,,458,2023,本科批,,32897,445,0,上海,综合,,,上海商学院
,major_line_2023,电子商务类,电子商务（中外合作办学）（中外合作办学）,,,443,2023,本科批,,35051,435,0,上海,综合,,,上海商学院
,major_line_2023,经济贸易类,关务与外贸服务,,,249,2023,专科批,,1544,246,0,上海,综合,,,上海商学院
,major_line_2023,食品科学与工程类,食品质量与安全（上海市一流本科专业、IFT认证专业）,,,467,2023,本科批,,28564,464,0,上海,综合,,,上海商学院
,major_line_2023,林学类,园林,,,463,2023,本科批,,29246,461,0,上海,综合,,,上海商学院
,major_line_2023,计算机类,计算机科学与技术（上海市一流本科专业）,,,454,2023,本科批,,31347,452,0,上海,综合,,,上海商学院
,major_line_2023,管理科学与工程类,信息管理与信息系统（上海市一流本科专业）,,,453,2023,本科批,,31584,451,0,上海,综合,,,上海商学院
,major_line_2023,计算机类,物联网工程,,,451,2023,本科批,,31821,450,0,上海,综合,,,上海商学院
,major_line_2023,管理科学与工程类,大数据管理与应用,,,451,2023,本科批,,31821,450,0,上海,综合,,,上海商学院
,major_line_2023,教育学类,教育学,,,418,2023,本科批,,38467,418,0,上海,综合,,,喀什大学
,major_line_2023,教育学类,学前教育,,,416,2023,本科批,,38855,416,0,上海,综合,,,喀什大学
,major_line_2023,旅游管理类,旅游管理,,,413,2023,本科批,,39440,413,0,上海,综合,,,喀什大学
,major_line_2023,马克思主义理论类,思想政治教育,,,411,2023,本科批,,39779,411,0,上海,综合,,,喀什大学
,major_line_2023,计算机类,网络工程,,,420,2023,本科批,,38092,420,0,上海,综合,,,喀什大学
,major_line_2023,数学类,数学与应用数学,,,416,2023,本科批,,38855,416,0,上海,综合,,,喀什大学
,major_line_2023,电气类,电气工程及其自动化,,,416,2023,本科批,,38855,416,0,上海,综合,,,喀什大学
,major_line_2023,物理学类,物理学,,,411,2023,本科批,,39779,411,0,上海,综合,,,喀什大学
,major_line_2023,计算机类,网络工程,,,420,2023,本科批,,38092,420,0,上海,综合,,,喀什大学
,major_line_2023,化学类,化学,,,419,2023,本科批,,38271,419,0,上海,综合,,,喀什大学
,major_line_2023,教育学类,教育学,,,418,2023,本科批,,38467,418,0,上海,综合,,,喀什大学
,major_line_2023,教育学类,学前教育,,,416,2023,本科批,,38855,416,0,上海,综合,,,喀什大学
,major_line_2023,中国语言文学类,汉语言文学,,,416,2023,本科批,,38855,416,0,上海,综合,,,喀什大学
,major_line_2023,数学类,数学与应用数学,,,416,2023,本科批,,38855,416,0,上海,综合,,,喀什大学
,major_line_2023,电气类,电气工程及其自动化,,,416,2023,本科批,,38855,416,0,上海,综合,,,喀什大学
,major_line_2023,旅游管理类,旅游管理,,,413,2023,本科批,,39440,413,0,上海,综合,,,喀什大学
,major_line_2023,生物科学类,生物科学,,,420,2023,本科批,,39601,412,0,上海,综合,,,喀什大学
,major_line_2023,物理学类,物理学,,,411,2023,本科批,,39779,411,0,上海,综合,,,喀什大学
,major_line_2023,马克思主义理论类,思想政治教育,,,411,2023,本科批,,39779,411,0,上海,综合,,,喀什大学
,major_line_2023,化学类,化学,,,419,2023,本科批,,38271,419,0,上海,综合,,,喀什大学
,major_line_2023,中国语言文学类,汉语言文学,,,416,2023,本科批,,38855,416,0,上海,综合,,,喀什大学
,major_line_2023,生物科学类,生物科学,,,420,2023,本科批,,39601,412,0,上海,综合,,,喀什大学
,major_line_2023,中国语言文学类,汉语言文学,,,454,2023,本科批,,31094,453,0,上海,综合,,,湖州学院
,major_line_2023,新闻传播学类,广告学,,,451,2023,本科批,,31821,450,0,上海,综合,,,湖州学院
,major_line_2023,新闻传播学类,网络与新媒体,,,451,2023,本科批,,31821,450,0,上海,综合,,,湖州学院
,major_line_2023,电子商务类,跨境电子商务,,,448,2023,本科批,,32460,447,0,上海,综合,,,湖州学院
,major_line_2023,中国语言文学类,汉语言文学,,,454,2023,本科批,,31094,453,0,上海,综合,,,湖州学院
,major_line_2023,新闻传播学类,广告学,,,451,2023,本科批,,31821,450,0,上海,综合,,,湖州学院
,major_line_2023,新闻传播学类,网络与新媒体,,,451,2023,本科批,,31821,450,0,上海,综合,,,湖州学院
,major_line_2023,电子商务类,跨境电子商务,,,448,2023,本科批,,32460,447,0,上海,综合,,,湖州学院
,major_line_2023,计算机类,计算机科学与技术,,,438,2023,本科批,,34431,438,0,上海,综合,,,湖州学院
,major_line_2023,电气类,电气工程及其自动化,,,438,2023,本科批,,34625,437,0,上海,综合,,,湖州学院
,major_line_2023,计算机类,软件工程,,,437,2023,本科批,,34853,436,0,上海,综合,,,湖州学院
,major_line_2023,机械类,机械设计制造及其自动化,,,437,2023,本科批,,35051,435,0,上海,综合,,,湖州学院
,major_line_2023,电子信息类,电子信息工程,,,436,2023,本科批,,35051,435,0,上海,综合,,,湖州学院
,major_line_2023,电子信息类,光电信息科学与工程,,,435,2023,本科批,,35051,435,0,上海,综合,,,湖州学院
,major_line_2023,计算机类,计算机科学与技术,,,438,2023,本科批,,34431,438,0,上海,综合,,,湖州学院
,major_line_2023,电气类,电气工程及其自动化,,,438,2023,本科批,,34625,437,0,上海,综合,,,湖州学院
,major_line_2023,计算机类,软件工程,,,437,2023,本科批,,34853,436,0,上海,综合,,,湖州学院
,major_line_2023,机械类,机械设计制造及其自动化,,,437,2023,本科批,,35051,435,0,上海,综合,,,湖州学院
,major_line_2023,电子信息类,电子信息工程,,,436,2023,本科批,,35051,435,0,上海,综合,,,湖州学院
,major_line_2023,电子信息类,光电信息科学与工程,,,435,2023,本科批,,35051,435,0,上海,综合,,,湖州学院
,major_line_2023,电子信息类,电子信息工程,,,426,2023,本科批,,36906,426,0,上海,综合,,,梧州学院
,major_line_2023,计算机类,数据科学与大数据技术,,,425,2023,本科批,,37110,425,0,上海,综合,,,梧州学院
,major_line_2023,电子信息类,微电子科学与工程,,,425,2023,本科批,,37110,425,0,上海,综合,,,梧州学院
,major_line_2023,自动化类,机器人工程,,,424,2023,本科批,,37331,424,0,上海,综合,,,梧州学院
,major_line_2023,电子信息类,光电信息科学与工程,,,423,2023,本科批,,37531,423,0,上海,综合,,,梧州学院
,major_line_2023,电子信息类,电子信息工程,,,426,2023,本科批,,36906,426,0,上海,综合,,,梧州学院
,major_line_2023,计算机类,数据科学与大数据技术,,,425,2023,本科批,,37110,425,0,上海,综合,,,梧州学院
,major_line_2023,电子信息类,微电子科学与工程,,,425,2023,本科批,,37110,425,0,上海,综合,,,梧州学院
,major_line_2023,自动化类,机器人工程,,,424,2023,本科批,,37331,424,0,上海,综合,,,梧州学院
,major_line_2023,电子信息类,光电信息科学与工程,,,423,2023,本科批,,37531,423,0,上海,综合,,,梧州学院
,major_line_2023,法学类,法学（涉外法治方向。外语单科成绩不低于113分）,,,485,2023,本科批,,23334,485,0,上海,综合,,,甘肃政法大学
,major_line_2023,法学类,法学,,,450,2023,本科批,,32897,445,0,上海,综合,,,甘肃政法大学
,major_line_2023,法学类,知识产权,,,445,2023,本科批,,32897,445,0,上海,综合,,,甘肃政法大学
,major_line_2023,法学类,法学（涉外法治方向。外语单科成绩不低于113分）,,,485,2023,本科批,,23334,485,0,上海,综合,,,甘肃政法大学
,major_line_2023,法学类,法学,,,450,2023,本科批,,32897,445,0,上海,综合,,,甘肃政法大学
,major_line_2023,法学类,知识产权,,,445,2023,本科批,,32897,445,0,上海,综合,,,甘肃政法大学
,major_line_2023,电子信息类,人工智能,,,433,2023,本科批,,37110,425,0,上海,综合,,,甘肃政法大学
,major_line_2023,电子信息类,人工智能,,,433,2023,本科批,,37110,425,0,上海,综合,,,甘肃政法大学
,major_line_2023,中医学类,中医学,,,488,2023,本科批,,22878,487,0,上海,综合,,,山西中医药大学
,major_line_2023,中医学类,针灸推拿学,,,490,2023,本科批,,23334,485,0,上海,综合,,,山西中医药大学
,major_line_2023,医学技术类,康复治疗学,,,484,2023,本科批,,23581,484,0,上海,综合,,,山西中医药大学
,major_line_2023,中药学类,中药学,,,483,2023,本科批,,23814,483,0,上海,综合,,,山西中医药大学
,major_line_2023,中西医结合类,中西医临床医学,,,483,2023,本科批,,24548,480,0,上海,综合,,,山西中医药大学
,major_line_2023,中医学类,中医学,,,488,2023,本科批,,22878,487,0,上海,综合,,,山西中医药大学
,major_line_2023,中医学类,针灸推拿学,,,490,2023,本科批,,23334,485,0,上海,综合,,,山西中医药大学
,major_line_2023,医学技术类,康复治疗学,,,484,2023,本科批,,23581,484,0,上海,综合,,,山西中医药大学
,major_line_2023,中药学类,中药学,,,483,2023,本科批,,23814,483,0,上海,综合,,,山西中医药大学
,major_line_2023,中西医结合类,中西医临床医学,,,483,2023,本科批,,24548,480,0,上海,综合,,,山西中医药大学
,major_line_2023,经济与贸易类,国际经济与贸易,,,451,2023,本科批,,31584,451,0,上海,综合,,,广东金融学院
,major_line_2023,工商管理类,会计学（语种:不限第一、二学年在肇庆校区，第三、四学年在校本部）,,,464,2023,本科批,,28564,464,0,上海,综合,,,广东金融学院
,major_line_2023,工商管理类,财务管理（语种:不限第一、二学年在肇庆校区，第三、四学年在校本部）,,,457,2023,本科批,,30168,457,0,上海,综合,,,广东金融学院
,major_line_2023,金融学类,金融学（语种:不限第一、二学年在清远校区，第三、四学年在校本部）,,,455,2023,本科批,,30610,455,0,上海,综合,,,广东金融学院
,major_line_2023,金融学类,投资学（语种:不限第一、二学年在清远校区，第三、四学年在校本部）,,,453,2023,本科批,,31094,453,0,上海,综合,,,广东金融学院
,major_line_2023,工商管理类,会计学（语种:不限第一、二学年在肇庆校区，第三、四学年在校本部）,,,464,2023,本科批,,28564,464,0,上海,综合,,,广东金融学院
,major_line_2023,工商管理类,财务管理（语种:不限第一、二学年在肇庆校区，第三、四学年在校本部）,,,457,2023,本科批,,30168,457,0,上海,综合,,,广东金融学院
,major_line_2023,金融学类,金融学（语种:不限第一、二学年在清远校区，第三、四学年在校本部）,,,455,2023,本科批,,30610,455,0,上海,综合,,,广东金融学院
,major_line_2023,金融学类,投资学（语种:不限第一、二学年在清远校区，第三、四学年在校本部）,,,453,2023,本科批,,31094,453,0,上海,综合,,,广东金融学院
,major_line_2023,经济与贸易类,国际经济与贸易,,,451,2023,本科批,,31584,451,0,上海,综合,,,广东金融学院
,major_line_2023,数学类,数学与应用数学,,,439,2023,本科批,,34625,437,0,上海,综合,,,南京特殊教育师范学院
,major_line_2023,医学技术类,听力与言语康复学,,,436,2023,本科批,,34853,436,0,上海,综合,,,南京特殊教育师范学院
,major_line_2023,教育学类,小学教育,,,493,2023,本科批,,21430,493,0,上海,综合,,,南京特殊教育师范学院
,major_line_2023,教育学类,特殊教育,,,489,2023,本科批,,23115,486,0,上海,综合,,,南京特殊教育师范学院
,major_line_2023,教育学类,孤独症儿童教育,,,485,2023,本科批,,24077,482,0,上海,综合,,,南京特殊教育师范学院
,major_line_2023,教育学类,教育康复学,,,481,2023,本科批,,25351,477,0,上海,综合,,,南京特殊教育师范学院
,major_line_2023,中国语言文学类,汉语言文学,,,478,2023,本科批,,26112,474,0,上海,综合,,,南京特殊教育师范学院
,major_line_2023,教育学类,学前教育,,,474,2023,本科批,,27340,469,0,上海,综合,,,南京特殊教育师范学院
,major_line_2023,公共管理类,无障碍管理,,,469,2023,本科批,,28075,466,0,上海,综合,,,南京特殊教育师范学院
,major_line_2023,中国语言文学类,手语翻译,,,468,2023,本科批,,28564,464,0,上海,综合,,,南京特殊教育师范学院
,major_line_2023,外国语言文学类,英语（语种:英语）,,,465,2023,本科批,,29013,462,0,上海,综合,,,南京特殊教育师范学院
,major_line_2023,教育学类,教育技术学,,,463,2023,本科批,,29246,461,0,上海,综合,,,南京特殊教育师范学院
,major_line_2023,公共管理类,公共事业管理,,,458,2023,本科批,,29925,458,0,上海,综合,,,南京特殊教育师范学院
,major_line_2023,教育学类,小学教育,,,493,2023,本科批,,21430,493,0,上海,综合,,,南京特殊教育师范学院
,major_line_2023,教育学类,特殊教育,,,489,2023,本科批,,23115,486,0,上海,综合,,,南京特殊教育师范学院
,major_line_2023,教育学类,孤独症儿童教育,,,485,2023,本科批,,24077,482,0,上海,综合,,,南京特殊教育师范学院
,major_line_2023,教育学类,教育康复学,,,481,2023,本科批,,25351,477,0,上海,综合,,,南京特殊教育师范学院
,major_line_2023,中国语言文学类,汉语言文学,,,478,2023,本科批,,26112,474,0,上海,综合,,,南京特殊教育师范学院
,major_line_2023,教育学类,学前教育,,,474,2023,本科批,,27340,469,0,上海,综合,,,南京特殊教育师范学院
,major_line_2023,公共管理类,无障碍管理,,,469,2023,本科批,,28075,466,0,上海,综合,,,南京特殊教育师范学院
,major_line_2023,中国语言文学类,手语翻译,,,468,2023,本科批,,28564,464,0,上海,综合,,,南京特殊教育师范学院
,major_line_2023,外国语言文学类,英语（语种:英语）,,,465,2023,本科批,,29013,462,0,上海,综合,,,南京特殊教育师范学院
,major_line_2023,教育学类,教育技术学,,,463,2023,本科批,,29246,461,0,上海,综合,,,南京特殊教育师范学院
,major_line_2023,公共管理类,公共事业管理,,,458,2023,本科批,,29925,458,0,上海,综合,,,南京特殊教育师范学院
,major_line_2023,数学类,数学与应用数学,,,439,2023,本科批,,34625,437,0,上海,综合,,,南京特殊教育师范学院
,major_line_2023,医学技术类,听力与言语康复学,,,436,2023,本科批,,34853,436,0,上海,综合,,,南京特殊教育师范学院
,major_line_2023,工商管理类,会计学,,,430,2023,本科批,,36113,430,0,上海,综合,,,赣南科技学院
,major_line_2023,工商管理类,工商管理,,,428,2023,本科批,,36906,426,0,上海,综合,,,赣南科技学院
,major_line_2023,经济与贸易类,国际经济与贸易,,,429,2023,本科批,,37110,425,0,上海,综合,,,赣南科技学院
,major_line_2023,电子商务类,电子商务,,,426,2023,本科批,,37110,425,0,上海,综合,,,赣南科技学院
,major_line_2023,外国语言文学类,葡萄牙语,,,425,2023,本科批,,37110,425,0,上海,综合,,,赣南科技学院
,major_line_2023,工商管理类,会计学,,,430,2023,本科批,,36113,430,0,上海,综合,,,赣南科技学院
,major_line_2023,工商管理类,工商管理,,,428,2023,本科批,,36906,426,0,上海,综合,,,赣南科技学院
,major_line_2023,经济与贸易类,国际经济与贸易,,,429,2023,本科批,,37110,425,0,上海,综合,,,赣南科技学院
,major_line_2023,电子商务类,电子商务,,,426,2023,本科批,,37110,425,0,上海,综合,,,赣南科技学院
,major_line_2023,外国语言文学类,葡萄牙语,,,425,2023,本科批,,37110,425,0,上海,综合,,,赣南科技学院
,major_line_2023,环境科学与工程类,环境科学,,,427,2023,本科批,,36906,426,0,上海,综合,,,河北环境工程学院
,major_line_2023,环境科学与工程类,环境生态工程,,,426,2023,本科批,,37531,423,0,上海,综合,,,河北环境工程学院
,major_line_2023,环境科学与工程类,环境工程,,,423,2023,本科批,,38092,420,0,上海,综合,,,河北环境工程学院
,major_line_2023,物流管理与工程类,物流管理,,,422,2023,本科批,,38271,419,0,上海,综合,,,河北环境工程学院
,major_line_2023,旅游管理类,会展经济与管理,,,421,2023,本科批,,38271,419,0,上海,综合,,,河北环境工程学院
,major_line_2023,海洋科学类,海洋资源与环境,,,420,2023,本科批,,38271,419,0,上海,综合,,,河北环境工程学院
,major_line_2023,新闻传播学类,新闻学,,,419,2023,本科批,,38666,417,0,上海,综合,,,河北环境工程学院
,major_line_2023,工商管理类,国际商务,,,417,2023,本科批,,39247,414,0,上海,综合,,,河北环境工程学院
,major_line_2023,工商管理类,国际商务,,,417,2023,本科批,,39247,414,0,上海,综合,,,河北环境工程学院
,major_line_2023,物流管理与工程类,物流管理,,,422,2023,本科批,,38271,419,0,上海,综合,,,河北环境工程学院
,major_line_2023,旅游管理类,会展经济与管理,,,421,2023,本科批,,38271,419,0,上海,综合,,,河北环境工程学院
,major_line_2023,新闻传播学类,新闻学,,,419,2023,本科批,,38666,417,0,上海,综合,,,河北环境工程学院
,major_line_2023,环境科学与工程类,环境工程,,,423,2023,本科批,,38092,420,0,上海,综合,,,河北环境工程学院
,major_line_2023,海洋科学类,海洋资源与环境,,,420,2023,本科批,,38271,419,0,上海,综合,,,河北环境工程学院
,major_line_2023,环境科学与工程类,环境科学,,,427,2023,本科批,,36906,426,0,上海,综合,,,河北环境工程学院
,major_line_2023,环境科学与工程类,环境生态工程,,,426,2023,本科批,,37531,423,0,上海,综合,,,河北环境工程学院
,major_line_2023,生物工程类,生物制药,,,437,2023,本科批,,34853,436,0,上海,综合,,,济宁学院
,major_line_2023,中国语言文学类,汉语言文学,,,440,2023,本科批,,35259,434,0,上海,综合,,,济宁学院
,major_line_2023,生物工程类,生物制药,,,437,2023,本科批,,34853,436,0,上海,综合,,,济宁学院
,major_line_2023,中国语言文学类,汉语言文学,,,440,2023,本科批,,35259,434,0,上海,综合,,,济宁学院
,major_line_2023,中国语言文学类,汉语言文学,,,457,2023,本科批,,30168,457,0,上海,综合,,,忻州师范学院
,major_line_2023,历史学类,历史学,,,454,2023,本科批,,30852,454,0,上海,综合,,,忻州师范学院
,major_line_2023,马克思主义理论类,思想政治教育,,,442,2023,本科批,,33564,442,0,上海,综合,,,忻州师范学院
,major_line_2023,地理科学类,地理科学,,,437,2023,本科批,,34625,437,0,上海,综合,,,忻州师范学院
,major_line_2023,教育学类,学前教育,,,434,2023,本科批,,35259,434,0,上海,综合,,,忻州师范学院
,major_line_2023,历史学类,历史学,,,454,2023,本科批,,30852,454,0,上海,综合,,,忻州师范学院
,major_line_2023,中国语言文学类,汉语言文学,,,457,2023,本科批,,30168,457,0,上海,综合,,,忻州师范学院
,major_line_2023,地理科学类,地理科学,,,437,2023,本科批,,34625,437,0,上海,综合,,,忻州师范学院
,major_line_2023,马克思主义理论类,思想政治教育,,,442,2023,本科批,,33564,442,0,上海,综合,,,忻州师范学院
,major_line_2023,教育学类,学前教育,,,434,2023,本科批,,35259,434,0,上海,综合,,,忻州师范学院
,major_line_2023,临床医学类,临床医学,,,458,2023,本科批,,30852,454,0,上海,综合,,,山西大同大学
,major_line_2023,临床医学类,临床医学,,,458,2023,本科批,,30852,454,0,上海,综合,,,山西大同大学
,major_line_2023,新闻传播学类,网络与新媒体,,,431,2023,本科批,,36712,427,0,上海,综合,,,山西大同大学
,major_line_2023,新闻传播学类,网络与新媒体,,,431,2023,本科批,,36712,427,0,上海,综合,,,山西大同大学
,major_line_2023,法学类,法学,,,467,2023,本科批,,28788,463,0,上海,综合,,,苏州城市学院
,major_line_2023,工商管理类,会计学,,,460,2023,本科批,,30168,457,0,上海,综合,,,苏州城市学院
,major_line_2023,外国语言文学类,日语（外语语种为英语、日语）,,,454,2023,本科批,,32676,446,0,上海,综合,,,苏州城市学院
,major_line_2023,法学类,法学,,,467,2023,本科批,,28788,463,0,上海,综合,,,苏州城市学院
,major_line_2023,工商管理类,会计学,,,460,2023,本科批,,30168,457,0,上海,综合,,,苏州城市学院
,major_line_2023,外国语言文学类,日语（外语语种为英语、日语）,,,454,2023,本科批,,32676,446,0,上海,综合,,,苏州城市学院
,major_line_2023,计算机类,物联网工程,,,439,2023,本科批,,34431,438,0,上海,综合,,,苏州城市学院
,major_line_2023,机械类,机械工程,,,439,2023,本科批,,34431,438,0,上海,综合,,,苏州城市学院
,major_line_2023,计算机类,物联网工程,,,439,2023,本科批,,34431,438,0,上海,综合,,,苏州城市学院
,major_line_2023,机械类,机械工程,,,439,2023,本科批,,34431,438,0,上海,综合,,,苏州城市学院
,major_line_2023,中国语言文学类,汉语言文学,,,442,2023,本科批,,33564,442,0,上海,综合,,,吕梁学院
,major_line_2023,新闻传播学类,新闻学,,,429,2023,本科批,,36303,429,0,上海,综合,,,吕梁学院
,major_line_2023,计算机类,计算机科学与技术,,,422,2023,本科批,,37931,421,0,上海,综合,,,吕梁学院
,major_line_2023,计算机类,计算机科学与技术,,,422,2023,本科批,,37931,421,0,上海,综合,,,吕梁学院
,major_line_2023,中国语言文学类,汉语言文学,,,442,2023,本科批,,33564,442,0,上海,综合,,,吕梁学院
,major_line_2023,新闻传播学类,新闻学,,,429,2023,本科批,,36303,429,0,上海,综合,,,吕梁学院
,major_line_2023,教育学类,学前教育,,,430,2023,本科批,,37110,425,0,上海,综合,,,衡水学院
,major_line_2023,外国语言文学类,日语,,,420,2023,本科批,,38271,419,0,上海,综合,,,衡水学院
,major_line_2023,电子商务类,电子商务,,,419,2023,本科批,,39040,415,0,上海,综合,,,衡水学院
,major_line_2023,金融学类,经济与金融,,,416,2023,本科批,,39247,414,0,上海,综合,,,衡水学院
,major_line_2023,教育学类,学前教育,,,430,2023,本科批,,37110,425,0,上海,综合,,,衡水学院
,major_line_2023,外国语言文学类,日语,,,420,2023,本科批,,38271,419,0,上海,综合,,,衡水学院
,major_line_2023,电子商务类,电子商务,,,419,2023,本科批,,39040,415,0,上海,综合,,,衡水学院
,major_line_2023,金融学类,经济与金融,,,416,2023,本科批,,39247,414,0,上海,综合,,,衡水学院
,major_line_2023,工商管理类,会计学,,,433,2023,本科批,,35697,432,0,上海,综合,,,赣东学院
,major_line_2023,法学类,法学,,,433,2023,本科批,,35904,431,0,上海,综合,,,赣东学院
,major_line_2023,新闻传播学类,网络与新媒体,,,429,2023,本科批,,36503,428,0,上海,综合,,,赣东学院
,major_line_2023,工商管理类,财务管理,,,427,2023,本科批,,36712,427,0,上海,综合,,,赣东学院
,major_line_2023,经济与贸易类,国际经济与贸易,,,427,2023,本科批,,36906,426,0,上海,综合,,,赣东学院
,major_line_2023,工商管理类,会计学,,,433,2023,本科批,,35697,432,0,上海,综合,,,赣东学院
,major_line_2023,法学类,法学,,,433,2023,本科批,,35904,431,0,上海,综合,,,赣东学院
,major_line_2023,新闻传播学类,网络与新媒体,,,429,2023,本科批,,36503,428,0,上海,综合,,,赣东学院
,major_line_2023,工商管理类,财务管理,,,427,2023,本科批,,36712,427,0,上海,综合,,,赣东学院
,major_line_2023,经济与贸易类,国际经济与贸易,,,427,2023,本科批,,36906,426,0,上海,综合,,,赣东学院
,major_line_2023,中国语言文学类,汉语言文学（师范）,,,432,2023,本科批,,36503,428,0,上海,综合,,,韶关学院
,major_line_2023,中国语言文学类,汉语言文学（师范）,,,432,2023,本科批,,36503,428,0,上海,综合,,,韶关学院
,major_line_2023,植物生产类,园艺（无色盲、色弱）,,,415,2023,本科批,,40174,409,0,上海,综合,,,韶关学院
,major_line_2023,植物生产类,园艺（无色盲、色弱）,,,415,2023,本科批,,40174,409,0,上海,综合,,,韶关学院
,major_line_2023,工商管理类,会计学（语种:不限”1+2+1“中美试验班）,,,432,2023,本科批,,35904,431,0,上海,综合,,,兰州财经大学
,major_line_2023,工商管理类,会计学,,,439,2023,本科批,,34853,436,0,上海,综合,,,兰州财经大学
,major_line_2023,财政学类,税收学,,,436,2023,本科批,,35259,434,0,上海,综合,,,兰州财经大学
,major_line_2023,经济学类,经济统计学,,,436,2023,本科批,,35697,432,0,上海,综合,,,兰州财经大学
,major_line_2023,金融学类,金融学,,,433,2023,本科批,,35697,432,0,上海,综合,,,兰州财经大学
,major_line_2023,中国语言文学类,汉语言文学,,,432,2023,本科批,,35904,431,0,上海,综合,,,兰州财经大学
,major_line_2023,经济与贸易类,国际经济与贸易,,,431,2023,本科批,,36113,430,0,上海,综合,,,兰州财经大学
,major_line_2023,旅游管理类,旅游管理,,,430,2023,本科批,,36113,430,0,上海,综合,,,兰州财经大学
,major_line_2023,工商管理类,会计学,,,439,2023,本科批,,34853,436,0,上海,综合,,,兰州财经大学
,major_line_2023,财政学类,税收学,,,436,2023,本科批,,35259,434,0,上海,综合,,,兰州财经大学
,major_line_2023,经济学类,经济统计学,,,436,2023,本科批,,35697,432,0,上海,综合,,,兰州财经大学
,major_line_2023,金融学类,金融学,,,433,2023,本科批,,35697,432,0,上海,综合,,,兰州财经大学
,major_line_2023,工商管理类,会计学（语种:不限”1+2+1“中美试验班）,,,432,2023,本科批,,35904,431,0,上海,综合,,,兰州财经大学
,major_line_2023,中国语言文学类,汉语言文学,,,432,2023,本科批,,35904,431,0,上海,综合,,,兰州财经大学
,major_line_2023,经济与贸易类,国际经济与贸易,,,431,2023,本科批,,36113,430,0,上海,综合,,,兰州财经大学
,major_line_2023,旅游管理类,旅游管理,,,430,2023,本科批,,36113,430,0,上海,综合,,,兰州财经大学
,major_line_2023,机械类,增材制造工程（3D打印）,,,418,2023,本科批,,40671,406,0,上海,综合,,,新乡学院
,major_line_2023,机械类,增材制造工程（3D打印）,,,418,2023,本科批,,40671,406,0,上海,综合,,,新乡学院
,major_line_2023,药学类,药学类（含药学、药物制剂专业）,,,431,2023,本科批,,36503,428,0,上海,综合,,,齐齐哈尔医学院
,major_line_2023,心理学类,应用心理学,,,437,2023,本科批,,34625,437,0,上海,综合,,,齐齐哈尔医学院
,major_line_2023,公共管理类,公共事业管理,,,428,2023,本科批,,36503,428,0,上海,综合,,,齐齐哈尔医学院
,major_line_2023,社会学类,社会工作,,,426,2023,本科批,,36906,426,0,上海,综合,,,齐齐哈尔医学院
,major_line_2023,生物医学工程类,生物医学工程,,,431,2023,本科批,,37331,424,0,上海,综合,,,齐齐哈尔医学院
,major_line_2023,临床医学类,儿科学,,,445,2023,本科批,,32897,445,0,上海,综合,,,齐齐哈尔医学院
,major_line_2023,临床医学类,临床医学,,,448,2023,本科批,,33965,440,0,上海,综合,,,齐齐哈尔医学院
,major_line_2023,临床医学类,精神医学,,,442,2023,本科批,,33965,440,0,上海,综合,,,齐齐哈尔医学院
,major_line_2023,心理学类,应用心理学,,,437,2023,本科批,,34625,437,0,上海,综合,,,齐齐哈尔医学院
,major_line_2023,公共卫生与预防医学类,预防医学,,,437,2023,本科批,,35697,432,0,上海,综合,,,齐齐哈尔医学院
,major_line_2023,药学类,临床药学,,,431,2023,本科批,,35904,431,0,上海,综合,,,齐齐哈尔医学院
,major_line_2023,药学类,药学类（含药学、药物制剂专业）,,,431,2023,本科批,,36503,428,0,上海,综合,,,齐齐哈尔医学院
,major_line_2023,公共管理类,公共事业管理,,,428,2023,本科批,,36503,428,0,上海,综合,,,齐齐哈尔医学院
,major_line_2023,社会学类,社会工作,,,426,2023,本科批,,36906,426,0,上海,综合,,,齐齐哈尔医学院
,major_line_2023,生物医学工程类,生物医学工程,,,431,2023,本科批,,37331,424,0,上海,综合,,,齐齐哈尔医学院
,major_line_2023,公共卫生与预防医学类,预防医学,,,437,2023,本科批,,35697,432,0,上海,综合,,,齐齐哈尔医学院
,major_line_2023,药学类,临床药学,,,431,2023,本科批,,35904,431,0,上海,综合,,,齐齐哈尔医学院
,major_line_2023,临床医学类,儿科学,,,445,2023,本科批,,32897,445,0,上海,综合,,,齐齐哈尔医学院
,major_line_2023,临床医学类,临床医学,,,448,2023,本科批,,33965,440,0,上海,综合,,,齐齐哈尔医学院
,major_line_2023,临床医学类,精神医学,,,442,2023,本科批,,33965,440,0,上海,综合,,,齐齐哈尔医学院
,major_line_2023,教育学类,学前教育,,,429,2023,本科批,,36712,427,0,上海,综合,,,山东石油化工学院
,major_line_2023,教育学类,学前教育,,,429,2023,本科批,,36712,427,0,上海,综合,,,山东石油化工学院
,major_line_2023,电气类,电气工程及其自动化,,,467,2023,本科批,,28564,464,0,上海,综合,,,沈阳工程学院
,major_line_2023,电子信息类,电子信息工程,,,434,2023,本科批,,35904,431,0,上海,综合,,,沈阳工程学院
,major_line_2023,能源动力类,新能源科学与工程,,,433,2023,本科批,,36303,429,0,上海,综合,,,沈阳工程学院
,major_line_2023,能源动力类,能源与动力工程,,,431,2023,本科批,,36303,429,0,上海,综合,,,沈阳工程学院
,major_line_2023,电气类,电气工程及其自动化,,,467,2023,本科批,,28564,464,0,上海,综合,,,沈阳工程学院
,major_line_2023,电子信息类,电子信息工程,,,434,2023,本科批,,35904,431,0,上海,综合,,,沈阳工程学院
,major_line_2023,能源动力类,新能源科学与工程,,,433,2023,本科批,,36303,429,0,上海,综合,,,沈阳工程学院
,major_line_2023,能源动力类,能源与动力工程,,,431,2023,本科批,,36303,429,0,上海,综合,,,沈阳工程学院
,major_line_2023,工商管理类,会计学,,,441,2023,本科批,,34170,439,0,上海,综合,,,湖南财政经济学院
,major_line_2023,工商管理类,财务管理,,,439,2023,本科批,,34431,438,0,上海,综合,,,湖南财政经济学院
,major_line_2023,金融学类,金融学,,,440,2023,本科批,,34625,437,0,上海,综合,,,湖南财政经济学院
,major_line_2023,工商管理类,会计学,,,441,2023,本科批,,34170,439,0,上海,综合,,,湖南财政经济学院
,major_line_2023,工商管理类,财务管理,,,439,2023,本科批,,34431,438,0,上海,综合,,,湖南财政经济学院
,major_line_2023,金融学类,金融学,,,440,2023,本科批,,34625,437,0,上海,综合,,,湖南财政经济学院
,major_line_2023,财务会计类,大数据与会计,,,419,2023,本科批,,39247,414,0,上海,综合,,,河北石油职业技术大学
,major_line_2023,工商管理类,市场营销,,,414,2023,本科批,,39440,413,0,上海,综合,,,河北石油职业技术大学
,major_line_2023,建筑设备类,建筑环境与能源工程,,,416,2023,本科批,,39440,413,0,上海,综合,,,河北石油职业技术大学
,major_line_2023,财务会计类,大数据与会计,,,419,2023,本科批,,39247,414,0,上海,综合,,,河北石油职业技术大学
,major_line_2023,建筑设备类,建筑环境与能源工程,,,416,2023,本科批,,39440,413,0,上海,综合,,,河北石油职业技术大学
,major_line_2023,工商管理类,市场营销,,,414,2023,本科批,,39440,413,0,上海,综合,,,河北石油职业技术大学
,major_line_2023,法学类,法学,,,426,2023,本科批,,38467,418,0,上海,综合,,,新疆政法学院
,major_line_2023,计算机类,计算机科学与技术,,,406,2023,本科批,,40830,405,0,上海,综合,,,新疆政法学院
,major_line_2023,计算机类,计算机科学与技术,,,406,2023,本科批,,40830,405,0,上海,综合,,,新疆政法学院
,major_line_2023,法学类,法学,,,426,2023,本科批,,38467,418,0,上海,综合,,,新疆政法学院
,major_line_2023,工商管理类,会计学,,,423,2023,本科批,,37931,421,0,上海,综合,,,哈尔滨金融学院
,major_line_2023,金融学类,金融学,,,423,2023,本科批,,38271,419,0,上海,综合,,,哈尔滨金融学院
,major_line_2023,金融学类,投资学,,,419,2023,本科批,,38666,417,0,上海,综合,,,哈尔滨金融学院
,major_line_2023,经济与贸易类,国际经济与贸易,,,418,2023,本科批,,38855,416,0,上海,综合,,,哈尔滨金融学院
,major_line_2023,电子商务类,电子商务,,,417,2023,本科批,,38855,416,0,上海,综合,,,哈尔滨金融学院
,major_line_2023,金融学类,保险学,,,417,2023,本科批,,38855,416,0,上海,综合,,,哈尔滨金融学院
,major_line_2023,外国语言文学类,商务英语（语种:英语）,,,416,2023,本科批,,38855,416,0,上海,综合,,,哈尔滨金融学院
,major_line_2023,工商管理类,会计学,,,423,2023,本科批,,37931,421,0,上海,综合,,,哈尔滨金融学院
,major_line_2023,金融学类,金融学,,,423,2023,本科批,,38271,419,0,上海,综合,,,哈尔滨金融学院
,major_line_2023,金融学类,投资学,,,419,2023,本科批,,38666,417,0,上海,综合,,,哈尔滨金融学院
,major_line_2023,经济与贸易类,国际经济与贸易,,,418,2023,本科批,,38855,416,0,上海,综合,,,哈尔滨金融学院
,major_line_2023,电子商务类,电子商务,,,417,2023,本科批,,38855,416,0,上海,综合,,,哈尔滨金融学院
,major_line_2023,金融学类,保险学,,,417,2023,本科批,,38855,416,0,上海,综合,,,哈尔滨金融学院
,major_line_2023,外国语言文学类,商务英语（语种:英语）,,,416,2023,本科批,,38855,416,0,上海,综合,,,哈尔滨金融学院
,major_line_2023,工商管理类,会计学（转型实验班。与用友集团新道科技股份有限公司共建，双方共同参与人才培养全过程）,,,427,2023,本科批,,36712,427,0,上海,综合,,,吉林工商学院
,major_line_2023,金融学类,金融学,,,423,2023,本科批,,37730,422,0,上海,综合,,,吉林工商学院
,major_line_2023,工商管理类,资产评估,,,424,2023,本科批,,37931,421,0,上海,综合,,,吉林工商学院
,major_line_2023,工商管理类,会计学（转型实验班。与用友集团新道科技股份有限公司共建，双方共同参与人才培养全过程）,,,427,2023,本科批,,36712,427,0,上海,综合,,,吉林工商学院
,major_line_2023,金融学类,金融学,,,423,2023,本科批,,37730,422,0,上海,综合,,,吉林工商学院
,major_line_2023,工商管理类,资产评估,,,424,2023,本科批,,37931,421,0,上海,综合,,,吉林工商学院
,major_line_2023,生物工程类,生物工程,,,453,2023,本科批,,32460,447,0,上海,综合,,,嘉兴南湖学院
,major_line_2023,化工与制药类,化学工程与工艺,,,450,2023,本科批,,32460,447,0,上海,综合,,,嘉兴南湖学院
,major_line_2023,金融学类,金融学,,,450,2023,本科批,,32460,447,0,上海,综合,,,嘉兴南湖学院
,major_line_2023,工商管理类,财务管理,,,450,2023,本科批,,32460,447,0,上海,综合,,,嘉兴南湖学院
,major_line_2023,环境科学与工程类,环境工程,,,447,2023,本科批,,32460,447,0,上海,综合,,,嘉兴南湖学院
,major_line_2023,电子商务类,跨境电子商务,,,447,2023,本科批,,32460,447,0,上海,综合,,,嘉兴南湖学院
,major_line_2023,外国语言文学类,日语,,,447,2023,本科批,,32676,446,0,上海,综合,,,嘉兴南湖学院
,major_line_2023,纺织类,服装设计与工程,,,443,2023,本科批,,33564,442,0,上海,综合,,,嘉兴南湖学院
,major_line_2023,轻工类,轻化工程,,,442,2023,本科批,,33766,441,0,上海,综合,,,嘉兴南湖学院
,major_line_2023,电子信息类,电子信息工程,,,441,2023,本科批,,33766,441,0,上海,综合,,,嘉兴南湖学院
,major_line_2023,纺织类,纺织工程,,,443,2023,本科批,,33965,440,0,上海,综合,,,嘉兴南湖学院
,major_line_2023,计算机类,计算机科学与技术,,,440,2023,本科批,,33965,440,0,上海,综合,,,嘉兴南湖学院
,major_line_2023,机械类,机械设计制造及其自动化,,,444,2023,本科批,,34170,439,0,上海,综合,,,嘉兴南湖学院
,major_line_2023,机械类,智能制造工程,,,440,2023,本科批,,34170,439,0,上海,综合,,,嘉兴南湖学院
,major_line_2023,计算机类,网络工程,,,439,2023,本科批,,34170,439,0,上海,综合,,,嘉兴南湖学院
,major_line_2023,自动化类,自动化,,,439,2023,本科批,,34170,439,0,上海,综合,,,嘉兴南湖学院
,major_line_2023,电气类,电气工程及其自动化,,,438,2023,本科批,,34431,438,0,上海,综合,,,嘉兴南湖学院
,major_line_2023,机械类,工业设计,,,438,2023,本科批,,34625,437,0,上海,综合,,,嘉兴南湖学院
,major_line_2023,管理科学与工程类,大数据管理与应用,,,437,2023,本科批,,34625,437,0,上海,综合,,,嘉兴南湖学院
,major_line_2023,生物工程类,生物工程,,,453,2023,本科批,,32460,447,0,上海,综合,,,嘉兴南湖学院
,major_line_2023,化工与制药类,化学工程与工艺,,,450,2023,本科批,,32460,447,0,上海,综合,,,嘉兴南湖学院
,major_line_2023,环境科学与工程类,环境工程,,,447,2023,本科批,,32460,447,0,上海,综合,,,嘉兴南湖学院
,major_line_2023,金融学类,金融学,,,450,2023,本科批,,32460,447,0,上海,综合,,,嘉兴南湖学院
,major_line_2023,工商管理类,财务管理,,,450,2023,本科批,,32460,447,0,上海,综合,,,嘉兴南湖学院
,major_line_2023,电子商务类,跨境电子商务,,,447,2023,本科批,,32460,447,0,上海,综合,,,嘉兴南湖学院
,major_line_2023,外国语言文学类,日语,,,447,2023,本科批,,32676,446,0,上海,综合,,,嘉兴南湖学院
,major_line_2023,纺织类,服装设计与工程,,,443,2023,本科批,,33564,442,0,上海,综合,,,嘉兴南湖学院
,major_line_2023,轻工类,轻化工程,,,442,2023,本科批,,33766,441,0,上海,综合,,,嘉兴南湖学院
,major_line_2023,纺织类,纺织工程,,,443,2023,本科批,,33965,440,0,上海,综合,,,嘉兴南湖学院
,major_line_2023,电子信息类,电子信息工程,,,441,2023,本科批,,33766,441,0,上海,综合,,,嘉兴南湖学院
,major_line_2023,计算机类,计算机科学与技术,,,440,2023,本科批,,33965,440,0,上海,综合,,,嘉兴南湖学院
,major_line_2023,机械类,机械设计制造及其自动化,,,444,2023,本科批,,34170,439,0,上海,综合,,,嘉兴南湖学院
,major_line_2023,机械类,智能制造工程,,,440,2023,本科批,,34170,439,0,上海,综合,,,嘉兴南湖学院
,major_line_2023,计算机类,网络工程,,,439,2023,本科批,,34170,439,0,上海,综合,,,嘉兴南湖学院
,major_line_2023,自动化类,自动化,,,439,2023,本科批,,34170,439,0,上海,综合,,,嘉兴南湖学院
,major_line_2023,电气类,电气工程及其自动化,,,438,2023,本科批,,34431,438,0,上海,综合,,,嘉兴南湖学院
,major_line_2023,机械类,工业设计,,,438,2023,本科批,,34625,437,0,上海,综合,,,嘉兴南湖学院
,major_line_2023,管理科学与工程类,大数据管理与应用,,,437,2023,本科批,,34625,437,0,上海,综合,,,嘉兴南湖学院
,major_line_2023,计算机类,信息安全与管理,,,408,2023,本科批,,40512,407,0,上海,综合,,,兰州资源环境职业技术大学
,major_line_2023,计算机类,信息安全与管理,,,408,2023,本科批,,40512,407,0,上海,综合,,,兰州资源环境职业技术大学
,major_line_2023,医学技术类,口腔医学技术,,,460,2023,本科批,,30385,456,464,上海,综合,,,南昌医学院
,major_line_2023,医学技术类,康复治疗学,,,458,2023,本科批,,30852,454,465,上海,综合,,,南昌医学院
,major_line_2023,中医学类,中医学,,,476,2023,本科批,,27818,467,483,上海,综合,,,南昌医学院
,major_line_2023,中医学类,针灸推拿学,,,475,2023,本科批,,28075,466,485,上海,综合,,,南昌医学院
,major_line_2023,中西医结合类,中西医临床医学,,,469,2023,本科批,,28075,466,477,上海,综合,,,南昌医学院
,major_line_2023,医学技术类,医学影像技术,,,478,2023,本科批,,27818,467,494,上海,综合,,,南昌医学院
,major_line_2023,医学技术类,医学检验技术,,,475,2023,本科批,,27818,467,498,上海,综合,,,南昌医学院
,major_line_2023,护理学类,护理学,,,456,2023,本科批,,32023,449,462,上海,综合,,,南昌医学院
,major_line_2023,护理学类,助产学,,,444,2023,本科批,,33564,442,446,上海,综合,,,南昌医学院
,major_line_2023,金融学类,保险学,,,438,2023,本科批,,35697,432,444,上海,综合,,,南昌医学院
,major_line_2023,公共管理类,公共事业管理,,,431,2023,本科批,,36503,428,434,上海,综合,,,南昌医学院
,major_line_2023,工商管理类,市场营销,,,429,2023,本科批,,36712,427,430,上海,综合,,,南昌医学院
,major_line_2023,临床医学类,临床医学,,,445,2023,本科批,,34625,437,449,上海,综合,,,南昌医学院
,major_line_2023,公共卫生与预防医学类,预防医学,,,435,2023,本科批,,35051,435,435,上海,综合,,,南昌医学院
,major_line_2023,药学类,药学,,,453,2023,本科批,,32676,446,459,上海,综合,,,南昌医学院
,major_line_2023,中药学类,中药学,,,446,2023,本科批,,33766,441,462,上海,综合,,,南昌医学院
,major_line_2023,医学技术类,医学影像技术,,,478,2023,本科批,,27818,467,494,上海,综合,,,南昌医学院
,major_line_2023,中医学类,中医学,,,476,2023,本科批,,27818,467,483,上海,综合,,,南昌医学院
,major_line_2023,医学技术类,医学检验技术,,,475,2023,本科批,,27818,467,498,上海,综合,,,南昌医学院
,major_line_2023,中医学类,针灸推拿学,,,475,2023,本科批,,28075,466,485,上海,综合,,,南昌医学院
,major_line_2023,中西医结合类,中西医临床医学,,,469,2023,本科批,,28075,466,477,上海,综合,,,南昌医学院
,major_line_2023,医学技术类,口腔医学技术,,,460,2023,本科批,,30385,456,464,上海,综合,,,南昌医学院
,major_line_2023,医学技术类,康复治疗学,,,458,2023,本科批,,30852,454,465,上海,综合,,,南昌医学院
,major_line_2023,护理学类,护理学,,,456,2023,本科批,,32023,449,462,上海,综合,,,南昌医学院
,major_line_2023,药学类,药学,,,453,2023,本科批,,32676,446,459,上海,综合,,,南昌医学院
,major_line_2023,护理学类,助产学,,,444,2023,本科批,,33564,442,446,上海,综合,,,南昌医学院
,major_line_2023,中药学类,中药学,,,446,2023,本科批,,33766,441,462,上海,综合,,,南昌医学院
,major_line_2023,临床医学类,临床医学,,,445,2023,本科批,,34625,437,449,上海,综合,,,南昌医学院
,major_line_2023,公共卫生与预防医学类,预防医学,,,435,2023,本科批,,35051,435,435,上海,综合,,,南昌医学院
,major_line_2023,金融学类,保险学,,,438,2023,本科批,,35697,432,444,上海,综合,,,南昌医学院
,major_line_2023,公共管理类,公共事业管理,,,431,2023,本科批,,36503,428,434,上海,综合,,,南昌医学院
,major_line_2023,工商管理类,市场营销,,,429,2023,本科批,,36712,427,430,上海,综合,,,南昌医学院
,major_line_2023,工商管理类,财务管理,,,419,2023,本科批,,38666,417,0,上海,综合,,,新疆科技学院
,major_line_2023,工商管理类,会计学,,,418,2023,本科批,,39977,410,0,上海,综合,,,新疆科技学院
,major_line_2023,金融学类,金融学,,,422,2023,本科批,,40174,409,0,上海,综合,,,新疆科技学院
,major_line_2023,工商管理类,财务管理,,,419,2023,本科批,,38666,417,0,上海,综合,,,新疆科技学院
,major_line_2023,工商管理类,会计学,,,418,2023,本科批,,39977,410,0,上海,综合,,,新疆科技学院
,major_line_2023,金融学类,金融学,,,422,2023,本科批,,40174,409,0,上海,综合,,,新疆科技学院
,major_line_2023,法学类,法学,,,439,2023,本科批,,35051,435,0,上海,综合,,,云南警官学院
,major_line_2023,法学类,法学,,,439,2023,本科批,,35051,435,0,上海,综合,,,云南警官学院
,major_line_2023,能源动力类,新能源科学与工程,,,410,2023,本科批,,40349,408,0,上海,综合,,,三亚学院
,major_line_2023,计算机类,虚拟现实技术,,,409,2023,本科批,,41160,403,0,上海,综合,,,三亚学院
,major_line_2023,计算机类,数据科学与大数据技术,,,407,2023,本科批,,41517,401,0,上海,综合,,,三亚学院
,major_line_2023,马克思主义理论类,思想政治教育,,,402,2023,本科批,,41682,400,0,上海,综合,,,三亚学院
,major_line_2023,社会学类,社会学,,,410,2023,本科批,,39977,410,0,上海,综合,,,三亚学院
,major_line_2023,能源动力类,新能源科学与工程,,,410,2023,本科批,,40349,408,0,上海,综合,,,三亚学院
,major_line_2023,计算机类,虚拟现实技术,,,409,2023,本科批,,41160,403,0,上海,综合,,,三亚学院
,major_line_2023,计算机类,数据科学与大数据技术,,,407,2023,本科批,,41517,401,0,上海,综合,,,三亚学院
,major_line_2023,旅游管理类,旅游管理（智慧旅游大数据方向）,,,401,2023,本科批,,41517,401,0,上海,综合,,,三亚学院
,major_line_2023,马克思主义理论类,思想政治教育,,,402,2023,本科批,,41682,400,0,上海,综合,,,三亚学院
,major_line_2023,旅游管理类,会展经济与管理,,,399,2023,本科批,,41846,399,0,上海,综合,,,三亚学院
,major_line_2023,金融学类,投资学,,,398,2023,本科批,,42365,396,0,上海,综合,,,三亚学院
,major_line_2023,金融学类,投资学,,,398,2023,本科批,,42365,396,0,上海,综合,,,三亚学院
,major_line_2023,社会学类,社会学,,,410,2023,本科批,,39977,410,0,上海,综合,,,三亚学院
,major_line_2023,旅游管理类,旅游管理（智慧旅游大数据方向）,,,401,2023,本科批,,41517,401,0,上海,综合,,,三亚学院
,major_line_2023,旅游管理类,会展经济与管理,,,399,2023,本科批,,41846,399,0,上海,综合,,,三亚学院
,major_line_2023,电子信息类,电子信息类（含电子科学与技术、通信工程专业）,,,566,2023,本科批,,4750,565,0,上海,综合,,,山东大学（威海）
,major_line_2023,自动化类,自动化类（含自动化、机器人工程专业）,,,563,2023,本科批,,5080,563,0,上海,综合,,,山东大学（威海）
,major_line_2023,经济学类,经济学类（含金融学）（证券、银行方向、金融学）（保险方向、国际经济与贸易专业）,,,556,2023,本科批,,7242,552,0,上海,综合,,,山东大学（威海）
,major_line_2023,工商管理类,工商管理类（含工商管理）（数字化运营管理方向、工商管理）（数字营销方向、工商管理）（商务智能方向、工商管理）（旅游与大数据方向、工商管理）（组织与人力资本管理方向、会计学、供应链管理专业）,,,551,2023,本科批,,7651,550,0,上海,综合,,,山东大学（威海）
,major_line_2023,电子信息类,电子信息类（含电子科学与技术、通信工程专业）,,,566,2023,本科批,,4750,565,0,上海,综合,,,山东大学（威海）
,major_line_2023,自动化类,自动化类（含自动化、机器人工程专业）,,,563,2023,本科批,,5080,563,0,上海,综合,,,山东大学（威海）
,major_line_2023,经济学类,经济学类（含金融学）（证券、银行方向、金融学）（保险方向、国际经济与贸易专业）,,,556,2023,本科批,,7242,552,0,上海,综合,,,山东大学（威海）
,major_line_2023,工商管理类,工商管理类（含工商管理）（数字化运营管理方向、工商管理）（数字营销方向、工商管理）（商务智能方向、工商管理）（旅游与大数据方向、工商管理）（组织与人力资本管理方向、会计学、供应链管理专业）,,,551,2023,本科批,,7651,550,0,上海,综合,,,山东大学（威海）
,major_line_2023,航空运输类,通用航空航务技术,,,176,2023,专科批,,4851,176,0,上海,综合,,,日照职业技术学院
,major_line_2023,电子商务类,电子商务,,,157,2023,专科批,,5340,157,0,上海,综合,,,日照职业技术学院
,major_line_2023,计算机类,软件技术,,,176,2023,专科批,,5480,150,0,上海,综合,,,日照职业技术学院
,major_line_2023,航空运输类,通用航空航务技术,,,176,2023,专科批,,4851,176,0,上海,综合,,,日照职业技术学院
,major_line_2023,电子商务类,电子商务,,,157,2023,专科批,,5340,157,0,上海,综合,,,日照职业技术学院
,major_line_2023,计算机类,软件技术,,,176,2023,专科批,,5480,150,0,上海,综合,,,日照职业技术学院
,major_line_2023,环境科学与工程类,环境科学与工程,,,428,2023,本科批,,37331,424,0,上海,综合,,,厦门大学嘉庚学院
,major_line_2023,电气类,电气工程及其自动化,,,435,2023,本科批,,35051,435,0,上海,综合,,,厦门大学嘉庚学院
,major_line_2023,计算机类,物联网工程,,,430,2023,本科批,,36113,430,0,上海,综合,,,厦门大学嘉庚学院
,major_line_2023,中国语言文学类,汉语言文学,,,431,2023,本科批,,36113,430,0,上海,综合,,,厦门大学嘉庚学院
,major_line_2023,法学类,法学,,,431,2023,本科批,,36113,430,0,上海,综合,,,厦门大学嘉庚学院
,major_line_2023,新闻传播学类,广告学,,,429,2023,本科批,,37531,423,0,上海,综合,,,厦门大学嘉庚学院
,major_line_2023,外国语言文学类,英语（语种:英语）,,,422,2023,本科批,,37931,421,0,上海,综合,,,厦门大学嘉庚学院
,major_line_2023,外国语言文学类,日语,,,421,2023,本科批,,38092,420,0,上海,综合,,,厦门大学嘉庚学院
,major_line_2023,工商管理类,会计学,,,419,2023,本科批,,38271,419,0,上海,综合,,,厦门大学嘉庚学院
,major_line_2023,工商管理类,财务管理,,,426,2023,本科批,,38467,418,0,上海,综合,,,厦门大学嘉庚学院
,major_line_2023,财政学类,税收学,,,422,2023,本科批,,38666,417,0,上海,综合,,,厦门大学嘉庚学院
,major_line_2023,新闻传播学类,广播电视学,,,425,2023,本科批,,38855,416,0,上海,综合,,,厦门大学嘉庚学院
,major_line_2023,公共管理类,行政管理,,,422,2023,本科批,,38855,416,0,上海,综合,,,厦门大学嘉庚学院
,major_line_2023,金融学类,金融学,,,425,2023,本科批,,39040,415,0,上海,综合,,,厦门大学嘉庚学院
,major_line_2023,工商管理类,国际商务,,,416,2023,本科批,,39040,415,0,上海,综合,,,厦门大学嘉庚学院
,major_line_2023,工商管理类,工商管理,,,415,2023,本科批,,39247,414,0,上海,综合,,,厦门大学嘉庚学院
,major_line_2023,物流管理与工程类,物流管理,,,414,2023,本科批,,39247,414,0,上海,综合,,,厦门大学嘉庚学院
,major_line_2023,电子商务类,电子商务,,,418,2023,本科批,,39440,413,0,上海,综合,,,厦门大学嘉庚学院
,major_line_2023,工商管理类,市场营销,,,415,2023,本科批,,39440,413,0,上海,综合,,,厦门大学嘉庚学院
,major_line_2023,财政学类,财政学,,,414,2023,本科批,,39440,413,0,上海,综合,,,厦门大学嘉庚学院
,major_line_2023,工商管理类,文化产业管理,,,419,2023,本科批,,39601,412,0,上海,综合,,,厦门大学嘉庚学院
,major_line_2023,新闻传播学类,新闻学,,,418,2023,本科批,,39601,412,0,上海,综合,,,厦门大学嘉庚学院
,major_line_2023,经济与贸易类,国际经济与贸易,,,415,2023,本科批,,39601,412,0,上海,综合,,,厦门大学嘉庚学院
,major_line_2023,旅游管理类,旅游管理,,,412,2023,本科批,,39601,412,0,上海,综合,,,厦门大学嘉庚学院
,major_line_2023,电气类,电气工程及其自动化,,,435,2023,本科批,,35051,435,0,上海,综合,,,厦门大学嘉庚学院
,major_line_2023,中国语言文学类,汉语言文学,,,431,2023,本科批,,36113,430,0,上海,综合,,,厦门大学嘉庚学院
,major_line_2023,法学类,法学,,,431,2023,本科批,,36113,430,0,上海,综合,,,厦门大学嘉庚学院
,major_line_2023,计算机类,物联网工程,,,430,2023,本科批,,36113,430,0,上海,综合,,,厦门大学嘉庚学院
,major_line_2023,建筑类,建筑学,,,431,2023,本科批,,37331,424,0,上海,综合,,,厦门大学嘉庚学院
,major_line_2023,环境科学与工程类,环境科学与工程,,,428,2023,本科批,,37331,424,0,上海,综合,,,厦门大学嘉庚学院
,major_line_2023,新闻传播学类,广告学,,,429,2023,本科批,,37531,423,0,上海,综合,,,厦门大学嘉庚学院
,major_line_2023,外国语言文学类,英语（语种:英语）,,,422,2023,本科批,,37931,421,0,上海,综合,,,厦门大学嘉庚学院
,major_line_2023,外国语言文学类,日语,,,421,2023,本科批,,38092,420,0,上海,综合,,,厦门大学嘉庚学院
,major_line_2023,工商管理类,会计学,,,419,2023,本科批,,38271,419,0,上海,综合,,,厦门大学嘉庚学院
,major_line_2023,工商管理类,财务管理,,,426,2023,本科批,,38467,418,0,上海,综合,,,厦门大学嘉庚学院
,major_line_2023,财政学类,税收学,,,422,2023,本科批,,38666,417,0,上海,综合,,,厦门大学嘉庚学院
,major_line_2023,新闻传播学类,广播电视学,,,425,2023,本科批,,38855,416,0,上海,综合,,,厦门大学嘉庚学院
,major_line_2023,公共管理类,行政管理,,,422,2023,本科批,,38855,416,0,上海,综合,,,厦门大学嘉庚学院
,major_line_2023,金融学类,金融学,,,425,2023,本科批,,39040,415,0,上海,综合,,,厦门大学嘉庚学院
,major_line_2023,工商管理类,国际商务,,,416,2023,本科批,,39040,415,0,上海,综合,,,厦门大学嘉庚学院
,major_line_2023,工商管理类,工商管理,,,415,2023,本科批,,39247,414,0,上海,综合,,,厦门大学嘉庚学院
,major_line_2023,物流管理与工程类,物流管理,,,414,2023,本科批,,39247,414,0,上海,综合,,,厦门大学嘉庚学院
,major_line_2023,电子商务类,电子商务,,,418,2023,本科批,,39440,413,0,上海,综合,,,厦门大学嘉庚学院
,major_line_2023,工商管理类,市场营销,,,415,2023,本科批,,39440,413,0,上海,综合,,,厦门大学嘉庚学院
,major_line_2023,财政学类,财政学,,,414,2023,本科批,,39440,413,0,上海,综合,,,厦门大学嘉庚学院
,major_line_2023,工商管理类,文化产业管理,,,419,2023,本科批,,39601,412,0,上海,综合,,,厦门大学嘉庚学院
,major_line_2023,新闻传播学类,新闻学,,,418,2023,本科批,,39601,412,0,上海,综合,,,厦门大学嘉庚学院
,major_line_2023,经济与贸易类,国际经济与贸易,,,415,2023,本科批,,39601,412,0,上海,综合,,,厦门大学嘉庚学院
,major_line_2023,旅游管理类,旅游管理,,,412,2023,本科批,,39601,412,0,上海,综合,,,厦门大学嘉庚学院
,major_line_2023,建筑类,建筑学,,,431,2023,本科批,,37331,424,0,上海,综合,,,厦门大学嘉庚学院
,major_line_2023,计算机类,计算机科学与技术,,,559,2023,本科批,,5843,559,0,上海,综合,,,东北大学秦皇岛分校
,major_line_2023,计算机类,物联网工程,,,554,2023,本科批,,6846,554,0,上海,综合,,,东北大学秦皇岛分校
,major_line_2023,电子信息类,电子信息工程,,,552,2023,本科批,,7242,552,0,上海,综合,,,东北大学秦皇岛分校
,major_line_2023,电子信息类,通信工程,,,547,2023,本科批,,8255,547,0,上海,综合,,,东北大学秦皇岛分校
,major_line_2023,自动化类,自动化类（含电气工程及其自动化、自动化专业）,,,547,2023,本科批,,8255,547,0,上海,综合,,,东北大学秦皇岛分校
,major_line_2023,数学类,数学类（含数学与应用数学、应用统计学、数据科学与大数据技术专业）,,,546,2023,本科批,,8464,546,0,上海,综合,,,东北大学秦皇岛分校
,major_line_2023,机械类,机械类（含机械工程、车辆工程专业）,,,545,2023,本科批,,8712,545,0,上海,综合,,,东北大学秦皇岛分校
,major_line_2023,仪器类,仪器类（光电信息科学与工程专业）,,,545,2023,本科批,,8712,545,0,上海,综合,,,东北大学秦皇岛分校
,major_line_2023,材料类,材料类（含材料成型及控制工程、材料科学与工程、冶金工程、资源勘查工程、环境工程专业）,,,544,2023,本科批,,8940,544,0,上海,综合,,,东北大学秦皇岛分校
,major_line_2023,经济学类,经济学类（含经济学、金融学、国际经济与贸易专业）,,,536,2023,本科批,,11276,534,0,上海,综合,,,东北大学秦皇岛分校
,major_line_2023,工商管理类,工商管理类（含信息管理与信息系统、工商管理、会计学、健康服务与管理、电子商务专业）,,,534,2023,本科批,,11977,531,0,上海,综合,,,东北大学秦皇岛分校
,major_line_2023,外国语言文学类,外国语言文学类（含英语、日语专业）（外语语种为英语、日语）,,,530,2023,本科批,,12194,530,0,上海,综合,,,东北大学秦皇岛分校
,major_line_2023,计算机类,计算机科学与技术,,,559,2023,本科批,,5843,559,0,上海,综合,,,东北大学秦皇岛分校
,major_line_2023,计算机类,物联网工程,,,554,2023,本科批,,6846,554,0,上海,综合,,,东北大学秦皇岛分校
,major_line_2023,电子信息类,电子信息工程,,,552,2023,本科批,,7242,552,0,上海,综合,,,东北大学秦皇岛分校
,major_line_2023,计算机类,计算机科学与技术（中外合作办学）（合作院校为澳大利亚悉尼科技大学）（中外合作办学）,,,550,2023,本科批,,7651,550,0,上海,综合,,,东北大学秦皇岛分校
,major_line_2023,电子信息类,通信工程（中外合作办学）（合作院校为澳大利亚悉尼科技大学）（中外合作办学）,,,548,2023,本科批,,8061,548,0,上海,综合,,,东北大学秦皇岛分校
,major_line_2023,电子信息类,通信工程,,,547,2023,本科批,,8255,547,0,上海,综合,,,东北大学秦皇岛分校
,major_line_2023,自动化类,自动化类（含电气工程及其自动化、自动化专业）,,,547,2023,本科批,,8255,547,0,上海,综合,,,东北大学秦皇岛分校
,major_line_2023,数学类,数学类（含数学与应用数学、应用统计学、数据科学与大数据技术专业）,,,546,2023,本科批,,8464,546,0,上海,综合,,,东北大学秦皇岛分校
,major_line_2023,数学类,数学与应用数学（中外合作办学）（合作院校为新西兰奥克兰大学，“3+1”中新双学位培养模式）（中外合作办学）,,,548,2023,本科批,,8712,545,0,上海,综合,,,东北大学秦皇岛分校
,major_line_2023,机械类,机械类（含机械工程、车辆工程专业）,,,545,2023,本科批,,8712,545,0,上海,综合,,,东北大学秦皇岛分校
,major_line_2023,仪器类,仪器类（光电信息科学与工程专业）,,,545,2023,本科批,,8712,545,0,上海,综合,,,东北大学秦皇岛分校
,major_line_2023,材料类,材料类（含材料成型及控制工程、材料科学与工程、冶金工程、资源勘查工程、环境工程专业）,,,544,2023,本科批,,8940,544,0,上海,综合,,,东北大学秦皇岛分校
,major_line_2023,经济学类,经济学类（含经济学、金融学、国际经济与贸易专业）,,,536,2023,本科批,,11276,534,0,上海,综合,,,东北大学秦皇岛分校
,major_line_2023,工商管理类,工商管理类（含信息管理与信息系统、工商管理、会计学、健康服务与管理、电子商务专业）,,,534,2023,本科批,,11977,531,0,上海,综合,,,东北大学秦皇岛分校
,major_line_2023,外国语言文学类,外国语言文学类（含英语、日语专业）（外语语种为英语、日语）,,,530,2023,本科批,,12194,530,0,上海,综合,,,东北大学秦皇岛分校
,major_line_2023,计算机类,计算机科学与技术（中外合作办学）（合作院校为澳大利亚悉尼科技大学）（中外合作办学）,,,550,2023,本科批,,7651,550,0,上海,综合,,,东北大学秦皇岛分校
,major_line_2023,电子信息类,通信工程（中外合作办学）（合作院校为澳大利亚悉尼科技大学）（中外合作办学）,,,548,2023,本科批,,8061,548,0,上海,综合,,,东北大学秦皇岛分校
,major_line_2023,数学类,数学与应用数学（中外合作办学）（合作院校为新西兰奥克兰大学，“3+1”中新双学位培养模式）（中外合作办学）,,,548,2023,本科批,,8712,545,0,上海,综合,,,东北大学秦皇岛分校
,major_line_2023,计算机类,智能科学与技术,,,424,2023,本科批,,37331,424,0,上海,综合,,,珠海科技学院
,major_line_2023,机械类,车辆工程,,,416,2023,本科批,,39040,415,0,上海,综合,,,珠海科技学院
,major_line_2023,自动化类,机器人工程,,,414,2023,本科批,,39440,413,0,上海,综合,,,珠海科技学院
,major_line_2023,外国语言文学类,商务英语,,,409,2023,本科批,,40174,409,0,上海,综合,,,珠海科技学院
,major_line_2023,工商管理类,会计学,,,408,2023,本科批,,40512,407,0,上海,综合,,,珠海科技学院
,major_line_2023,中国语言文学类,汉语言文学,,,409,2023,本科批,,40671,406,0,上海,综合,,,珠海科技学院
,major_line_2023,计算机类,智能科学与技术,,,424,2023,本科批,,37331,424,0,上海,综合,,,珠海科技学院
,major_line_2023,机械类,车辆工程,,,416,2023,本科批,,39040,415,0,上海,综合,,,珠海科技学院
,major_line_2023,自动化类,机器人工程,,,414,2023,本科批,,39440,413,0,上海,综合,,,珠海科技学院
,major_line_2023,外国语言文学类,商务英语,,,409,2023,本科批,,40174,409,0,上海,综合,,,珠海科技学院
,major_line_2023,工商管理类,会计学,,,408,2023,本科批,,40512,407,0,上海,综合,,,珠海科技学院
,major_line_2023,中国语言文学类,汉语言文学,,,409,2023,本科批,,40671,406,0,上海,综合,,,珠海科技学院
,major_line_2023,电气类,电气工程及其自动化,,,543,2023,本科批,,9418,542,0,上海,综合,,,华北电力大学保定校区
,major_line_2023,计算机类,计算机类（智能方向。含人工智能、智能科学与技术专业）,,,541,2023,本科批,,9655,541,0,上海,综合,,,华北电力大学保定校区
,major_line_2023,计算机类,计算机类（计算机方向。含计算机科学与技术、软件工程、信息安全、网络空间安全专业）,,,541,2023,本科批,,9655,541,0,上海,综合,,,华北电力大学保定校区
,major_line_2023,电子信息类,电子信息类（含电子信息科学与技术、通信工程、集成电路设计与集成系统专业）,,,541,2023,本科批,,9655,541,0,上海,综合,,,华北电力大学保定校区
,major_line_2023,自动化类,自动化类,,,541,2023,本科批,,9655,541,0,上海,综合,,,华北电力大学保定校区
,major_line_2023,仪器类,测控技术与仪器,,,540,2023,本科批,,9864,540,0,上海,综合,,,华北电力大学保定校区
,major_line_2023,管理科学与工程类,管理科学与工程类（含信息管理与信息系统、工程造价专业）,,,540,2023,本科批,,9864,540,0,上海,综合,,,华北电力大学保定校区
,major_line_2023,能源动力类,能源与动力工程,,,539,2023,本科批,,10105,539,0,上海,综合,,,华北电力大学保定校区
,major_line_2023,电气类,电气工程及其自动化,,,543,2023,本科批,,9418,542,0,上海,综合,,,华北电力大学保定校区
,major_line_2023,计算机类,计算机类（智能方向。含人工智能、智能科学与技术专业）,,,541,2023,本科批,,9655,541,0,上海,综合,,,华北电力大学保定校区
,major_line_2023,计算机类,计算机类（计算机方向。含计算机科学与技术、软件工程、信息安全、网络空间安全专业）,,,541,2023,本科批,,9655,541,0,上海,综合,,,华北电力大学保定校区
,major_line_2023,电子信息类,电子信息类（含电子信息科学与技术、通信工程、集成电路设计与集成系统专业）,,,541,2023,本科批,,9655,541,0,上海,综合,,,华北电力大学保定校区
,major_line_2023,自动化类,自动化类,,,541,2023,本科批,,9655,541,0,上海,综合,,,华北电力大学保定校区
,major_line_2023,仪器类,测控技术与仪器,,,540,2023,本科批,,9864,540,0,上海,综合,,,华北电力大学保定校区
,major_line_2023,管理科学与工程类,管理科学与工程类（含信息管理与信息系统、工程造价专业）,,,540,2023,本科批,,9864,540,0,上海,综合,,,华北电力大学保定校区
,major_line_2023,能源动力类,能源与动力工程,,,539,2023,本科批,,10105,539,0,上海,综合,,,华北电力大学保定校区
,major_line_2023,临床医学类,临床医学（八年制）,,,574,2023,本科批,,3741,571,0,上海,综合,,,海军军医大学
,major_line_2023,临床医学类,麻醉学,,,561,2023,本科批,,5664,560,0,上海,综合,,,海军军医大学
,major_line_2023,中医学类,中医学,,,560,2023,本科批,,5664,560,0,上海,综合,,,海军军医大学
,major_line_2023,临床医学类,临床医学（五年制）,,,558,2023,本科批,,6846,554,0,上海,综合,,,海军军医大学
,major_line_2023,药学类,药学,,,552,2023,本科批,,7444,551,0,上海,综合,,,海军军医大学
,major_line_2023,生物科学类,生物技术,,,549,2023,本科批,,7855,549,0,上海,综合,,,海军军医大学
,major_line_2023,护理学类,护理学,,,536,2023,本科批,,10808,536,0,上海,综合,,,海军军医大学
,major_line_2023,护理学类,护理学,,,536,2023,本科批,,10808,536,0,上海,综合,,,海军军医大学
,major_line_2023,药学类,药学,,,552,2023,本科批,,7444,551,0,上海,综合,,,海军军医大学
,major_line_2023,生物科学类,生物技术,,,549,2023,本科批,,7855,549,0,上海,综合,,,海军军医大学
,major_line_2023,临床医学类,临床医学（八年制）,,,574,2023,本科批,,3741,571,0,上海,综合,,,海军军医大学
,major_line_2023,临床医学类,麻醉学,,,561,2023,本科批,,5664,560,0,上海,综合,,,海军军医大学
,major_line_2023,中医学类,中医学,,,560,2023,本科批,,5664,560,0,上海,综合,,,海军军医大学
,major_line_2023,临床医学类,临床医学（五年制）,,,558,2023,本科批,,6846,554,0,上海,综合,,,海军军医大学
,major_line_2023,工商管理类,"会计学（办学点:前三年在德阳校区,第四年在成都校区）",,,414,2023,本科批,,40830,405,0,上海,综合,,,西南财经大学天府学院
,major_line_2023,工商管理类,"会计学（办学点:前三年在德阳校区,第四年在成都校区）",,,414,2023,本科批,,40830,405,0,上海,综合,,,西南财经大学天府学院
,major_line_2023,医学技术类,康复治疗学,,,424,2023,本科批,,37730,422,0,上海,综合,,,西安培华学院
,major_line_2023,工商管理类,会计学,,,414,2023,本科批,,39247,414,0,上海,综合,,,西安培华学院
,major_line_2023,计算机类,计算机科学与技术,,,413,2023,本科批,,39440,413,0,上海,综合,,,西安培华学院
,major_line_2023,建筑类,建筑学,,,411,2023,本科批,,39779,411,0,上海,综合,,,西安培华学院
,major_line_2023,外国语言文学类,日语,,,409,2023,本科批,,40174,409,0,上海,综合,,,西安培华学院
,major_line_2023,新闻传播学类,网络与新媒体,,,409,2023,本科批,,41160,403,0,上海,综合,,,西安培华学院
,major_line_2023,工商管理类,市场营销,,,409,2023,本科批,,41160,403,0,上海,综合,,,西安培华学院
,major_line_2023,中国语言文学类,汉语言文学,,,402,2023,本科批,,41517,401,0,上海,综合,,,西安培华学院
,major_line_2023,外国语言文学类,英语,,,400,2023,本科批,,41682,400,0,上海,综合,,,西安培华学院
,major_line_2023,建筑类,建筑学,,,411,2023,本科批,,39779,411,0,上海,综合,,,西安培华学院
,major_line_2023,工商管理类,会计学,,,414,2023,本科批,,39247,414,0,上海,综合,,,西安培华学院
,major_line_2023,外国语言文学类,英语,,,400,2023,本科批,,41682,400,0,上海,综合,,,西安培华学院
,major_line_2023,外国语言文学类,日语,,,409,2023,本科批,,40174,409,0,上海,综合,,,西安培华学院
,major_line_2023,新闻传播学类,网络与新媒体,,,409,2023,本科批,,41160,403,0,上海,综合,,,西安培华学院
,major_line_2023,工商管理类,市场营销,,,409,2023,本科批,,41160,403,0,上海,综合,,,西安培华学院
,major_line_2023,中国语言文学类,汉语言文学,,,402,2023,本科批,,41517,401,0,上海,综合,,,西安培华学院
,major_line_2023,医学技术类,康复治疗学,,,424,2023,本科批,,37730,422,0,上海,综合,,,西安培华学院
,major_line_2023,计算机类,计算机科学与技术,,,413,2023,本科批,,39440,413,0,上海,综合,,,西安培华学院
,major_line_2023,金融学类,金融学类（含金融学、金融科技专业）（顺义校区）,,,429,2023,本科批,,36303,429,0,上海,综合,,,北京城市学院
,major_line_2023,历史学类,文物与博物馆学,,,426,2023,本科批,,36906,426,0,上海,综合,,,北京城市学院
,major_line_2023,新闻传播学类,传播学（国际课程班。双学士学位+直通英国知名院校硕士，核心课中英双语/全英文与合作院校联合授课，雅思专项教学，设优秀生留学奖学金）（航天城校区）,,,423,2023,本科批,,37531,423,0,上海,综合,,,北京城市学院
,major_line_2023,工商管理类,会计学（国际课程班。双学士学位+直通英国知名院校硕士，核心课中英双语/全英文与合作院校联合授课，雅思专项教学，设优秀生留学奖学金）（航天城校区）,,,416,2023,本科批,,38855,416,0,上海,综合,,,北京城市学院
,major_line_2023,外国语言文学类,外国语言文学类（含翻译、英语、德语、法语、西班牙语专业）（航天城校区）,,,460,2023,本科批,,39440,413,0,上海,综合,,,北京城市学院
,major_line_2023,建筑类,城乡规划,,,412,2023,本科批,,39601,412,0,上海,综合,,,北京城市学院
,major_line_2023,工商管理类,文化产业管理（顺义校区）,,,412,2023,本科批,,39601,412,0,上海,综合,,,北京城市学院
,major_line_2023,电子商务类,跨境电子商务（顺义校区）,,,411,2023,本科批,,39779,411,0,上海,综合,,,北京城市学院
,major_line_2023,建筑类,风景园林,,,410,2023,本科批,,39977,410,0,上海,综合,,,北京城市学院
,major_line_2023,工商管理类,工商管理类（顺义校区）,,,407,2023,本科批,,40512,407,0,上海,综合,,,北京城市学院
,major_line_2023,旅游管理类,会展经济与管理（顺义校区）,,,406,2023,本科批,,40671,406,0,上海,综合,,,北京城市学院
,major_line_2023,金融学类,金融学类（含金融学、金融科技专业）（顺义校区）,,,429,2023,本科批,,36303,429,0,上海,综合,,,北京城市学院
,major_line_2023,新闻传播学类,传播学（国际课程班。双学士学位+直通英国知名院校硕士，核心课中英双语/全英文与合作院校联合授课，雅思专项教学，设优秀生留学奖学金）（航天城校区）,,,423,2023,本科批,,37531,423,0,上海,综合,,,北京城市学院
,major_line_2023,工商管理类,会计学（国际课程班。双学士学位+直通英国知名院校硕士，核心课中英双语/全英文与合作院校联合授课，雅思专项教学，设优秀生留学奖学金）（航天城校区）,,,416,2023,本科批,,38855,416,0,上海,综合,,,北京城市学院
,major_line_2023,外国语言文学类,外国语言文学类（含翻译、英语、德语、法语、西班牙语专业）（航天城校区）,,,460,2023,本科批,,39440,413,0,上海,综合,,,北京城市学院
,major_line_2023,工商管理类,文化产业管理（顺义校区）,,,412,2023,本科批,,39601,412,0,上海,综合,,,北京城市学院
,major_line_2023,电子商务类,跨境电子商务（顺义校区）,,,411,2023,本科批,,39779,411,0,上海,综合,,,北京城市学院
,major_line_2023,工商管理类,工商管理类（顺义校区）,,,407,2023,本科批,,40512,407,0,上海,综合,,,北京城市学院
,major_line_2023,旅游管理类,会展经济与管理（顺义校区）,,,406,2023,本科批,,40671,406,0,上海,综合,,,北京城市学院
,major_line_2023,建筑类,城乡规划,,,412,2023,本科批,,39601,412,0,上海,综合,,,北京城市学院
,major_line_2023,建筑类,风景园林,,,410,2023,本科批,,39977,410,0,上海,综合,,,北京城市学院
,major_line_2023,历史学类,文物与博物馆学,,,426,2023,本科批,,36906,426,0,上海,综合,,,北京城市学院
,major_line_2023,电子信息类,通信工程（语种:不限大一、大二在綦江校区，大三、大四在合川校区）,,,410,2023,本科批,,40174,409,0,上海,综合,,,重庆移通学院
,major_line_2023,电气类,电气工程及其自动化（中外合作办学）（语种:不限在合川校区）（中外合作办学）,,,411,2023,本科批,,40349,408,0,上海,综合,,,重庆移通学院
,major_line_2023,计算机类,软件工程（语种:不限在綦江校区）,,,409,2023,本科批,,40512,407,0,上海,综合,,,重庆移通学院
,major_line_2023,经济学类,数字经济（语种:不限在綦江校区）,,,412,2023,本科批,,41517,401,0,上海,综合,,,重庆移通学院
,major_line_2023,工商管理类,工商管理类（含工商管理、市场营销、财务管理、资产评估专业）（语种:不限大一在綦江校区，大二至大四在合川校区）,,,402,2023,本科批,,41517,401,0,上海,综合,,,重庆移通学院
,major_line_2023,金融学类,互联网金融（语种:不限在綦江校区）,,,401,2023,本科批,,41517,401,0,上海,综合,,,重庆移通学院
,major_line_2023,电子信息类,通信工程（语种:不限大一、大二在綦江校区，大三、大四在合川校区）,,,410,2023,本科批,,40174,409,0,上海,综合,,,重庆移通学院
,major_line_2023,电气类,电气工程及其自动化（中外合作办学）（语种:不限在合川校区）（中外合作办学）,,,411,2023,本科批,,40349,408,0,上海,综合,,,重庆移通学院
,major_line_2023,计算机类,软件工程（语种:不限在綦江校区）,,,409,2023,本科批,,40512,407,0,上海,综合,,,重庆移通学院
,major_line_2023,经济学类,数字经济（语种:不限在綦江校区）,,,412,2023,本科批,,41517,401,0,上海,综合,,,重庆移通学院
,major_line_2023,工商管理类,工商管理类（含工商管理、市场营销、财务管理、资产评估专业）（语种:不限大一在綦江校区，大二至大四在合川校区）,,,402,2023,本科批,,41517,401,0,上海,综合,,,重庆移通学院
,major_line_2023,金融学类,互联网金融（语种:不限在綦江校区）,,,401,2023,本科批,,41517,401,0,上海,综合,,,重庆移通学院
,major_line_2023,能源动力类,能源与动力工程（新能源方向）,,,411,2023,本科批,,39779,411,0,上海,综合,,,文华学院
,major_line_2023,工商管理类,会计学,,,411,2023,本科批,,40174,409,0,上海,综合,,,文华学院
,major_line_2023,计算机类,计算机科学与技术,,,410,2023,本科批,,40174,409,0,上海,综合,,,文华学院
,major_line_2023,计算机类,物联网工程,,,407,2023,本科批,,40512,407,0,上海,综合,,,文华学院
,major_line_2023,金融学类,金融学,,,410,2023,本科批,,40830,405,0,上海,综合,,,文华学院
,major_line_2023,工商管理类,会计学,,,411,2023,本科批,,40174,409,0,上海,综合,,,文华学院
,major_line_2023,金融学类,金融学,,,410,2023,本科批,,40830,405,0,上海,综合,,,文华学院
,major_line_2023,能源动力类,能源与动力工程（新能源方向）,,,411,2023,本科批,,39779,411,0,上海,综合,,,文华学院
,major_line_2023,计算机类,计算机科学与技术,,,410,2023,本科批,,40174,409,0,上海,综合,,,文华学院
,major_line_2023,计算机类,物联网工程,,,407,2023,本科批,,40512,407,0,上海,综合,,,文华学院
,major_line_2023,口腔医学类,口腔医学,,,471,2023,本科批,,30852,454,0,上海,综合,,,长沙医学院
,major_line_2023,口腔医学类,口腔医学,,,471,2023,本科批,,30852,454,0,上海,综合,,,长沙医学院
,major_line_2023,临床医学类,医学影像学,,,417,2023,本科批,,38666,417,0,上海,综合,,,长沙医学院
,major_line_2023,临床医学类,临床医学,,,416,2023,本科批,,39779,411,0,上海,综合,,,长沙医学院
,major_line_2023,临床医学类,医学影像学,,,417,2023,本科批,,38666,417,0,上海,综合,,,长沙医学院
,major_line_2023,临床医学类,临床医学,,,416,2023,本科批,,39779,411,0,上海,综合,,,长沙医学院
,major_line_2023,机械类,智能制造工程,,,416,2023,本科批,,40349,408,0,上海,综合,,,江西科技学院
,major_line_2023,工商管理类,会计学,,,418,2023,本科批,,40830,405,0,上海,综合,,,江西科技学院
,major_line_2023,教育学类,教育学,,,411,2023,本科批,,40830,405,0,上海,综合,,,江西科技学院
,major_line_2023,机械类,智能制造工程,,,416,2023,本科批,,40349,408,0,上海,综合,,,江西科技学院
,major_line_2023,工商管理类,会计学,,,418,2023,本科批,,40830,405,0,上海,综合,,,江西科技学院
,major_line_2023,教育学类,教育学,,,411,2023,本科批,,40830,405,0,上海,综合,,,江西科技学院
,major_line_2023,旅游类,旅游管理,,,245,2023,专科批,,1901,242,0,上海,综合,,,上海建桥学院
,major_line_2023,语言类,商务日语,,,238,2023,专科批,,2240,238,0,上海,综合,,,上海建桥学院
,major_line_2023,工商管理类,工商企业管理,,,232,2023,专科批,,2979,229,0,上海,综合,,,上海建桥学院
,major_line_2023,语言类,商务日语（中日学分互认学院大学硕士研究生。具体专业介绍详见学校招生简章）,,,245,2023,专科批,,3043,228,0,上海,综合,,,上海建桥学院
,major_line_2023,语言类,商务英语,,,241,2023,专科批,,3043,228,0,上海,综合,,,上海建桥学院
,major_line_2023,物流类,现代物流管理,,,233,2023,专科批,,3106,227,0,上海,综合,,,上海建桥学院
,major_line_2023,计算机类,计算机应用技术（双语班。入学后专业教学外语语种为日语。中日学分互认，毕业生可赴日攻读日本京都情报大学院大学硕士研究生。具体专业介绍详见学校招生简章备注）,,,237,2023,专科批,,3169,226,0,上海,综合,,,上海建桥学院
,major_line_2023,经济贸易类,国际商务,,,234,2023,专科批,,3169,226,0,上海,综合,,,上海建桥学院
,major_line_2023,计算机类,计算机应用技术,,,233,2023,专科批,,3169,226,0,上海,综合,,,上海建桥学院
,major_line_2023,自动化类,机电一体化技术,,,228,2023,专科批,,3169,226,0,上海,综合,,,上海建桥学院
,major_line_2023,护理类,护理,,,237,2023,专科批,,3229,225,0,上海,综合,,,上海建桥学院
,major_line_2023,计算机类,计算机科学与技术,,,439,2023,本科批,,34431,438,0,上海,综合,,,上海建桥学院
,major_line_2023,机械类,机械设计制造及其自动化,,,437,2023,本科批,,34853,436,0,上海,综合,,,上海建桥学院
,major_line_2023,机械类,智能制造工程,,,435,2023,本科批,,35473,433,0,上海,综合,,,上海建桥学院
,major_line_2023,工商管理类,会计学,,,437,2023,本科批,,35697,432,0,上海,综合,,,上海建桥学院
,major_line_2023,电子信息类,电子科学与技术,,,436,2023,本科批,,35697,432,0,上海,综合,,,上海建桥学院
,major_line_2023,计算机类,软件工程,,,435,2023,本科批,,35904,431,0,上海,综合,,,上海建桥学院
,major_line_2023,新闻传播学类,网络与新媒体,,,437,2023,本科批,,36113,430,0,上海,综合,,,上海建桥学院
,major_line_2023,计算机类,数字媒体技术,,,437,2023,本科批,,36113,430,0,上海,综合,,,上海建桥学院
,major_line_2023,管理科学与工程类,工程管理,,,434,2023,本科批,,36113,430,0,上海,综合,,,上海建桥学院
,major_line_2023,机械类,汽车服务工程,,,434,2023,本科批,,36113,430,0,上海,综合,,,上海建桥学院
,major_line_2023,计算机类,计算机科学与技术（双语班。入学后专业教学外语语种为日语。中日学分互认，毕业生可赴日攻读日本京都情报大学院大学硕士研究生。详见学校招生简章）,,,433,2023,本科批,,36113,430,0,上海,综合,,,上海建桥学院
,major_line_2023,电子信息类,微电子科学与工程,,,433,2023,本科批,,36113,430,0,上海,综合,,,上海建桥学院
,major_line_2023,材料类,宝石及材料工艺学,,,432,2023,本科批,,36113,430,0,上海,综合,,,上海建桥学院
,major_line_2023,计算机类,物联网工程,,,432,2023,本科批,,36113,430,0,上海,综合,,,上海建桥学院
,major_line_2023,计算机类,网络工程,,,432,2023,本科批,,36113,430,0,上海,综合,,,上海建桥学院
,major_line_2023,计算机类,网络工程（双语班。入学后专业教学外语语种为日语。中日学分互认，毕业生可赴日攻读日本京都情报大学院大学硕士研究生。详见学校招生简章）,,,432,2023,本科批,,36113,430,0,上海,综合,,,上海建桥学院
,major_line_2023,护理学类,护理学,,,434,2023,本科批,,36712,427,0,上海,综合,,,上海建桥学院
,major_line_2023,教育学类,小学教育,,,431,2023,本科批,,37531,423,0,上海,综合,,,上海建桥学院
,major_line_2023,教育学类,学前教育,,,428,2023,本科批,,37531,423,0,上海,综合,,,上海建桥学院
,major_line_2023,外国语言文学类,日语（中日学分互认，毕业生可赴日攻读日本京都情报大学院大学硕士研究生。详见学校招生简章）,,,426,2023,本科批,,37931,421,0,上海,综合,,,上海建桥学院
,major_line_2023,外国语言文学类,德语,,,423,2023,本科批,,38092,420,0,上海,综合,,,上海建桥学院
,major_line_2023,工商管理类,工商管理（奢侈品管理方向）,,,428,2023,本科批,,38271,419,0,上海,综合,,,上海建桥学院
,major_line_2023,金融学类,金融工程,,,428,2023,本科批,,38271,419,0,上海,综合,,,上海建桥学院
,major_line_2023,外国语言文学类,日语,,,426,2023,本科批,,38271,419,0,上海,综合,,,上海建桥学院
,major_line_2023,新闻传播学类,网络与新媒体（入学后专业教学外语语种为日语。中日学分互认，毕业生可赴日攻读日本京都情报大学院大学硕士研究生。详见学校招生简章）,,,426,2023,本科批,,38271,419,0,上海,综合,,,上海建桥学院
,major_line_2023,经济学类,数字经济,,,426,2023,本科批,,38271,419,0,上海,综合,,,上海建桥学院
,major_line_2023,外国语言文学类,英语,,,425,2023,本科批,,38271,419,0,上海,综合,,,上海建桥学院
,major_line_2023,经济与贸易类,国际经济与贸易,,,425,2023,本科批,,38271,419,0,上海,综合,,,上海建桥学院
,major_line_2023,新闻传播学类,时尚传播,,,425,2023,本科批,,38271,419,0,上海,综合,,,上海建桥学院
,major_line_2023,电子商务类,电子商务,,,424,2023,本科批,,38271,419,0,上海,综合,,,上海建桥学院
,major_line_2023,中国语言文学类,秘书学,,,424,2023,本科批,,38271,419,0,上海,综合,,,上海建桥学院
,major_line_2023,新闻传播学类,传播学,,,423,2023,本科批,,38271,419,0,上海,综合,,,上海建桥学院
,major_line_2023,旅游管理类,旅游管理,,,422,2023,本科批,,38271,419,0,上海,综合,,,上海建桥学院
,major_line_2023,新闻传播学类,广告学,,,427,2023,本科批,,38467,418,0,上海,综合,,,上海建桥学院
,major_line_2023,公共管理类,健康服务与管理,,,427,2023,本科批,,38467,418,0,上海,综合,,,上海建桥学院
,major_line_2023,工商管理类,工商管理,,,426,2023,本科批,,38467,418,0,上海,综合,,,上海建桥学院
,major_line_2023,新闻传播学类,新闻学,,,426,2023,本科批,,38467,418,0,上海,综合,,,上海建桥学院
,major_line_2023,物流管理与工程类,物流管理,,,424,2023,本科批,,38467,418,0,上海,综合,,,上海建桥学院
,major_line_2023,公共管理类,养老服务管理,,,424,2023,本科批,,38467,418,0,上海,综合,,,上海建桥学院
,major_line_2023,计算机类,数字媒体技术（语种不限；双语班）,,,420,2023,本科批,,39040,415,0,上海,综合,,,上海建桥学院
,major_line_2023,机械类,机械设计制造及其自动化（中外合作办学）（中外合作办学）,,,420,2023,本科批,,39040,415,0,上海,综合,,,上海建桥学院
,major_line_2023,计算机类,数字媒体技术（全英语教学）,,,417,2023,本科批,,39040,415,0,上海,综合,,,上海建桥学院
,major_line_2023,新闻传播学类,新闻学（双语班；语种不限）,,,416,2023,本科批,,39440,413,0,上海,综合,,,上海建桥学院
,major_line_2023,工商管理类,会计学,,,437,2023,本科批,,35697,432,0,上海,综合,,,上海建桥学院
,major_line_2023,新闻传播学类,网络与新媒体,,,437,2023,本科批,,36113,430,0,上海,综合,,,上海建桥学院
,major_line_2023,护理学类,护理学,,,434,2023,本科批,,36712,427,0,上海,综合,,,上海建桥学院
,major_line_2023,教育学类,小学教育,,,431,2023,本科批,,37531,423,0,上海,综合,,,上海建桥学院
,major_line_2023,教育学类,学前教育,,,428,2023,本科批,,37531,423,0,上海,综合,,,上海建桥学院
,major_line_2023,外国语言文学类,日语（中日学分互认，毕业生可赴日攻读日本京都情报大学院大学硕士研究生。详见学校招生简章）,,,426,2023,本科批,,37931,421,0,上海,综合,,,上海建桥学院
,major_line_2023,外国语言文学类,德语,,,423,2023,本科批,,38092,420,0,上海,综合,,,上海建桥学院
,major_line_2023,工商管理类,工商管理（奢侈品管理方向）,,,428,2023,本科批,,38271,419,0,上海,综合,,,上海建桥学院
,major_line_2023,金融学类,金融工程,,,428,2023,本科批,,38271,419,0,上海,综合,,,上海建桥学院
,major_line_2023,外国语言文学类,日语,,,426,2023,本科批,,38271,419,0,上海,综合,,,上海建桥学院
,major_line_2023,新闻传播学类,网络与新媒体（入学后专业教学外语语种为日语。中日学分互认，毕业生可赴日攻读日本京都情报大学院大学硕士研究生。详见学校招生简章）,,,426,2023,本科批,,38271,419,0,上海,综合,,,上海建桥学院
,major_line_2023,经济学类,数字经济,,,426,2023,本科批,,38271,419,0,上海,综合,,,上海建桥学院
,major_line_2023,外国语言文学类,英语,,,425,2023,本科批,,38271,419,0,上海,综合,,,上海建桥学院
,major_line_2023,经济与贸易类,国际经济与贸易,,,425,2023,本科批,,38271,419,0,上海,综合,,,上海建桥学院
,major_line_2023,新闻传播学类,时尚传播,,,425,2023,本科批,,38271,419,0,上海,综合,,,上海建桥学院
,major_line_2023,电子商务类,电子商务,,,424,2023,本科批,,38271,419,0,上海,综合,,,上海建桥学院
,major_line_2023,中国语言文学类,秘书学,,,424,2023,本科批,,38271,419,0,上海,综合,,,上海建桥学院
,major_line_2023,新闻传播学类,传播学,,,423,2023,本科批,,38271,419,0,上海,综合,,,上海建桥学院
,major_line_2023,旅游管理类,旅游管理,,,422,2023,本科批,,38271,419,0,上海,综合,,,上海建桥学院
,major_line_2023,新闻传播学类,广告学,,,427,2023,本科批,,38467,418,0,上海,综合,,,上海建桥学院
,major_line_2023,公共管理类,健康服务与管理,,,427,2023,本科批,,38467,418,0,上海,综合,,,上海建桥学院
,major_line_2023,工商管理类,工商管理,,,426,2023,本科批,,38467,418,0,上海,综合,,,上海建桥学院
,major_line_2023,新闻传播学类,新闻学,,,426,2023,本科批,,38467,418,0,上海,综合,,,上海建桥学院
,major_line_2023,物流管理与工程类,物流管理,,,424,2023,本科批,,38467,418,0,上海,综合,,,上海建桥学院
,major_line_2023,公共管理类,养老服务管理,,,424,2023,本科批,,38467,418,0,上海,综合,,,上海建桥学院
,major_line_2023,计算机类,计算机科学与技术,,,439,2023,本科批,,34431,438,0,上海,综合,,,上海建桥学院
,major_line_2023,机械类,机械设计制造及其自动化,,,437,2023,本科批,,34853,436,0,上海,综合,,,上海建桥学院
,major_line_2023,机械类,智能制造工程,,,435,2023,本科批,,35473,433,0,上海,综合,,,上海建桥学院
,major_line_2023,电子信息类,电子科学与技术,,,436,2023,本科批,,35697,432,0,上海,综合,,,上海建桥学院
,major_line_2023,计算机类,软件工程,,,435,2023,本科批,,35904,431,0,上海,综合,,,上海建桥学院
,major_line_2023,计算机类,数字媒体技术,,,437,2023,本科批,,36113,430,0,上海,综合,,,上海建桥学院
,major_line_2023,管理科学与工程类,工程管理,,,434,2023,本科批,,36113,430,0,上海,综合,,,上海建桥学院
,major_line_2023,机械类,汽车服务工程,,,434,2023,本科批,,36113,430,0,上海,综合,,,上海建桥学院
,major_line_2023,计算机类,计算机科学与技术（双语班。入学后专业教学外语语种为日语。中日学分互认，毕业生可赴日攻读日本京都情报大学院大学硕士研究生。详见学校招生简章）,,,433,2023,本科批,,36113,430,0,上海,综合,,,上海建桥学院
,major_line_2023,电子信息类,微电子科学与工程,,,433,2023,本科批,,36113,430,0,上海,综合,,,上海建桥学院
,major_line_2023,材料类,宝石及材料工艺学,,,432,2023,本科批,,36113,430,0,上海,综合,,,上海建桥学院
,major_line_2023,计算机类,物联网工程,,,432,2023,本科批,,36113,430,0,上海,综合,,,上海建桥学院
,major_line_2023,计算机类,网络工程,,,432,2023,本科批,,36113,430,0,上海,综合,,,上海建桥学院
,major_line_2023,计算机类,网络工程（双语班。入学后专业教学外语语种为日语。中日学分互认，毕业生可赴日攻读日本京都情报大学院大学硕士研究生。详见学校招生简章）,,,432,2023,本科批,,36113,430,0,上海,综合,,,上海建桥学院
,major_line_2023,旅游类,旅游管理,,,245,2023,专科批,,1901,242,0,上海,综合,,,上海建桥学院
,major_line_2023,语言类,商务日语,,,238,2023,专科批,,2240,238,0,上海,综合,,,上海建桥学院
,major_line_2023,工商管理类,工商企业管理,,,232,2023,专科批,,2979,229,0,上海,综合,,,上海建桥学院
,major_line_2023,语言类,商务日语（中日学分互认学院大学硕士研究生。具体专业介绍详见学校招生简章）,,,245,2023,专科批,,3043,228,0,上海,综合,,,上海建桥学院
,major_line_2023,语言类,商务英语,,,241,2023,专科批,,3043,228,0,上海,综合,,,上海建桥学院
,major_line_2023,物流类,现代物流管理,,,233,2023,专科批,,3106,227,0,上海,综合,,,上海建桥学院
,major_line_2023,计算机类,计算机应用技术（双语班。入学后专业教学外语语种为日语。中日学分互认，毕业生可赴日攻读日本京都情报大学院大学硕士研究生。具体专业介绍详见学校招生简章备注）,,,237,2023,专科批,,3169,226,0,上海,综合,,,上海建桥学院
,major_line_2023,经济贸易类,国际商务,,,234,2023,专科批,,3169,226,0,上海,综合,,,上海建桥学院
,major_line_2023,计算机类,计算机应用技术,,,233,2023,专科批,,3169,226,0,上海,综合,,,上海建桥学院
,major_line_2023,自动化类,机电一体化技术,,,228,2023,专科批,,3169,226,0,上海,综合,,,上海建桥学院
,major_line_2023,护理类,护理,,,237,2023,专科批,,3229,225,0,上海,综合,,,上海建桥学院
,major_line_2023,计算机类,数字媒体技术（语种不限；双语班）,,,420,2023,本科批,,39040,415,0,上海,综合,,,上海建桥学院
,major_line_2023,机械类,机械设计制造及其自动化（中外合作办学）（中外合作办学）,,,420,2023,本科批,,39040,415,0,上海,综合,,,上海建桥学院
,major_line_2023,计算机类,数字媒体技术（全英语教学）,,,417,2023,本科批,,39040,415,0,上海,综合,,,上海建桥学院
,major_line_2023,新闻传播学类,新闻学（双语班；语种不限）,,,416,2023,本科批,,39440,413,0,上海,综合,,,上海建桥学院
,major_line_2023,经济学类,经济学,,,408,2023,本科批,,41682,400,0,上海,综合,,,保定理工学院
,major_line_2023,教育学类,小学教育,,,406,2023,本科批,,41682,400,0,上海,综合,,,保定理工学院
,major_line_2023,教育学类,学前教育,,,403,2023,本科批,,41682,400,0,上海,综合,,,保定理工学院
,major_line_2023,工商管理类,会计学,,,401,2023,本科批,,41682,400,0,上海,综合,,,保定理工学院
,major_line_2023,经济学类,经济学,,,408,2023,本科批,,41682,400,0,上海,综合,,,保定理工学院
,major_line_2023,教育学类,小学教育,,,406,2023,本科批,,41682,400,0,上海,综合,,,保定理工学院
,major_line_2023,教育学类,学前教育,,,403,2023,本科批,,41682,400,0,上海,综合,,,保定理工学院
,major_line_2023,工商管理类,会计学,,,401,2023,本科批,,41682,400,0,上海,综合,,,保定理工学院
,major_line_2023,工商管理类,财务管理（一年级在嘉善校区，其他年级在金海校区；（CIMA方向））,,,436,2023,本科批,,35259,434,0,上海,综合,,,上海杉达学院
,major_line_2023,金融学类,金融学（一年级在嘉善校区，其他年级在金海校区；（CFA方向））,,,431,2023,本科批,,36503,428,0,上海,综合,,,上海杉达学院
,major_line_2023,工商管理类,会计学（一年级在嘉善校区，其他年级在金海校区；（双语教学））,,,430,2023,本科批,,37331,424,0,上海,综合,,,上海杉达学院
,major_line_2023,新闻传播学类,时尚传播（一年级在嘉善校区，其他年级在金海校区；（双语教学））,,,420,2023,本科批,,38666,417,0,上海,综合,,,上海杉达学院
,major_line_2023,经济与贸易类,国际经济与贸易（一年级在嘉善校区，其他年级在金海校区；（中外合作办学）（中美合作））（中外合作办学）,,,420,2023,本科批,,38855,416,0,上海,综合,,,上海杉达学院
,major_line_2023,中国语言文学类,汉语国际教育（一、二年级在嘉善校区，其他年级在金海校区（双语教学））,,,421,2023,本科批,,39247,414,0,上海,综合,,,上海杉达学院
,major_line_2023,旅游管理类,酒店管理（一、二年级在嘉善校区，其他年级在金海校区（双语教学））,,,417,2023,本科批,,39247,414,0,上海,综合,,,上海杉达学院
,major_line_2023,旅游管理类,旅游管理（一、二年级在嘉善校区，其他年级在金海校区（双语教学））,,,416,2023,本科批,,39247,414,0,上海,综合,,,上海杉达学院
,major_line_2023,医学技术类,康复治疗学（上海市一流本科专业建设点）,,,449,2023,本科批,,33094,444,0,上海,综合,,,上海杉达学院
,major_line_2023,食品科学与工程类,食品质量与安全,,,446,2023,本科批,,33564,442,0,上海,综合,,,上海杉达学院
,major_line_2023,建筑类,风景园林,,,442,2023,本科批,,33766,441,0,上海,综合,,,上海杉达学院
,major_line_2023,自动化类,机电一体化技术,,,238,2023,专科批,,2979,229,0,上海,综合,,,上海杉达学院
,major_line_2023,自动化类,智能控制技术,,,235,2023,专科批,,2979,229,0,上海,综合,,,上海杉达学院
,major_line_2023,物流类,现代物流管理（国际多式联运方向）,,,233,2023,专科批,,2979,229,0,上海,综合,,,上海杉达学院
,major_line_2023,自动化类,机电一体化技术,,,238,2023,专科批,,2979,229,0,上海,综合,,,上海杉达学院
,major_line_2023,自动化类,智能控制技术,,,235,2023,专科批,,2979,229,0,上海,综合,,,上海杉达学院
,major_line_2023,物流类,现代物流管理（国际多式联运方向）,,,233,2023,专科批,,2979,229,0,上海,综合,,,上海杉达学院
,major_line_2023,工商管理类,会计学（办学点一年级在嘉善校区，其他年级在金海校区；（上海市一流本科专业建设点））,,,447,2023,本科批,,33094,444,0,上海,综合,,,上海杉达学院
,major_line_2023,工商管理类,财务管理（办学点一年级在嘉善校区，其他年级在金海校区；）,,,444,2023,本科批,,33327,443,0,上海,综合,,,上海杉达学院
,major_line_2023,新闻传播学类,网络与新媒体（办学点一年级在嘉善校区，其他年级在金海校区；）,,,445,2023,本科批,,33564,442,0,上海,综合,,,上海杉达学院
,major_line_2023,法学类,法学（一、二年级在嘉善校区，其他年级在金海校区；）,,,445,2023,本科批,,33564,442,0,上海,综合,,,上海杉达学院
,major_line_2023,金融学类,金融学（办学点一年级在嘉善校区，其他年级在金海校区；（国家级一流本科专业建设点））,,,443,2023,本科批,,33766,441,0,上海,综合,,,上海杉达学院
,major_line_2023,电子商务类,电子商务（办学点嘉善校区；（上海市一流本科专业建设点））,,,447,2023,本科批,,33965,440,0,上海,综合,,,上海杉达学院
,major_line_2023,经济与贸易类,国际经济与贸易（一、二年级在嘉善校区，其他年级在金海校区；（上海市一流本科专业建设点））,,,439,2023,本科批,,34853,436,0,上海,综合,,,上海杉达学院
,major_line_2023,新闻传播学类,时尚传播（办学点一年级在嘉善校区，其他年级在金海校区；）,,,438,2023,本科批,,34853,436,0,上海,综合,,,上海杉达学院
,major_line_2023,护理学类,护理学（办学点一年级在嘉善校区，其他年级在金海校区；（上海市一流本科专业建设点））,,,445,2023,本科批,,35051,435,0,上海,综合,,,上海杉达学院
,major_line_2023,工商管理类,人力资源管理（一、二年级在嘉善校区，其他年级在金海校区；）,,,439,2023,本科批,,35051,435,0,上海,综合,,,上海杉达学院
,major_line_2023,公共管理类,劳动与社会保障（一、二年级在嘉善校区，其他年级在金海校区；（上海市一流本科专业建设点））,,,438,2023,本科批,,35259,434,0,上海,综合,,,上海杉达学院
,major_line_2023,新闻传播学类,新闻学（办学点一年级在嘉善校区，其他年级在金海校区；（传媒经营方向））,,,436,2023,本科批,,35473,433,0,上海,综合,,,上海杉达学院
,major_line_2023,新闻传播学类,新闻学（办学点一年级在嘉善校区，其他年级在金海校区；）,,,436,2023,本科批,,35473,433,0,上海,综合,,,上海杉达学院
,major_line_2023,工商管理类,市场营销（办学点一年级在嘉善校区，其他年级在金海校区；）,,,435,2023,本科批,,35473,433,0,上海,综合,,,上海杉达学院
,major_line_2023,中国语言文学类,汉语国际教育（一、二年级在嘉善校区，其他年级在金海校区；）,,,437,2023,本科批,,35697,432,0,上海,综合,,,上海杉达学院
,major_line_2023,外国语言文学类,日语（一、二年级在嘉善校区，其他年级在金海校区；）,,,435,2023,本科批,,35697,432,0,上海,综合,,,上海杉达学院
,major_line_2023,旅游管理类,酒店管理（一、二年级在嘉善校区，其他年级在金海校区；（国家级一流本科专业建设点））,,,434,2023,本科批,,35697,432,0,上海,综合,,,上海杉达学院
,major_line_2023,外国语言文学类,翻译（一、二年级在嘉善校区，其他年级在金海校区；（日语翻译方向））,,,434,2023,本科批,,35697,432,0,上海,综合,,,上海杉达学院
,major_line_2023,外国语言文学类,英语（一、二年级在嘉善校区，其他年级在金海校区；（上海市一流本科专业建设点））,,,435,2023,本科批,,35904,431,0,上海,综合,,,上海杉达学院
,major_line_2023,旅游管理类,旅游管理（一、二年级在嘉善校区，其他年级在金海校区；（会展策划与管理方向））,,,435,2023,本科批,,35904,431,0,上海,综合,,,上海杉达学院
,major_line_2023,外国语言文学类,西班牙语（一、二年级在嘉善校区，其他年级在金海校区；）,,,433,2023,本科批,,35904,431,0,上海,综合,,,上海杉达学院
,major_line_2023,旅游管理类,旅游管理（一、二年级在嘉善校区，其他年级在金海校区；（上海市一流本科专业建设点））,,,433,2023,本科批,,35904,431,0,上海,综合,,,上海杉达学院
,major_line_2023,外国语言文学类,朝鲜语（一、二年级在嘉善校区，其他年级在金海校区；）,,,431,2023,本科批,,35904,431,0,上海,综合,,,上海杉达学院
,major_line_2023,医学技术类,康复治疗学（上海市一流本科专业建设点）,,,449,2023,本科批,,33094,444,0,上海,综合,,,上海杉达学院
,major_line_2023,工商管理类,会计学（办学点一年级在嘉善校区，其他年级在金海校区；（上海市一流本科专业建设点））,,,447,2023,本科批,,33094,444,0,上海,综合,,,上海杉达学院
,major_line_2023,工商管理类,财务管理（办学点一年级在嘉善校区，其他年级在金海校区；）,,,444,2023,本科批,,33327,443,0,上海,综合,,,上海杉达学院
,major_line_2023,食品科学与工程类,食品质量与安全,,,446,2023,本科批,,33564,442,0,上海,综合,,,上海杉达学院
,major_line_2023,新闻传播学类,网络与新媒体（办学点一年级在嘉善校区，其他年级在金海校区；）,,,445,2023,本科批,,33564,442,0,上海,综合,,,上海杉达学院
,major_line_2023,法学类,法学（一、二年级在嘉善校区，其他年级在金海校区；）,,,445,2023,本科批,,33564,442,0,上海,综合,,,上海杉达学院
,major_line_2023,金融学类,金融学（办学点一年级在嘉善校区，其他年级在金海校区；（国家级一流本科专业建设点））,,,443,2023,本科批,,33766,441,0,上海,综合,,,上海杉达学院
,major_line_2023,建筑类,风景园林,,,442,2023,本科批,,33766,441,0,上海,综合,,,上海杉达学院
,major_line_2023,电子商务类,电子商务（办学点嘉善校区；（上海市一流本科专业建设点））,,,447,2023,本科批,,33965,440,0,上海,综合,,,上海杉达学院
,major_line_2023,经济与贸易类,国际经济与贸易（一、二年级在嘉善校区，其他年级在金海校区；（上海市一流本科专业建设点））,,,439,2023,本科批,,34853,436,0,上海,综合,,,上海杉达学院
,major_line_2023,新闻传播学类,时尚传播（办学点一年级在嘉善校区，其他年级在金海校区；）,,,438,2023,本科批,,34853,436,0,上海,综合,,,上海杉达学院
,major_line_2023,护理学类,护理学（办学点一年级在嘉善校区，其他年级在金海校区；（上海市一流本科专业建设点））,,,445,2023,本科批,,35051,435,0,上海,综合,,,上海杉达学院
,major_line_2023,工商管理类,人力资源管理（一、二年级在嘉善校区，其他年级在金海校区；）,,,439,2023,本科批,,35051,435,0,上海,综合,,,上海杉达学院
,major_line_2023,公共管理类,劳动与社会保障（一、二年级在嘉善校区，其他年级在金海校区；（上海市一流本科专业建设点））,,,438,2023,本科批,,35259,434,0,上海,综合,,,上海杉达学院
,major_line_2023,工商管理类,财务管理（一年级在嘉善校区，其他年级在金海校区；（CIMA方向））,,,436,2023,本科批,,35259,434,0,上海,综合,,,上海杉达学院
,major_line_2023,新闻传播学类,新闻学（办学点一年级在嘉善校区，其他年级在金海校区；（传媒经营方向））,,,436,2023,本科批,,35473,433,0,上海,综合,,,上海杉达学院
,major_line_2023,新闻传播学类,新闻学（办学点一年级在嘉善校区，其他年级在金海校区；）,,,436,2023,本科批,,35473,433,0,上海,综合,,,上海杉达学院
,major_line_2023,工商管理类,市场营销（办学点一年级在嘉善校区，其他年级在金海校区；）,,,435,2023,本科批,,35473,433,0,上海,综合,,,上海杉达学院
,major_line_2023,中国语言文学类,汉语国际教育（一、二年级在嘉善校区，其他年级在金海校区；）,,,437,2023,本科批,,35697,432,0,上海,综合,,,上海杉达学院
,major_line_2023,外国语言文学类,日语（一、二年级在嘉善校区，其他年级在金海校区；）,,,435,2023,本科批,,35697,432,0,上海,综合,,,上海杉达学院
,major_line_2023,旅游管理类,酒店管理（一、二年级在嘉善校区，其他年级在金海校区；（国家级一流本科专业建设点））,,,434,2023,本科批,,35697,432,0,上海,综合,,,上海杉达学院
,major_line_2023,外国语言文学类,翻译（一、二年级在嘉善校区，其他年级在金海校区；（日语翻译方向））,,,434,2023,本科批,,35697,432,0,上海,综合,,,上海杉达学院
,major_line_2023,外国语言文学类,英语（一、二年级在嘉善校区，其他年级在金海校区；（上海市一流本科专业建设点））,,,435,2023,本科批,,35904,431,0,上海,综合,,,上海杉达学院
,major_line_2023,旅游管理类,旅游管理（一、二年级在嘉善校区，其他年级在金海校区；（会展策划与管理方向））,,,435,2023,本科批,,35904,431,0,上海,综合,,,上海杉达学院
,major_line_2023,计算机类,计算机科学与技术（上海市一流本科专业建设点）,,,435,2023,本科批,,35904,431,0,上海,综合,,,上海杉达学院
,major_line_2023,外国语言文学类,西班牙语（一、二年级在嘉善校区，其他年级在金海校区；）,,,433,2023,本科批,,35904,431,0,上海,综合,,,上海杉达学院
,major_line_2023,旅游管理类,旅游管理（一、二年级在嘉善校区，其他年级在金海校区；（上海市一流本科专业建设点））,,,433,2023,本科批,,35904,431,0,上海,综合,,,上海杉达学院
,major_line_2023,外国语言文学类,朝鲜语（一、二年级在嘉善校区，其他年级在金海校区；）,,,431,2023,本科批,,35904,431,0,上海,综合,,,上海杉达学院
,major_line_2023,金融学类,金融学（一年级在嘉善校区，其他年级在金海校区；（CFA方向））,,,431,2023,本科批,,36503,428,0,上海,综合,,,上海杉达学院
,major_line_2023,计算机类,软件工程,,,429,2023,本科批,,36712,427,0,上海,综合,,,上海杉达学院
,major_line_2023,电气类,电气工程与智能控制,,,430,2023,本科批,,36906,426,0,上海,综合,,,上海杉达学院
,major_line_2023,计算机类,数据科学与大数据技术,,,429,2023,本科批,,36906,426,0,上海,综合,,,上海杉达学院
,major_line_2023,机械类,机械电子工程,,,428,2023,本科批,,37110,425,0,上海,综合,,,上海杉达学院
,major_line_2023,管理科学与工程类,工程管理,,,425,2023,本科批,,37110,425,0,上海,综合,,,上海杉达学院
,major_line_2023,工商管理类,会计学（一年级在嘉善校区，其他年级在金海校区；（双语教学））,,,430,2023,本科批,,37331,424,0,上海,综合,,,上海杉达学院
,major_line_2023,土木类,建筑电气与智能化,,,426,2023,本科批,,37331,424,0,上海,综合,,,上海杉达学院
,major_line_2023,土木类,土木工程,,,425,2023,本科批,,37331,424,0,上海,综合,,,上海杉达学院
,major_line_2023,新闻传播学类,时尚传播（一年级在嘉善校区，其他年级在金海校区；（双语教学））,,,420,2023,本科批,,38666,417,0,上海,综合,,,上海杉达学院
,major_line_2023,经济与贸易类,国际经济与贸易（一年级在嘉善校区，其他年级在金海校区；（中外合作办学）（中美合作））（中外合作办学）,,,420,2023,本科批,,38855,416,0,上海,综合,,,上海杉达学院
,major_line_2023,中国语言文学类,汉语国际教育（一、二年级在嘉善校区，其他年级在金海校区（双语教学））,,,421,2023,本科批,,39247,414,0,上海,综合,,,上海杉达学院
,major_line_2023,旅游管理类,酒店管理（一、二年级在嘉善校区，其他年级在金海校区（双语教学））,,,417,2023,本科批,,39247,414,0,上海,综合,,,上海杉达学院
,major_line_2023,旅游管理类,旅游管理（一、二年级在嘉善校区，其他年级在金海校区（双语教学））,,,416,2023,本科批,,39247,414,0,上海,综合,,,上海杉达学院
,major_line_2023,计算机类,计算机科学与技术（上海市一流本科专业建设点）,,,435,2023,本科批,,35904,431,0,上海,综合,,,上海杉达学院
,major_line_2023,计算机类,软件工程,,,429,2023,本科批,,36712,427,0,上海,综合,,,上海杉达学院
,major_line_2023,电气类,电气工程与智能控制,,,430,2023,本科批,,36906,426,0,上海,综合,,,上海杉达学院
,major_line_2023,计算机类,数据科学与大数据技术,,,429,2023,本科批,,36906,426,0,上海,综合,,,上海杉达学院
,major_line_2023,机械类,机械电子工程,,,428,2023,本科批,,37110,425,0,上海,综合,,,上海杉达学院
,major_line_2023,管理科学与工程类,工程管理,,,425,2023,本科批,,37110,425,0,上海,综合,,,上海杉达学院
,major_line_2023,土木类,建筑电气与智能化,,,426,2023,本科批,,37331,424,0,上海,综合,,,上海杉达学院
,major_line_2023,土木类,土木工程,,,425,2023,本科批,,37331,424,0,上海,综合,,,上海杉达学院
,major_line_2023,口腔医学类,口腔医学,,,453,2023,本科批,,31347,452,0,上海,综合,,,齐鲁医药学院
,major_line_2023,医学技术类,医学实验技术,,,436,2023,本科批,,34853,436,0,上海,综合,,,齐鲁医药学院
,major_line_2023,护理学类,护理学,,,434,2023,本科批,,35259,434,0,上海,综合,,,齐鲁医药学院
,major_line_2023,药学类,化妆品科学与技术,,,435,2023,本科批,,35697,432,0,上海,综合,,,齐鲁医药学院
,major_line_2023,公共管理类,健康服务与管理,,,432,2023,本科批,,35697,432,0,上海,综合,,,齐鲁医药学院
,major_line_2023,公共管理类,养老服务管理,,,431,2023,本科批,,36113,430,0,上海,综合,,,齐鲁医药学院
,major_line_2023,口腔医学类,口腔医学,,,453,2023,本科批,,31347,452,0,上海,综合,,,齐鲁医药学院
,major_line_2023,医学技术类,医学实验技术,,,436,2023,本科批,,34853,436,0,上海,综合,,,齐鲁医药学院
,major_line_2023,药学类,化妆品科学与技术,,,435,2023,本科批,,35697,432,0,上海,综合,,,齐鲁医药学院
,major_line_2023,护理学类,护理学,,,434,2023,本科批,,35259,434,0,上海,综合,,,齐鲁医药学院
,major_line_2023,公共管理类,健康服务与管理,,,432,2023,本科批,,35697,432,0,上海,综合,,,齐鲁医药学院
,major_line_2023,公共管理类,养老服务管理,,,431,2023,本科批,,36113,430,0,上海,综合,,,齐鲁医药学院
,major_line_2023,金融学类,金融工程,,,415,2023,本科批,,39440,413,0,上海,综合,,,南通理工学院
,major_line_2023,工商管理类,财务管理,,,410,2023,本科批,,40512,407,0,上海,综合,,,南通理工学院
,major_line_2023,工业工程类,标准化工程,,,409,2023,本科批,,40671,406,0,上海,综合,,,南通理工学院
,major_line_2023,工商管理类,市场营销,,,407,2023,本科批,,40671,406,0,上海,综合,,,南通理工学院
,major_line_2023,旅游管理类,酒店管理,,,408,2023,本科批,,40830,405,0,上海,综合,,,南通理工学院
,major_line_2023,计算机类,数据科学与大数据技术（前两年在海安校区，后两年在南通校区）,,,419,2023,本科批,,38855,416,0,上海,综合,,,南通理工学院
,major_line_2023,金融学类,金融工程,,,415,2023,本科批,,39440,413,0,上海,综合,,,南通理工学院
,major_line_2023,土木类,智能建造（海安校区）,,,412,2023,本科批,,39977,410,0,上海,综合,,,南通理工学院
,major_line_2023,工商管理类,财务管理,,,410,2023,本科批,,40512,407,0,上海,综合,,,南通理工学院
,major_line_2023,工业工程类,标准化工程,,,409,2023,本科批,,40671,406,0,上海,综合,,,南通理工学院
,major_line_2023,工商管理类,市场营销,,,407,2023,本科批,,40671,406,0,上海,综合,,,南通理工学院
,major_line_2023,旅游管理类,酒店管理,,,408,2023,本科批,,40830,405,0,上海,综合,,,南通理工学院
,major_line_2023,计算机类,数据科学与大数据技术（前两年在海安校区，后两年在南通校区）,,,419,2023,本科批,,38855,416,0,上海,综合,,,南通理工学院
,major_line_2023,土木类,智能建造（海安校区）,,,412,2023,本科批,,39977,410,0,上海,综合,,,南通理工学院
,major_line_2023,餐饮类,西式烹饪工艺（海河园校区）,,,224,2023,专科批,,3280,224,0,上海,综合,,,天津市职业大学
,major_line_2023,印刷类,印刷媒体技术（北辰校区）,,,230,2023,专科批,,3387,222,0,上海,综合,,,天津市职业大学
,major_line_2023,机械设计制造类,增材制造技术（北辰校区）,,,220,2023,专科批,,3490,220,0,上海,综合,,,天津市职业大学
,major_line_2023,餐饮类,烹饪工艺与营养（海河园校区）,,,209,2023,专科批,,4385,197,0,上海,综合,,,天津市职业大学
,major_line_2023,餐饮类,西式烹饪工艺（海河园校区）,,,224,2023,专科批,,3280,224,0,上海,综合,,,天津市职业大学
,major_line_2023,印刷类,印刷媒体技术（北辰校区）,,,230,2023,专科批,,3387,222,0,上海,综合,,,天津市职业大学
,major_line_2023,机械设计制造类,增材制造技术（北辰校区）,,,220,2023,专科批,,3490,220,0,上海,综合,,,天津市职业大学
,major_line_2023,餐饮类,烹饪工艺与营养（海河园校区）,,,209,2023,专科批,,4385,197,0,上海,综合,,,天津市职业大学
,major_line_2023,计算机类,软件工程,,,429,2023,本科批,,36503,428,0,上海,综合,,,大连理工大学城市学院
,major_line_2023,自动化类,自动化,,,427,2023,本科批,,38092,420,0,上海,综合,,,大连理工大学城市学院
,major_line_2023,外国语言文学类,英语,,,416,2023,本科批,,41160,403,0,上海,综合,,,大连理工大学城市学院
,major_line_2023,新闻传播学类,网络与新媒体,,,404,2023,本科批,,41160,403,0,上海,综合,,,大连理工大学城市学院
,major_line_2023,工商管理类,工商管理,,,403,2023,本科批,,41342,402,0,上海,综合,,,大连理工大学城市学院
,major_line_2023,计算机类,软件工程,,,429,2023,本科批,,36503,428,0,上海,综合,,,大连理工大学城市学院
,major_line_2023,自动化类,自动化,,,427,2023,本科批,,38092,420,0,上海,综合,,,大连理工大学城市学院
,major_line_2023,外国语言文学类,英语,,,416,2023,本科批,,41160,403,0,上海,综合,,,大连理工大学城市学院
,major_line_2023,新闻传播学类,网络与新媒体,,,404,2023,本科批,,41160,403,0,上海,综合,,,大连理工大学城市学院
,major_line_2023,工商管理类,工商管理,,,403,2023,本科批,,41342,402,0,上海,综合,,,大连理工大学城市学院
,major_line_2023,工科试验班,工科试验班（计算机与电子通信方向。含计算机科学与技术、人工智能、网络空间安全、通信工程、海洋信息工程、电子信息工程、微电子科学与工程专业）,,,570,2023,本科批,,4260,568,0,上海,综合,,,哈尔滨工业大学（威海）
,major_line_2023,工科试验班,工科试验班（电气与自动化方向。含自动化、电气工程及其自动化、智能材料与结构专业）,,,568,2023,本科批,,4425,567,0,上海,综合,,,哈尔滨工业大学（威海）
,major_line_2023,工科试验班,工科试验班（计算机与电子通信方向。含计算机科学与技术、人工智能、网络空间安全、通信工程、海洋信息工程、电子信息工程、微电子科学与工程专业）,,,570,2023,本科批,,4260,568,0,上海,综合,,,哈尔滨工业大学（威海）
,major_line_2023,工科试验班,工科试验班（电气与自动化方向。含自动化、电气工程及其自动化、智能材料与结构专业）,,,568,2023,本科批,,4425,567,0,上海,综合,,,哈尔滨工业大学（威海）
,major_line_2023,土木类,土木工程,,,424,2023,本科批,,37331,424,0,上海,综合,,,武汉城市学院
,major_line_2023,工商管理类,会计学,,,407,2023,本科批,,40512,407,0,上海,综合,,,武汉城市学院
,major_line_2023,经济与贸易类,国际经济与贸易,,,404,2023,本科批,,40998,404,0,上海,综合,,,武汉城市学院
,major_line_2023,土木类,土木工程,,,424,2023,本科批,,37331,424,0,上海,综合,,,武汉城市学院
,major_line_2023,工商管理类,会计学,,,407,2023,本科批,,40512,407,0,上海,综合,,,武汉城市学院
,major_line_2023,经济与贸易类,国际经济与贸易,,,404,2023,本科批,,40998,404,0,上海,综合,,,武汉城市学院
,major_line_2023,工商管理类,会计学,,,417,2023,本科批,,38666,417,0,上海,综合,,,大连财经学院
,major_line_2023,金融学类,金融学,,,403,2023,本科批,,41160,403,0,上海,综合,,,大连财经学院
,major_line_2023,经济学类,数字经济,,,403,2023,本科批,,41160,403,0,上海,综合,,,大连财经学院
,major_line_2023,法学类,法学,,,402,2023,本科批,,41517,401,0,上海,综合,,,大连财经学院
,major_line_2023,管理科学与工程类,工程造价,,,419,2023,本科批,,38271,419,0,上海,综合,,,大连财经学院
,major_line_2023,管理科学与工程类,大数据管理与应用,,,418,2023,本科批,,38467,418,0,上海,综合,,,大连财经学院
,major_line_2023,管理科学与工程类,工程造价,,,419,2023,本科批,,38271,419,0,上海,综合,,,大连财经学院
,major_line_2023,管理科学与工程类,大数据管理与应用,,,418,2023,本科批,,38467,418,0,上海,综合,,,大连财经学院
,major_line_2023,工商管理类,会计学,,,417,2023,本科批,,38666,417,0,上海,综合,,,大连财经学院
,major_line_2023,金融学类,金融学,,,403,2023,本科批,,41160,403,0,上海,综合,,,大连财经学院
,major_line_2023,经济学类,数字经济,,,403,2023,本科批,,41160,403,0,上海,综合,,,大连财经学院
,major_line_2023,法学类,法学,,,402,2023,本科批,,41517,401,0,上海,综合,,,大连财经学院
,major_line_2023,电气类,电气工程及其自动化,,,418,2023,本科批,,38855,416,0,上海,综合,,,武昌首义学院
,major_line_2023,计算机类,计算机科学与技术,,,420,2023,本科批,,39040,415,0,上海,综合,,,武昌首义学院
,major_line_2023,电子信息类,人工智能,,,415,2023,本科批,,39247,414,0,上海,综合,,,武昌首义学院
,major_line_2023,电气类,电气工程及其自动化,,,418,2023,本科批,,38855,416,0,上海,综合,,,武昌首义学院
,major_line_2023,计算机类,计算机科学与技术,,,420,2023,本科批,,39040,415,0,上海,综合,,,武昌首义学院
,major_line_2023,电子信息类,人工智能,,,415,2023,本科批,,39247,414,0,上海,综合,,,武昌首义学院
,major_line_2023,金融学类,金融科技,,,415,2023,本科批,,39601,412,0,上海,综合,,,武昌首义学院
,major_line_2023,中国语言文学类,汉语言文学,,,414,2023,本科批,,39601,412,0,上海,综合,,,武昌首义学院
,major_line_2023,工商管理类,会计学,,,409,2023,本科批,,40174,409,0,上海,综合,,,武昌首义学院
,major_line_2023,金融学类,金融科技,,,415,2023,本科批,,39601,412,0,上海,综合,,,武昌首义学院
,major_line_2023,中国语言文学类,汉语言文学,,,414,2023,本科批,,39601,412,0,上海,综合,,,武昌首义学院
,major_line_2023,工商管理类,会计学,,,409,2023,本科批,,40174,409,0,上海,综合,,,武昌首义学院
,major_line_2023,计算机类,虚拟现实技术,,,424,2023,本科批,,39977,410,0,上海,综合,,,重庆对外经贸学院
,major_line_2023,金融学类,金融学类（含金融工程、保险学、投资学专业）,,,416,2023,本科批,,40349,408,0,上海,综合,,,重庆对外经贸学院
,major_line_2023,计算机类,虚拟现实技术,,,424,2023,本科批,,39977,410,0,上海,综合,,,重庆对外经贸学院
,major_line_2023,金融学类,金融学类（含金融工程、保险学、投资学专业）,,,416,2023,本科批,,40349,408,0,上海,综合,,,重庆对外经贸学院
,major_line_2023,新闻传播学类,国际新闻与传播,,,482,2023,本科批,,25081,478,0,上海,综合,,,南京传媒学院
,major_line_2023,新闻传播学类,新闻传播学类（含新闻学、广播电视学、广告学、传播学网络与新媒体、数字出版专业）,,,476,2023,本科批,,25848,475,0,上海,综合,,,南京传媒学院
,major_line_2023,新闻传播学类,时尚传播,,,461,2023,本科批,,30168,457,0,上海,综合,,,南京传媒学院
,major_line_2023,中国语言文学类,汉语国际教育,,,459,2023,本科批,,30168,457,0,上海,综合,,,南京传媒学院
,major_line_2023,新闻传播学类,国际新闻与传播,,,482,2023,本科批,,25081,478,0,上海,综合,,,南京传媒学院
,major_line_2023,新闻传播学类,新闻传播学类（含新闻学、广播电视学、广告学、传播学网络与新媒体、数字出版专业）,,,476,2023,本科批,,25848,475,0,上海,综合,,,南京传媒学院
,major_line_2023,新闻传播学类,时尚传播,,,461,2023,本科批,,30168,457,0,上海,综合,,,南京传媒学院
,major_line_2023,中国语言文学类,汉语国际教育,,,459,2023,本科批,,30168,457,0,上海,综合,,,南京传媒学院
,major_line_2023,护理学类,护理学,,,420,2023,本科批,,40512,407,0,上海,综合,,,北京科技大学天津学院
,major_line_2023,金融学类,金融工程,,,408,2023,本科批,,40671,406,0,上海,综合,,,北京科技大学天津学院
,major_line_2023,经济与贸易类,国际经济与贸易,,,403,2023,本科批,,41517,401,0,上海,综合,,,北京科技大学天津学院
,major_line_2023,护理学类,护理学,,,420,2023,本科批,,40512,407,0,上海,综合,,,北京科技大学天津学院
,major_line_2023,金融学类,金融工程,,,408,2023,本科批,,40671,406,0,上海,综合,,,北京科技大学天津学院
,major_line_2023,经济与贸易类,国际经济与贸易,,,403,2023,本科批,,41517,401,0,上海,综合,,,北京科技大学天津学院
,major_line_2023,汽车制造类,新能源汽车技术,,,249,2023,专科批,,1295,249,249,上海,综合,,,四川工程职业技术大学
,major_line_2023,电子商务类,电子商务,,,145,2023,专科批,,5557,145,145,上海,综合,,,四川工程职业技术大学
,major_line_2023,汽车制造类,新能源汽车技术,,,249,2023,专科批,,1295,249,249,上海,综合,,,四川工程职业技术大学
,major_line_2023,电子商务类,电子商务,,,145,2023,专科批,,5557,145,145,上海,综合,,,四川工程职业技术大学
,major_line_2023,中国语言文学类,汉语言文学,,,416,2023,本科批,,39977,410,0,上海,综合,,,集美大学诚毅学院
,major_line_2023,法学类,法学,,,414,2023,本科批,,39977,410,0,上海,综合,,,集美大学诚毅学院
,major_line_2023,电子商务类,电子商务,,,407,2023,本科批,,40512,407,0,上海,综合,,,集美大学诚毅学院
,major_line_2023,工商管理类,会计学,,,412,2023,本科批,,40671,406,0,上海,综合,,,集美大学诚毅学院
,major_line_2023,外国语言文学类,英语（语种:英语）,,,408,2023,本科批,,40671,406,0,上海,综合,,,集美大学诚毅学院
,major_line_2023,物流管理与工程类,供应链管理,,,408,2023,本科批,,40671,406,0,上海,综合,,,集美大学诚毅学院
,major_line_2023,工商管理类,工商管理,,,406,2023,本科批,,40671,406,0,上海,综合,,,集美大学诚毅学院
,major_line_2023,财政学类,财政学,,,406,2023,本科批,,40830,405,0,上海,综合,,,集美大学诚毅学院
,major_line_2023,金融学类,金融学,,,405,2023,本科批,,40830,405,0,上海,综合,,,集美大学诚毅学院
,major_line_2023,中国语言文学类,汉语言文学,,,416,2023,本科批,,39977,410,0,上海,综合,,,集美大学诚毅学院
,major_line_2023,法学类,法学,,,414,2023,本科批,,39977,410,0,上海,综合,,,集美大学诚毅学院
,major_line_2023,电子商务类,电子商务,,,407,2023,本科批,,40512,407,0,上海,综合,,,集美大学诚毅学院
,major_line_2023,工商管理类,会计学,,,412,2023,本科批,,40671,406,0,上海,综合,,,集美大学诚毅学院
,major_line_2023,外国语言文学类,英语（语种:英语）,,,408,2023,本科批,,40671,406,0,上海,综合,,,集美大学诚毅学院
,major_line_2023,物流管理与工程类,供应链管理,,,408,2023,本科批,,40671,406,0,上海,综合,,,集美大学诚毅学院
,major_line_2023,工商管理类,工商管理,,,406,2023,本科批,,40671,406,0,上海,综合,,,集美大学诚毅学院
,major_line_2023,财政学类,财政学,,,406,2023,本科批,,40830,405,0,上海,综合,,,集美大学诚毅学院
,major_line_2023,金融学类,金融学,,,405,2023,本科批,,40830,405,0,上海,综合,,,集美大学诚毅学院
,major_line_2023,航空装备类,航空发动机维修技术,,,243,2023,专科批,,2504,235,0,上海,综合,,,成都航空职业技术学院
,major_line_2023,航空运输类,飞机机电设备维修,,,220,2023,专科批,,4121,206,0,上海,综合,,,成都航空职业技术学院
,major_line_2023,航空装备类,航空发动机维修技术,,,243,2023,专科批,,2504,235,0,上海,综合,,,成都航空职业技术学院
,major_line_2023,航空运输类,飞机机电设备维修,,,220,2023,专科批,,4121,206,0,上海,综合,,,成都航空职业技术学院
,major_line_2023,工商管理类,会计学,,,404,2023,本科批,,41682,400,0,上海,综合,,,辽宁对外经贸学院
,major_line_2023,工商管理类,财务管理,,,400,2023,本科批,,41682,400,0,上海,综合,,,辽宁对外经贸学院
,major_line_2023,金融学类,金融学,,,399,2023,本科批,,41846,399,0,上海,综合,,,辽宁对外经贸学院
,major_line_2023,旅游管理类,会展经济与管理,,,398,2023,本科批,,42024,398,0,上海,综合,,,辽宁对外经贸学院
,major_line_2023,外国语言文学类,俄语,,,398,2023,本科批,,42024,398,0,上海,综合,,,辽宁对外经贸学院
,major_line_2023,外国语言文学类,日语,,,398,2023,本科批,,42024,398,0,上海,综合,,,辽宁对外经贸学院
,major_line_2023,工商管理类,会计学,,,404,2023,本科批,,41682,400,0,上海,综合,,,辽宁对外经贸学院
,major_line_2023,工商管理类,财务管理,,,400,2023,本科批,,41682,400,0,上海,综合,,,辽宁对外经贸学院
,major_line_2023,金融学类,金融学,,,399,2023,本科批,,41846,399,0,上海,综合,,,辽宁对外经贸学院
,major_line_2023,旅游管理类,会展经济与管理,,,398,2023,本科批,,42024,398,0,上海,综合,,,辽宁对外经贸学院
,major_line_2023,外国语言文学类,俄语,,,398,2023,本科批,,42024,398,0,上海,综合,,,辽宁对外经贸学院
,major_line_2023,外国语言文学类,日语,,,398,2023,本科批,,42024,398,0,上海,综合,,,辽宁对外经贸学院
,major_line_2023,电子商务类,电子商务,,,425,2023,本科批,,37110,425,0,上海,综合,,,成都东软学院
,major_line_2023,计算机类,计算机类（含计算机科学与技术、网络工程、物联网工程、智能科学与技术、网络空间安全专业）,,,418,2023,本科批,,38666,417,0,上海,综合,,,成都东软学院
,major_line_2023,工商管理类,财务管理,,,415,2023,本科批,,39977,410,0,上海,综合,,,成都东软学院
,major_line_2023,外国语言文学类,英语,,,406,2023,本科批,,40671,406,0,上海,综合,,,成都东软学院
,major_line_2023,计算机类,计算机类（含计算机科学与技术、网络工程、物联网工程、智能科学与技术、网络空间安全专业）,,,418,2023,本科批,,38666,417,0,上海,综合,,,成都东软学院
,major_line_2023,电子商务类,电子商务,,,425,2023,本科批,,37110,425,0,上海,综合,,,成都东软学院
,major_line_2023,工商管理类,财务管理,,,415,2023,本科批,,39977,410,0,上海,综合,,,成都东软学院
,major_line_2023,外国语言文学类,英语,,,406,2023,本科批,,40671,406,0,上海,综合,,,成都东软学院
,major_line_2023,计算机类,软件工程,,,407,2023,本科批,,40512,407,0,上海,综合,,,云南大学滇池学院
,major_line_2023,计算机类,物联网工程,,,410,2023,本科批,,40671,406,0,上海,综合,,,云南大学滇池学院
,major_line_2023,法学类,法学,,,405,2023,本科批,,40830,405,0,上海,综合,,,云南大学滇池学院
,major_line_2023,中国语言文学类,汉语言文学,,,400,2023,本科批,,41846,399,0,上海,综合,,,云南大学滇池学院
,major_line_2023,计算机类,软件工程,,,407,2023,本科批,,40512,407,0,上海,综合,,,云南大学滇池学院
,major_line_2023,计算机类,物联网工程,,,410,2023,本科批,,40671,406,0,上海,综合,,,云南大学滇池学院
,major_line_2023,法学类,法学,,,405,2023,本科批,,40830,405,0,上海,综合,,,云南大学滇池学院
,major_line_2023,中国语言文学类,汉语言文学,,,400,2023,本科批,,41846,399,0,上海,综合,,,云南大学滇池学院
,major_line_2023,计算机类,数据科学与大数据技术,,,426,2023,本科批,,36906,426,0,上海,综合,,,南昌工学院
,major_line_2023,计算机类,数字媒体技术,,,408,2023,本科批,,40349,408,0,上海,综合,,,南昌工学院
,major_line_2023,计算机类,数据科学与大数据技术,,,426,2023,本科批,,36906,426,0,上海,综合,,,南昌工学院
,major_line_2023,计算机类,数字媒体技术,,,408,2023,本科批,,40349,408,0,上海,综合,,,南昌工学院
,major_line_2023,工商管理类,会计学,,,409,2023,本科批,,40998,404,0,上海,综合,,,天津财经大学珠江学院
,major_line_2023,金融学类,金融学,,,407,2023,本科批,,41342,402,0,上海,综合,,,天津财经大学珠江学院
,major_line_2023,工商管理类,会计学,,,409,2023,本科批,,40998,404,0,上海,综合,,,天津财经大学珠江学院
,major_line_2023,金融学类,金融学,,,407,2023,本科批,,41342,402,0,上海,综合,,,天津财经大学珠江学院
,major_line_2023,电气类,电气工程及其自动化,,,411,2023,本科批,,40174,409,0,上海,综合,,,武昌理工学院
,major_line_2023,电气类,电气工程及其自动化,,,411,2023,本科批,,40174,409,0,上海,综合,,,武昌理工学院
,major_line_2023,金融学类,投资学（金融方向）,,,402,2023,本科批,,41517,401,0,上海,综合,,,武昌理工学院
,major_line_2023,金融学类,投资学（金融方向）,,,402,2023,本科批,,41517,401,0,上海,综合,,,武昌理工学院
,major_line_2023,金融学类,金融学,,,403,2023,本科批,,41342,402,0,上海,综合,,,长春财经学院
,major_line_2023,金融学类,金融学,,,403,2023,本科批,,41342,402,0,上海,综合,,,长春财经学院
,major_line_2023,教育学类,小学教育（师范类）,,,430,2023,本科批,,37931,421,0,上海,综合,,,西安思源学院
,major_line_2023,教育学类,小学教育（师范类）,,,430,2023,本科批,,37931,421,0,上海,综合,,,西安思源学院
,major_line_2023,电子信息类,人工智能,,,414,2023,本科批,,40349,408,0,上海,综合,,,西安思源学院
,major_line_2023,电子信息类,人工智能,,,414,2023,本科批,,40349,408,0,上海,综合,,,西安思源学院
,major_line_2023,管理科学与工程类,大数据管理与应用,,,409,2023,本科批,,41682,400,0,上海,综合,,,上海外国语大学贤达经济人文学院
,major_line_2023,法学类,法学（双语班）,,,416,2023,本科批,,40512,407,0,上海,综合,,,上海外国语大学贤达经济人文学院
,major_line_2023,旅游管理类,会展经济与管理（双语班）,,,412,2023,本科批,,40671,406,0,上海,综合,,,上海外国语大学贤达经济人文学院
,major_line_2023,旅游管理类,会展经济与管理（全英语教学班）,,,406,2023,本科批,,40671,406,0,上海,综合,,,上海外国语大学贤达经济人文学院
,major_line_2023,工商管理类,会计学（全英语教学班）,,,415,2023,本科批,,40830,405,0,上海,综合,,,上海外国语大学贤达经济人文学院
,major_line_2023,工商管理类,会计学（双语班）,,,411,2023,本科批,,40830,405,0,上海,综合,,,上海外国语大学贤达经济人文学院
,major_line_2023,工商管理类,工商管理（全英语教学班）,,,410,2023,本科批,,40830,405,0,上海,综合,,,上海外国语大学贤达经济人文学院
,major_line_2023,经济与贸易类,国际经济与贸易（全英语教学班）,,,410,2023,本科批,,40830,405,0,上海,综合,,,上海外国语大学贤达经济人文学院
,major_line_2023,教育学类,学前教育（双语班）,,,411,2023,本科批,,41342,402,0,上海,综合,,,上海外国语大学贤达经济人文学院
,major_line_2023,金融学类,金融学（全英语教学班）,,,409,2023,本科批,,41342,402,0,上海,综合,,,上海外国语大学贤达经济人文学院
,major_line_2023,新闻传播学类,新闻学（双语班）,,,408,2023,本科批,,41342,402,0,上海,综合,,,上海外国语大学贤达经济人文学院
,major_line_2023,金融学类,金融科技,,,407,2023,本科批,,41342,402,0,上海,综合,,,上海外国语大学贤达经济人文学院
,major_line_2023,法学类,法学（国际经济法方向）,,,433,2023,本科批,,37331,424,0,上海,综合,,,上海外国语大学贤达经济人文学院
,major_line_2023,工商管理类,会计学,,,424,2023,本科批,,38467,418,0,上海,综合,,,上海外国语大学贤达经济人文学院
,major_line_2023,金融学类,金融学,,,420,2023,本科批,,39040,415,0,上海,综合,,,上海外国语大学贤达经济人文学院
,major_line_2023,工商管理类,工商管理,,,420,2023,本科批,,39247,414,0,上海,综合,,,上海外国语大学贤达经济人文学院
,major_line_2023,工商管理类,文化产业管理,,,420,2023,本科批,,39247,414,0,上海,综合,,,上海外国语大学贤达经济人文学院
,major_line_2023,经济与贸易类,国际经济与贸易,,,420,2023,本科批,,39247,414,0,上海,综合,,,上海外国语大学贤达经济人文学院
,major_line_2023,新闻传播学类,广告学,,,419,2023,本科批,,39247,414,0,上海,综合,,,上海外国语大学贤达经济人文学院
,major_line_2023,新闻传播学类,新闻学（新媒体方向）,,,419,2023,本科批,,39247,414,0,上海,综合,,,上海外国语大学贤达经济人文学院
,major_line_2023,旅游管理类,旅游管理,,,418,2023,本科批,,39247,414,0,上海,综合,,,上海外国语大学贤达经济人文学院
,major_line_2023,法学类,法学（国际经济法方向）,,,433,2023,本科批,,37331,424,0,上海,综合,,,上海外国语大学贤达经济人文学院
,major_line_2023,工商管理类,会计学,,,424,2023,本科批,,38467,418,0,上海,综合,,,上海外国语大学贤达经济人文学院
,major_line_2023,金融学类,金融学,,,420,2023,本科批,,39040,415,0,上海,综合,,,上海外国语大学贤达经济人文学院
,major_line_2023,工商管理类,工商管理,,,420,2023,本科批,,39247,414,0,上海,综合,,,上海外国语大学贤达经济人文学院
,major_line_2023,工商管理类,文化产业管理,,,420,2023,本科批,,39247,414,0,上海,综合,,,上海外国语大学贤达经济人文学院
,major_line_2023,经济与贸易类,国际经济与贸易,,,420,2023,本科批,,39247,414,0,上海,综合,,,上海外国语大学贤达经济人文学院
,major_line_2023,新闻传播学类,广告学,,,419,2023,本科批,,39247,414,0,上海,综合,,,上海外国语大学贤达经济人文学院
,major_line_2023,新闻传播学类,新闻学（新媒体方向）,,,419,2023,本科批,,39247,414,0,上海,综合,,,上海外国语大学贤达经济人文学院
,major_line_2023,旅游管理类,旅游管理,,,418,2023,本科批,,39247,414,0,上海,综合,,,上海外国语大学贤达经济人文学院
,major_line_2023,法学类,法学（双语班）,,,416,2023,本科批,,40512,407,0,上海,综合,,,上海外国语大学贤达经济人文学院
,major_line_2023,旅游管理类,会展经济与管理（双语班）,,,412,2023,本科批,,40671,406,0,上海,综合,,,上海外国语大学贤达经济人文学院
,major_line_2023,旅游管理类,会展经济与管理（全英语教学班）,,,406,2023,本科批,,40671,406,0,上海,综合,,,上海外国语大学贤达经济人文学院
,major_line_2023,工商管理类,会计学（全英语教学班）,,,415,2023,本科批,,40830,405,0,上海,综合,,,上海外国语大学贤达经济人文学院
,major_line_2023,外国语言文学类,日语,,,412,2023,本科批,,40830,405,0,上海,综合,,,上海外国语大学贤达经济人文学院
,major_line_2023,外国语言文学类,英语,,,412,2023,本科批,,40830,405,0,上海,综合,,,上海外国语大学贤达经济人文学院
,major_line_2023,工商管理类,会计学（双语班）,,,411,2023,本科批,,40830,405,0,上海,综合,,,上海外国语大学贤达经济人文学院
,major_line_2023,工商管理类,工商管理（全英语教学班）,,,410,2023,本科批,,40830,405,0,上海,综合,,,上海外国语大学贤达经济人文学院
,major_line_2023,外国语言文学类,阿拉伯语,,,410,2023,本科批,,40830,405,0,上海,综合,,,上海外国语大学贤达经济人文学院
,major_line_2023,经济与贸易类,国际经济与贸易（全英语教学班）,,,410,2023,本科批,,40830,405,0,上海,综合,,,上海外国语大学贤达经济人文学院
,major_line_2023,外国语言文学类,法语（商务方向）,,,404,2023,本科批,,40998,404,0,上海,综合,,,上海外国语大学贤达经济人文学院
,major_line_2023,教育学类,学前教育（双语班）,,,411,2023,本科批,,41342,402,0,上海,综合,,,上海外国语大学贤达经济人文学院
,major_line_2023,金融学类,金融学（全英语教学班）,,,409,2023,本科批,,41342,402,0,上海,综合,,,上海外国语大学贤达经济人文学院
,major_line_2023,新闻传播学类,新闻学（双语班）,,,408,2023,本科批,,41342,402,0,上海,综合,,,上海外国语大学贤达经济人文学院
,major_line_2023,金融学类,金融科技,,,407,2023,本科批,,41342,402,0,上海,综合,,,上海外国语大学贤达经济人文学院
,major_line_2023,外国语言文学类,德语（双语班）,,,418,2023,本科批,,41517,401,0,上海,综合,,,上海外国语大学贤达经济人文学院
,major_line_2023,外国语言文学类,英语（商务方向）,,,412,2023,本科批,,41682,400,0,上海,综合,,,上海外国语大学贤达经济人文学院
,major_line_2023,外国语言文学类,德语（商务方向）,,,410,2023,本科批,,41682,400,0,上海,综合,,,上海外国语大学贤达经济人文学院
,major_line_2023,管理科学与工程类,大数据管理与应用,,,409,2023,本科批,,41682,400,0,上海,综合,,,上海外国语大学贤达经济人文学院
,major_line_2023,外国语言文学类,西班牙语（双语班）,,,408,2023,本科批,,41682,400,0,上海,综合,,,上海外国语大学贤达经济人文学院
,major_line_2023,外国语言文学类,法语（双语班）,,,404,2023,本科批,,41682,400,0,上海,综合,,,上海外国语大学贤达经济人文学院
,major_line_2023,外国语言文学类,朝鲜语,,,402,2023,本科批,,41682,400,0,上海,综合,,,上海外国语大学贤达经济人文学院
,major_line_2023,外国语言文学类,翻译,,,405,2023,本科批,,41846,399,0,上海,综合,,,上海外国语大学贤达经济人文学院
,major_line_2023,外国语言文学类,日语,,,412,2023,本科批,,40830,405,0,上海,综合,,,上海外国语大学贤达经济人文学院
,major_line_2023,外国语言文学类,英语,,,412,2023,本科批,,40830,405,0,上海,综合,,,上海外国语大学贤达经济人文学院
,major_line_2023,外国语言文学类,阿拉伯语,,,410,2023,本科批,,40830,405,0,上海,综合,,,上海外国语大学贤达经济人文学院
,major_line_2023,外国语言文学类,法语（商务方向）,,,404,2023,本科批,,40998,404,0,上海,综合,,,上海外国语大学贤达经济人文学院
,major_line_2023,外国语言文学类,德语（双语班）,,,418,2023,本科批,,41517,401,0,上海,综合,,,上海外国语大学贤达经济人文学院
,major_line_2023,外国语言文学类,英语（商务方向）,,,412,2023,本科批,,41682,400,0,上海,综合,,,上海外国语大学贤达经济人文学院
,major_line_2023,外国语言文学类,德语（商务方向）,,,410,2023,本科批,,41682,400,0,上海,综合,,,上海外国语大学贤达经济人文学院
,major_line_2023,外国语言文学类,西班牙语（双语班）,,,408,2023,本科批,,41682,400,0,上海,综合,,,上海外国语大学贤达经济人文学院
,major_line_2023,外国语言文学类,法语（双语班）,,,404,2023,本科批,,41682,400,0,上海,综合,,,上海外国语大学贤达经济人文学院
,major_line_2023,外国语言文学类,朝鲜语,,,402,2023,本科批,,41682,400,0,上海,综合,,,上海外国语大学贤达经济人文学院
,major_line_2023,外国语言文学类,翻译,,,405,2023,本科批,,41846,399,0,上海,综合,,,上海外国语大学贤达经济人文学院
,major_line_2023,电子信息类,人工智能,,,428,2023,本科批,,37110,425,0,上海,综合,,,南京航空航天大学金城学院
,major_line_2023,自动化类,机器人工程,,,423,2023,本科批,,37730,422,0,上海,综合,,,南京航空航天大学金城学院
,major_line_2023,工商管理类,会计学,,,420,2023,本科批,,38467,418,0,上海,综合,,,南京航空航天大学金城学院
,major_line_2023,经济与贸易类,国际经济与贸易,,,419,2023,本科批,,38666,417,0,上海,综合,,,南京航空航天大学金城学院
,major_line_2023,金融学类,金融学,,,417,2023,本科批,,38666,417,0,上海,综合,,,南京航空航天大学金城学院
,major_line_2023,外国语言文学类,英语（语种:英语）,,,416,2023,本科批,,38855,416,0,上海,综合,,,南京航空航天大学金城学院
,major_line_2023,电子信息类,人工智能,,,428,2023,本科批,,37110,425,0,上海,综合,,,南京航空航天大学金城学院
,major_line_2023,自动化类,机器人工程,,,423,2023,本科批,,37730,422,0,上海,综合,,,南京航空航天大学金城学院
,major_line_2023,工商管理类,会计学,,,420,2023,本科批,,38467,418,0,上海,综合,,,南京航空航天大学金城学院
,major_line_2023,经济与贸易类,国际经济与贸易,,,419,2023,本科批,,38666,417,0,上海,综合,,,南京航空航天大学金城学院
,major_line_2023,金融学类,金融学,,,417,2023,本科批,,38666,417,0,上海,综合,,,南京航空航天大学金城学院
,major_line_2023,外国语言文学类,英语（语种:英语）,,,416,2023,本科批,,38855,416,0,上海,综合,,,南京航空航天大学金城学院
,major_line_2023,临床医学类,临床医学,,,423,2023,本科批,,38092,420,0,上海,综合,,,三峡大学科技学院
,major_line_2023,临床医学类,临床医学,,,423,2023,本科批,,38092,420,0,上海,综合,,,三峡大学科技学院
,major_line_2023,计算机类,计算机类（含计算机科学与技术、数据科学与大数据技术、网络工程、虚拟现实技术专业）,,,418,2023,本科批,,38666,417,0,上海,综合,,,吉利学院
,major_line_2023,机械类,车辆工程,,,415,2023,本科批,,39247,414,0,上海,综合,,,吉利学院
,major_line_2023,计算机类,计算机类（含计算机科学与技术、数据科学与大数据技术、网络工程、虚拟现实技术专业）,,,418,2023,本科批,,38666,417,0,上海,综合,,,吉利学院
,major_line_2023,机械类,车辆工程,,,415,2023,本科批,,39247,414,0,上海,综合,,,吉利学院
,major_line_2023,航空运输类,飞机机电设备维修（中外合作办学）（与加拿大卡纳多文理科学院合作。无色盲、色弱。因用人单位对考生身体素质有要求，女生慎报）（花都赤妮校区）（中外合作办学）,,,238,2023,专科批,,3229,225,0,上海,综合,,,广州民航职业技术学院
,major_line_2023,航空运输类,飞机结构修理（中外合作办学）（与加拿大卡纳多文理科学院合作。无色盲、色弱。因用人单位对考生身体素质有要求，女生慎报）（花都赤妮校区）（中外合作办学）,,,205,2023,专科批,,4157,205,0,上海,综合,,,广州民航职业技术学院
,major_line_2023,电力技术类,机场电工技术（花都赤妮校区）,,,204,2023,专科批,,4195,204,0,上海,综合,,,广州民航职业技术学院
,major_line_2023,航空运输类,机场运行服务与管理（花都赤妮校区）,,,200,2023,专科批,,4309,200,0,上海,综合,,,广州民航职业技术学院
,major_line_2023,航空运输类,飞机电子设备维修（中外合作办学）（与加拿大卡纳多文理科学院合作。无色盲、色弱。因用人单位对考生身体素质有要求，女生慎报）（花都赤妮校区）（中外合作办学）,,,189,2023,专科批,,4578,189,0,上海,综合,,,广州民航职业技术学院
,major_line_2023,航空运输类,民航运输服务（花都赤妮校区）,,,189,2023,专科批,,4578,189,0,上海,综合,,,广州民航职业技术学院
,major_line_2023,旅游类,会展策划与管理（航空会展与酒店管理方向。因用人单位对考生身体素质有要求，身高低于172cm的男生、身高低于162cm的女生及色盲、色弱者慎报）（机场路校区）,,,187,2023,专科批,,4625,187,0,上海,综合,,,广州民航职业技术学院
,major_line_2023,航空运输类,飞机机电设备维修（中外合作办学）（与加拿大卡纳多文理科学院合作。无色盲、色弱。因用人单位对考生身体素质有要求，女生慎报）（花都赤妮校区）（中外合作办学）,,,238,2023,专科批,,3229,225,0,上海,综合,,,广州民航职业技术学院
,major_line_2023,航空运输类,飞机结构修理（中外合作办学）（与加拿大卡纳多文理科学院合作。无色盲、色弱。因用人单位对考生身体素质有要求，女生慎报）（花都赤妮校区）（中外合作办学）,,,205,2023,专科批,,4157,205,0,上海,综合,,,广州民航职业技术学院
,major_line_2023,电力技术类,机场电工技术（花都赤妮校区）,,,204,2023,专科批,,4195,204,0,上海,综合,,,广州民航职业技术学院
,major_line_2023,航空运输类,机场运行服务与管理（花都赤妮校区）,,,200,2023,专科批,,4309,200,0,上海,综合,,,广州民航职业技术学院
,major_line_2023,航空运输类,飞机电子设备维修（中外合作办学）（与加拿大卡纳多文理科学院合作。无色盲、色弱。因用人单位对考生身体素质有要求，女生慎报）（花都赤妮校区）（中外合作办学）,,,189,2023,专科批,,4578,189,0,上海,综合,,,广州民航职业技术学院
,major_line_2023,航空运输类,民航运输服务（花都赤妮校区）,,,189,2023,专科批,,4578,189,0,上海,综合,,,广州民航职业技术学院
,major_line_2023,旅游类,会展策划与管理（航空会展与酒店管理方向。因用人单位对考生身体素质有要求，身高低于172cm的男生、身高低于162cm的女生及色盲、色弱者慎报）（机场路校区）,,,187,2023,专科批,,4625,187,0,上海,综合,,,广州民航职业技术学院
,major_line_2023,计算机类,计算机科学与技术,,,417,2023,本科批,,40174,409,0,上海,综合,,,北京邮电大学世纪学院
,major_line_2023,计算机类,计算机科学与技术,,,417,2023,本科批,,40174,409,0,上海,综合,,,北京邮电大学世纪学院
,major_line_2023,计算机类,计算机科学与技术,,,423,2023,本科批,,38666,417,0,上海,综合,,,武汉华夏理工学院
,major_line_2023,计算机类,计算机科学与技术,,,423,2023,本科批,,38666,417,0,上海,综合,,,武汉华夏理工学院
,major_line_2023,新闻传播学类,网络与新媒体,,,419,2023,本科批,,39977,410,0,上海,综合,,,武汉华夏理工学院
,major_line_2023,新闻传播学类,网络与新媒体,,,419,2023,本科批,,39977,410,0,上海,综合,,,武汉华夏理工学院
,major_line_2023,教育学类,小学教育,,,400,2023,本科批,,41846,399,0,上海,综合,,,首都师范大学科德学院
,major_line_2023,旅游管理类,会展经济与管理（大数据传播方向）,,,399,2023,本科批,,41846,399,0,上海,综合,,,首都师范大学科德学院
,major_line_2023,中国语言文学类,汉语言文学,,,399,2023,本科批,,41846,399,0,上海,综合,,,首都师范大学科德学院
,major_line_2023,教育学类,小学教育,,,400,2023,本科批,,41846,399,0,上海,综合,,,首都师范大学科德学院
,major_line_2023,旅游管理类,会展经济与管理（大数据传播方向）,,,399,2023,本科批,,41846,399,0,上海,综合,,,首都师范大学科德学院
,major_line_2023,中国语言文学类,汉语言文学,,,399,2023,本科批,,41846,399,0,上海,综合,,,首都师范大学科德学院
,major_line_2023,自动化类,机电一体化技术（学府路校区）,,,204,2023,专科批,,4733,181,0,上海,综合,,,石家庄铁路职业技术学院
,major_line_2023,铁道运输类,高速铁路综合维修技术（学府路校区）,,,193,2023,专科批,,5315,158,0,上海,综合,,,石家庄铁路职业技术学院
,major_line_2023,自动化类,电气自动化技术（四水厂路校区）,,,189,2023,专科批,,5361,156,0,上海,综合,,,石家庄铁路职业技术学院
,major_line_2023,铁道运输类,铁道机车运用与维护（学府路校区）,,,178,2023,专科批,,5602,142,0,上海,综合,,,石家庄铁路职业技术学院
,major_line_2023,铁道运输类,铁道供电技术（四水厂路校区）,,,161,2023,专科批,,5691,135,0,上海,综合,,,石家庄铁路职业技术学院
,major_line_2023,自动化类,机电一体化技术（学府路校区）,,,204,2023,专科批,,4733,181,0,上海,综合,,,石家庄铁路职业技术学院
,major_line_2023,铁道运输类,高速铁路综合维修技术（学府路校区）,,,193,2023,专科批,,5315,158,0,上海,综合,,,石家庄铁路职业技术学院
,major_line_2023,自动化类,电气自动化技术（四水厂路校区）,,,189,2023,专科批,,5361,156,0,上海,综合,,,石家庄铁路职业技术学院
,major_line_2023,铁道运输类,铁道机车运用与维护（学府路校区）,,,178,2023,专科批,,5602,142,0,上海,综合,,,石家庄铁路职业技术学院
,major_line_2023,铁道运输类,铁道供电技术（四水厂路校区）,,,161,2023,专科批,,5691,135,0,上海,综合,,,石家庄铁路职业技术学院
,major_line_2023,医学技术类,医学检验技术,,,441,2023,本科批,,33766,441,0,上海,综合,,,北京中医药大学东方学院
,major_line_2023,医学技术类,康复治疗学,,,431,2023,本科批,,35904,431,0,上海,综合,,,北京中医药大学东方学院
,major_line_2023,医学技术类,医学影像技术,,,440,2023,本科批,,36113,430,0,上海,综合,,,北京中医药大学东方学院
,major_line_2023,中医学类,针灸推拿学,,,436,2023,本科批,,36303,429,0,上海,综合,,,北京中医药大学东方学院
,major_line_2023,中医学类,中医学,,,451,2023,本科批,,36503,428,0,上海,综合,,,北京中医药大学东方学院
,major_line_2023,中西医结合类,中西医临床医学,,,434,2023,本科批,,36712,427,0,上海,综合,,,北京中医药大学东方学院
,major_line_2023,医学技术类,口腔医学技术,,,430,2023,本科批,,36712,427,0,上海,综合,,,北京中医药大学东方学院
,major_line_2023,公共管理类,健康服务与管理,,,411,2023,本科批,,39779,411,0,上海,综合,,,北京中医药大学东方学院
,major_line_2023,药学类,药事管理,,,411,2023,本科批,,39779,411,0,上海,综合,,,北京中医药大学东方学院
,major_line_2023,护理学类,护理学,,,412,2023,本科批,,40671,406,0,上海,综合,,,北京中医药大学东方学院
,major_line_2023,医学技术类,医学检验技术,,,441,2023,本科批,,33766,441,0,上海,综合,,,北京中医药大学东方学院
,major_line_2023,医学技术类,康复治疗学,,,431,2023,本科批,,35904,431,0,上海,综合,,,北京中医药大学东方学院
,major_line_2023,医学技术类,医学影像技术,,,440,2023,本科批,,36113,430,0,上海,综合,,,北京中医药大学东方学院
,major_line_2023,中医学类,针灸推拿学,,,436,2023,本科批,,36303,429,0,上海,综合,,,北京中医药大学东方学院
,major_line_2023,中医学类,中医学,,,451,2023,本科批,,36503,428,0,上海,综合,,,北京中医药大学东方学院
,major_line_2023,中西医结合类,中西医临床医学,,,434,2023,本科批,,36712,427,0,上海,综合,,,北京中医药大学东方学院
,major_line_2023,医学技术类,口腔医学技术,,,430,2023,本科批,,36712,427,0,上海,综合,,,北京中医药大学东方学院
,major_line_2023,公共管理类,健康服务与管理,,,411,2023,本科批,,39779,411,0,上海,综合,,,北京中医药大学东方学院
,major_line_2023,药学类,药事管理,,,411,2023,本科批,,39779,411,0,上海,综合,,,北京中医药大学东方学院
,major_line_2023,护理学类,护理学,,,412,2023,本科批,,40671,406,0,上海,综合,,,北京中医药大学东方学院
,major_line_2023,计算机类,物联网工程,,,420,2023,本科批,,39247,414,0,上海,综合,,,大连东软信息学院
,major_line_2023,电子信息类,人工智能,,,409,2023,本科批,,40349,408,0,上海,综合,,,大连东软信息学院
,major_line_2023,计算机类,计算机科学与技术,,,410,2023,本科批,,40830,405,0,上海,综合,,,大连东软信息学院
,major_line_2023,计算机类,物联网工程,,,420,2023,本科批,,39247,414,0,上海,综合,,,大连东软信息学院
,major_line_2023,电子信息类,人工智能,,,409,2023,本科批,,40349,408,0,上海,综合,,,大连东软信息学院
,major_line_2023,计算机类,计算机科学与技术,,,410,2023,本科批,,40830,405,0,上海,综合,,,大连东软信息学院
,major_line_2023,电气类,电气工程及其自动化,,,427,2023,本科批,,36906,426,0,上海,综合,,,南京工业大学浦江学院
,major_line_2023,计算机类,计算机科学与技术,,,428,2023,本科批,,37110,425,0,上海,综合,,,南京工业大学浦江学院
,major_line_2023,自动化类,自动化,,,423,2023,本科批,,37730,422,0,上海,综合,,,南京工业大学浦江学院
,major_line_2023,土木类,建筑环境与能源应用工程,,,423,2023,本科批,,37931,421,0,上海,综合,,,南京工业大学浦江学院
,major_line_2023,交通运输类,交通工程,,,421,2023,本科批,,37931,421,0,上海,综合,,,南京工业大学浦江学院
,major_line_2023,建筑类,建筑学,,,421,2023,本科批,,38092,420,0,上海,综合,,,南京工业大学浦江学院
,major_line_2023,土木类,给排水科学与工程,,,420,2023,本科批,,38092,420,0,上海,综合,,,南京工业大学浦江学院
,major_line_2023,工商管理类,财务管理,,,420,2023,本科批,,38271,419,0,上海,综合,,,南京工业大学浦江学院
,major_line_2023,工商管理类,工商管理,,,414,2023,本科批,,39601,412,0,上海,综合,,,南京工业大学浦江学院
,major_line_2023,工商管理类,市场营销,,,413,2023,本科批,,39779,411,0,上海,综合,,,南京工业大学浦江学院
,major_line_2023,旅游管理类,酒店管理,,,412,2023,本科批,,39977,410,0,上海,综合,,,南京工业大学浦江学院
,major_line_2023,公共管理类,慈善管理,,,411,2023,本科批,,39977,410,0,上海,综合,,,南京工业大学浦江学院
,major_line_2023,外国语言文学类,日语,,,411,2023,本科批,,40174,409,0,上海,综合,,,南京工业大学浦江学院
,major_line_2023,电气类,电气工程及其自动化,,,427,2023,本科批,,36906,426,0,上海,综合,,,南京工业大学浦江学院
,major_line_2023,计算机类,计算机科学与技术,,,428,2023,本科批,,37110,425,0,上海,综合,,,南京工业大学浦江学院
,major_line_2023,自动化类,自动化,,,423,2023,本科批,,37730,422,0,上海,综合,,,南京工业大学浦江学院
,major_line_2023,土木类,建筑环境与能源应用工程,,,423,2023,本科批,,37931,421,0,上海,综合,,,南京工业大学浦江学院
,major_line_2023,建筑类,建筑学,,,421,2023,本科批,,38092,420,0,上海,综合,,,南京工业大学浦江学院
,major_line_2023,土木类,给排水科学与工程,,,420,2023,本科批,,38092,420,0,上海,综合,,,南京工业大学浦江学院
,major_line_2023,工商管理类,财务管理,,,420,2023,本科批,,38271,419,0,上海,综合,,,南京工业大学浦江学院
,major_line_2023,工商管理类,工商管理,,,414,2023,本科批,,39601,412,0,上海,综合,,,南京工业大学浦江学院
,major_line_2023,工商管理类,市场营销,,,413,2023,本科批,,39779,411,0,上海,综合,,,南京工业大学浦江学院
,major_line_2023,旅游管理类,酒店管理,,,412,2023,本科批,,39977,410,0,上海,综合,,,南京工业大学浦江学院
,major_line_2023,公共管理类,慈善管理,,,411,2023,本科批,,39977,410,0,上海,综合,,,南京工业大学浦江学院
,major_line_2023,外国语言文学类,日语,,,411,2023,本科批,,40174,409,0,上海,综合,,,南京工业大学浦江学院
,major_line_2023,交通运输类,交通工程,,,421,2023,本科批,,37931,421,0,上海,综合,,,南京工业大学浦江学院
,major_line_2023,护理学类,护理学（国家一流本科，含护理学行政管理双学士学位项目，含新加坡国立大学等交流生项目。优秀学生可优先进入直博计划）,,,557,2023,本科批,,7041,553,0,上海,综合,,,上海交通大学医学院
,major_line_2023,医学技术类,医学检验技术（法语班）（本硕连读，法语班。中法4+1本硕连读项目；第一年全体赴法语言培训2个月）,,,578,2023,本科批,,3118,575,0,上海,综合,,,上海交通大学医学院
,major_line_2023,医学技术类,医学技术类（含医学检验技术、食品卫生与营养学、医学影像技术、听力与言语康复学专业。含食品卫生与营养学行政管理双学士学位项目，含交大康奈尔2+2项目）（食品卫生与营养学，含麦考瑞大学交流项目）（听力与言语康复学）,,,571,2023,本科批,,4600,566,0,上海,综合,,,上海交通大学医学院
,major_line_2023,临床医学类,临床医学（八年制本博连读，法语班。国家一流本科、卓越医学创新人才计划。第一年全体赴法语言培训2个月；第七年选拔优秀学生赴法进行为期一年的法国外籍住院医师培训或科研培训）,,,609,2023,本科批,,2393,580,0,上海,综合,,,上海交通大学医学院
,major_line_2023,临床医学类,临床医学（八年制本博连读，口腔医学方向。国家一流本科、卓越医学创新人才计划。含卡罗林斯卡医学院等交流项目）,,,602,2023,本科批,,2393,580,0,上海,综合,,,上海交通大学医学院
,major_line_2023,临床医学类,临床医学（八年制本博连读，法语班。国家一流本科、卓越医学创新人才计划。第一年全体赴法语言培训2个月；第七年选拔优秀学生赴法进行为期一年的法国外籍住院医师培训或科研培训）,,,609,2023,本科批,,2393,580,0,上海,综合,,,上海交通大学医学院
,major_line_2023,临床医学类,临床医学（八年制本博连读，口腔医学方向。国家一流本科、卓越医学创新人才计划。含卡罗林斯卡医学院等交流项目）,,,602,2023,本科批,,2393,580,0,上海,综合,,,上海交通大学医学院
,major_line_2023,医学技术类,医学检验技术（法语班）（本硕连读，法语班。中法4+1本硕连读项目；第一年全体赴法语言培训2个月）,,,578,2023,本科批,,3118,575,0,上海,综合,,,上海交通大学医学院
,major_line_2023,医学技术类,医学技术类（含医学检验技术、食品卫生与营养学、医学影像技术、听力与言语康复学专业。含食品卫生与营养学行政管理双学士学位项目，含交大康奈尔2+2项目）（食品卫生与营养学，含麦考瑞大学交流项目）（听力与言语康复学）,,,571,2023,本科批,,4600,566,0,上海,综合,,,上海交通大学医学院
,major_line_2023,护理学类,护理学（国家一流本科，含护理学行政管理双学士学位项目，含新加坡国立大学等交流生项目。优秀学生可优先进入直博计划）,,,557,2023,本科批,,7041,553,0,上海,综合,,,上海交通大学医学院
,major_line_2023,铁道运输类,铁道机车运用与维护,,,253,2023,专科批,,1544,246,0,上海,综合,,,南京铁道职业技术学院
,major_line_2023,铁道运输类,铁道运输类（含铁道交通运营管理、铁道信号自动控制、动车组检修技术、铁道供电技术、高速铁路施工与维护专业）,,,249,2023,专科批,,1901,242,0,上海,综合,,,南京铁道职业技术学院
,major_line_2023,铁道运输类,高速铁路综合维修技术,,,241,2023,专科批,,2070,240,0,上海,综合,,,南京铁道职业技术学院
,major_line_2023,铁道运输类,铁道工程技术,,,242,2023,专科批,,2157,239,0,上海,综合,,,南京铁道职业技术学院
,major_line_2023,城市轨道交通类,城市轨道交通通信信号技术,,,242,2023,专科批,,2339,237,0,上海,综合,,,南京铁道职业技术学院
,major_line_2023,城市轨道交通类,城市轨道交通运营管理,,,245,2023,专科批,,2504,235,0,上海,综合,,,南京铁道职业技术学院
,major_line_2023,城市轨道交通类,城市轨道交通工程技术,,,236,2023,专科批,,2581,234,0,上海,综合,,,南京铁道职业技术学院
,major_line_2023,轨道装备类,城市轨道交通车辆制造与维护,,,235,2023,专科批,,2665,233,0,上海,综合,,,南京铁道职业技术学院
,major_line_2023,城市轨道交通类,城市轨道交通供配电技术,,,234,2023,专科批,,2757,232,0,上海,综合,,,南京铁道职业技术学院
,major_line_2023,城市轨道交通类,城市轨道交通机电技术,,,234,2023,专科批,,2757,232,0,上海,综合,,,南京铁道职业技术学院
,major_line_2023,城市轨道交通类,城市轨道车辆应用技术,,,233,2023,专科批,,2757,232,0,上海,综合,,,南京铁道职业技术学院
,major_line_2023,铁道运输类,铁道机车运用与维护,,,253,2023,专科批,,1544,246,0,上海,综合,,,南京铁道职业技术学院
,major_line_2023,铁道运输类,铁道运输类（含铁道交通运营管理、铁道信号自动控制、动车组检修技术、铁道供电技术、高速铁路施工与维护专业）,,,249,2023,专科批,,1901,242,0,上海,综合,,,南京铁道职业技术学院
,major_line_2023,铁道运输类,高速铁路综合维修技术,,,241,2023,专科批,,2070,240,0,上海,综合,,,南京铁道职业技术学院
,major_line_2023,铁道运输类,铁道工程技术,,,242,2023,专科批,,2157,239,0,上海,综合,,,南京铁道职业技术学院
,major_line_2023,城市轨道交通类,城市轨道交通通信信号技术,,,242,2023,专科批,,2339,237,0,上海,综合,,,南京铁道职业技术学院
,major_line_2023,城市轨道交通类,城市轨道交通运营管理,,,245,2023,专科批,,2504,235,0,上海,综合,,,南京铁道职业技术学院
,major_line_2023,城市轨道交通类,城市轨道交通工程技术,,,236,2023,专科批,,2581,234,0,上海,综合,,,南京铁道职业技术学院
,major_line_2023,轨道装备类,城市轨道交通车辆制造与维护,,,235,2023,专科批,,2665,233,0,上海,综合,,,南京铁道职业技术学院
,major_line_2023,城市轨道交通类,城市轨道交通供配电技术,,,234,2023,专科批,,2757,232,0,上海,综合,,,南京铁道职业技术学院
,major_line_2023,城市轨道交通类,城市轨道交通机电技术,,,234,2023,专科批,,2757,232,0,上海,综合,,,南京铁道职业技术学院
,major_line_2023,城市轨道交通类,城市轨道车辆应用技术,,,233,2023,专科批,,2757,232,0,上海,综合,,,南京铁道职业技术学院
,major_line_2023,经济学类,数字经济,,,397,2023,本科批,,42193,397,0,上海,综合,,,北京金融科技学院
,major_line_2023,金融学类,金融学,,,396,2023,本科批,,42365,396,0,上海,综合,,,北京金融科技学院
,major_line_2023,金融学类,金融工程,,,396,2023,本科批,,42365,396,0,上海,综合,,,北京金融科技学院
,major_line_2023,金融学类,金融科技,,,396,2023,本科批,,42365,396,0,上海,综合,,,北京金融科技学院
,major_line_2023,经济学类,数字经济,,,397,2023,本科批,,42193,397,0,上海,综合,,,北京金融科技学院
,major_line_2023,金融学类,金融学,,,396,2023,本科批,,42365,396,0,上海,综合,,,北京金融科技学院
,major_line_2023,金融学类,金融工程,,,396,2023,本科批,,42365,396,0,上海,综合,,,北京金融科技学院
,major_line_2023,金融学类,金融科技,,,396,2023,本科批,,42365,396,0,上海,综合,,,北京金融科技学院
,major_line_2023,口腔医学类,口腔医学（无色盲、色弱）,,,493,2023,本科批,,21430,493,0,上海,综合,,,昆明医科大学海源学院
,major_line_2023,口腔医学类,口腔医学（无色盲、色弱）,,,493,2023,本科批,,21430,493,0,上海,综合,,,昆明医科大学海源学院
,major_line_2023,临床医学类,临床医学（无色盲、色弱）,,,427,2023,本科批,,36906,426,0,上海,综合,,,昆明医科大学海源学院
,major_line_2023,临床医学类,临床医学（无色盲、色弱）,,,427,2023,本科批,,36906,426,0,上海,综合,,,昆明医科大学海源学院
,major_line_2023,工商管理类,财务管理,,,408,2023,本科批,,41846,399,0,上海,综合,,,长春建筑学院
,major_line_2023,工商管理类,财务管理,,,408,2023,本科批,,41846,399,0,上海,综合,,,长春建筑学院
,major_line_2023,设计学类,艺术设计学,,,522,2023,本科批,,14182,522,0,上海,综合,,,南京艺术学院
,major_line_2023,美术学类,文物保护与修复,,,518,2023,本科批,,15161,518,0,上海,综合,,,南京艺术学院
,major_line_2023,戏剧与影视学类,影视摄影与制作,,,509,2023,本科批,,17377,509,0,上海,综合,,,南京艺术学院
,major_line_2023,工商管理类,文化产业管理,,,504,2023,本科批,,18635,504,0,上海,综合,,,南京艺术学院
,major_line_2023,艺术学理论类,艺术管理,,,503,2023,本科批,,18898,503,0,上海,综合,,,南京艺术学院
,major_line_2023,戏剧与影视学类,戏剧影视文学,,,500,2023,本科批,,19672,500,0,上海,综合,,,南京艺术学院
,major_line_2023,设计学类,艺术设计学,,,522,2023,本科批,,14182,522,0,上海,综合,,,南京艺术学院
,major_line_2023,美术学类,文物保护与修复,,,518,2023,本科批,,15161,518,0,上海,综合,,,南京艺术学院
,major_line_2023,戏剧与影视学类,影视摄影与制作,,,509,2023,本科批,,17377,509,0,上海,综合,,,南京艺术学院
,major_line_2023,工商管理类,文化产业管理,,,504,2023,本科批,,18635,504,0,上海,综合,,,南京艺术学院
,major_line_2023,艺术学理论类,艺术管理,,,503,2023,本科批,,18898,503,0,上海,综合,,,南京艺术学院
,major_line_2023,戏剧与影视学类,戏剧影视文学,,,500,2023,本科批,,19672,500,0,上海,综合,,,南京艺术学院
,major_line_2023,口腔医学类,口腔医学,,,463,2023,本科批,,29706,459,0,上海,综合,,,天津医科大学临床医学院
,major_line_2023,临床医学类,临床医学,,,460,2023,本科批,,29925,458,0,上海,综合,,,天津医科大学临床医学院
,major_line_2023,医学技术类,眼视光学,,,438,2023,本科批,,34625,437,0,上海,综合,,,天津医科大学临床医学院
,major_line_2023,医学技术类,康复治疗学,,,438,2023,本科批,,34853,436,0,上海,综合,,,天津医科大学临床医学院
,major_line_2023,护理学类,护理学,,,421,2023,本科批,,39040,415,0,上海,综合,,,天津医科大学临床医学院
,major_line_2023,法学类,法学,,,414,2023,本科批,,39440,413,0,上海,综合,,,天津医科大学临床医学院
,major_line_2023,公共管理类,公共事业管理,,,414,2023,本科批,,39440,413,0,上海,综合,,,天津医科大学临床医学院
,major_line_2023,口腔医学类,口腔医学,,,463,2023,本科批,,29706,459,0,上海,综合,,,天津医科大学临床医学院
,major_line_2023,临床医学类,临床医学,,,460,2023,本科批,,29925,458,0,上海,综合,,,天津医科大学临床医学院
,major_line_2023,医学技术类,医学检验技术,,,451,2023,本科批,,33327,443,0,上海,综合,,,天津医科大学临床医学院
,major_line_2023,医学技术类,眼视光学,,,438,2023,本科批,,34625,437,0,上海,综合,,,天津医科大学临床医学院
,major_line_2023,医学技术类,康复治疗学,,,438,2023,本科批,,34853,436,0,上海,综合,,,天津医科大学临床医学院
,major_line_2023,护理学类,护理学,,,421,2023,本科批,,39040,415,0,上海,综合,,,天津医科大学临床医学院
,major_line_2023,法学类,法学,,,414,2023,本科批,,39440,413,0,上海,综合,,,天津医科大学临床医学院
,major_line_2023,公共管理类,公共事业管理,,,414,2023,本科批,,39440,413,0,上海,综合,,,天津医科大学临床医学院
,major_line_2023,医学技术类,医学检验技术,,,451,2023,本科批,,33327,443,0,上海,综合,,,天津医科大学临床医学院
,major_line_2023,新闻传播学类,网络与新媒体,,,455,2023,本科批,,38271,419,0,上海,综合,,,西安交通大学城市学院
,major_line_2023,工商管理类,会计学,,,406,2023,本科批,,40671,406,0,上海,综合,,,西安交通大学城市学院
,major_line_2023,新闻传播学类,网络与新媒体,,,455,2023,本科批,,38271,419,0,上海,综合,,,西安交通大学城市学院
,major_line_2023,工商管理类,会计学,,,406,2023,本科批,,40671,406,0,上海,综合,,,西安交通大学城市学院
,major_line_2023,航空运输类,机场运行服务与管理（民航机场气象观测方向）,,,256,2023,专科批,,827,255,0,上海,综合,,,上海民航职业技术学院
,major_line_2023,航空运输类,飞机机电设备维修,,,252,2023,专科批,,1544,246,0,上海,综合,,,上海民航职业技术学院
,major_line_2023,航空运输类,飞机结构修理,,,250,2023,专科批,,1544,246,0,上海,综合,,,上海民航职业技术学院
,major_line_2023,航空运输类,飞机电子设备维修,,,250,2023,专科批,,1723,244,0,上海,综合,,,上海民航职业技术学院
,major_line_2023,航空运输类,"民航运输服务（航空旅游服务方向。高本贯通。入校三年后,通过转段考试进入上海杉达学院旅游管理专业本科段学习。外语单科成绩不低于80分）",,,246,2023,专科批,,1723,244,0,上海,综合,,,上海民航职业技术学院
,major_line_2023,航空运输类,机场运行服务与管理（航空港管理方向）,,,245,2023,专科批,,1901,242,0,上海,综合,,,上海民航职业技术学院
,major_line_2023,航空装备类,飞行器数字化制造技术,,,250,2023,专科批,,1989,241,0,上海,综合,,,上海民航职业技术学院
,major_line_2023,航空运输类,航空地面设备维修,,,242,2023,专科批,,1989,241,0,上海,综合,,,上海民航职业技术学院
,major_line_2023,航空运输类,民航安全技术管理,,,242,2023,专科批,,1989,241,0,上海,综合,,,上海民航职业技术学院
,major_line_2023,航空装备类,航空发动机装配调试技术,,,243,2023,专科批,,2070,240,0,上海,综合,,,上海民航职业技术学院
,major_line_2023,航空装备类,飞行器数字化制造技术（通航飞机制造方向）,,,251,2023,专科批,,2157,239,0,上海,综合,,,上海民航职业技术学院
,major_line_2023,航空运输类,通用航空器维修,,,241,2023,专科批,,2157,239,0,上海,综合,,,上海民航职业技术学院
,major_line_2023,航空装备类,无人机应用技术,,,240,2023,专科批,,2240,238,0,上海,综合,,,上海民航职业技术学院
,major_line_2023,航空运输类,飞机机电设备维修（中外合作办学）（中外合作办学）,,,243,2023,专科批,,2339,237,0,上海,综合,,,上海民航职业技术学院
,major_line_2023,航空运输类,民航运输服务（民航电子商务方向）,,,240,2023,专科批,,2339,237,0,上海,综合,,,上海民航职业技术学院
,major_line_2023,非金属材料类,航空复合材料成型与加工技术,,,238,2023,专科批,,2339,237,0,上海,综合,,,上海民航职业技术学院
,major_line_2023,航空运输类,民航运输服务（航空旅游服务方向）,,,241,2023,专科批,,2426,236,0,上海,综合,,,上海民航职业技术学院
,major_line_2023,航空运输类,机场运行服务与管理（航空器机坪管制方向）,,,238,2023,专科批,,2426,236,0,上海,综合,,,上海民航职业技术学院
,major_line_2023,物流类,航空物流管理,,,237,2023,专科批,,2426,236,0,上海,综合,,,上海民航职业技术学院
,major_line_2023,航空运输类,民航运输服务,,,239,2023,专科批,,2504,235,0,上海,综合,,,上海民航职业技术学院
,major_line_2023,航空运输类,机场运行服务与管理（民航机场气象观测方向）,,,256,2023,专科批,,827,255,0,上海,综合,,,上海民航职业技术学院
,major_line_2023,航空运输类,飞机机电设备维修,,,252,2023,专科批,,1544,246,0,上海,综合,,,上海民航职业技术学院
,major_line_2023,航空运输类,飞机结构修理,,,250,2023,专科批,,1544,246,0,上海,综合,,,上海民航职业技术学院
,major_line_2023,航空运输类,飞机电子设备维修,,,250,2023,专科批,,1723,244,0,上海,综合,,,上海民航职业技术学院
,major_line_2023,航空运输类,"民航运输服务（航空旅游服务方向。高本贯通。入校三年后,通过转段考试进入上海杉达学院旅游管理专业本科段学习。外语单科成绩不低于80分）",,,246,2023,专科批,,1723,244,0,上海,综合,,,上海民航职业技术学院
,major_line_2023,航空运输类,机场运行服务与管理（航空港管理方向）,,,245,2023,专科批,,1901,242,0,上海,综合,,,上海民航职业技术学院
,major_line_2023,航空装备类,飞行器数字化制造技术,,,250,2023,专科批,,1989,241,0,上海,综合,,,上海民航职业技术学院
,major_line_2023,航空运输类,航空地面设备维修,,,242,2023,专科批,,1989,241,0,上海,综合,,,上海民航职业技术学院
,major_line_2023,航空运输类,民航安全技术管理,,,242,2023,专科批,,1989,241,0,上海,综合,,,上海民航职业技术学院
,major_line_2023,航空装备类,航空发动机装配调试技术,,,243,2023,专科批,,2070,240,0,上海,综合,,,上海民航职业技术学院
,major_line_2023,航空装备类,飞行器数字化制造技术（通航飞机制造方向）,,,251,2023,专科批,,2157,239,0,上海,综合,,,上海民航职业技术学院
,major_line_2023,航空运输类,通用航空器维修,,,241,2023,专科批,,2157,239,0,上海,综合,,,上海民航职业技术学院
,major_line_2023,航空装备类,无人机应用技术,,,240,2023,专科批,,2240,238,0,上海,综合,,,上海民航职业技术学院
,major_line_2023,航空运输类,飞机机电设备维修（中外合作办学）（中外合作办学）,,,243,2023,专科批,,2339,237,0,上海,综合,,,上海民航职业技术学院
,major_line_2023,航空运输类,民航运输服务（民航电子商务方向）,,,240,2023,专科批,,2339,237,0,上海,综合,,,上海民航职业技术学院
,major_line_2023,非金属材料类,航空复合材料成型与加工技术,,,238,2023,专科批,,2339,237,0,上海,综合,,,上海民航职业技术学院
,major_line_2023,航空运输类,民航运输服务（航空旅游服务方向）,,,241,2023,专科批,,2426,236,0,上海,综合,,,上海民航职业技术学院
,major_line_2023,航空运输类,机场运行服务与管理（航空器机坪管制方向）,,,238,2023,专科批,,2426,236,0,上海,综合,,,上海民航职业技术学院
,major_line_2023,物流类,航空物流管理,,,237,2023,专科批,,2426,236,0,上海,综合,,,上海民航职业技术学院
,major_line_2023,航空运输类,民航运输服务,,,239,2023,专科批,,2504,235,0,上海,综合,,,上海民航职业技术学院
,major_line_2023,广播影视类,新闻采编与制作,,,215,2023,专科批,,4410,196,0,上海,综合,,,湖南大众传媒职业技术学院
,major_line_2023,广播影视类,新闻采编与制作,,,215,2023,专科批,,4410,196,0,上海,综合,,,湖南大众传媒职业技术学院
,major_line_2023,心理学类,应用心理学（上海市一流本科专业建设点，上海市应用型本科试点专业，含中小学心理咨询与辅导、人力资源管理与测评等方向）,,,450,2023,本科批,,32460,447,0,上海,综合,,,上海师范大学天华学院
,major_line_2023,工商管理类,财务管理（上海市一流本科专业建设点，上海市应用型本科试点专业，财务分析方向）,,,449,2023,本科批,,32676,446,0,上海,综合,,,上海师范大学天华学院
,major_line_2023,公共管理类,健康服务与管理（健康中国战略重点发展的新兴专业，培养行业紧缺的“健康管理+人工智能”方向的本科学历健康管理师）,,,447,2023,本科批,,33094,444,0,上海,综合,,,上海师范大学天华学院
,major_line_2023,工商管理类,国际商务（含国际贸易金融、国际采购与供应链、跨境商务运营方向）,,,445,2023,本科批,,33094,444,0,上海,综合,,,上海师范大学天华学院
,major_line_2023,物流管理与工程类,物流管理（上海市一流本科专业建设点，智慧物流方向。与京东物流上海亚洲一号园区合作共建，毕业后可获得优先就业推荐）,,,445,2023,本科批,,33094,444,0,上海,综合,,,上海师范大学天华学院
,major_line_2023,金融学类,互联网金融（与金融机构和金融科技企业合作培养，含金融科技应用、智能投资顾问及理财服务方向）,,,445,2023,本科批,,33094,444,0,上海,综合,,,上海师范大学天华学院
,major_line_2023,外国语言文学类,日语（在校期间，符合条件者可赴日本合作院校短期留学交流。优秀毕业生可申请免试赴日攻读友好交流大学的硕士研究生）,,,445,2023,本科批,,33327,443,0,上海,综合,,,上海师范大学天华学院
,major_line_2023,工商管理类,财务管理（上海市一流本科专业建设点，上海市应用型本科试点专业。双语教学，ACCA（国际注册会计师方向。专业核心课程英语授课，大学期间可陆续报考ACCA各科目全英文考试，条件符合者可申请英国布鲁克斯大学应用会计荣誉理学士学位））,,,444,2023,本科批,,33766,441,0,上海,综合,,,上海师范大学天华学院
,major_line_2023,工商管理类,财务管理（上海市一流本科专业建设点，上海市应用型本科试点专业。双语教学，CFA）（国际特许金融分析师方向。与美国西弗吉尼亚大学联合培养，学生如满足条件，可赴美国西弗吉尼亚大学学习两年；达到要求，可另获合作院校的学位证书；符合要求的本科毕业生可被合作大学优先录取攻读硕士研究生）,,,442,2023,本科批,,33766,441,0,上海,综合,,,上海师范大学天华学院
,major_line_2023,心理学类,应用心理学（上海市一流本科专业建设点，上海市应用型本科试点专业。与美国北亚利桑那大学联合培养，中外教双语教学。学生如满足条件，可赴美国北亚利桑那大学学习一年；达到要求，可另获合作院校的学位证书；符合要求的本科生毕业后可申请攻读美国大学硕士研究生）（中外合作办学）,,,443,2023,本科批,,34170,439,0,上海,综合,,,上海师范大学天华学院
,major_line_2023,工商管理类,国际商务（与美国北亚利桑那大学联合培养，中外教双语教学。学生如满足条件，可赴美学习1-2年；达到要求，可另获合作院校的学位证书；符合要求的本科毕业生可被合作大学优先录取攻读硕士研究生）（中外合作办学）,,,441,2023,本科批,,34170,439,0,上海,综合,,,上海师范大学天华学院
,major_line_2023,外国语言文学类,英语（上海市一流本科专业建设点，英语教育方向。与美国北亚利桑那大学联合培养，学生如满足条件，可赴美学习一年；达到要求，可另获合作院校的学位证书；符合要求的本科毕业生可申请攻读美国的硕士研究生）,,,439,2023,本科批,,34431,438,0,上海,综合,,,上海师范大学天华学院
,major_line_2023,心理学类,应用心理学（上海市一流本科专业建设点，上海市应用型本科试点专业，含中小学心理咨询与辅导、人力资源管理与测评等方向）,,,450,2023,本科批,,32460,447,0,上海,综合,,,上海师范大学天华学院
,major_line_2023,工商管理类,财务管理（上海市一流本科专业建设点，上海市应用型本科试点专业，财务分析方向）,,,449,2023,本科批,,32676,446,0,上海,综合,,,上海师范大学天华学院
,major_line_2023,公共管理类,健康服务与管理（健康中国战略重点发展的新兴专业，培养行业紧缺的“健康管理+人工智能”方向的本科学历健康管理师）,,,447,2023,本科批,,33094,444,0,上海,综合,,,上海师范大学天华学院
,major_line_2023,工商管理类,国际商务（含国际贸易金融、国际采购与供应链、跨境商务运营方向）,,,445,2023,本科批,,33094,444,0,上海,综合,,,上海师范大学天华学院
,major_line_2023,物流管理与工程类,物流管理（上海市一流本科专业建设点，智慧物流方向。与京东物流上海亚洲一号园区合作共建，毕业后可获得优先就业推荐）,,,445,2023,本科批,,33094,444,0,上海,综合,,,上海师范大学天华学院
,major_line_2023,金融学类,互联网金融（与金融机构和金融科技企业合作培养，含金融科技应用、智能投资顾问及理财服务方向）,,,445,2023,本科批,,33094,444,0,上海,综合,,,上海师范大学天华学院
,major_line_2023,外国语言文学类,日语（在校期间，符合条件者可赴日本合作院校短期留学交流。优秀毕业生可申请免试赴日攻读友好交流大学的硕士研究生）,,,445,2023,本科批,,33327,443,0,上海,综合,,,上海师范大学天华学院
,major_line_2023,工商管理类,财务管理（上海市一流本科专业建设点，上海市应用型本科试点专业。双语教学，ACCA（国际注册会计师方向。专业核心课程英语授课，大学期间可陆续报考ACCA各科目全英文考试，条件符合者可申请英国布鲁克斯大学应用会计荣誉理学士学位））,,,444,2023,本科批,,33766,441,0,上海,综合,,,上海师范大学天华学院
,major_line_2023,工商管理类,财务管理（上海市一流本科专业建设点，上海市应用型本科试点专业。双语教学，CFA）（国际特许金融分析师方向。与美国西弗吉尼亚大学联合培养，学生如满足条件，可赴美国西弗吉尼亚大学学习两年；达到要求，可另获合作院校的学位证书；符合要求的本科毕业生可被合作大学优先录取攻读硕士研究生）,,,442,2023,本科批,,33766,441,0,上海,综合,,,上海师范大学天华学院
,major_line_2023,心理学类,应用心理学（上海市一流本科专业建设点，上海市应用型本科试点专业。与美国北亚利桑那大学联合培养，中外教双语教学。学生如满足条件，可赴美国北亚利桑那大学学习一年；达到要求，可另获合作院校的学位证书；符合要求的本科生毕业后可申请攻读美国大学硕士研究生）（中外合作办学）,,,443,2023,本科批,,34170,439,0,上海,综合,,,上海师范大学天华学院
,major_line_2023,工商管理类,国际商务（与美国北亚利桑那大学联合培养，中外教双语教学。学生如满足条件，可赴美学习1-2年；达到要求，可另获合作院校的学位证书；符合要求的本科毕业生可被合作大学优先录取攻读硕士研究生）（中外合作办学）,,,441,2023,本科批,,34170,439,0,上海,综合,,,上海师范大学天华学院
,major_line_2023,外国语言文学类,英语（上海市一流本科专业建设点，英语教育方向。与美国北亚利桑那大学联合培养，学生如满足条件，可赴美学习一年；达到要求，可另获合作院校的学位证书；符合要求的本科毕业生可申请攻读美国的硕士研究生）,,,439,2023,本科批,,34431,438,0,上海,综合,,,上海师范大学天华学院
,major_line_2023,工商管理类,财务管理,,,420,2023,本科批,,39247,414,0,上海,综合,,,山西工学院
,major_line_2023,物流管理与工程类,物流管理,,,417,2023,本科批,,39440,413,0,上海,综合,,,山西工学院
,major_line_2023,经济与贸易类,国际经济与贸易,,,416,2023,本科批,,39440,413,0,上海,综合,,,山西工学院
,major_line_2023,工商管理类,财务管理,,,420,2023,本科批,,39247,414,0,上海,综合,,,山西工学院
,major_line_2023,物流管理与工程类,物流管理,,,417,2023,本科批,,39440,413,0,上海,综合,,,山西工学院
,major_line_2023,经济与贸易类,国际经济与贸易,,,416,2023,本科批,,39440,413,0,上海,综合,,,山西工学院
,major_line_2023,计算机类,软件工程,,,429,2023,本科批,,36906,426,0,上海,综合,,,上海财经大学浙江学院
,major_line_2023,统计学类,应用统计学（金融统计方向）,,,424,2023,本科批,,37931,421,0,上海,综合,,,上海财经大学浙江学院
,major_line_2023,经济学类,经济统计学,,,422,2023,本科批,,38092,420,0,上海,综合,,,上海财经大学浙江学院
,major_line_2023,工商管理类,会计学（注册会计方向）,,,439,2023,本科批,,35051,435,0,上海,综合,,,上海财经大学浙江学院
,major_line_2023,工商管理类,会计学（国际会计ACCA方向。核心课程采用全英文教学，非英语语种考生慎报）,,,433,2023,本科批,,35697,432,0,上海,综合,,,上海财经大学浙江学院
,major_line_2023,工商管理类,会计学,,,431,2023,本科批,,36303,429,0,上海,综合,,,上海财经大学浙江学院
,major_line_2023,计算机类,软件工程,,,429,2023,本科批,,36906,426,0,上海,综合,,,上海财经大学浙江学院
,major_line_2023,工商管理类,财务管理,,,426,2023,本科批,,37331,424,0,上海,综合,,,上海财经大学浙江学院
,major_line_2023,统计学类,应用统计学（金融统计方向）,,,424,2023,本科批,,37931,421,0,上海,综合,,,上海财经大学浙江学院
,major_line_2023,经济学类,经济统计学,,,422,2023,本科批,,38092,420,0,上海,综合,,,上海财经大学浙江学院
,major_line_2023,工商管理类,人力资源管理,,,420,2023,本科批,,38092,420,0,上海,综合,,,上海财经大学浙江学院
,major_line_2023,经济学类,经济学,,,424,2023,本科批,,38271,419,0,上海,综合,,,上海财经大学浙江学院
,major_line_2023,金融学类,金融学,,,421,2023,本科批,,38467,418,0,上海,综合,,,上海财经大学浙江学院
,major_line_2023,金融学类,保险学,,,419,2023,本科批,,38666,417,0,上海,综合,,,上海财经大学浙江学院
,major_line_2023,外国语言文学类,英语（语种:英语）,,,421,2023,本科批,,38855,416,0,上海,综合,,,上海财经大学浙江学院
,major_line_2023,旅游管理类,会展经济与管理,,,422,2023,本科批,,39040,415,0,上海,综合,,,上海财经大学浙江学院
,major_line_2023,外国语言文学类,商务英语（语种:英语）,,,416,2023,本科批,,39040,415,0,上海,综合,,,上海财经大学浙江学院
,major_line_2023,工商管理类,工商管理,,,417,2023,本科批,,39247,414,0,上海,综合,,,上海财经大学浙江学院
,major_line_2023,物流管理与工程类,物流管理,,,416,2023,本科批,,39440,413,0,上海,综合,,,上海财经大学浙江学院
,major_line_2023,经济与贸易类,国际经济与贸易,,,416,2023,本科批,,39440,413,0,上海,综合,,,上海财经大学浙江学院
,major_line_2023,金融学类,投资学,,,415,2023,本科批,,39440,413,0,上海,综合,,,上海财经大学浙江学院
,major_line_2023,电子商务类,电子商务,,,415,2023,本科批,,39601,412,0,上海,综合,,,上海财经大学浙江学院
,major_line_2023,工商管理类,市场营销,,,414,2023,本科批,,39601,412,0,上海,综合,,,上海财经大学浙江学院
,major_line_2023,工商管理类,国际商务,,,414,2023,本科批,,39601,412,0,上海,综合,,,上海财经大学浙江学院
,major_line_2023,工商管理类,会计学（注册会计方向）,,,439,2023,本科批,,35051,435,0,上海,综合,,,上海财经大学浙江学院
,major_line_2023,工商管理类,会计学（国际会计ACCA方向。核心课程采用全英文教学，非英语语种考生慎报）,,,433,2023,本科批,,35697,432,0,上海,综合,,,上海财经大学浙江学院
,major_line_2023,工商管理类,会计学,,,431,2023,本科批,,36303,429,0,上海,综合,,,上海财经大学浙江学院
,major_line_2023,工商管理类,财务管理,,,426,2023,本科批,,37331,424,0,上海,综合,,,上海财经大学浙江学院
,major_line_2023,工商管理类,人力资源管理,,,420,2023,本科批,,38092,420,0,上海,综合,,,上海财经大学浙江学院
,major_line_2023,经济学类,经济学,,,424,2023,本科批,,38271,419,0,上海,综合,,,上海财经大学浙江学院
,major_line_2023,金融学类,金融学,,,421,2023,本科批,,38467,418,0,上海,综合,,,上海财经大学浙江学院
,major_line_2023,金融学类,保险学,,,419,2023,本科批,,38666,417,0,上海,综合,,,上海财经大学浙江学院
,major_line_2023,外国语言文学类,英语（语种:英语）,,,421,2023,本科批,,38855,416,0,上海,综合,,,上海财经大学浙江学院
,major_line_2023,旅游管理类,会展经济与管理,,,422,2023,本科批,,39040,415,0,上海,综合,,,上海财经大学浙江学院
,major_line_2023,外国语言文学类,商务英语（语种:英语）,,,416,2023,本科批,,39040,415,0,上海,综合,,,上海财经大学浙江学院
,major_line_2023,工商管理类,工商管理,,,417,2023,本科批,,39247,414,0,上海,综合,,,上海财经大学浙江学院
,major_line_2023,物流管理与工程类,物流管理,,,416,2023,本科批,,39440,413,0,上海,综合,,,上海财经大学浙江学院
,major_line_2023,经济与贸易类,国际经济与贸易,,,416,2023,本科批,,39440,413,0,上海,综合,,,上海财经大学浙江学院
,major_line_2023,金融学类,投资学,,,415,2023,本科批,,39440,413,0,上海,综合,,,上海财经大学浙江学院
,major_line_2023,电子商务类,电子商务,,,415,2023,本科批,,39601,412,0,上海,综合,,,上海财经大学浙江学院
,major_line_2023,工商管理类,市场营销,,,414,2023,本科批,,39601,412,0,上海,综合,,,上海财经大学浙江学院
,major_line_2023,工商管理类,国际商务,,,414,2023,本科批,,39601,412,0,上海,综合,,,上海财经大学浙江学院
,major_line_2023,金融学类,金融学,,,401,2023,本科批,,41682,400,0,上海,综合,,,南昌交通学院
,major_line_2023,工商管理类,会计学,,,400,2023,本科批,,41682,400,0,上海,综合,,,南昌交通学院
,major_line_2023,旅游管理类,旅游管理与服务教育,,,400,2023,本科批,,41682,400,0,上海,综合,,,南昌交通学院
,major_line_2023,建筑类,建筑学,,,412,2023,本科批,,40512,407,0,上海,综合,,,南昌交通学院
,major_line_2023,建筑类,建筑学,,,412,2023,本科批,,40512,407,0,上海,综合,,,南昌交通学院
,major_line_2023,金融学类,金融学,,,401,2023,本科批,,41682,400,0,上海,综合,,,南昌交通学院
,major_line_2023,工商管理类,会计学,,,400,2023,本科批,,41682,400,0,上海,综合,,,南昌交通学院
,major_line_2023,旅游管理类,旅游管理与服务教育,,,400,2023,本科批,,41682,400,0,上海,综合,,,南昌交通学院
,major_line_2023,戏剧与影视学类,戏剧影视文学（办学点华山路校区；）,,,553,2023,本科批,,9179,543,0,上海,综合,,,上海戏剧学院
,major_line_2023,艺术学理论类,艺术管理（办学点在昌林路校区；）,,,540,2023,本科批,,10105,539,0,上海,综合,,,上海戏剧学院
,major_line_2023,戏剧与影视学类,广播电视编导（办学点在昌林路校区；）,,,541,2023,本科批,,11977,531,0,上海,综合,,,上海戏剧学院
,major_line_2023,戏剧与影视学类,影视摄影与制作（办学点在昌林路校区；）,,,538,2023,本科批,,11977,531,0,上海,综合,,,上海戏剧学院
,major_line_2023,戏剧与影视学类,戏剧教育（办学点华山路校区；）,,,530,2023,本科批,,13152,526,0,上海,综合,,,上海戏剧学院
,major_line_2023,戏剧与影视学类,戏剧学（办学点华山路校区；）,,,528,2023,本科批,,13152,526,0,上海,综合,,,上海戏剧学院
,major_line_2023,戏剧与影视学类,戏剧影视文学（办学点华山路校区；）,,,553,2023,本科批,,9179,543,0,上海,综合,,,上海戏剧学院
,major_line_2023,艺术学理论类,艺术管理（办学点在昌林路校区；）,,,540,2023,本科批,,10105,539,0,上海,综合,,,上海戏剧学院
,major_line_2023,戏剧与影视学类,广播电视编导（办学点在昌林路校区；）,,,541,2023,本科批,,11977,531,0,上海,综合,,,上海戏剧学院
,major_line_2023,戏剧与影视学类,影视摄影与制作（办学点在昌林路校区；）,,,538,2023,本科批,,11977,531,0,上海,综合,,,上海戏剧学院
,major_line_2023,戏剧与影视学类,戏剧教育（办学点华山路校区；）,,,530,2023,本科批,,13152,526,0,上海,综合,,,上海戏剧学院
,major_line_2023,戏剧与影视学类,戏剧学（办学点华山路校区；）,,,528,2023,本科批,,13152,526,0,上海,综合,,,上海戏剧学院
,major_line_2023,铁道运输类,高速铁路客运服务,,,242,2023,专科批,,1901,242,0,上海,综合,,,武汉交通职业学院
,major_line_2023,旅游类,酒店管理与数字化运营,,,146,2023,专科批,,5540,146,0,上海,综合,,,武汉交通职业学院
,major_line_2023,铁道运输类,高速铁路客运服务,,,242,2023,专科批,,1901,242,0,上海,综合,,,武汉交通职业学院
,major_line_2023,旅游类,酒店管理与数字化运营,,,146,2023,专科批,,5540,146,0,上海,综合,,,武汉交通职业学院
,major_line_2023,管理科学与工程类,工程管理,,,414,2023,本科批,,39247,414,0,上海,综合,,,石家庄铁道大学四方学院
,major_line_2023,电气类,电气工程及其自动化,,,414,2023,本科批,,40174,409,0,上海,综合,,,石家庄铁道大学四方学院
,major_line_2023,电子信息类,电子信息工程,,,411,2023,本科批,,40349,408,0,上海,综合,,,石家庄铁道大学四方学院
,major_line_2023,土木类,土木工程,,,410,2023,本科批,,40512,407,0,上海,综合,,,石家庄铁道大学四方学院
,major_line_2023,工商管理类,会计学,,,420,2023,本科批,,39040,415,0,上海,综合,,,石家庄铁道大学四方学院
,major_line_2023,工商管理类,会计学,,,420,2023,本科批,,39040,415,0,上海,综合,,,石家庄铁道大学四方学院
,major_line_2023,管理科学与工程类,工程管理,,,414,2023,本科批,,39247,414,0,上海,综合,,,石家庄铁道大学四方学院
,major_line_2023,电气类,电气工程及其自动化,,,414,2023,本科批,,40174,409,0,上海,综合,,,石家庄铁道大学四方学院
,major_line_2023,电子信息类,电子信息工程,,,411,2023,本科批,,40349,408,0,上海,综合,,,石家庄铁道大学四方学院
,major_line_2023,土木类,土木工程,,,410,2023,本科批,,40512,407,0,上海,综合,,,石家庄铁道大学四方学院
,major_line_2023,外国语言文学类,德语（外语语种为英语、德语）,,,398,2023,本科批,,42193,397,0,上海,综合,,,黑龙江外国语学院
,major_line_2023,工商管理类,国际商务,,,397,2023,本科批,,42365,396,0,上海,综合,,,黑龙江外国语学院
,major_line_2023,外国语言文学类,日语（精英班）,,,396,2023,本科批,,42528,395,0,上海,综合,,,黑龙江外国语学院
,major_line_2023,外国语言文学类,西班牙语（外语语种为英语、西班牙语）,,,395,2023,本科批,,42528,395,0,上海,综合,,,黑龙江外国语学院
,major_line_2023,外国语言文学类,德语（外语语种为英语、德语）,,,398,2023,本科批,,42193,397,0,上海,综合,,,黑龙江外国语学院
,major_line_2023,工商管理类,国际商务,,,397,2023,本科批,,42365,396,0,上海,综合,,,黑龙江外国语学院
,major_line_2023,外国语言文学类,日语（精英班）,,,396,2023,本科批,,42528,395,0,上海,综合,,,黑龙江外国语学院
,major_line_2023,外国语言文学类,西班牙语（外语语种为英语、西班牙语）,,,395,2023,本科批,,42528,395,0,上海,综合,,,黑龙江外国语学院
,major_line_2023,建设工程管理类,工程造价,,,241,2023,专科批,,1989,241,0,上海,综合,,,四川建筑职业技术学院
,major_line_2023,土建施工类,建筑工程技术,,,208,2023,专科批,,4047,208,0,上海,综合,,,四川建筑职业技术学院
,major_line_2023,建设工程管理类,工程造价,,,241,2023,专科批,,1989,241,0,上海,综合,,,四川建筑职业技术学院
,major_line_2023,土建施工类,建筑工程技术,,,208,2023,专科批,,4047,208,0,上海,综合,,,四川建筑职业技术学院
,major_line_2023,工商管理类,会计学,,,443,2023,本科批,,33327,443,0,上海,综合,,,东南大学成贤学院
,major_line_2023,工商管理类,财务管理,,,442,2023,本科批,,33564,442,0,上海,综合,,,东南大学成贤学院
,major_line_2023,财政学类,税收学,,,441,2023,本科批,,33766,441,0,上海,综合,,,东南大学成贤学院
,major_line_2023,电子商务类,电子商务,,,437,2023,本科批,,34625,437,0,上海,综合,,,东南大学成贤学院
,major_line_2023,物流管理与工程类,物流管理,,,435,2023,本科批,,35051,435,0,上海,综合,,,东南大学成贤学院
,major_line_2023,工商管理类,市场营销,,,434,2023,本科批,,35259,434,0,上海,综合,,,东南大学成贤学院
,major_line_2023,交通运输类,交通工程,,,432,2023,本科批,,36113,430,0,上海,综合,,,东南大学成贤学院
,major_line_2023,工商管理类,会计学,,,443,2023,本科批,,33327,443,0,上海,综合,,,东南大学成贤学院
,major_line_2023,工商管理类,财务管理,,,442,2023,本科批,,33564,442,0,上海,综合,,,东南大学成贤学院
,major_line_2023,财政学类,税收学,,,441,2023,本科批,,33766,441,0,上海,综合,,,东南大学成贤学院
,major_line_2023,电子商务类,电子商务,,,437,2023,本科批,,34625,437,0,上海,综合,,,东南大学成贤学院
,major_line_2023,物流管理与工程类,物流管理,,,435,2023,本科批,,35051,435,0,上海,综合,,,东南大学成贤学院
,major_line_2023,工商管理类,市场营销,,,434,2023,本科批,,35259,434,0,上海,综合,,,东南大学成贤学院
,major_line_2023,交通运输类,交通工程,,,432,2023,本科批,,36113,430,0,上海,综合,,,东南大学成贤学院
,major_line_2023,工商管理类,会计学,,,418,2023,本科批,,39247,414,0,上海,综合,,,无锡太湖学院
,major_line_2023,工商管理类,审计学,,,413,2023,本科批,,39779,411,0,上海,综合,,,无锡太湖学院
,major_line_2023,工商管理类,财务管理,,,411,2023,本科批,,39977,410,0,上海,综合,,,无锡太湖学院
,major_line_2023,金融学类,金融学,,,410,2023,本科批,,40174,409,0,上海,综合,,,无锡太湖学院
,major_line_2023,经济与贸易类,国际经济与贸易,,,411,2023,本科批,,40349,408,0,上海,综合,,,无锡太湖学院
,major_line_2023,外国语言文学类,英语（外语语种为英语、日语）,,,411,2023,本科批,,40512,407,0,上海,综合,,,无锡太湖学院
,major_line_2023,工商管理类,人力资源管理,,,410,2023,本科批,,40512,407,0,上海,综合,,,无锡太湖学院
,major_line_2023,工商管理类,工商管理,,,408,2023,本科批,,40512,407,0,上海,综合,,,无锡太湖学院
,major_line_2023,工商管理类,市场营销,,,407,2023,本科批,,40512,407,0,上海,综合,,,无锡太湖学院
,major_line_2023,工商管理类,会计学,,,418,2023,本科批,,39247,414,0,上海,综合,,,无锡太湖学院
,major_line_2023,工商管理类,审计学,,,413,2023,本科批,,39779,411,0,上海,综合,,,无锡太湖学院
,major_line_2023,工商管理类,财务管理,,,411,2023,本科批,,39977,410,0,上海,综合,,,无锡太湖学院
,major_line_2023,金融学类,金融学,,,410,2023,本科批,,40174,409,0,上海,综合,,,无锡太湖学院
,major_line_2023,经济与贸易类,国际经济与贸易,,,411,2023,本科批,,40349,408,0,上海,综合,,,无锡太湖学院
,major_line_2023,外国语言文学类,英语（外语语种为英语、日语）,,,411,2023,本科批,,40512,407,0,上海,综合,,,无锡太湖学院
,major_line_2023,工商管理类,人力资源管理,,,410,2023,本科批,,40512,407,0,上海,综合,,,无锡太湖学院
,major_line_2023,工商管理类,工商管理,,,408,2023,本科批,,40512,407,0,上海,综合,,,无锡太湖学院
,major_line_2023,工商管理类,市场营销,,,407,2023,本科批,,40512,407,0,上海,综合,,,无锡太湖学院
,major_line_2023,化工与制药类,制药工程,,,431,2023,本科批,,36503,428,0,上海,综合,,,南京师范大学泰州学院
,major_line_2023,生物科学类,生物技术,,,428,2023,本科批,,37531,423,0,上海,综合,,,南京师范大学泰州学院
,major_line_2023,建筑类,风景园林,,,426,2023,本科批,,37931,421,0,上海,综合,,,南京师范大学泰州学院
,major_line_2023,教育学类,小学教育（师范）,,,453,2023,本科批,,32460,447,0,上海,综合,,,南京师范大学泰州学院
,major_line_2023,外国语言文学类,英语（师范）（语种:英语）,,,446,2023,本科批,,32897,445,0,上海,综合,,,南京师范大学泰州学院
,major_line_2023,中国语言文学类,汉语言文学（师范）,,,444,2023,本科批,,33327,443,0,上海,综合,,,南京师范大学泰州学院
,major_line_2023,教育学类,学前教育（师范）,,,439,2023,本科批,,34431,438,0,上海,综合,,,南京师范大学泰州学院
,major_line_2023,中国语言文学类,汉语言文学,,,439,2023,本科批,,35051,435,0,上海,综合,,,南京师范大学泰州学院
,major_line_2023,法学类,法学,,,434,2023,本科批,,35697,432,0,上海,综合,,,南京师范大学泰州学院
,major_line_2023,公共管理类,行政管理,,,433,2023,本科批,,35697,432,0,上海,综合,,,南京师范大学泰州学院
,major_line_2023,工商管理类,财务管理,,,433,2023,本科批,,36113,430,0,上海,综合,,,南京师范大学泰州学院
,major_line_2023,经济与贸易类,国际经济与贸易,,,433,2023,本科批,,36113,430,0,上海,综合,,,南京师范大学泰州学院
,major_line_2023,外国语言文学类,英语（语种:英语）,,,432,2023,本科批,,36113,430,0,上海,综合,,,南京师范大学泰州学院
,major_line_2023,教育学类,小学教育（师范）,,,453,2023,本科批,,32460,447,0,上海,综合,,,南京师范大学泰州学院
,major_line_2023,外国语言文学类,英语（师范）（语种:英语）,,,446,2023,本科批,,32897,445,0,上海,综合,,,南京师范大学泰州学院
,major_line_2023,中国语言文学类,汉语言文学（师范）,,,444,2023,本科批,,33327,443,0,上海,综合,,,南京师范大学泰州学院
,major_line_2023,教育学类,学前教育（师范）,,,439,2023,本科批,,34431,438,0,上海,综合,,,南京师范大学泰州学院
,major_line_2023,中国语言文学类,汉语言文学,,,439,2023,本科批,,35051,435,0,上海,综合,,,南京师范大学泰州学院
,major_line_2023,法学类,法学,,,434,2023,本科批,,35697,432,0,上海,综合,,,南京师范大学泰州学院
,major_line_2023,公共管理类,行政管理,,,433,2023,本科批,,35697,432,0,上海,综合,,,南京师范大学泰州学院
,major_line_2023,工商管理类,财务管理,,,433,2023,本科批,,36113,430,0,上海,综合,,,南京师范大学泰州学院
,major_line_2023,经济与贸易类,国际经济与贸易,,,433,2023,本科批,,36113,430,0,上海,综合,,,南京师范大学泰州学院
,major_line_2023,外国语言文学类,英语（语种:英语）,,,432,2023,本科批,,36113,430,0,上海,综合,,,南京师范大学泰州学院
,major_line_2023,化工与制药类,制药工程,,,431,2023,本科批,,36503,428,0,上海,综合,,,南京师范大学泰州学院
,major_line_2023,生物科学类,生物技术,,,428,2023,本科批,,37531,423,0,上海,综合,,,南京师范大学泰州学院
,major_line_2023,建筑类,风景园林,,,426,2023,本科批,,37931,421,0,上海,综合,,,南京师范大学泰州学院
,major_line_2023,测绘地理信息类,无人机测绘技术,,,187,2023,专科批,,4625,187,0,上海,综合,,,上海震旦职业学院
,major_line_2023,药学类,药学（色盲、色弱者不宜）,,,199,2023,专科批,,5340,157,0,上海,综合,,,上海震旦职业学院
,major_line_2023,广播影视类,传播与策划,,,153,2023,专科批,,5794,126,0,上海,综合,,,上海震旦职业学院
,major_line_2023,护理类,护理（色盲、色弱者不宜）,,,183,2023,专科批,,5939,110,0,上海,综合,,,上海震旦职业学院
,major_line_2023,自动化类,机电一体化技术,,,146,2023,专科批,,5950,109,0,上海,综合,,,上海震旦职业学院
,major_line_2023,教育类,学前教育（口吃者不宜）,,,115,2023,专科批,,5962,107,0,上海,综合,,,上海震旦职业学院
,major_line_2023,计算机类,数字媒体技术,,,161,2023,专科批,,5991,103,0,上海,综合,,,上海震旦职业学院
,major_line_2023,测绘地理信息类,无人机测绘技术,,,187,2023,专科批,,4625,187,0,上海,综合,,,上海震旦职业学院
,major_line_2023,药学类,药学（色盲、色弱者不宜）,,,199,2023,专科批,,5340,157,0,上海,综合,,,上海震旦职业学院
,major_line_2023,广播影视类,传播与策划,,,153,2023,专科批,,5794,126,0,上海,综合,,,上海震旦职业学院
,major_line_2023,护理类,护理（色盲、色弱者不宜）,,,183,2023,专科批,,5939,110,0,上海,综合,,,上海震旦职业学院
,major_line_2023,自动化类,机电一体化技术,,,146,2023,专科批,,5950,109,0,上海,综合,,,上海震旦职业学院
,major_line_2023,教育类,学前教育（口吃者不宜）,,,115,2023,专科批,,5962,107,0,上海,综合,,,上海震旦职业学院
,major_line_2023,计算机类,数字媒体技术,,,161,2023,专科批,,5991,103,0,上海,综合,,,上海震旦职业学院
,major_line_2023,铁道运输类,铁道机车运用与维护,,,222,2023,专科批,,3387,222,0,上海,综合,,,哈尔滨铁道职业技术学院
,major_line_2023,铁道运输类,铁道工程技术,,,202,2023,专科批,,4947,172,0,上海,综合,,,哈尔滨铁道职业技术学院
,major_line_2023,铁道运输类,铁道机车运用与维护,,,222,2023,专科批,,3387,222,0,上海,综合,,,哈尔滨铁道职业技术学院
,major_line_2023,铁道运输类,铁道工程技术,,,202,2023,专科批,,4947,172,0,上海,综合,,,哈尔滨铁道职业技术学院
,major_line_2023,外国语言文学类,西班牙语,,,415,2023,本科批,,39247,414,0,上海,综合,,,重庆外语外事学院
,major_line_2023,外国语言文学类,日语,,,403,2023,本科批,,41517,401,0,上海,综合,,,重庆外语外事学院
,major_line_2023,外国语言文学类,西班牙语,,,415,2023,本科批,,39247,414,0,上海,综合,,,重庆外语外事学院
,major_line_2023,外国语言文学类,日语,,,403,2023,本科批,,41517,401,0,上海,综合,,,重庆外语外事学院
,major_line_2023,铁道运输类,铁道工程技术,,,209,2023,专科批,,4625,187,0,上海,综合,,,西安铁路职业技术学院
,major_line_2023,铁道运输类,铁道工程技术,,,209,2023,专科批,,4625,187,0,上海,综合,,,西安铁路职业技术学院
,major_line_2023,中国语言文学类,汉语国际教育,,,410,2023,本科批,,40512,407,0,上海,综合,,,聊城大学东昌学院
,major_line_2023,中国语言文学类,汉语国际教育,,,410,2023,本科批,,40512,407,0,上海,综合,,,聊城大学东昌学院
,major_line_2023,畜牧业类,动物医学,,,229,2023,专科批,,4157,205,0,上海,综合,,,山东畜牧兽医职业学院
,major_line_2023,畜牧业类,动物医学,,,229,2023,专科批,,4157,205,0,上海,综合,,,山东畜牧兽医职业学院
,major_line_2023,医学技术类,医学影像技术（无色盲、色弱）,,,252,2023,专科批,,1815,243,0,上海,综合,,,安徽医学高等专科学校
,major_line_2023,医学技术类,医学检验技术（无色盲、色弱）,,,236,2023,专科批,,2581,234,0,上海,综合,,,安徽医学高等专科学校
,major_line_2023,临床医学类,临床医学（无色盲、色弱）,,,236,2023,专科批,,2757,232,0,上海,综合,,,安徽医学高等专科学校
,major_line_2023,公共卫生与卫生管理类,卫生信息管理,,,227,2023,专科批,,3169,226,0,上海,综合,,,安徽医学高等专科学校
,major_line_2023,健康管理与促进类,婴幼儿托育服务与管理,,,221,2023,专科批,,3490,220,0,上海,综合,,,安徽医学高等专科学校
,major_line_2023,医学技术类,医学影像技术（无色盲、色弱）,,,252,2023,专科批,,1815,243,0,上海,综合,,,安徽医学高等专科学校
,major_line_2023,医学技术类,医学检验技术（无色盲、色弱）,,,236,2023,专科批,,2581,234,0,上海,综合,,,安徽医学高等专科学校
,major_line_2023,临床医学类,临床医学（无色盲、色弱）,,,236,2023,专科批,,2757,232,0,上海,综合,,,安徽医学高等专科学校
,major_line_2023,公共卫生与卫生管理类,卫生信息管理,,,227,2023,专科批,,3169,226,0,上海,综合,,,安徽医学高等专科学校
,major_line_2023,健康管理与促进类,婴幼儿托育服务与管理,,,221,2023,专科批,,3490,220,0,上海,综合,,,安徽医学高等专科学校
,major_line_2023,临床医学类,口腔医学,,,253,2023,专科批,,969,253,0,上海,综合,,,天津医学高等专科学校
,major_line_2023,护理类,护理,,,246,2023,专科批,,1544,246,0,上海,综合,,,天津医学高等专科学校
,major_line_2023,康复治疗类,康复治疗技术,,,243,2023,专科批,,1901,242,0,上海,综合,,,天津医学高等专科学校
,major_line_2023,中医药类,针灸推拿,,,243,2023,专科批,,1989,241,0,上海,综合,,,天津医学高等专科学校
,major_line_2023,医学技术类,医学检验技术,,,241,2023,专科批,,1989,241,0,上海,综合,,,天津医学高等专科学校
,major_line_2023,健康管理与促进类,医学营养,,,241,2023,专科批,,1989,241,0,上海,综合,,,天津医学高等专科学校
,major_line_2023,护理类,护理（社区护理方向）,,,232,2023,专科批,,2757,232,0,上海,综合,,,天津医学高等专科学校
,major_line_2023,临床医学类,口腔医学,,,253,2023,专科批,,969,253,0,上海,综合,,,天津医学高等专科学校
,major_line_2023,护理类,护理,,,246,2023,专科批,,1544,246,0,上海,综合,,,天津医学高等专科学校
,major_line_2023,康复治疗类,康复治疗技术,,,243,2023,专科批,,1901,242,0,上海,综合,,,天津医学高等专科学校
,major_line_2023,中医药类,针灸推拿,,,243,2023,专科批,,1989,241,0,上海,综合,,,天津医学高等专科学校
,major_line_2023,医学技术类,医学检验技术,,,241,2023,专科批,,1989,241,0,上海,综合,,,天津医学高等专科学校
,major_line_2023,健康管理与促进类,医学营养,,,241,2023,专科批,,1989,241,0,上海,综合,,,天津医学高等专科学校
,major_line_2023,护理类,护理（社区护理方向）,,,232,2023,专科批,,2757,232,0,上海,综合,,,天津医学高等专科学校
,major_line_2023,工商管理类,会计学（注册会计师方向）,,,406,2023,本科批,,40671,406,0,上海,综合,,,武汉纺织大学外经贸学院
,major_line_2023,计算机类,计算机科学与技术,,,423,2023,本科批,,37531,423,0,上海,综合,,,武汉纺织大学外经贸学院
,major_line_2023,计算机类,计算机科学与技术,,,423,2023,本科批,,37531,423,0,上海,综合,,,武汉纺织大学外经贸学院
,major_line_2023,工商管理类,会计学（注册会计师方向）,,,406,2023,本科批,,40671,406,0,上海,综合,,,武汉纺织大学外经贸学院
,major_line_2023,工商管理类,会计学,,,423,2023,本科批,,37730,422,0,上海,综合,,,江苏大学京江学院
,major_line_2023,外国语言文学类,英语,,,420,2023,本科批,,38271,419,0,上海,综合,,,江苏大学京江学院
,major_line_2023,工商管理类,会计学,,,423,2023,本科批,,37730,422,0,上海,综合,,,江苏大学京江学院
,major_line_2023,外国语言文学类,英语,,,420,2023,本科批,,38271,419,0,上海,综合,,,江苏大学京江学院
,major_line_2023,金融学类,金融学,,,442,2023,本科批,,33564,442,0,上海,综合,,,南京理工大学紫金学院
,major_line_2023,工商管理类,会计学,,,437,2023,本科批,,34853,436,0,上海,综合,,,南京理工大学紫金学院
,major_line_2023,公共管理类,公共事业管理,,,434,2023,本科批,,35473,433,0,上海,综合,,,南京理工大学紫金学院
,major_line_2023,计算机类,软件工程,,,433,2023,本科批,,35473,433,0,上海,综合,,,南京理工大学紫金学院
,major_line_2023,经济与贸易类,国际经济与贸易,,,432,2023,本科批,,35904,431,0,上海,综合,,,南京理工大学紫金学院
,major_line_2023,外国语言文学类,英语,,,431,2023,本科批,,35904,431,0,上海,综合,,,南京理工大学紫金学院
,major_line_2023,电气类,电气工程及其自动化,,,431,2023,本科批,,36303,429,0,上海,综合,,,南京理工大学紫金学院
,major_line_2023,电子信息类,人工智能,,,431,2023,本科批,,36503,428,0,上海,综合,,,南京理工大学紫金学院
,major_line_2023,电子信息类,通信工程,,,428,2023,本科批,,36712,427,0,上海,综合,,,南京理工大学紫金学院
,major_line_2023,计算机类,软件工程,,,433,2023,本科批,,35473,433,0,上海,综合,,,南京理工大学紫金学院
,major_line_2023,电气类,电气工程及其自动化,,,431,2023,本科批,,36303,429,0,上海,综合,,,南京理工大学紫金学院
,major_line_2023,电子信息类,人工智能,,,431,2023,本科批,,36503,428,0,上海,综合,,,南京理工大学紫金学院
,major_line_2023,电子信息类,通信工程,,,428,2023,本科批,,36712,427,0,上海,综合,,,南京理工大学紫金学院
,major_line_2023,金融学类,金融学,,,442,2023,本科批,,33564,442,0,上海,综合,,,南京理工大学紫金学院
,major_line_2023,工商管理类,会计学,,,437,2023,本科批,,34853,436,0,上海,综合,,,南京理工大学紫金学院
,major_line_2023,公共管理类,公共事业管理,,,434,2023,本科批,,35473,433,0,上海,综合,,,南京理工大学紫金学院
,major_line_2023,经济与贸易类,国际经济与贸易,,,432,2023,本科批,,35904,431,0,上海,综合,,,南京理工大学紫金学院
,major_line_2023,外国语言文学类,英语,,,431,2023,本科批,,35904,431,0,上海,综合,,,南京理工大学紫金学院
,major_line_2023,机械类,机械设计制造及其自动化,,,422,2023,本科批,,37931,421,0,上海,综合,,,中国计量大学现代科技学院
,major_line_2023,电气类,电气工程及其自动化,,,418,2023,本科批,,38467,418,0,上海,综合,,,中国计量大学现代科技学院
,major_line_2023,仪器类,测控技术与仪器,,,417,2023,本科批,,38855,416,0,上海,综合,,,中国计量大学现代科技学院
,major_line_2023,自动化类,自动化,,,416,2023,本科批,,38855,416,0,上海,综合,,,中国计量大学现代科技学院
,major_line_2023,工业工程类,质量管理工程,,,417,2023,本科批,,39040,415,0,上海,综合,,,中国计量大学现代科技学院
,major_line_2023,工商管理类,工商管理,,,424,2023,本科批,,37331,424,0,上海,综合,,,中国计量大学现代科技学院
,major_line_2023,工商管理类,市场营销,,,423,2023,本科批,,37531,423,0,上海,综合,,,中国计量大学现代科技学院
,major_line_2023,机械类,机械设计制造及其自动化,,,422,2023,本科批,,37931,421,0,上海,综合,,,中国计量大学现代科技学院
,major_line_2023,电气类,电气工程及其自动化,,,418,2023,本科批,,38467,418,0,上海,综合,,,中国计量大学现代科技学院
,major_line_2023,仪器类,测控技术与仪器,,,417,2023,本科批,,38855,416,0,上海,综合,,,中国计量大学现代科技学院
,major_line_2023,自动化类,自动化,,,416,2023,本科批,,38855,416,0,上海,综合,,,中国计量大学现代科技学院
,major_line_2023,工业工程类,质量管理工程,,,417,2023,本科批,,39040,415,0,上海,综合,,,中国计量大学现代科技学院
,major_line_2023,工商管理类,工商管理,,,424,2023,本科批,,37331,424,0,上海,综合,,,中国计量大学现代科技学院
,major_line_2023,工商管理类,市场营销,,,423,2023,本科批,,37531,423,0,上海,综合,,,中国计量大学现代科技学院
,major_line_2023,艺术学理论类,艺术管理,,,520,2023,本科批,,16423,513,0,上海,综合,,,上海音乐学院
,major_line_2023,艺术学理论类,艺术管理,,,520,2023,本科批,,16423,513,0,上海,综合,,,上海音乐学院
,major_line_2023,设计学类,艺术与科技（语种:不限音乐科技与艺术方向）,,,513,2023,本科批,,17863,507,0,上海,综合,,,上海音乐学院
,major_line_2023,设计学类,艺术与科技（语种:不限音乐科技与艺术方向）,,,513,2023,本科批,,17863,507,0,上海,综合,,,上海音乐学院
,major_line_2023,经济与贸易类,国际经济与贸易,,,402,2023,本科批,,41342,402,0,上海,综合,,,北京工业大学耿丹学院
,major_line_2023,计算机类,计算机类（含计算机科学与技术、物联网工程专业）,,,410,2023,本科批,,40349,408,0,上海,综合,,,北京工业大学耿丹学院
,major_line_2023,电子信息类,电子信息类（含电子信息工程、通信工程专业）,,,409,2023,本科批,,41160,403,0,上海,综合,,,北京工业大学耿丹学院
,major_line_2023,计算机类,计算机类（含计算机科学与技术、物联网工程专业）,,,410,2023,本科批,,40349,408,0,上海,综合,,,北京工业大学耿丹学院
,major_line_2023,电子信息类,电子信息类（含电子信息工程、通信工程专业）,,,409,2023,本科批,,41160,403,0,上海,综合,,,北京工业大学耿丹学院
,major_line_2023,经济与贸易类,国际经济与贸易,,,402,2023,本科批,,41342,402,0,上海,综合,,,北京工业大学耿丹学院
,major_line_2023,轨道装备类,铁道机车车辆制造与维护（男生身高170cm）（含以上，女生身高163cm）（含以上）,,,215,2023,专科批,,4121,206,0,上海,综合,,,湖南铁道职业技术学院
,major_line_2023,铁道运输类,铁道机车运用与维护（男生身高170cm）（含以上。女生慎报）,,,0,2023,专科批,,4410,196,0,上海,综合,,,湖南铁道职业技术学院
,major_line_2023,铁道运输类,动车组检修技术（男生身高170cm）（含以上，女生身高163cm）（含以上）,,,193,2023,专科批,,5382,155,0,上海,综合,,,湖南铁道职业技术学院
,major_line_2023,轨道装备类,铁道机车车辆制造与维护（男生身高170cm）（含以上，女生身高163cm）（含以上）,,,215,2023,专科批,,4121,206,0,上海,综合,,,湖南铁道职业技术学院
,major_line_2023,铁道运输类,铁道机车运用与维护（男生身高170cm）（含以上。女生慎报）,,,0,2023,专科批,,4410,196,0,上海,综合,,,湖南铁道职业技术学院
,major_line_2023,铁道运输类,动车组检修技术（男生身高170cm）（含以上，女生身高163cm）（含以上）,,,193,2023,专科批,,5382,155,0,上海,综合,,,湖南铁道职业技术学院
,major_line_2023,工商管理类,财务管理,,,417,2023,本科批,,38666,417,0,上海,综合,,,天津理工大学中环信息学院
,major_line_2023,工商管理类,人力资源管理,,,415,2023,本科批,,39040,415,0,上海,综合,,,天津理工大学中环信息学院
,major_line_2023,物流管理与工程类,物流管理,,,411,2023,本科批,,39779,411,0,上海,综合,,,天津理工大学中环信息学院
,major_line_2023,电气类,电气工程及其自动化,,,410,2023,本科批,,39977,410,0,上海,综合,,,天津理工大学中环信息学院
,major_line_2023,计算机类,软件工程,,,407,2023,本科批,,40512,407,0,上海,综合,,,天津理工大学中环信息学院
,major_line_2023,电气类,电气工程及其自动化,,,410,2023,本科批,,39977,410,0,上海,综合,,,天津理工大学中环信息学院
,major_line_2023,计算机类,软件工程,,,407,2023,本科批,,40512,407,0,上海,综合,,,天津理工大学中环信息学院
,major_line_2023,工商管理类,财务管理,,,417,2023,本科批,,38666,417,0,上海,综合,,,天津理工大学中环信息学院
,major_line_2023,工商管理类,人力资源管理,,,415,2023,本科批,,39040,415,0,上海,综合,,,天津理工大学中环信息学院
,major_line_2023,物流管理与工程类,物流管理,,,411,2023,本科批,,39779,411,0,上海,综合,,,天津理工大学中环信息学院
,major_line_2023,工商管理类,财务管理,,,402,2023,本科批,,42365,396,0,上海,综合,,,上海立达学院
,major_line_2023,金融学类,金融科技,,,401,2023,本科批,,42365,396,0,上海,综合,,,上海立达学院
,major_line_2023,中国语言文学类,汉语言文学,,,401,2023,本科批,,42365,396,0,上海,综合,,,上海立达学院
,major_line_2023,工商管理类,国际商务,,,400,2023,本科批,,42365,396,0,上海,综合,,,上海立达学院
,major_line_2023,工商管理类,会计学,,,400,2023,本科批,,42365,396,0,上海,综合,,,上海立达学院
,major_line_2023,电子信息类,人工智能,,,408,2023,本科批,,41517,401,0,上海,综合,,,上海立达学院
,major_line_2023,计算机类,数据科学与大数据技术,,,407,2023,本科批,,41517,401,0,上海,综合,,,上海立达学院
,major_line_2023,工商管理类,财务管理,,,402,2023,本科批,,42365,396,0,上海,综合,,,上海立达学院
,major_line_2023,金融学类,金融科技,,,401,2023,本科批,,42365,396,0,上海,综合,,,上海立达学院
,major_line_2023,中国语言文学类,汉语言文学,,,401,2023,本科批,,42365,396,0,上海,综合,,,上海立达学院
,major_line_2023,工商管理类,国际商务,,,400,2023,本科批,,42365,396,0,上海,综合,,,上海立达学院
,major_line_2023,工商管理类,会计学,,,400,2023,本科批,,42365,396,0,上海,综合,,,上海立达学院
,major_line_2023,电子信息类,人工智能,,,408,2023,本科批,,41517,401,0,上海,综合,,,上海立达学院
,major_line_2023,计算机类,数据科学与大数据技术,,,407,2023,本科批,,41517,401,0,上海,综合,,,上海立达学院
,major_line_2023,计算机类,软件技术,,,241,2023,专科批,,1989,241,0,上海,综合,,,常州信息职业技术学院
,major_line_2023,计算机类,大数据技术,,,223,2023,专科批,,3331,223,0,上海,综合,,,常州信息职业技术学院
,major_line_2023,金融类,金融科技应用,,,219,2023,专科批,,3542,219,0,上海,综合,,,常州信息职业技术学院
,major_line_2023,计算机类,人工智能技术应用,,,217,2023,专科批,,3652,217,0,上海,综合,,,常州信息职业技术学院
,major_line_2023,电子商务类,跨境电子商务,,,215,2023,专科批,,3741,215,0,上海,综合,,,常州信息职业技术学院
,major_line_2023,计算机类,软件技术,,,241,2023,专科批,,1989,241,0,上海,综合,,,常州信息职业技术学院
,major_line_2023,计算机类,大数据技术,,,223,2023,专科批,,3331,223,0,上海,综合,,,常州信息职业技术学院
,major_line_2023,金融类,金融科技应用,,,219,2023,专科批,,3542,219,0,上海,综合,,,常州信息职业技术学院
,major_line_2023,计算机类,人工智能技术应用,,,217,2023,专科批,,3652,217,0,上海,综合,,,常州信息职业技术学院
,major_line_2023,电子商务类,跨境电子商务,,,215,2023,专科批,,3741,215,0,上海,综合,,,常州信息职业技术学院
,major_line_2023,临床医学类,临床医学（无色盲、色弱）,,,268,2023,专科批,,344,268,0,上海,综合,,,湖北中医药高等专科学校
,major_line_2023,临床医学类,口腔医学（无色盲、色弱）,,,275,2023,专科批,,360,267,0,上海,综合,,,湖北中医药高等专科学校
,major_line_2023,中医药类,中医学（无色盲、色弱）,,,264,2023,专科批,,424,264,0,上海,综合,,,湖北中医药高等专科学校
,major_line_2023,医学技术类,医学检验技术（无色盲、色弱）,,,261,2023,专科批,,506,261,0,上海,综合,,,湖北中医药高等专科学校
,major_line_2023,中医药类,针灸推拿（无色盲、色弱）,,,256,2023,专科批,,768,256,0,上海,综合,,,湖北中医药高等专科学校
,major_line_2023,中医药类,中药学（无色盲、色弱）,,,254,2023,专科批,,907,254,0,上海,综合,,,湖北中医药高等专科学校
,major_line_2023,护理类,护理（无色盲、色弱）,,,246,2023,专科批,,1544,246,0,上海,综合,,,湖北中医药高等专科学校
,major_line_2023,药品与医疗器械类,智能医疗装备技术,,,246,2023,专科批,,1544,246,0,上海,综合,,,湖北中医药高等专科学校
,major_line_2023,药学类,药学（无色盲、色弱）,,,245,2023,专科批,,1639,245,0,上海,综合,,,湖北中医药高等专科学校
,major_line_2023,临床医学类,临床医学（无色盲、色弱）,,,268,2023,专科批,,344,268,0,上海,综合,,,湖北中医药高等专科学校
,major_line_2023,临床医学类,口腔医学（无色盲、色弱）,,,275,2023,专科批,,360,267,0,上海,综合,,,湖北中医药高等专科学校
,major_line_2023,中医药类,中医学（无色盲、色弱）,,,264,2023,专科批,,424,264,0,上海,综合,,,湖北中医药高等专科学校
,major_line_2023,医学技术类,医学检验技术（无色盲、色弱）,,,261,2023,专科批,,506,261,0,上海,综合,,,湖北中医药高等专科学校
,major_line_2023,中医药类,针灸推拿（无色盲、色弱）,,,256,2023,专科批,,768,256,0,上海,综合,,,湖北中医药高等专科学校
,major_line_2023,中医药类,中药学（无色盲、色弱）,,,254,2023,专科批,,907,254,0,上海,综合,,,湖北中医药高等专科学校
,major_line_2023,护理类,护理（无色盲、色弱）,,,246,2023,专科批,,1544,246,0,上海,综合,,,湖北中医药高等专科学校
,major_line_2023,药品与医疗器械类,智能医疗装备技术,,,246,2023,专科批,,1544,246,0,上海,综合,,,湖北中医药高等专科学校
,major_line_2023,药学类,药学（无色盲、色弱）,,,245,2023,专科批,,1639,245,0,上海,综合,,,湖北中医药高等专科学校
,major_line_2023,计算机类,移动应用开发,,,205,2023,专科批,,4157,205,0,上海,综合,,,江苏建筑职业技术学院
,major_line_2023,城市轨道交通类,城市轨道交通供配电技术,,,209,2023,专科批,,4514,192,0,上海,综合,,,江苏建筑职业技术学院
,major_line_2023,计算机类,移动应用开发,,,205,2023,专科批,,4157,205,0,上海,综合,,,江苏建筑职业技术学院
,major_line_2023,城市轨道交通类,城市轨道交通供配电技术,,,209,2023,专科批,,4514,192,0,上海,综合,,,江苏建筑职业技术学院
,major_line_2023,旅游管理类,酒店管理（国际课程班。设置雅思必修课，核心课程双语授课，可自主选择与海外合作院校本硕培养项目，成绩合格可获得两校本科双学位与海外硕士文凭）,,,399,2023,本科批,,42365,396,0,上海,综合,,,北京第二外国语学院中瑞酒店管理学院
,major_line_2023,金融学类,金融学（国际班。设置雅思必修课，核心课程双语授课，与英国、美国、新西兰、澳大利亚、加拿大等国高校合作开设本硕培养项目，成绩合格可获得两校本科双学位与海外硕士文凭）,,,397,2023,本科批,,42528,395,0,上海,综合,,,北京第二外国语学院中瑞酒店管理学院
,major_line_2023,工商管理类,人力资源管理,,,395,2023,本科批,,42528,395,0,上海,综合,,,北京第二外国语学院中瑞酒店管理学院
,major_line_2023,工商管理类,财务管理,,,395,2023,本科批,,42528,395,0,上海,综合,,,北京第二外国语学院中瑞酒店管理学院
,major_line_2023,工商管理类,财务管理（授课，与英国、美国、新西兰、澳大利亚、加拿大等国高校合作开设本硕培养项目，成绩合格可获得两校本科双学位与海外硕士文凭）,,,395,2023,本科批,,42528,395,0,上海,综合,,,北京第二外国语学院中瑞酒店管理学院
,major_line_2023,公共管理类,健康服务与管理（与日本帝京科学大学联合培养，成绩合格可获得两校双学位）,,,397,2023,本科批,,42683,394,0,上海,综合,,,北京第二外国语学院中瑞酒店管理学院
,major_line_2023,金融学类,金融学,,,396,2023,本科批,,42683,394,0,上海,综合,,,北京第二外国语学院中瑞酒店管理学院
,major_line_2023,旅游管理类,酒店管理（国家级一流本科建设专业）,,,395,2023,本科批,,42683,394,0,上海,综合,,,北京第二外国语学院中瑞酒店管理学院
,major_line_2023,工商管理类,市场营销,,,394,2023,本科批,,42683,394,0,上海,综合,,,北京第二外国语学院中瑞酒店管理学院
,major_line_2023,旅游管理类,酒店管理（国际课程班。设置雅思必修课，核心课程双语授课，可自主选择与海外合作院校本硕培养项目，成绩合格可获得两校本科双学位与海外硕士文凭）,,,399,2023,本科批,,42365,396,0,上海,综合,,,北京第二外国语学院中瑞酒店管理学院
,major_line_2023,金融学类,金融学（国际班。设置雅思必修课，核心课程双语授课，与英国、美国、新西兰、澳大利亚、加拿大等国高校合作开设本硕培养项目，成绩合格可获得两校本科双学位与海外硕士文凭）,,,397,2023,本科批,,42528,395,0,上海,综合,,,北京第二外国语学院中瑞酒店管理学院
,major_line_2023,工商管理类,人力资源管理,,,395,2023,本科批,,42528,395,0,上海,综合,,,北京第二外国语学院中瑞酒店管理学院
,major_line_2023,工商管理类,财务管理,,,395,2023,本科批,,42528,395,0,上海,综合,,,北京第二外国语学院中瑞酒店管理学院
,major_line_2023,工商管理类,财务管理（授课，与英国、美国、新西兰、澳大利亚、加拿大等国高校合作开设本硕培养项目，成绩合格可获得两校本科双学位与海外硕士文凭）,,,395,2023,本科批,,42528,395,0,上海,综合,,,北京第二外国语学院中瑞酒店管理学院
,major_line_2023,公共管理类,健康服务与管理（与日本帝京科学大学联合培养，成绩合格可获得两校双学位）,,,397,2023,本科批,,42683,394,0,上海,综合,,,北京第二外国语学院中瑞酒店管理学院
,major_line_2023,金融学类,金融学,,,396,2023,本科批,,42683,394,0,上海,综合,,,北京第二外国语学院中瑞酒店管理学院
,major_line_2023,旅游管理类,酒店管理（国家级一流本科建设专业）,,,395,2023,本科批,,42683,394,0,上海,综合,,,北京第二外国语学院中瑞酒店管理学院
,major_line_2023,工商管理类,市场营销,,,394,2023,本科批,,42683,394,0,上海,综合,,,北京第二外国语学院中瑞酒店管理学院
,major_line_2023,统计学类,统计学,,,489,2023,本科批,,22656,488,0,上海,综合,,,中国石油大学（北京）克拉玛依校区
,major_line_2023,统计学类,统计学,,,489,2023,本科批,,22656,488,0,上海,综合,,,中国石油大学（北京）克拉玛依校区
,major_line_2023,临床医学类,临床医学,,,429,2023,本科批,,37110,425,0,上海,综合,,,湖北医药学院药护学院
,major_line_2023,临床医学类,临床医学,,,429,2023,本科批,,37110,425,0,上海,综合,,,湖北医药学院药护学院
,major_line_2023,法学类,知识产权,,,407,2023,本科批,,40512,407,0,上海,综合,,,昆明理工大学津桥学院
,major_line_2023,工商管理类,会计学,,,407,2023,本科批,,40512,407,0,上海,综合,,,昆明理工大学津桥学院
,major_line_2023,法学类,知识产权,,,407,2023,本科批,,40512,407,0,上海,综合,,,昆明理工大学津桥学院
,major_line_2023,工商管理类,会计学,,,407,2023,本科批,,40512,407,0,上海,综合,,,昆明理工大学津桥学院
,major_line_2023,生物科学类,生物技术（中外合作办学）（中外合作办学）,,,550,2023,本科批,,7651,550,0,上海,综合,,,广东以色列理工学院
,major_line_2023,材料类,材料科学与工程（中外合作办学）（中外合作办学）,,,537,2023,本科批,,11276,534,0,上海,综合,,,广东以色列理工学院
,major_line_2023,化工与制药类,化学工程与工艺（中外合作办学）（中外合作办学）,,,533,2023,本科批,,11501,533,0,上海,综合,,,广东以色列理工学院
,major_line_2023,机械类,机械工程（中外合作办学）（中外合作办学）,,,537,2023,本科批,,11739,532,0,上海,综合,,,广东以色列理工学院
,major_line_2023,数学类,数学与应用数学（中外合作办学）（中外合作办学）,,,539,2023,本科批,,12194,530,0,上海,综合,,,广东以色列理工学院
,major_line_2023,生物科学类,生物技术（中外合作办学）（中外合作办学）,,,550,2023,本科批,,7651,550,0,上海,综合,,,广东以色列理工学院
,major_line_2023,材料类,材料科学与工程（中外合作办学）（中外合作办学）,,,537,2023,本科批,,11276,534,0,上海,综合,,,广东以色列理工学院
,major_line_2023,化工与制药类,化学工程与工艺（中外合作办学）（中外合作办学）,,,533,2023,本科批,,11501,533,0,上海,综合,,,广东以色列理工学院
,major_line_2023,机械类,机械工程（中外合作办学）（中外合作办学）,,,537,2023,本科批,,11739,532,0,上海,综合,,,广东以色列理工学院
,major_line_2023,数学类,数学与应用数学（中外合作办学）（中外合作办学）,,,539,2023,本科批,,12194,530,0,上海,综合,,,广东以色列理工学院
,major_line_2023,计算机类,计算机应用技术（高本贯通。三年后通过入学转段考生转入上海电机学院计算机科学与技术）（大数据技术专业。外语单科成绩不低于60分）,,,261,2023,专科批,,768,256,0,上海,综合,,,上海电子信息职业技术学院
,major_line_2023,计算机类,信息安全技术应用（高本贯通。三年后通过入学转段考试转入上海应用技术大学计算机科学与技术）（数据应用安全专业。外语单科成绩不低于60分）,,,260,2023,专科批,,827,255,0,上海,综合,,,上海电子信息职业技术学院
,major_line_2023,计算机类,人工智能技术应用,,,254,2023,专科批,,1036,252,0,上海,综合,,,上海电子信息职业技术学院
,major_line_2023,计算机类,计算机应用技术,,,253,2023,专科批,,1036,252,0,上海,综合,,,上海电子信息职业技术学院
,major_line_2023,计算机类,计算机网络技术,,,250,2023,专科批,,1295,249,0,上海,综合,,,上海电子信息职业技术学院
,major_line_2023,通信类,智能互联网络技术,,,250,2023,专科批,,1367,248,0,上海,综合,,,上海电子信息职业技术学院
,major_line_2023,自动化类,机电一体化技术,,,249,2023,专科批,,1367,248,0,上海,综合,,,上海电子信息职业技术学院
,major_line_2023,计算机类,信息安全技术应用,,,251,2023,专科批,,1455,247,0,上海,综合,,,上海电子信息职业技术学院
,major_line_2023,计算机类,软件技术,,,250,2023,专科批,,1455,247,0,上海,综合,,,上海电子信息职业技术学院
,major_line_2023,计算机类,大数据技术,,,250,2023,专科批,,1455,247,0,上海,综合,,,上海电子信息职业技术学院
,major_line_2023,体育类,电子竞技运动与管理,,,249,2023,专科批,,1455,247,0,上海,综合,,,上海电子信息职业技术学院
,major_line_2023,自动化类,电气自动化技术,,,250,2023,专科批,,1639,245,0,上海,综合,,,上海电子信息职业技术学院
,major_line_2023,自动化类,智能机器人技术,,,250,2023,专科批,,1639,245,0,上海,综合,,,上海电子信息职业技术学院
,major_line_2023,自动化类,智能控制技术,,,249,2023,专科批,,1639,245,0,上海,综合,,,上海电子信息职业技术学院
,major_line_2023,自动化类,机电一体化技术（中外合作办学）（中德合作）（中外合作办学）,,,249,2023,专科批,,1639,245,0,上海,综合,,,上海电子信息职业技术学院
,major_line_2023,计算机类,密码技术应用,,,249,2023,专科批,,1639,245,0,上海,综合,,,上海电子信息职业技术学院
,major_line_2023,安全类,消防救援技术,,,249,2023,专科批,,1639,245,0,上海,综合,,,上海电子信息职业技术学院
,major_line_2023,建筑设备类,建筑智能化工程技术（智能楼宇化方向）,,,248,2023,专科批,,1639,245,0,上海,综合,,,上海电子信息职业技术学院
,major_line_2023,自动化类,工业机器人技术,,,247,2023,专科批,,1639,245,0,上海,综合,,,上海电子信息职业技术学院
,major_line_2023,机械设计制造类,数控技术,,,245,2023,专科批,,1639,245,0,上海,综合,,,上海电子信息职业技术学院
,major_line_2023,航空运输类,飞机电子设备维修,,,249,2023,专科批,,1723,244,0,上海,综合,,,上海电子信息职业技术学院
,major_line_2023,计算机类,数字媒体技术,,,249,2023,专科批,,1723,244,0,上海,综合,,,上海电子信息职业技术学院
,major_line_2023,集成电路类,微电子技术,,,247,2023,专科批,,1723,244,0,上海,综合,,,上海电子信息职业技术学院
,major_line_2023,通信类,现代通信技术,,,247,2023,专科批,,1723,244,0,上海,综合,,,上海电子信息职业技术学院
,major_line_2023,航空运输类,飞机机电设备维修,,,246,2023,专科批,,1723,244,0,上海,综合,,,上海电子信息职业技术学院
,major_line_2023,航空装备类,无人机应用技术,,,248,2023,专科批,,1815,243,0,上海,综合,,,上海电子信息职业技术学院
,major_line_2023,机械设计制造类,数字化设计与制造技术,,,246,2023,专科批,,1901,242,0,上海,综合,,,上海电子信息职业技术学院
,major_line_2023,计算机类,计算机应用技术（高本贯通。三年后通过入学转段考生转入上海电机学院计算机科学与技术）（大数据技术专业。外语单科成绩不低于60分）,,,261,2023,专科批,,768,256,0,上海,综合,,,上海电子信息职业技术学院
,major_line_2023,计算机类,信息安全技术应用（高本贯通。三年后通过入学转段考试转入上海应用技术大学计算机科学与技术）（数据应用安全专业。外语单科成绩不低于60分）,,,260,2023,专科批,,827,255,0,上海,综合,,,上海电子信息职业技术学院
,major_line_2023,计算机类,人工智能技术应用,,,254,2023,专科批,,1036,252,0,上海,综合,,,上海电子信息职业技术学院
,major_line_2023,计算机类,计算机应用技术,,,253,2023,专科批,,1036,252,0,上海,综合,,,上海电子信息职业技术学院
,major_line_2023,计算机类,计算机网络技术,,,250,2023,专科批,,1295,249,0,上海,综合,,,上海电子信息职业技术学院
,major_line_2023,通信类,智能互联网络技术,,,250,2023,专科批,,1367,248,0,上海,综合,,,上海电子信息职业技术学院
,major_line_2023,自动化类,机电一体化技术,,,249,2023,专科批,,1367,248,0,上海,综合,,,上海电子信息职业技术学院
,major_line_2023,计算机类,信息安全技术应用,,,251,2023,专科批,,1455,247,0,上海,综合,,,上海电子信息职业技术学院
,major_line_2023,计算机类,软件技术,,,250,2023,专科批,,1455,247,0,上海,综合,,,上海电子信息职业技术学院
,major_line_2023,计算机类,大数据技术,,,250,2023,专科批,,1455,247,0,上海,综合,,,上海电子信息职业技术学院
,major_line_2023,体育类,电子竞技运动与管理,,,249,2023,专科批,,1455,247,0,上海,综合,,,上海电子信息职业技术学院
,major_line_2023,自动化类,电气自动化技术,,,250,2023,专科批,,1639,245,0,上海,综合,,,上海电子信息职业技术学院
,major_line_2023,自动化类,智能机器人技术,,,250,2023,专科批,,1639,245,0,上海,综合,,,上海电子信息职业技术学院
,major_line_2023,自动化类,智能控制技术,,,249,2023,专科批,,1639,245,0,上海,综合,,,上海电子信息职业技术学院
,major_line_2023,自动化类,机电一体化技术（中外合作办学）（中德合作）（中外合作办学）,,,249,2023,专科批,,1639,245,0,上海,综合,,,上海电子信息职业技术学院
,major_line_2023,计算机类,密码技术应用,,,249,2023,专科批,,1639,245,0,上海,综合,,,上海电子信息职业技术学院
,major_line_2023,安全类,消防救援技术,,,249,2023,专科批,,1639,245,0,上海,综合,,,上海电子信息职业技术学院
,major_line_2023,建筑设备类,建筑智能化工程技术（智能楼宇化方向）,,,248,2023,专科批,,1639,245,0,上海,综合,,,上海电子信息职业技术学院
,major_line_2023,自动化类,工业机器人技术,,,247,2023,专科批,,1639,245,0,上海,综合,,,上海电子信息职业技术学院
,major_line_2023,机械设计制造类,数控技术,,,245,2023,专科批,,1639,245,0,上海,综合,,,上海电子信息职业技术学院
,major_line_2023,航空运输类,飞机电子设备维修,,,249,2023,专科批,,1723,244,0,上海,综合,,,上海电子信息职业技术学院
,major_line_2023,计算机类,数字媒体技术,,,249,2023,专科批,,1723,244,0,上海,综合,,,上海电子信息职业技术学院
,major_line_2023,集成电路类,微电子技术,,,247,2023,专科批,,1723,244,0,上海,综合,,,上海电子信息职业技术学院
,major_line_2023,通信类,现代通信技术,,,247,2023,专科批,,1723,244,0,上海,综合,,,上海电子信息职业技术学院
,major_line_2023,航空运输类,飞机机电设备维修,,,246,2023,专科批,,1723,244,0,上海,综合,,,上海电子信息职业技术学院
,major_line_2023,航空装备类,无人机应用技术,,,248,2023,专科批,,1815,243,0,上海,综合,,,上海电子信息职业技术学院
,major_line_2023,机械设计制造类,数字化设计与制造技术,,,246,2023,专科批,,1901,242,0,上海,综合,,,上海电子信息职业技术学院
,major_line_2023,新闻传播学类,广告学,,,432,2023,本科批,,36303,429,0,上海,综合,,,苏州大学应用技术学院
,major_line_2023,金融学类,投资学,,,433,2023,本科批,,36503,428,0,上海,综合,,,苏州大学应用技术学院
,major_line_2023,电子商务类,电子商务,,,430,2023,本科批,,36712,427,0,上海,综合,,,苏州大学应用技术学院
,major_line_2023,物流管理与工程类,物流管理,,,427,2023,本科批,,37110,425,0,上海,综合,,,苏州大学应用技术学院
,major_line_2023,经济与贸易类,国际经济与贸易,,,428,2023,本科批,,37331,424,0,上海,综合,,,苏州大学应用技术学院
,major_line_2023,工商管理类,市场营销,,,426,2023,本科批,,37730,422,0,上海,综合,,,苏州大学应用技术学院
,major_line_2023,新闻传播学类,广告学,,,432,2023,本科批,,36303,429,0,上海,综合,,,苏州大学应用技术学院
,major_line_2023,金融学类,投资学,,,433,2023,本科批,,36503,428,0,上海,综合,,,苏州大学应用技术学院
,major_line_2023,电子商务类,电子商务,,,430,2023,本科批,,36712,427,0,上海,综合,,,苏州大学应用技术学院
,major_line_2023,物流管理与工程类,物流管理,,,427,2023,本科批,,37110,425,0,上海,综合,,,苏州大学应用技术学院
,major_line_2023,经济与贸易类,国际经济与贸易,,,428,2023,本科批,,37331,424,0,上海,综合,,,苏州大学应用技术学院
,major_line_2023,工商管理类,市场营销,,,426,2023,本科批,,37730,422,0,上海,综合,,,苏州大学应用技术学院
,major_line_2023,护理类,护理,,,236,2023,专科批,,2426,236,0,上海,综合,,,石家庄医学高等专科学校
,major_line_2023,临床医学类,"口腔医学（内含校企合作“德标班”,入校后考生自愿选择参加，详询院校）",,,234,2023,专科批,,3595,218,0,上海,综合,,,石家庄医学高等专科学校
,major_line_2023,护理类,护理,,,236,2023,专科批,,2426,236,0,上海,综合,,,石家庄医学高等专科学校
,major_line_2023,临床医学类,"口腔医学（内含校企合作“德标班”,入校后考生自愿选择参加，详询院校）",,,234,2023,专科批,,3595,218,0,上海,综合,,,石家庄医学高等专科学校
,major_line_2023,公共事业类,社区管理与服务,,,184,2023,专科批,,5849,120,0,上海,综合,,,重庆城市管理职业学院
,major_line_2023,公共事业类,社区管理与服务,,,184,2023,专科批,,5849,120,0,上海,综合,,,重庆城市管理职业学院
,major_line_2023,工商管理类,会计学（大数据会计方向）,,,411,2023,本科批,,40349,408,0,上海,综合,,,南昌航空大学科技学院
,major_line_2023,外国语言文学类,英语,,,410,2023,本科批,,40998,404,0,上海,综合,,,南昌航空大学科技学院
,major_line_2023,经济学类,经济学,,,409,2023,本科批,,40998,404,0,上海,综合,,,南昌航空大学科技学院
,major_line_2023,工商管理类,工商管理,,,403,2023,本科批,,41342,402,0,上海,综合,,,南昌航空大学科技学院
,major_line_2023,工商管理类,市场营销（数字营销方向）,,,403,2023,本科批,,41342,402,0,上海,综合,,,南昌航空大学科技学院
,major_line_2023,新闻传播学类,新闻学,,,402,2023,本科批,,41342,402,0,上海,综合,,,南昌航空大学科技学院
,major_line_2023,电子商务类,电子商务,,,402,2023,本科批,,41342,402,0,上海,综合,,,南昌航空大学科技学院
,major_line_2023,工商管理类,会计学（大数据会计方向）,,,411,2023,本科批,,40349,408,0,上海,综合,,,南昌航空大学科技学院
,major_line_2023,外国语言文学类,英语,,,410,2023,本科批,,40998,404,0,上海,综合,,,南昌航空大学科技学院
,major_line_2023,经济学类,经济学,,,409,2023,本科批,,40998,404,0,上海,综合,,,南昌航空大学科技学院
,major_line_2023,工商管理类,工商管理,,,403,2023,本科批,,41342,402,0,上海,综合,,,南昌航空大学科技学院
,major_line_2023,工商管理类,市场营销（数字营销方向）,,,403,2023,本科批,,41342,402,0,上海,综合,,,南昌航空大学科技学院
,major_line_2023,新闻传播学类,新闻学,,,402,2023,本科批,,41342,402,0,上海,综合,,,南昌航空大学科技学院
,major_line_2023,电子商务类,电子商务,,,402,2023,本科批,,41342,402,0,上海,综合,,,南昌航空大学科技学院
,major_line_2023,护理类,护理,,,253,2023,专科批,,1122,251,0,上海,综合,,,江苏卫生健康职业学院
,major_line_2023,中医药类,中医学,,,253,2023,专科批,,1122,251,0,上海,综合,,,江苏卫生健康职业学院
,major_line_2023,药学类,药学,,,246,2023,专科批,,1639,245,0,上海,综合,,,江苏卫生健康职业学院
,major_line_2023,康复治疗类,康复治疗技术,,,246,2023,专科批,,1901,242,0,上海,综合,,,江苏卫生健康职业学院
,major_line_2023,护理类,护理,,,253,2023,专科批,,1122,251,0,上海,综合,,,江苏卫生健康职业学院
,major_line_2023,中医药类,中医学,,,253,2023,专科批,,1122,251,0,上海,综合,,,江苏卫生健康职业学院
,major_line_2023,药学类,药学,,,246,2023,专科批,,1639,245,0,上海,综合,,,江苏卫生健康职业学院
,major_line_2023,康复治疗类,康复治疗技术,,,246,2023,专科批,,1901,242,0,上海,综合,,,江苏卫生健康职业学院
,major_line_2023,教育学类,小学教育,,,418,2023,本科批,,39247,414,0,上海,综合,,,江西师范大学科学技术学院
,major_line_2023,教育学类,学前教育,,,415,2023,本科批,,39779,411,0,上海,综合,,,江西师范大学科学技术学院
,major_line_2023,经济学类,经济统计学,,,412,2023,本科批,,39779,411,0,上海,综合,,,江西师范大学科学技术学院
,major_line_2023,金融学类,金融工程,,,412,2023,本科批,,39779,411,0,上海,综合,,,江西师范大学科学技术学院
,major_line_2023,工商管理类,会计学,,,411,2023,本科批,,39779,411,0,上海,综合,,,江西师范大学科学技术学院
,major_line_2023,外国语言文学类,英语,,,411,2023,本科批,,39779,411,0,上海,综合,,,江西师范大学科学技术学院
,major_line_2023,教育学类,小学教育,,,418,2023,本科批,,39247,414,0,上海,综合,,,江西师范大学科学技术学院
,major_line_2023,教育学类,学前教育,,,415,2023,本科批,,39779,411,0,上海,综合,,,江西师范大学科学技术学院
,major_line_2023,经济学类,经济统计学,,,412,2023,本科批,,39779,411,0,上海,综合,,,江西师范大学科学技术学院
,major_line_2023,金融学类,金融工程,,,412,2023,本科批,,39779,411,0,上海,综合,,,江西师范大学科学技术学院
,major_line_2023,工商管理类,会计学,,,411,2023,本科批,,39779,411,0,上海,综合,,,江西师范大学科学技术学院
,major_line_2023,外国语言文学类,英语,,,411,2023,本科批,,39779,411,0,上海,综合,,,江西师范大学科学技术学院
,major_line_2023,机械类,工业设计,,,511,2023,本科批,,16921,511,0,上海,综合,,,四川美术学院
,major_line_2023,建筑类,建筑学,,,448,2023,本科批,,32236,448,0,上海,综合,,,四川美术学院
,major_line_2023,建筑类,建筑学,,,448,2023,本科批,,32236,448,0,上海,综合,,,四川美术学院
,major_line_2023,机械类,工业设计,,,511,2023,本科批,,16921,511,0,上海,综合,,,四川美术学院
,major_line_2023,金融学类,金融工程,,,440,2023,本科批,,33965,440,0,上海,综合,,,南京邮电大学通达学院
,major_line_2023,计算机类,计算机科学与技术,,,428,2023,本科批,,36503,428,0,上海,综合,,,南京邮电大学通达学院
,major_line_2023,电子信息类,通信工程,,,427,2023,本科批,,36906,426,0,上海,综合,,,南京邮电大学通达学院
,major_line_2023,计算机类,计算机科学与技术,,,428,2023,本科批,,36503,428,0,上海,综合,,,南京邮电大学通达学院
,major_line_2023,电子信息类,通信工程,,,427,2023,本科批,,36906,426,0,上海,综合,,,南京邮电大学通达学院
,major_line_2023,金融学类,金融工程,,,440,2023,本科批,,33965,440,0,上海,综合,,,南京邮电大学通达学院
,major_line_2023,财务会计类,大数据与会计,,,216,2023,专科批,,4121,206,0,上海,综合,,,江西财经职业学院
,major_line_2023,财务会计类,大数据与会计,,,216,2023,专科批,,4121,206,0,上海,综合,,,江西财经职业学院
,major_line_2023,经济与贸易类,国际经济与贸易,,,416,2023,本科批,,38855,416,0,上海,综合,,,江西财经大学现代经济管理学院
,major_line_2023,工商管理类,会计学（注册会计师方向）,,,413,2023,本科批,,39601,412,0,上海,综合,,,江西财经大学现代经济管理学院
,major_line_2023,工商管理类,会计学（智能会计方向）,,,411,2023,本科批,,39779,411,0,上海,综合,,,江西财经大学现代经济管理学院
,major_line_2023,工商管理类,财务管理（智能财务方向）,,,411,2023,本科批,,39779,411,0,上海,综合,,,江西财经大学现代经济管理学院
,major_line_2023,工商管理类,财务管理,,,410,2023,本科批,,39977,410,0,上海,综合,,,江西财经大学现代经济管理学院
,major_line_2023,金融学类,金融科技,,,409,2023,本科批,,40174,409,0,上海,综合,,,江西财经大学现代经济管理学院
,major_line_2023,新闻传播学类,新闻学（新媒体方向）,,,407,2023,本科批,,40512,407,0,上海,综合,,,江西财经大学现代经济管理学院
,major_line_2023,外国语言文学类,商务英语（语种:英语）,,,407,2023,本科批,,40512,407,0,上海,综合,,,江西财经大学现代经济管理学院
,major_line_2023,物流管理与工程类,物流管理（智慧供应链方向）,,,407,2023,本科批,,40671,406,0,上海,综合,,,江西财经大学现代经济管理学院
,major_line_2023,工商管理类,会计学,,,406,2023,本科批,,40671,406,0,上海,综合,,,江西财经大学现代经济管理学院
,major_line_2023,金融学类,金融学,,,412,2023,本科批,,40830,405,0,上海,综合,,,江西财经大学现代经济管理学院
,major_line_2023,经济与贸易类,国际经济与贸易,,,416,2023,本科批,,38855,416,0,上海,综合,,,江西财经大学现代经济管理学院
,major_line_2023,工商管理类,会计学（注册会计师方向）,,,413,2023,本科批,,39601,412,0,上海,综合,,,江西财经大学现代经济管理学院
,major_line_2023,工商管理类,会计学（智能会计方向）,,,411,2023,本科批,,39779,411,0,上海,综合,,,江西财经大学现代经济管理学院
,major_line_2023,工商管理类,财务管理（智能财务方向）,,,411,2023,本科批,,39779,411,0,上海,综合,,,江西财经大学现代经济管理学院
,major_line_2023,工商管理类,财务管理,,,410,2023,本科批,,39977,410,0,上海,综合,,,江西财经大学现代经济管理学院
,major_line_2023,金融学类,金融科技,,,409,2023,本科批,,40174,409,0,上海,综合,,,江西财经大学现代经济管理学院
,major_line_2023,新闻传播学类,新闻学（新媒体方向）,,,407,2023,本科批,,40512,407,0,上海,综合,,,江西财经大学现代经济管理学院
,major_line_2023,外国语言文学类,商务英语（语种:英语）,,,407,2023,本科批,,40512,407,0,上海,综合,,,江西财经大学现代经济管理学院
,major_line_2023,物流管理与工程类,物流管理（智慧供应链方向）,,,407,2023,本科批,,40671,406,0,上海,综合,,,江西财经大学现代经济管理学院
,major_line_2023,工商管理类,会计学,,,406,2023,本科批,,40671,406,0,上海,综合,,,江西财经大学现代经济管理学院
,major_line_2023,金融学类,金融学,,,412,2023,本科批,,40830,405,0,上海,综合,,,江西财经大学现代经济管理学院
,major_line_2023,食品类,食品检验检测技术（高本贯通。完成高职阶段学业后，符合条件者通过转段考试进入上海中医药大学食品卫生与营养学专业学习。无色盲、色弱，口吃、弱视者不宜。外语单科成绩不低于60分）（奉贤校区）,,,267,2023,专科批,,551,260,0,上海,综合,,,上海城建职业学院
,major_line_2023,护理类,护理（高本贯通。完成高职阶段学业后，符合条件者通过转段考试进入上海杉达学院护理学专业学习。无色盲、色弱，口吃、弱视者不宜。外语单科成绩不低于60分）（奉贤校区）,,,261,2023,专科批,,715,257,0,上海,综合,,,上海城建职业学院
,major_line_2023,医学技术类,医学检验技术（无色盲、色弱，口吃、弱视者不宜）（奉贤校区）,,,258,2023,专科批,,715,257,0,上海,综合,,,上海城建职业学院
,major_line_2023,财务会计类,大数据与会计（奉贤校区）,,,263,2023,专科批,,768,256,0,上海,综合,,,上海城建职业学院
,major_line_2023,建筑设备类,建筑智能化工程技术（杨浦校区）,,,257,2023,专科批,,768,256,0,上海,综合,,,上海城建职业学院
,major_line_2023,食品类,食品质量与安全（奉贤校区）,,,257,2023,专科批,,768,256,0,上海,综合,,,上海城建职业学院
,major_line_2023,计算机类,大数据技术（奉贤校区）,,,255,2023,专科批,,827,255,0,上海,综合,,,上海城建职业学院
,major_line_2023,建筑设计类,园林工程技术（杨浦校区）,,,256,2023,专科批,,907,254,0,上海,综合,,,上海城建职业学院
,major_line_2023,公共事业类,社会工作（奉贤校区）,,,255,2023,专科批,,907,254,0,上海,综合,,,上海城建职业学院
,major_line_2023,建设工程管理类,工程造价（杨浦校区）,,,255,2023,专科批,,907,254,0,上海,综合,,,上海城建职业学院
,major_line_2023,计算机类,人工智能技术应用（奉贤校区）,,,255,2023,专科批,,907,254,0,上海,综合,,,上海城建职业学院
,major_line_2023,市政工程类,市政工程技术（杨浦校区）,,,255,2023,专科批,,969,253,0,上海,综合,,,上海城建职业学院
,major_line_2023,工商管理类,连锁经营与管理（奉贤校区）,,,253,2023,专科批,,969,253,0,上海,综合,,,上海城建职业学院
,major_line_2023,土建施工类,建筑工程技术（高本贯通。完成高职阶段学业后，符合条件者通过转段考试进入上海应用技术大学土木工程专业学习。外语单科成绩不低于60分）（杨浦校区）,,,255,2023,专科批,,1036,252,0,上海,综合,,,上海城建职业学院
,major_line_2023,经济贸易类,国际商务（奉贤校区）,,,253,2023,专科批,,1036,252,0,上海,综合,,,上海城建职业学院
,major_line_2023,建筑设计类,古建筑工程技术（奉贤校区）,,,253,2023,专科批,,1036,252,0,上海,综合,,,上海城建职业学院
,major_line_2023,房地产类,现代物业管理（杨浦校区）,,,253,2023,专科批,,1036,252,0,上海,综合,,,上海城建职业学院
,major_line_2023,旅游类,酒店管理与数字化运营（奉贤校区）,,,253,2023,专科批,,1036,252,0,上海,综合,,,上海城建职业学院
,major_line_2023,文化服务类,文物修复与保护（奉贤校区）,,,252,2023,专科批,,1036,252,0,上海,综合,,,上海城建职业学院
,major_line_2023,环境保护类,环境工程技术（杨浦校区）,,,252,2023,专科批,,1036,252,0,上海,综合,,,上海城建职业学院
,major_line_2023,安全类,安全技术与管理（杨浦校区）,,,252,2023,专科批,,1367,248,0,上海,综合,,,上海城建职业学院
,major_line_2023,食品类,食品检验检测技术（高本贯通。完成高职阶段学业后，符合条件者通过转段考试进入上海中医药大学食品卫生与营养学专业学习。无色盲、色弱，口吃、弱视者不宜。外语单科成绩不低于60分）（奉贤校区）,,,267,2023,专科批,,551,260,0,上海,综合,,,上海城建职业学院
,major_line_2023,护理类,护理（高本贯通。完成高职阶段学业后，符合条件者通过转段考试进入上海杉达学院护理学专业学习。无色盲、色弱，口吃、弱视者不宜。外语单科成绩不低于60分）（奉贤校区）,,,261,2023,专科批,,715,257,0,上海,综合,,,上海城建职业学院
,major_line_2023,医学技术类,医学检验技术（无色盲、色弱，口吃、弱视者不宜）（奉贤校区）,,,258,2023,专科批,,715,257,0,上海,综合,,,上海城建职业学院
,major_line_2023,财务会计类,大数据与会计（奉贤校区）,,,263,2023,专科批,,768,256,0,上海,综合,,,上海城建职业学院
,major_line_2023,建筑设备类,建筑智能化工程技术（杨浦校区）,,,257,2023,专科批,,768,256,0,上海,综合,,,上海城建职业学院
,major_line_2023,食品类,食品质量与安全（奉贤校区）,,,257,2023,专科批,,768,256,0,上海,综合,,,上海城建职业学院
,major_line_2023,计算机类,大数据技术（奉贤校区）,,,255,2023,专科批,,827,255,0,上海,综合,,,上海城建职业学院
,major_line_2023,建筑设计类,园林工程技术（杨浦校区）,,,256,2023,专科批,,907,254,0,上海,综合,,,上海城建职业学院
,major_line_2023,公共事业类,社会工作（奉贤校区）,,,255,2023,专科批,,907,254,0,上海,综合,,,上海城建职业学院
,major_line_2023,建设工程管理类,工程造价（杨浦校区）,,,255,2023,专科批,,907,254,0,上海,综合,,,上海城建职业学院
,major_line_2023,计算机类,人工智能技术应用（奉贤校区）,,,255,2023,专科批,,907,254,0,上海,综合,,,上海城建职业学院
,major_line_2023,市政工程类,市政工程技术（杨浦校区）,,,255,2023,专科批,,969,253,0,上海,综合,,,上海城建职业学院
,major_line_2023,工商管理类,连锁经营与管理（奉贤校区）,,,253,2023,专科批,,969,253,0,上海,综合,,,上海城建职业学院
,major_line_2023,土建施工类,建筑工程技术（高本贯通。完成高职阶段学业后，符合条件者通过转段考试进入上海应用技术大学土木工程专业学习。外语单科成绩不低于60分）（杨浦校区）,,,255,2023,专科批,,1036,252,0,上海,综合,,,上海城建职业学院
,major_line_2023,经济贸易类,国际商务（奉贤校区）,,,253,2023,专科批,,1036,252,0,上海,综合,,,上海城建职业学院
,major_line_2023,建筑设计类,古建筑工程技术（奉贤校区）,,,253,2023,专科批,,1036,252,0,上海,综合,,,上海城建职业学院
,major_line_2023,房地产类,现代物业管理（杨浦校区）,,,253,2023,专科批,,1036,252,0,上海,综合,,,上海城建职业学院
,major_line_2023,旅游类,酒店管理与数字化运营（奉贤校区）,,,253,2023,专科批,,1036,252,0,上海,综合,,,上海城建职业学院
,major_line_2023,文化服务类,文物修复与保护（奉贤校区）,,,252,2023,专科批,,1036,252,0,上海,综合,,,上海城建职业学院
,major_line_2023,环境保护类,环境工程技术（杨浦校区）,,,252,2023,专科批,,1036,252,0,上海,综合,,,上海城建职业学院
,major_line_2023,安全类,安全技术与管理（杨浦校区）,,,252,2023,专科批,,1367,248,0,上海,综合,,,上海城建职业学院
,major_line_2023,财务会计类,大数据与财务管理,,,238,2023,专科批,,3387,222,0,上海,综合,,,上海旅游高等专科学校
,major_line_2023,餐饮类,烹饪工艺与营养,,,221,2023,专科批,,3778,214,0,上海,综合,,,上海旅游高等专科学校
,major_line_2023,语言类,应用西班牙语,,,217,2023,专科批,,4309,200,0,上海,综合,,,上海旅游高等专科学校
,major_line_2023,旅游类,智慧旅游技术应用,,,193,2023,专科批,,4533,191,0,上海,综合,,,上海旅游高等专科学校
,major_line_2023,语言类,旅游日语,,,213,2023,专科批,,4660,185,0,上海,综合,,,上海旅游高等专科学校
,major_line_2023,餐饮类,餐饮智能管理,,,199,2023,专科批,,4676,184,0,上海,综合,,,上海旅游高等专科学校
,major_line_2023,财务会计类,大数据与会计,,,200,2023,专科批,,5153,164,0,上海,综合,,,上海旅游高等专科学校
,major_line_2023,旅游类,葡萄酒文化与营销,,,177,2023,专科批,,5405,154,0,上海,综合,,,上海旅游高等专科学校
,major_line_2023,广播影视类,全媒体广告策划与营销,,,207,2023,专科批,,5511,148,0,上海,综合,,,上海旅游高等专科学校
,major_line_2023,旅游类,定制旅行管理与服务,,,181,2023,专科批,,5511,148,0,上海,综合,,,上海旅游高等专科学校
,major_line_2023,语言类,应用韩语,,,144,2023,专科批,,5570,144,0,上海,综合,,,上海旅游高等专科学校
,major_line_2023,旅游类,休闲服务与管理,,,191,2023,专科批,,5732,132,0,上海,综合,,,上海旅游高等专科学校
,major_line_2023,餐饮类,西式烹饪工艺,,,189,2023,专科批,,5773,128,0,上海,综合,,,上海旅游高等专科学校
,major_line_2023,语言类,旅游英语（语种:英语）,,,185,2023,专科批,,5816,124,0,上海,综合,,,上海旅游高等专科学校
,major_line_2023,旅游类,旅游管理,,,199,2023,专科批,,5832,122,0,上海,综合,,,上海旅游高等专科学校
,major_line_2023,旅游类,酒店管理与数字化运营（中外合作办学）（中外合作办学）,,,179,2023,专科批,,5854,119,0,上海,综合,,,上海旅游高等专科学校
,major_line_2023,文化服务类,文化创意与策划,,,181,2023,专科批,,5903,114,0,上海,综合,,,上海旅游高等专科学校
,major_line_2023,旅游类,酒店管理与数字化运营,,,178,2023,专科批,,5923,112,0,上海,综合,,,上海旅游高等专科学校
,major_line_2023,旅游类,会展策划与管理,,,197,2023,专科批,,5933,111,0,上海,综合,,,上海旅游高等专科学校
,major_line_2023,电子商务类,电子商务,,,194,2023,专科批,,5980,104,0,上海,综合,,,上海旅游高等专科学校
,major_line_2023,财务会计类,大数据与财务管理,,,238,2023,专科批,,3387,222,0,上海,综合,,,上海旅游高等专科学校
,major_line_2023,餐饮类,烹饪工艺与营养,,,221,2023,专科批,,3778,214,0,上海,综合,,,上海旅游高等专科学校
,major_line_2023,语言类,应用西班牙语,,,217,2023,专科批,,4309,200,0,上海,综合,,,上海旅游高等专科学校
,major_line_2023,旅游类,智慧旅游技术应用,,,193,2023,专科批,,4533,191,0,上海,综合,,,上海旅游高等专科学校
,major_line_2023,语言类,旅游日语,,,213,2023,专科批,,4660,185,0,上海,综合,,,上海旅游高等专科学校
,major_line_2023,餐饮类,餐饮智能管理,,,199,2023,专科批,,4676,184,0,上海,综合,,,上海旅游高等专科学校
,major_line_2023,财务会计类,大数据与会计,,,200,2023,专科批,,5153,164,0,上海,综合,,,上海旅游高等专科学校
,major_line_2023,旅游类,葡萄酒文化与营销,,,177,2023,专科批,,5405,154,0,上海,综合,,,上海旅游高等专科学校
,major_line_2023,广播影视类,全媒体广告策划与营销,,,207,2023,专科批,,5511,148,0,上海,综合,,,上海旅游高等专科学校
,major_line_2023,旅游类,定制旅行管理与服务,,,181,2023,专科批,,5511,148,0,上海,综合,,,上海旅游高等专科学校
,major_line_2023,语言类,应用韩语,,,144,2023,专科批,,5570,144,0,上海,综合,,,上海旅游高等专科学校
,major_line_2023,旅游类,休闲服务与管理,,,191,2023,专科批,,5732,132,0,上海,综合,,,上海旅游高等专科学校
,major_line_2023,餐饮类,西式烹饪工艺,,,189,2023,专科批,,5773,128,0,上海,综合,,,上海旅游高等专科学校
,major_line_2023,语言类,旅游英语（语种:英语）,,,185,2023,专科批,,5816,124,0,上海,综合,,,上海旅游高等专科学校
,major_line_2023,旅游类,旅游管理,,,199,2023,专科批,,5832,122,0,上海,综合,,,上海旅游高等专科学校
,major_line_2023,旅游类,酒店管理与数字化运营（中外合作办学）（中外合作办学）,,,179,2023,专科批,,5854,119,0,上海,综合,,,上海旅游高等专科学校
,major_line_2023,文化服务类,文化创意与策划,,,181,2023,专科批,,5903,114,0,上海,综合,,,上海旅游高等专科学校
,major_line_2023,旅游类,酒店管理与数字化运营,,,178,2023,专科批,,5923,112,0,上海,综合,,,上海旅游高等专科学校
,major_line_2023,旅游类,会展策划与管理,,,197,2023,专科批,,5933,111,0,上海,综合,,,上海旅游高等专科学校
,major_line_2023,电子商务类,电子商务,,,194,2023,专科批,,5980,104,0,上海,综合,,,上海旅游高等专科学校
,major_line_2023,水上运输类,港口与航运管理,,,221,2023,专科批,,3490,220,0,上海,综合,,,江苏海事职业技术学院
,major_line_2023,水上运输类,港口与航运管理,,,221,2023,专科批,,3490,220,0,上海,综合,,,江苏海事职业技术学院
,major_line_2023,临床医学类,临床医学（无色盲、色弱）,,,438,2023,本科批,,35259,434,0,上海,综合,,,安徽医科大学临床医学院
,major_line_2023,临床医学类,临床医学（无色盲、色弱）,,,438,2023,本科批,,35259,434,0,上海,综合,,,安徽医科大学临床医学院
,major_line_2023,金融学类,金融学类（含金融学、国际经济与贸易、电子商务专业）,,,414,2023,本科批,,39247,414,0,上海,综合,,,天津商业大学宝德学院
,major_line_2023,工商管理类,工商管理类（含工商管理、市场营销、人力资源管理、物流管理、酒店管理专业）,,,404,2023,本科批,,40998,404,0,上海,综合,,,天津商业大学宝德学院
,major_line_2023,工商管理类,工商管理类（含会计学、财务管理、审计学专业）,,,404,2023,本科批,,41160,403,0,上海,综合,,,天津商业大学宝德学院
,major_line_2023,外国语言文学类,日语（外语语种为英语、日语）,,,403,2023,本科批,,41160,403,0,上海,综合,,,天津商业大学宝德学院
,major_line_2023,金融学类,金融学类（含金融学、国际经济与贸易、电子商务专业）,,,414,2023,本科批,,39247,414,0,上海,综合,,,天津商业大学宝德学院
,major_line_2023,工商管理类,工商管理类（含工商管理、市场营销、人力资源管理、物流管理、酒店管理专业）,,,404,2023,本科批,,40998,404,0,上海,综合,,,天津商业大学宝德学院
,major_line_2023,工商管理类,工商管理类（含会计学、财务管理、审计学专业）,,,404,2023,本科批,,41160,403,0,上海,综合,,,天津商业大学宝德学院
,major_line_2023,外国语言文学类,日语（外语语种为英语、日语）,,,403,2023,本科批,,41160,403,0,上海,综合,,,天津商业大学宝德学院
,major_line_2023,护理类,护理（高本贯通。三年后通过入学转段考试转入上海杉达学院护理学专业）,,,251,2023,专科批,,1455,247,0,上海,综合,,,上海东海职业技术学院
,major_line_2023,财务会计类,大数据与会计（高本贯通。三年后通过入学转段考试转入上海师范大学天华学院）（转段入学时以教育部新批准的新校名为准财务管理专业，学费按转段入学时大学公布的收费标准为准）,,,249,2023,专科批,,1723,244,0,上海,综合,,,上海东海职业技术学院
,major_line_2023,经济贸易类,关务与外贸服务（高本贯通。三年后通过入学转段考试转入上海师范大学天华学院）（转段入学时以教育部新批准的新校名为准国际商务专业，学费按转段入学时大学公布的收费标准为准）,,,242,2023,专科批,,2240,238,0,上海,综合,,,上海东海职业技术学院
,major_line_2023,电子商务类,电子商务（高本贯通。三年后通过入学转段考试转入上海师范大学天华学院）（转段入学时以教育部新批准的新校名为准国际商务专业，学费按转段入学时大学公布的收费标准为准）,,,240,2023,专科批,,2426,236,0,上海,综合,,,上海东海职业技术学院
,major_line_2023,道路运输类,汽车检测与维修技术（高本贯通。三年后通过入学转段考试转入上海建桥学院汽车服务工程专业）,,,240,2023,专科批,,2504,235,0,上海,综合,,,上海东海职业技术学院
,major_line_2023,护理类,护理（高本贯通。三年后通过入学转段考试转入上海杉达学院护理学专业）,,,251,2023,专科批,,1455,247,0,上海,综合,,,上海东海职业技术学院
,major_line_2023,财务会计类,大数据与会计（高本贯通。三年后通过入学转段考试转入上海师范大学天华学院）（转段入学时以教育部新批准的新校名为准财务管理专业，学费按转段入学时大学公布的收费标准为准）,,,249,2023,专科批,,1723,244,0,上海,综合,,,上海东海职业技术学院
,major_line_2023,经济贸易类,关务与外贸服务（高本贯通。三年后通过入学转段考试转入上海师范大学天华学院）（转段入学时以教育部新批准的新校名为准国际商务专业，学费按转段入学时大学公布的收费标准为准）,,,242,2023,专科批,,2240,238,0,上海,综合,,,上海东海职业技术学院
,major_line_2023,电子商务类,电子商务（高本贯通。三年后通过入学转段考试转入上海师范大学天华学院）（转段入学时以教育部新批准的新校名为准国际商务专业，学费按转段入学时大学公布的收费标准为准）,,,240,2023,专科批,,2426,236,0,上海,综合,,,上海东海职业技术学院
,major_line_2023,道路运输类,汽车检测与维修技术（高本贯通。三年后通过入学转段考试转入上海建桥学院汽车服务工程专业）,,,240,2023,专科批,,2504,235,0,上海,综合,,,上海东海职业技术学院
,major_line_2023,机械类,工业设计,,,546,2023,本科批,,9418,542,0,上海,综合,,,中国美术学院
,major_line_2023,艺术学理论类,艺术学理论类（含艺术史论、艺术管理专业）（语种:不限在南山校区）,,,558,2023,本科批,,6028,558,0,上海,综合,,,中国美术学院
,major_line_2023,设计学类,艺术设计学（语种:不限在象山校区）,,,540,2023,本科批,,9864,540,0,上海,综合,,,中国美术学院
,major_line_2023,艺术学理论类,艺术学理论类（含艺术史论、艺术管理专业）（语种:不限在南山校区）,,,558,2023,本科批,,6028,558,0,上海,综合,,,中国美术学院
,major_line_2023,机械类,工业设计,,,546,2023,本科批,,9418,542,0,上海,综合,,,中国美术学院
,major_line_2023,设计学类,艺术设计学（语种:不限在象山校区）,,,540,2023,本科批,,9864,540,0,上海,综合,,,中国美术学院
,major_line_2023,建筑类,风景园林,,,534,2023,本科批,,11276,534,0,上海,综合,,,中国美术学院
,major_line_2023,建筑类,风景园林,,,534,2023,本科批,,11276,534,0,上海,综合,,,中国美术学院
,major_line_2023,计算机类,软件工程,,,416,2023,本科批,,39601,412,0,上海,综合,,,南通大学杏林学院
,major_line_2023,计算机类,软件工程,,,416,2023,本科批,,39601,412,0,上海,综合,,,南通大学杏林学院
,major_line_2023,工商管理类,人力资源管理,,,410,2023,本科批,,40349,408,0,上海,综合,,,南通大学杏林学院
,major_line_2023,经济学类,经济统计学,,,411,2023,本科批,,40512,407,0,上海,综合,,,南通大学杏林学院
,major_line_2023,外国语言文学类,英语,,,416,2023,本科批,,40830,405,0,上海,综合,,,南通大学杏林学院
,major_line_2023,外国语言文学类,日语,,,406,2023,本科批,,40830,405,0,上海,综合,,,南通大学杏林学院
,major_line_2023,工商管理类,人力资源管理,,,410,2023,本科批,,40349,408,0,上海,综合,,,南通大学杏林学院
,major_line_2023,经济学类,经济统计学,,,411,2023,本科批,,40512,407,0,上海,综合,,,南通大学杏林学院
,major_line_2023,外国语言文学类,英语,,,416,2023,本科批,,40830,405,0,上海,综合,,,南通大学杏林学院
,major_line_2023,外国语言文学类,日语,,,406,2023,本科批,,40830,405,0,上海,综合,,,南通大学杏林学院
,major_line_2023,城市轨道交通类,城市轨道车辆应用技术,,,169,2023,专科批,,5340,157,0,上海,综合,,,湖南铁路科技职业技术学院
,major_line_2023,城市轨道交通类,城市轨道车辆应用技术,,,169,2023,专科批,,5340,157,0,上海,综合,,,湖南铁路科技职业技术学院
,major_line_2023,经济与贸易类,国际经济与贸易,,,420,2023,本科批,,38092,420,0,上海,综合,,,福建农林大学金山学院
,major_line_2023,工商管理类,工商管理,,,415,2023,本科批,,39977,410,0,上海,综合,,,福建农林大学金山学院
,major_line_2023,新闻传播学类,广告学,,,408,2023,本科批,,41517,401,0,上海,综合,,,福建农林大学金山学院
,major_line_2023,工商管理类,人力资源管理,,,405,2023,本科批,,41517,401,0,上海,综合,,,福建农林大学金山学院
,major_line_2023,旅游管理类,旅游管理,,,402,2023,本科批,,41517,401,0,上海,综合,,,福建农林大学金山学院
,major_line_2023,经济与贸易类,国际经济与贸易,,,420,2023,本科批,,38092,420,0,上海,综合,,,福建农林大学金山学院
,major_line_2023,工商管理类,工商管理,,,415,2023,本科批,,39977,410,0,上海,综合,,,福建农林大学金山学院
,major_line_2023,新闻传播学类,广告学,,,408,2023,本科批,,41517,401,0,上海,综合,,,福建农林大学金山学院
,major_line_2023,工商管理类,人力资源管理,,,405,2023,本科批,,41517,401,0,上海,综合,,,福建农林大学金山学院
,major_line_2023,旅游管理类,旅游管理,,,402,2023,本科批,,41517,401,0,上海,综合,,,福建农林大学金山学院
,major_line_2023,计算机类,数字媒体技术,,,259,2023,专科批,,1206,250,0,上海,综合,,,上海工艺美术职业学院
,major_line_2023,广播影视类,传播与策划,,,249,2023,专科批,,1367,248,0,上海,综合,,,上海工艺美术职业学院
,major_line_2023,资源勘查类,宝玉石鉴定与加工,,,244,2023,专科批,,1901,242,0,上海,综合,,,上海工艺美术职业学院
,major_line_2023,计算机类,虚拟现实技术应用,,,248,2023,专科批,,2070,240,0,上海,综合,,,上海工艺美术职业学院
,major_line_2023,教育类,美术教育,,,240,2023,专科批,,2157,239,0,上海,综合,,,上海工艺美术职业学院
,major_line_2023,文化服务类,文物修复与保护,,,246,2023,专科批,,2240,238,0,上海,综合,,,上海工艺美术职业学院
,major_line_2023,建筑设计类,风景园林设计,,,243,2023,专科批,,2240,238,0,上海,综合,,,上海工艺美术职业学院
,major_line_2023,计算机类,数字媒体技术,,,259,2023,专科批,,1206,250,0,上海,综合,,,上海工艺美术职业学院
,major_line_2023,广播影视类,传播与策划,,,249,2023,专科批,,1367,248,0,上海,综合,,,上海工艺美术职业学院
,major_line_2023,资源勘查类,宝玉石鉴定与加工,,,244,2023,专科批,,1901,242,0,上海,综合,,,上海工艺美术职业学院
,major_line_2023,计算机类,虚拟现实技术应用,,,248,2023,专科批,,2070,240,0,上海,综合,,,上海工艺美术职业学院
,major_line_2023,教育类,美术教育,,,240,2023,专科批,,2157,239,0,上海,综合,,,上海工艺美术职业学院
,major_line_2023,文化服务类,文物修复与保护,,,246,2023,专科批,,2240,238,0,上海,综合,,,上海工艺美术职业学院
,major_line_2023,建筑设计类,风景园林设计,,,243,2023,专科批,,2240,238,0,上海,综合,,,上海工艺美术职业学院
,major_line_2023,公共卫生与预防医学类,预防医学,,,463,2023,本科批,,30610,455,0,上海,综合,,,南京医科大学康达学院
,major_line_2023,护理学类,护理学,,,444,2023,本科批,,33965,440,0,上海,综合,,,南京医科大学康达学院
,major_line_2023,药学类,药学,,,444,2023,本科批,,33965,440,0,上海,综合,,,南京医科大学康达学院
,major_line_2023,电子信息类,医学信息工程,,,426,2023,本科批,,38271,419,0,上海,综合,,,南京医科大学康达学院
,major_line_2023,临床医学类,临床医学（全科医学方向）,,,419,2023,本科批,,38666,417,0,上海,综合,,,南京医科大学康达学院
,major_line_2023,临床医学类,临床医学（全科医学方向）,,,419,2023,本科批,,38666,417,0,上海,综合,,,南京医科大学康达学院
,major_line_2023,电子信息类,医学信息工程,,,426,2023,本科批,,38271,419,0,上海,综合,,,南京医科大学康达学院
,major_line_2023,公共卫生与预防医学类,预防医学,,,463,2023,本科批,,30610,455,0,上海,综合,,,南京医科大学康达学院
,major_line_2023,药学类,药学,,,444,2023,本科批,,33965,440,0,上海,综合,,,南京医科大学康达学院
,major_line_2023,护理学类,护理学,,,444,2023,本科批,,33965,440,0,上海,综合,,,南京医科大学康达学院
,major_line_2023,音乐与舞蹈学类,音乐表演,,,0,2023,本科艺术甲批平行段,,-,304,0,上海,综合,,,中央音乐学院
,major_line_2023,音乐与舞蹈学类,作曲与作曲技术理论,,,0,2023,本科艺术甲批平行段,,-,304,0,上海,综合,,,中央音乐学院
,major_line_2023,音乐与舞蹈学类,音乐表演,,,0,2023,本科艺术甲批平行段,,-,304,0,上海,综合,,,中央音乐学院
,major_line_2023,音乐与舞蹈学类,作曲与作曲技术理论,,,0,2023,本科艺术甲批平行段,,-,304,0,上海,综合,,,中央音乐学院
,major_line_2023,教育学类,学前教育,,,419,2023,本科批,,38271,419,0,上海,综合,,,武汉文理学院
,major_line_2023,医学技术类,口腔医学技术,,,413,2023,本科批,,39779,411,0,上海,综合,,,武汉文理学院
,major_line_2023,法学类,法学,,,410,2023,本科批,,40998,404,0,上海,综合,,,武汉文理学院
,major_line_2023,教育学类,学前教育,,,419,2023,本科批,,38271,419,0,上海,综合,,,武汉文理学院
,major_line_2023,法学类,法学,,,410,2023,本科批,,40998,404,0,上海,综合,,,武汉文理学院
,major_line_2023,医学技术类,口腔医学技术,,,413,2023,本科批,,39779,411,0,上海,综合,,,武汉文理学院
,major_line_2023,语言类,应用英语（高本贯通。入校三年后，具有转段资格的学生，通过转段考试进入上海商学院商务英语专业本科阶段学习，详见学校招生章程）,,,241,2023,专科批,,2665,233,0,上海,综合,,,上海工商外国语职业学院
,major_line_2023,语言类,应用日语（高本贯通。入校三年后，具有转段资格的学生，通过转段考试进入上海外国语大学贤达经济人文学院日语专业本科阶段学习，详见学校招生章程）,,,229,2023,专科批,,3490,220,0,上海,综合,,,上海工商外国语职业学院
,major_line_2023,语言类,应用德语,,,212,2023,专科批,,3878,212,0,上海,综合,,,上海工商外国语职业学院
,major_line_2023,语言类,商务英语,,,219,2023,专科批,,4625,187,0,上海,综合,,,上海工商外国语职业学院
,major_line_2023,语言类,应用法语,,,205,2023,专科批,,4625,187,0,上海,综合,,,上海工商外国语职业学院
,major_line_2023,语言类,应用韩语,,,205,2023,专科批,,4676,184,0,上海,综合,,,上海工商外国语职业学院
,major_line_2023,财务会计类,大数据与会计,,,198,2023,专科批,,5493,149,0,上海,综合,,,上海工商外国语职业学院
,major_line_2023,广播影视类,新闻采编与制作,,,188,2023,专科批,,5511,148,0,上海,综合,,,上海工商外国语职业学院
,major_line_2023,计算机类,大数据技术（中外合作办学）（大数据分析方向）（中外合作办学）,,,177,2023,专科批,,5511,148,0,上海,综合,,,上海工商外国语职业学院
,major_line_2023,旅游类,会展策划与管理（中外合作办学）（中澳合作）（中外合作办学）,,,146,2023,专科批,,5570,144,0,上海,综合,,,上海工商外国语职业学院
,major_line_2023,法律实务类,法律事务,,,176,2023,专科批,,5691,135,0,上海,综合,,,上海工商外国语职业学院
,major_line_2023,计算机类,软件技术,,,171,2023,专科批,,5719,133,0,上海,综合,,,上海工商外国语职业学院
,major_line_2023,语言类,应用日语,,,177,2023,专科批,,5732,132,0,上海,综合,,,上海工商外国语职业学院
,major_line_2023,自动化类,机电一体化技术（智能设备维护与保养方向）,,,181,2023,专科批,,5773,128,0,上海,综合,,,上海工商外国语职业学院
,major_line_2023,教育类,学前教育,,,176,2023,专科批,,5794,126,0,上海,综合,,,上海工商外国语职业学院
,major_line_2023,语言类,应用英语,,,184,2023,专科批,,5816,124,0,上海,综合,,,上海工商外国语职业学院
,major_line_2023,经济贸易类,国际商务,,,172,2023,专科批,,5816,124,0,上海,综合,,,上海工商外国语职业学院
,major_line_2023,计算机类,大数据技术,,,141,2023,专科批,,5894,115,0,上海,综合,,,上海工商外国语职业学院
,major_line_2023,广播影视类,影视编导,,,144,2023,专科批,,5962,107,0,上海,综合,,,上海工商外国语职业学院
,major_line_2023,体育类,休闲体育,,,153,2023,专科批,,5997,101,0,上海,综合,,,上海工商外国语职业学院
,major_line_2023,机械设计制造类,数控技术,,,138,2023,专科批,,6003,100,0,上海,综合,,,上海工商外国语职业学院
,major_line_2023,语言类,应用英语（高本贯通。入校三年后，具有转段资格的学生，通过转段考试进入上海商学院商务英语专业本科阶段学习，详见学校招生章程）,,,241,2023,专科批,,2665,233,0,上海,综合,,,上海工商外国语职业学院
,major_line_2023,语言类,应用日语（高本贯通。入校三年后，具有转段资格的学生，通过转段考试进入上海外国语大学贤达经济人文学院日语专业本科阶段学习，详见学校招生章程）,,,229,2023,专科批,,3490,220,0,上海,综合,,,上海工商外国语职业学院
,major_line_2023,语言类,应用德语,,,212,2023,专科批,,3878,212,0,上海,综合,,,上海工商外国语职业学院
,major_line_2023,语言类,商务英语,,,219,2023,专科批,,4625,187,0,上海,综合,,,上海工商外国语职业学院
,major_line_2023,语言类,应用法语,,,205,2023,专科批,,4625,187,0,上海,综合,,,上海工商外国语职业学院
,major_line_2023,语言类,应用韩语,,,205,2023,专科批,,4676,184,0,上海,综合,,,上海工商外国语职业学院
,major_line_2023,财务会计类,大数据与会计,,,198,2023,专科批,,5493,149,0,上海,综合,,,上海工商外国语职业学院
,major_line_2023,广播影视类,新闻采编与制作,,,188,2023,专科批,,5511,148,0,上海,综合,,,上海工商外国语职业学院
,major_line_2023,计算机类,大数据技术（中外合作办学）（大数据分析方向）（中外合作办学）,,,177,2023,专科批,,5511,148,0,上海,综合,,,上海工商外国语职业学院
,major_line_2023,旅游类,会展策划与管理（中外合作办学）（中澳合作）（中外合作办学）,,,146,2023,专科批,,5570,144,0,上海,综合,,,上海工商外国语职业学院
,major_line_2023,法律实务类,法律事务,,,176,2023,专科批,,5691,135,0,上海,综合,,,上海工商外国语职业学院
,major_line_2023,计算机类,软件技术,,,171,2023,专科批,,5719,133,0,上海,综合,,,上海工商外国语职业学院
,major_line_2023,语言类,应用日语,,,177,2023,专科批,,5732,132,0,上海,综合,,,上海工商外国语职业学院
,major_line_2023,自动化类,机电一体化技术（智能设备维护与保养方向）,,,181,2023,专科批,,5773,128,0,上海,综合,,,上海工商外国语职业学院
,major_line_2023,教育类,学前教育,,,176,2023,专科批,,5794,126,0,上海,综合,,,上海工商外国语职业学院
,major_line_2023,语言类,应用英语,,,184,2023,专科批,,5816,124,0,上海,综合,,,上海工商外国语职业学院
,major_line_2023,经济贸易类,国际商务,,,172,2023,专科批,,5816,124,0,上海,综合,,,上海工商外国语职业学院
,major_line_2023,计算机类,大数据技术,,,141,2023,专科批,,5894,115,0,上海,综合,,,上海工商外国语职业学院
,major_line_2023,广播影视类,影视编导,,,144,2023,专科批,,5962,107,0,上海,综合,,,上海工商外国语职业学院
,major_line_2023,体育类,休闲体育,,,153,2023,专科批,,5997,101,0,上海,综合,,,上海工商外国语职业学院
,major_line_2023,机械设计制造类,数控技术,,,138,2023,专科批,,6003,100,0,上海,综合,,,上海工商外国语职业学院
,major_line_2023,计算机类,大数据技术,,,211,2023,专科批,,4229,203,0,上海,综合,,,苏州工业职业技术学院
,major_line_2023,计算机类,人工智能技术应用,,,210,2023,专科批,,4533,191,0,上海,综合,,,苏州工业职业技术学院
,major_line_2023,计算机类,大数据技术,,,211,2023,专科批,,4229,203,0,上海,综合,,,苏州工业职业技术学院
,major_line_2023,计算机类,人工智能技术应用,,,210,2023,专科批,,4533,191,0,上海,综合,,,苏州工业职业技术学院
,major_line_2023,铁道运输类,动车组检修技术,,,198,2023,专科批,,4625,187,0,上海,综合,,,湖南高速铁路职业技术学院
,major_line_2023,铁道运输类,铁道工程技术,,,180,2023,专科批,,4795,178,0,上海,综合,,,湖南高速铁路职业技术学院
,major_line_2023,铁道运输类,铁道交通运营管理（男生身高170cm）（含以上，女生身高160cm）（含以上）,,,195,2023,专科批,,4922,173,0,上海,综合,,,湖南高速铁路职业技术学院
,major_line_2023,铁道运输类,动车组检修技术,,,198,2023,专科批,,4625,187,0,上海,综合,,,湖南高速铁路职业技术学院
,major_line_2023,铁道运输类,铁道工程技术,,,180,2023,专科批,,4795,178,0,上海,综合,,,湖南高速铁路职业技术学院
,major_line_2023,铁道运输类,铁道交通运营管理（男生身高170cm）（含以上，女生身高160cm）（含以上）,,,195,2023,专科批,,4922,173,0,上海,综合,,,湖南高速铁路职业技术学院
,major_line_2023,工商管理类,财务管理,,,411,2023,本科批,,40349,408,0,上海,综合,,,南昌大学科学技术学院
,major_line_2023,金融学类,金融学,,,409,2023,本科批,,40349,408,0,上海,综合,,,南昌大学科学技术学院
,major_line_2023,经济与贸易类,国际经济与贸易,,,413,2023,本科批,,40830,405,0,上海,综合,,,南昌大学科学技术学院
,major_line_2023,中国语言文学类,汉语言文学,,,409,2023,本科批,,40830,405,0,上海,综合,,,南昌大学科学技术学院
,major_line_2023,电子商务类,电子商务,,,404,2023,本科批,,40998,404,0,上海,综合,,,南昌大学科学技术学院
,major_line_2023,工商管理类,会计学,,,405,2023,本科批,,41160,403,0,上海,综合,,,南昌大学科学技术学院
,major_line_2023,工商管理类,财务管理,,,411,2023,本科批,,40349,408,0,上海,综合,,,南昌大学科学技术学院
,major_line_2023,金融学类,金融学,,,409,2023,本科批,,40349,408,0,上海,综合,,,南昌大学科学技术学院
,major_line_2023,经济与贸易类,国际经济与贸易,,,413,2023,本科批,,40830,405,0,上海,综合,,,南昌大学科学技术学院
,major_line_2023,中国语言文学类,汉语言文学,,,409,2023,本科批,,40830,405,0,上海,综合,,,南昌大学科学技术学院
,major_line_2023,电子商务类,电子商务,,,404,2023,本科批,,40998,404,0,上海,综合,,,南昌大学科学技术学院
,major_line_2023,工商管理类,会计学,,,405,2023,本科批,,41160,403,0,上海,综合,,,南昌大学科学技术学院
,major_line_2023,护理类,助产（宝山校区）,,,226,2023,专科批,,3169,226,0,上海,综合,,,上海济光职业技术学院
,major_line_2023,土建施工类,建筑工程技术（宝山校区）,,,223,2023,专科批,,4157,205,0,上海,综合,,,上海济光职业技术学院
,major_line_2023,建设工程管理类,建设工程管理（高本贯通，完成高职阶段学业后，符合条件者通过入学转段考试进入上海杉达学院工程管理专业学习）（宝山校区）,,,215,2023,专科批,,4341,199,0,上海,综合,,,上海济光职业技术学院
,major_line_2023,计算机类,软件技术（宝山校区）,,,184,2023,专科批,,4676,184,0,上海,综合,,,上海济光职业技术学院
,major_line_2023,金融类,金融服务与管理（宝山校区）,,,183,2023,专科批,,4817,177,0,上海,综合,,,上海济光职业技术学院
,major_line_2023,建筑设计类,风景园林设计（宝山校区）,,,176,2023,专科批,,4851,176,0,上海,综合,,,上海济光职业技术学院
,major_line_2023,汽车制造类,新能源汽车技术（宝山校区）,,,181,2023,专科批,,4978,171,0,上海,综合,,,上海济光职业技术学院
,major_line_2023,计算机类,数字媒体技术（宝山校区）,,,190,2023,专科批,,5212,162,0,上海,综合,,,上海济光职业技术学院
,major_line_2023,建设工程管理类,工程造价（宝山校区）,,,173,2023,专科批,,5382,155,0,上海,综合,,,上海济光职业技术学院
,major_line_2023,旅游类,酒店管理与数字化运营（高本贯通，完成高职阶段学业后，符合条件者通过入学转段考试进入上海外国语大学贤达经济人文学院酒店管理专业学习。转段入学时以教育部批准的新校名为准，学费按转段入学时本科高校公布的收费标准为准，学费按转段入学时本科高校公布的收费标准为准。）（宝山校区）,,,200,2023,专科批,,5524,147,0,上海,综合,,,上海济光职业技术学院
,major_line_2023,财务会计类,大数据与会计（宝山校区）,,,156,2023,专科批,,5732,132,0,上海,综合,,,上海济光职业技术学院
,major_line_2023,旅游类,酒店管理与数字化运营（宝山校区）,,,130,2023,专科批,,5755,130,0,上海,综合,,,上海济光职业技术学院
,major_line_2023,护理类,护理（宝山校区）,,,183,2023,专科批,,5773,128,0,上海,综合,,,上海济光职业技术学院
,major_line_2023,建筑设计类,建筑设计（宝山校区）,,,167,2023,专科批,,5773,128,0,上海,综合,,,上海济光职业技术学院
,major_line_2023,教育类,学前教育（杨浦校区）,,,172,2023,专科批,,5883,116,0,上海,综合,,,上海济光职业技术学院
,major_line_2023,建筑设计类,建筑室内设计（杨浦校区）,,,154,2023,专科批,,5962,107,0,上海,综合,,,上海济光职业技术学院
,major_line_2023,计算机类,计算机网络技术（宝山校区）,,,156,2023,专科批,,5991,103,0,上海,综合,,,上海济光职业技术学院
,major_line_2023,护理类,助产（宝山校区）,,,226,2023,专科批,,3169,226,0,上海,综合,,,上海济光职业技术学院
,major_line_2023,土建施工类,建筑工程技术（宝山校区）,,,223,2023,专科批,,4157,205,0,上海,综合,,,上海济光职业技术学院
,major_line_2023,建设工程管理类,建设工程管理（高本贯通，完成高职阶段学业后，符合条件者通过入学转段考试进入上海杉达学院工程管理专业学习）（宝山校区）,,,215,2023,专科批,,4341,199,0,上海,综合,,,上海济光职业技术学院
,major_line_2023,计算机类,软件技术（宝山校区）,,,184,2023,专科批,,4676,184,0,上海,综合,,,上海济光职业技术学院
,major_line_2023,金融类,金融服务与管理（宝山校区）,,,183,2023,专科批,,4817,177,0,上海,综合,,,上海济光职业技术学院
,major_line_2023,建筑设计类,风景园林设计（宝山校区）,,,176,2023,专科批,,4851,176,0,上海,综合,,,上海济光职业技术学院
,major_line_2023,汽车制造类,新能源汽车技术（宝山校区）,,,181,2023,专科批,,4978,171,0,上海,综合,,,上海济光职业技术学院
,major_line_2023,计算机类,数字媒体技术（宝山校区）,,,190,2023,专科批,,5212,162,0,上海,综合,,,上海济光职业技术学院
,major_line_2023,建设工程管理类,工程造价（宝山校区）,,,173,2023,专科批,,5382,155,0,上海,综合,,,上海济光职业技术学院
,major_line_2023,旅游类,酒店管理与数字化运营（高本贯通，完成高职阶段学业后，符合条件者通过入学转段考试进入上海外国语大学贤达经济人文学院酒店管理专业学习。转段入学时以教育部批准的新校名为准，学费按转段入学时本科高校公布的收费标准为准，学费按转段入学时本科高校公布的收费标准为准。）（宝山校区）,,,200,2023,专科批,,5524,147,0,上海,综合,,,上海济光职业技术学院
,major_line_2023,财务会计类,大数据与会计（宝山校区）,,,156,2023,专科批,,5732,132,0,上海,综合,,,上海济光职业技术学院
,major_line_2023,旅游类,酒店管理与数字化运营（宝山校区）,,,130,2023,专科批,,5755,130,0,上海,综合,,,上海济光职业技术学院
,major_line_2023,护理类,护理（宝山校区）,,,183,2023,专科批,,5773,128,0,上海,综合,,,上海济光职业技术学院
,major_line_2023,建筑设计类,建筑设计（宝山校区）,,,167,2023,专科批,,5773,128,0,上海,综合,,,上海济光职业技术学院
,major_line_2023,教育类,学前教育（杨浦校区）,,,172,2023,专科批,,5883,116,0,上海,综合,,,上海济光职业技术学院
,major_line_2023,建筑设计类,建筑室内设计（杨浦校区）,,,154,2023,专科批,,5962,107,0,上海,综合,,,上海济光职业技术学院
,major_line_2023,计算机类,计算机网络技术（宝山校区）,,,156,2023,专科批,,5991,103,0,上海,综合,,,上海济光职业技术学院
,major_line_2023,计算机类,数字媒体技术,,,246,2023,专科批,,2504,235,0,上海,综合,,,上海出版印刷高等专科学校
,major_line_2023,计算机类,人工智能技术应用,,,241,2023,专科批,,2665,233,0,上海,综合,,,上海出版印刷高等专科学校
,major_line_2023,印刷类,印刷媒体技术,,,237,2023,专科批,,3043,228,0,上海,综合,,,上海出版印刷高等专科学校
,major_line_2023,新闻出版类,数字图文信息处理技术,,,231,2023,专科批,,3229,225,0,上海,综合,,,上海出版印刷高等专科学校
,major_line_2023,财务会计类,大数据与会计,,,237,2023,专科批,,3280,224,0,上海,综合,,,上海出版印刷高等专科学校
,major_line_2023,自动化类,机电一体化技术,,,230,2023,专科批,,3490,220,0,上海,综合,,,上海出版印刷高等专科学校
,major_line_2023,包装类,包装工程技术,,,225,2023,专科批,,4082,207,0,上海,综合,,,上海出版印刷高等专科学校
,major_line_2023,新闻出版类,数字出版,,,222,2023,专科批,,4121,206,0,上海,综合,,,上海出版印刷高等专科学校
,major_line_2023,语言类,商务英语（英语单科成绩不低于60分）（语种:英语）,,,217,2023,专科批,,4195,204,0,上海,综合,,,上海出版印刷高等专科学校
,major_line_2023,电子信息类,物联网应用技术,,,214,2023,专科批,,4260,202,0,上海,综合,,,上海出版印刷高等专科学校
,major_line_2023,体育类,电子竞技运动与管理,,,213,2023,专科批,,4341,199,0,上海,综合,,,上海出版印刷高等专科学校
,major_line_2023,文化服务类,文化产业经营与管理,,,217,2023,专科批,,4364,198,0,上海,综合,,,上海出版印刷高等专科学校
,major_line_2023,新闻出版类,出版商务,,,219,2023,专科批,,4385,197,0,上海,综合,,,上海出版印刷高等专科学校
,major_line_2023,计算机类,移动应用开发,,,212,2023,专科批,,4469,194,0,上海,综合,,,上海出版印刷高等专科学校
,major_line_2023,旅游类,会展策划与管理,,,212,2023,专科批,,4514,192,0,上海,综合,,,上海出版印刷高等专科学校
,major_line_2023,新闻出版类,出版商务（中外合作办学）（文化媒介与版权经纪方向）（中外合作办学）,,,210,2023,专科批,,4514,192,0,上海,综合,,,上海出版印刷高等专科学校
,major_line_2023,计算机类,数字媒体技术,,,246,2023,专科批,,2504,235,0,上海,综合,,,上海出版印刷高等专科学校
,major_line_2023,计算机类,人工智能技术应用,,,241,2023,专科批,,2665,233,0,上海,综合,,,上海出版印刷高等专科学校
,major_line_2023,印刷类,印刷媒体技术,,,237,2023,专科批,,3043,228,0,上海,综合,,,上海出版印刷高等专科学校
,major_line_2023,新闻出版类,数字图文信息处理技术,,,231,2023,专科批,,3229,225,0,上海,综合,,,上海出版印刷高等专科学校
,major_line_2023,财务会计类,大数据与会计,,,237,2023,专科批,,3280,224,0,上海,综合,,,上海出版印刷高等专科学校
,major_line_2023,自动化类,机电一体化技术,,,230,2023,专科批,,3490,220,0,上海,综合,,,上海出版印刷高等专科学校
,major_line_2023,包装类,包装工程技术,,,225,2023,专科批,,4082,207,0,上海,综合,,,上海出版印刷高等专科学校
,major_line_2023,新闻出版类,数字出版,,,222,2023,专科批,,4121,206,0,上海,综合,,,上海出版印刷高等专科学校
,major_line_2023,语言类,商务英语（英语单科成绩不低于60分）（语种:英语）,,,217,2023,专科批,,4195,204,0,上海,综合,,,上海出版印刷高等专科学校
,major_line_2023,电子信息类,物联网应用技术,,,214,2023,专科批,,4260,202,0,上海,综合,,,上海出版印刷高等专科学校
,major_line_2023,体育类,电子竞技运动与管理,,,213,2023,专科批,,4341,199,0,上海,综合,,,上海出版印刷高等专科学校
,major_line_2023,文化服务类,文化产业经营与管理,,,217,2023,专科批,,4364,198,0,上海,综合,,,上海出版印刷高等专科学校
,major_line_2023,新闻出版类,出版商务,,,219,2023,专科批,,4385,197,0,上海,综合,,,上海出版印刷高等专科学校
,major_line_2023,计算机类,移动应用开发,,,212,2023,专科批,,4469,194,0,上海,综合,,,上海出版印刷高等专科学校
,major_line_2023,旅游类,会展策划与管理,,,212,2023,专科批,,4514,192,0,上海,综合,,,上海出版印刷高等专科学校
,major_line_2023,新闻出版类,出版商务（中外合作办学）（文化媒介与版权经纪方向）（中外合作办学）,,,210,2023,专科批,,4514,192,0,上海,综合,,,上海出版印刷高等专科学校
,major_line_2023,口腔医学类,口腔医学,,,500,2023,本科批,,21430,493,0,上海,综合,,,温州医科大学仁济学院
,major_line_2023,法医学类,法医学,,,471,2023,本科批,,29925,458,0,上海,综合,,,温州医科大学仁济学院
,major_line_2023,药学类,药学,,,470,2023,本科批,,29925,458,0,上海,综合,,,温州医科大学仁济学院
,major_line_2023,医学技术类,医学影像技术,,,462,2023,本科批,,29925,458,0,上海,综合,,,温州医科大学仁济学院
,major_line_2023,医学技术类,眼视光学,,,464,2023,本科批,,30168,457,0,上海,综合,,,温州医科大学仁济学院
,major_line_2023,医学技术类,医学检验技术,,,457,2023,本科批,,32023,449,0,上海,综合,,,温州医科大学仁济学院
,major_line_2023,生物医学工程类,生物医学工程,,,449,2023,本科批,,33094,444,0,上海,综合,,,温州医科大学仁济学院
,major_line_2023,医学技术类,康复治疗学,,,449,2023,本科批,,33327,443,0,上海,综合,,,温州医科大学仁济学院
,major_line_2023,中药学类,中药学,,,447,2023,本科批,,33327,443,0,上海,综合,,,温州医科大学仁济学院
,major_line_2023,临床医学类,临床医学,,,486,2023,本科批,,25585,476,0,上海,综合,,,温州医科大学仁济学院
,major_line_2023,临床医学类,麻醉学,,,472,2023,本科批,,26613,472,0,上海,综合,,,温州医科大学仁济学院
,major_line_2023,口腔医学类,口腔医学,,,500,2023,本科批,,21430,493,0,上海,综合,,,温州医科大学仁济学院
,major_line_2023,临床医学类,临床医学,,,486,2023,本科批,,25585,476,0,上海,综合,,,温州医科大学仁济学院
,major_line_2023,临床医学类,麻醉学,,,472,2023,本科批,,26613,472,0,上海,综合,,,温州医科大学仁济学院
,major_line_2023,法医学类,法医学,,,471,2023,本科批,,29925,458,0,上海,综合,,,温州医科大学仁济学院
,major_line_2023,药学类,药学,,,470,2023,本科批,,29925,458,0,上海,综合,,,温州医科大学仁济学院
,major_line_2023,医学技术类,医学影像技术,,,462,2023,本科批,,29925,458,0,上海,综合,,,温州医科大学仁济学院
,major_line_2023,医学技术类,眼视光学,,,464,2023,本科批,,30168,457,0,上海,综合,,,温州医科大学仁济学院
,major_line_2023,医学技术类,医学检验技术,,,457,2023,本科批,,32023,449,0,上海,综合,,,温州医科大学仁济学院
,major_line_2023,生物医学工程类,生物医学工程,,,449,2023,本科批,,33094,444,0,上海,综合,,,温州医科大学仁济学院
,major_line_2023,医学技术类,康复治疗学,,,449,2023,本科批,,33327,443,0,上海,综合,,,温州医科大学仁济学院
,major_line_2023,中药学类,中药学,,,447,2023,本科批,,33327,443,0,上海,综合,,,温州医科大学仁济学院
,major_line_2023,外国语言文学类,英语（语种:英语）,,,399,2023,本科批,,42024,398,0,上海,综合,,,丽江文化旅游学院
,major_line_2023,工商管理类,会计学,,,398,2023,本科批,,42193,397,0,上海,综合,,,丽江文化旅游学院
,major_line_2023,金融学类,金融学,,,398,2023,本科批,,42193,397,0,上海,综合,,,丽江文化旅游学院
,major_line_2023,旅游管理类,酒店管理,,,398,2023,本科批,,42193,397,0,上海,综合,,,丽江文化旅游学院
,major_line_2023,旅游管理类,旅游管理,,,397,2023,本科批,,42193,397,0,上海,综合,,,丽江文化旅游学院
,major_line_2023,工商管理类,人力资源管理,,,397,2023,本科批,,42193,397,0,上海,综合,,,丽江文化旅游学院
,major_line_2023,中国语言文学类,汉语言文学,,,400,2023,本科批,,42365,396,0,上海,综合,,,丽江文化旅游学院
,major_line_2023,经济学类,经济学,,,398,2023,本科批,,42365,396,0,上海,综合,,,丽江文化旅游学院
,major_line_2023,教育学类,小学教育,,,398,2023,本科批,,42365,396,0,上海,综合,,,丽江文化旅游学院
,major_line_2023,教育学类,学前教育,,,397,2023,本科批,,42365,396,0,上海,综合,,,丽江文化旅游学院
,major_line_2023,新闻传播学类,网络与新媒体,,,397,2023,本科批,,42365,396,0,上海,综合,,,丽江文化旅游学院
,major_line_2023,外国语言文学类,英语（语种:英语）,,,399,2023,本科批,,42024,398,0,上海,综合,,,丽江文化旅游学院
,major_line_2023,工商管理类,会计学,,,398,2023,本科批,,42193,397,0,上海,综合,,,丽江文化旅游学院
,major_line_2023,金融学类,金融学,,,398,2023,本科批,,42193,397,0,上海,综合,,,丽江文化旅游学院
,major_line_2023,旅游管理类,酒店管理,,,398,2023,本科批,,42193,397,0,上海,综合,,,丽江文化旅游学院
,major_line_2023,旅游管理类,旅游管理,,,397,2023,本科批,,42193,397,0,上海,综合,,,丽江文化旅游学院
,major_line_2023,工商管理类,人力资源管理,,,397,2023,本科批,,42193,397,0,上海,综合,,,丽江文化旅游学院
,major_line_2023,中国语言文学类,汉语言文学,,,400,2023,本科批,,42365,396,0,上海,综合,,,丽江文化旅游学院
,major_line_2023,经济学类,经济学,,,398,2023,本科批,,42365,396,0,上海,综合,,,丽江文化旅游学院
,major_line_2023,教育学类,小学教育,,,398,2023,本科批,,42365,396,0,上海,综合,,,丽江文化旅游学院
,major_line_2023,教育学类,学前教育,,,397,2023,本科批,,42365,396,0,上海,综合,,,丽江文化旅游学院
,major_line_2023,新闻传播学类,网络与新媒体,,,397,2023,本科批,,42365,396,0,上海,综合,,,丽江文化旅游学院
,major_line_2023,工商管理类,会计学,,,402,2023,本科批,,41517,401,0,上海,综合,,,江西应用科技学院
,major_line_2023,工商管理类,会计学,,,402,2023,本科批,,41517,401,0,上海,综合,,,江西应用科技学院
,major_line_2023,食品类,食品检验检测技术,,,245,2023,专科批,,1639,245,0,上海,综合,,,上海中侨职业技术大学
,major_line_2023,物流类,现代物流管理,,,239,2023,专科批,,2339,237,0,上海,综合,,,上海中侨职业技术大学
,major_line_2023,金融类,金融服务与管理,,,230,2023,专科批,,2904,230,0,上海,综合,,,上海中侨职业技术大学
,major_line_2023,工商管理类,工商企业管理,,,224,2023,专科批,,3280,224,0,上海,综合,,,上海中侨职业技术大学
,major_line_2023,旅游类,旅游管理,,,218,2023,专科批,,3652,217,0,上海,综合,,,上海中侨职业技术大学
,major_line_2023,建设工程管理类,工程造价,,,236,2023,专科批,,3998,209,0,上海,综合,,,上海中侨职业技术大学
,major_line_2023,计算机类,数字媒体技术,,,215,2023,专科批,,4047,208,0,上海,综合,,,上海中侨职业技术大学
,major_line_2023,语言类,应用英语,,,215,2023,专科批,,4121,206,0,上海,综合,,,上海中侨职业技术大学
,major_line_2023,电子信息类,物联网应用技术,,,214,2023,专科批,,4121,206,0,上海,综合,,,上海中侨职业技术大学
,major_line_2023,土建施工类,建筑工程技术,,,214,2023,专科批,,4157,205,0,上海,综合,,,上海中侨职业技术大学
,major_line_2023,药品与医疗器械类,生物制药技术,,,207,2023,专科批,,4229,203,0,上海,综合,,,上海中侨职业技术大学
,major_line_2023,经济贸易类,国际商务,,,210,2023,专科批,,4260,202,0,上海,综合,,,上海中侨职业技术大学
,major_line_2023,自动化类,机电一体化技术,,,203,2023,专科批,,4260,202,0,上海,综合,,,上海中侨职业技术大学
,major_line_2023,护理类,护理（康复护理方向）,,,214,2023,专科批,,4341,199,0,上海,综合,,,上海中侨职业技术大学
,major_line_2023,计算机类,计算机应用技术,,,209,2023,专科批,,4341,199,0,上海,综合,,,上海中侨职业技术大学
,major_line_2023,计算机类,数字媒体技术（电子竞技与网络直播方向）,,,208,2023,专科批,,4341,199,0,上海,综合,,,上海中侨职业技术大学
,major_line_2023,食品类,食品质量与安全,,,215,2023,专科批,,4441,195,0,上海,综合,,,上海中侨职业技术大学
,major_line_2023,财务会计类,大数据与会计（涉外会计方向）,,,210,2023,专科批,,4441,195,0,上海,综合,,,上海中侨职业技术大学
,major_line_2023,计算机类,计算机应用技术（人工智能方向）,,,200,2023,专科批,,4441,195,0,上海,综合,,,上海中侨职业技术大学
,major_line_2023,食品类,食品检验检测技术,,,245,2023,专科批,,1639,245,0,上海,综合,,,上海中侨职业技术大学
,major_line_2023,物流类,现代物流管理,,,239,2023,专科批,,2339,237,0,上海,综合,,,上海中侨职业技术大学
,major_line_2023,金融类,金融服务与管理,,,230,2023,专科批,,2904,230,0,上海,综合,,,上海中侨职业技术大学
,major_line_2023,工商管理类,工商企业管理,,,224,2023,专科批,,3280,224,0,上海,综合,,,上海中侨职业技术大学
,major_line_2023,旅游类,旅游管理,,,218,2023,专科批,,3652,217,0,上海,综合,,,上海中侨职业技术大学
,major_line_2023,建设工程管理类,工程造价,,,236,2023,专科批,,3998,209,0,上海,综合,,,上海中侨职业技术大学
,major_line_2023,计算机类,数字媒体技术,,,215,2023,专科批,,4047,208,0,上海,综合,,,上海中侨职业技术大学
,major_line_2023,语言类,应用英语,,,215,2023,专科批,,4121,206,0,上海,综合,,,上海中侨职业技术大学
,major_line_2023,电子信息类,物联网应用技术,,,214,2023,专科批,,4121,206,0,上海,综合,,,上海中侨职业技术大学
,major_line_2023,土建施工类,建筑工程技术,,,214,2023,专科批,,4157,205,0,上海,综合,,,上海中侨职业技术大学
,major_line_2023,药品与医疗器械类,生物制药技术,,,207,2023,专科批,,4229,203,0,上海,综合,,,上海中侨职业技术大学
,major_line_2023,经济贸易类,国际商务,,,210,2023,专科批,,4260,202,0,上海,综合,,,上海中侨职业技术大学
,major_line_2023,自动化类,机电一体化技术,,,203,2023,专科批,,4260,202,0,上海,综合,,,上海中侨职业技术大学
,major_line_2023,护理类,护理（康复护理方向）,,,214,2023,专科批,,4341,199,0,上海,综合,,,上海中侨职业技术大学
,major_line_2023,计算机类,计算机应用技术,,,209,2023,专科批,,4341,199,0,上海,综合,,,上海中侨职业技术大学
,major_line_2023,计算机类,数字媒体技术（电子竞技与网络直播方向）,,,208,2023,专科批,,4341,199,0,上海,综合,,,上海中侨职业技术大学
,major_line_2023,食品类,食品质量与安全,,,215,2023,专科批,,4441,195,0,上海,综合,,,上海中侨职业技术大学
,major_line_2023,财务会计类,大数据与会计（涉外会计方向）,,,210,2023,专科批,,4441,195,0,上海,综合,,,上海中侨职业技术大学
,major_line_2023,计算机类,计算机应用技术（人工智能方向）,,,200,2023,专科批,,4441,195,0,上海,综合,,,上海中侨职业技术大学
,major_line_2023,建设工程管理类,工程造价,,,417,2023,本科批,,39247,414,0,上海,综合,,,上海中侨职业技术大学
,major_line_2023,机械设计制造类,智能制造工程技术,,,418,2023,本科批,,40174,409,0,上海,综合,,,上海中侨职业技术大学
,major_line_2023,电子信息类,物联网工程技术,,,417,2023,本科批,,40174,409,0,上海,综合,,,上海中侨职业技术大学
,major_line_2023,计算机类,大数据工程技术,,,417,2023,本科批,,40174,409,0,上海,综合,,,上海中侨职业技术大学
,major_line_2023,自动化类,机器人技术,,,417,2023,本科批,,40174,409,0,上海,综合,,,上海中侨职业技术大学
,major_line_2023,计算机类,数字媒体技术,,,416,2023,本科批,,40174,409,0,上海,综合,,,上海中侨职业技术大学
,major_line_2023,计算机类,人工智能工程技术,,,415,2023,本科批,,40174,409,0,上海,综合,,,上海中侨职业技术大学
,major_line_2023,土建施工类,建筑工程,,,413,2023,本科批,,40174,409,0,上海,综合,,,上海中侨职业技术大学
,major_line_2023,食品类,食品质量与安全,,,416,2023,本科批,,40349,408,0,上海,综合,,,上海中侨职业技术大学
,major_line_2023,食品类,食品营养与健康,,,415,2023,本科批,,40349,408,0,上海,综合,,,上海中侨职业技术大学
,major_line_2023,财务会计类,大数据与会计,,,412,2023,本科批,,40830,405,0,上海,综合,,,上海中侨职业技术大学
,major_line_2023,道路运输类,汽车服务工程技术,,,412,2023,本科批,,40830,405,0,上海,综合,,,上海中侨职业技术大学
,major_line_2023,护理类,护理,,,412,2023,本科批,,40830,405,0,上海,综合,,,上海中侨职业技术大学
,major_line_2023,电子商务类,全媒体电商运营,,,412,2023,本科批,,40998,404,0,上海,综合,,,上海中侨职业技术大学
,major_line_2023,物流类,现代物流管理,,,411,2023,本科批,,40998,404,0,上海,综合,,,上海中侨职业技术大学
,major_line_2023,工商管理类,企业数字化管理,,,411,2023,本科批,,40998,404,0,上海,综合,,,上海中侨职业技术大学
,major_line_2023,金融类,金融科技应用,,,410,2023,本科批,,40998,404,0,上海,综合,,,上海中侨职业技术大学
,major_line_2023,餐饮类,烹饪与餐饮管理,,,408,2023,本科批,,40998,404,0,上海,综合,,,上海中侨职业技术大学
,major_line_2023,财务会计类,大数据与会计,,,412,2023,本科批,,40830,405,0,上海,综合,,,上海中侨职业技术大学
,major_line_2023,道路运输类,汽车服务工程技术,,,412,2023,本科批,,40830,405,0,上海,综合,,,上海中侨职业技术大学
,major_line_2023,护理类,护理,,,412,2023,本科批,,40830,405,0,上海,综合,,,上海中侨职业技术大学
,major_line_2023,电子商务类,全媒体电商运营,,,412,2023,本科批,,40998,404,0,上海,综合,,,上海中侨职业技术大学
,major_line_2023,物流类,现代物流管理,,,411,2023,本科批,,40998,404,0,上海,综合,,,上海中侨职业技术大学
,major_line_2023,工商管理类,企业数字化管理,,,411,2023,本科批,,40998,404,0,上海,综合,,,上海中侨职业技术大学
,major_line_2023,金融类,金融科技应用,,,410,2023,本科批,,40998,404,0,上海,综合,,,上海中侨职业技术大学
,major_line_2023,餐饮类,烹饪与餐饮管理,,,408,2023,本科批,,40998,404,0,上海,综合,,,上海中侨职业技术大学
,major_line_2023,食品类,食品质量与安全,,,416,2023,本科批,,40349,408,0,上海,综合,,,上海中侨职业技术大学
,major_line_2023,食品类,食品营养与健康,,,415,2023,本科批,,40349,408,0,上海,综合,,,上海中侨职业技术大学
,major_line_2023,建设工程管理类,工程造价,,,417,2023,本科批,,39247,414,0,上海,综合,,,上海中侨职业技术大学
,major_line_2023,机械设计制造类,智能制造工程技术,,,418,2023,本科批,,40174,409,0,上海,综合,,,上海中侨职业技术大学
,major_line_2023,电子信息类,物联网工程技术,,,417,2023,本科批,,40174,409,0,上海,综合,,,上海中侨职业技术大学
,major_line_2023,计算机类,大数据工程技术,,,417,2023,本科批,,40174,409,0,上海,综合,,,上海中侨职业技术大学
,major_line_2023,自动化类,机器人技术,,,417,2023,本科批,,40174,409,0,上海,综合,,,上海中侨职业技术大学
,major_line_2023,计算机类,数字媒体技术,,,416,2023,本科批,,40174,409,0,上海,综合,,,上海中侨职业技术大学
,major_line_2023,计算机类,人工智能工程技术,,,415,2023,本科批,,40174,409,0,上海,综合,,,上海中侨职业技术大学
,major_line_2023,土建施工类,建筑工程,,,413,2023,本科批,,40174,409,0,上海,综合,,,上海中侨职业技术大学
,major_line_2023,工商管理类,文化产业管理,,,449,2023,本科批,,34170,439,0,上海,综合,,,上海视觉艺术学院
,major_line_2023,工商管理类,文化产业管理,,,449,2023,本科批,,34170,439,0,上海,综合,,,上海视觉艺术学院
,major_line_2023,物流管理与工程类,物流管理,,,441,2023,本科批,,34170,439,0,上海,综合,,,江苏科技大学苏州理工学院
,major_line_2023,外国语言文学类,英语,,,434,2023,本科批,,35697,432,0,上海,综合,,,江苏科技大学苏州理工学院
,major_line_2023,物流管理与工程类,物流管理,,,441,2023,本科批,,34170,439,0,上海,综合,,,江苏科技大学苏州理工学院
,major_line_2023,外国语言文学类,英语,,,434,2023,本科批,,35697,432,0,上海,综合,,,江苏科技大学苏州理工学院
,major_line_2023,计算机类,计算机科学与技术,,,429,2023,本科批,,36503,428,0,上海,综合,,,江苏科技大学苏州理工学院
,major_line_2023,海洋工程类,船舶与海洋工程,,,427,2023,本科批,,37331,424,0,上海,综合,,,江苏科技大学苏州理工学院
,major_line_2023,计算机类,计算机科学与技术,,,429,2023,本科批,,36503,428,0,上海,综合,,,江苏科技大学苏州理工学院
,major_line_2023,海洋工程类,船舶与海洋工程,,,427,2023,本科批,,37331,424,0,上海,综合,,,江苏科技大学苏州理工学院
,major_line_2023,临床医学类,临床医学,,,414,2023,本科批,,39977,410,0,上海,综合,,,辽宁何氏医学院
,major_line_2023,临床医学类,临床医学,,,414,2023,本科批,,39977,410,0,上海,综合,,,辽宁何氏医学院
,major_line_2023,药学类,药学,,,413,2023,本科批,,40349,408,0,上海,综合,,,辽宁何氏医学院
,major_line_2023,医学技术类,眼视光学,,,410,2023,本科批,,40671,406,0,上海,综合,,,辽宁何氏医学院
,major_line_2023,医学技术类,智能医学工程,,,405,2023,本科批,,40830,405,0,上海,综合,,,辽宁何氏医学院
,major_line_2023,药学类,药学,,,413,2023,本科批,,40349,408,0,上海,综合,,,辽宁何氏医学院
,major_line_2023,医学技术类,眼视光学,,,410,2023,本科批,,40671,406,0,上海,综合,,,辽宁何氏医学院
,major_line_2023,医学技术类,智能医学工程,,,405,2023,本科批,,40830,405,0,上海,综合,,,辽宁何氏医学院
,major_line_2023,公共事业类,社会工作（高本贯通。三年后通过入学转段考试转入上海立信会计金融学院社会工作专业）,,,256,2023,专科批,,1122,251,0,上海,综合,,,上海科学技术职业学院
,major_line_2023,物流类,现代物流管理（高本贯通。三年后通过入学转段考试转入上海师范大学天华学院物流管理专业。转段入学时以教育部批准的新校名为准）,,,250,2023,专科批,,1639,245,0,上海,综合,,,上海科学技术职业学院
,major_line_2023,道路运输类,汽车检测与维修技术（高本贯通。三年后通过入学转段考试转入上海中侨职业技术大学汽车服务工程技术专业）,,,244,2023,专科批,,1989,241,0,上海,综合,,,上海科学技术职业学院
,major_line_2023,旅游类,旅游管理（高本贯通。三年后通过入学转段考试转入上海外国语大学贤达经济人文学院旅游管理专业。转段入学时以教育部批准的新校名为准）,,,243,2023,专科批,,2070,240,0,上海,综合,,,上海科学技术职业学院
,major_line_2023,物流类,现代物流管理,,,242,2023,专科批,,2339,237,0,上海,综合,,,上海科学技术职业学院
,major_line_2023,计算机类,信息安全技术应用,,,241,2023,专科批,,2504,235,0,上海,综合,,,上海科学技术职业学院
,major_line_2023,自动化类,机电一体化技术,,,239,2023,专科批,,2581,234,0,上海,综合,,,上海科学技术职业学院
,major_line_2023,计算机类,人工智能技术应用,,,235,2023,专科批,,2831,231,0,上海,综合,,,上海科学技术职业学院
,major_line_2023,通信类,现代通信技术,,,235,2023,专科批,,2979,229,0,上海,综合,,,上海科学技术职业学院
,major_line_2023,公共事业类,社会工作,,,237,2023,专科批,,3169,226,0,上海,综合,,,上海科学技术职业学院
,major_line_2023,财务会计类,大数据与会计,,,235,2023,专科批,,3280,224,0,上海,综合,,,上海科学技术职业学院
,major_line_2023,汽车制造类,新能源汽车技术,,,231,2023,专科批,,3387,222,0,上海,综合,,,上海科学技术职业学院
,major_line_2023,机械设计制造类,机械制造及自动化,,,227,2023,专科批,,3741,215,0,上海,综合,,,上海科学技术职业学院
,major_line_2023,道路运输类,汽车检测与维修技术,,,229,2023,专科批,,3778,214,0,上海,综合,,,上海科学技术职业学院
,major_line_2023,语言类,应用英语,,,228,2023,专科批,,3967,210,0,上海,综合,,,上海科学技术职业学院
,major_line_2023,自动化类,工业机器人技术,,,225,2023,专科批,,4082,207,0,上海,综合,,,上海科学技术职业学院
,major_line_2023,电子信息类,物联网应用技术,,,225,2023,专科批,,4121,206,0,上海,综合,,,上海科学技术职业学院
,major_line_2023,电子信息类,移动互联应用技术,,,220,2023,专科批,,4121,206,0,上海,综合,,,上海科学技术职业学院
,major_line_2023,自动化类,智能控制技术,,,219,2023,专科批,,4260,202,0,上海,综合,,,上海科学技术职业学院
,major_line_2023,语言类,应用日语（外语语种为英语、日语）,,,217,2023,专科批,,4341,199,0,上海,综合,,,上海科学技术职业学院
,major_line_2023,旅游类,旅游管理,,,213,2023,专科批,,4364,198,0,上海,综合,,,上海科学技术职业学院
,major_line_2023,安全防范类,安全防范技术（集成技术与产品制造方向）,,,217,2023,专科批,,4410,196,0,上海,综合,,,上海科学技术职业学院
,major_line_2023,电子商务类,电子商务,,,219,2023,专科批,,4441,195,0,上海,综合,,,上海科学技术职业学院
,major_line_2023,汽车制造类,智能网联汽车技术,,,222,2023,专科批,,4469,194,0,上海,综合,,,上海科学技术职业学院
,major_line_2023,电子商务类,跨境电子商务,,,215,2023,专科批,,4469,194,0,上海,综合,,,上海科学技术职业学院
,major_line_2023,电子商务类,网络营销与直播电商,,,214,2023,专科批,,4497,193,0,上海,综合,,,上海科学技术职业学院
,major_line_2023,公共事业类,社会工作（高本贯通。三年后通过入学转段考试转入上海立信会计金融学院社会工作专业）,,,256,2023,专科批,,1122,251,0,上海,综合,,,上海科学技术职业学院
,major_line_2023,物流类,现代物流管理（高本贯通。三年后通过入学转段考试转入上海师范大学天华学院物流管理专业。转段入学时以教育部批准的新校名为准）,,,250,2023,专科批,,1639,245,0,上海,综合,,,上海科学技术职业学院
,major_line_2023,道路运输类,汽车检测与维修技术（高本贯通。三年后通过入学转段考试转入上海中侨职业技术大学汽车服务工程技术专业）,,,244,2023,专科批,,1989,241,0,上海,综合,,,上海科学技术职业学院
,major_line_2023,旅游类,旅游管理（高本贯通。三年后通过入学转段考试转入上海外国语大学贤达经济人文学院旅游管理专业。转段入学时以教育部批准的新校名为准）,,,243,2023,专科批,,2070,240,0,上海,综合,,,上海科学技术职业学院
,major_line_2023,物流类,现代物流管理,,,242,2023,专科批,,2339,237,0,上海,综合,,,上海科学技术职业学院
,major_line_2023,计算机类,信息安全技术应用,,,241,2023,专科批,,2504,235,0,上海,综合,,,上海科学技术职业学院
,major_line_2023,自动化类,机电一体化技术,,,239,2023,专科批,,2581,234,0,上海,综合,,,上海科学技术职业学院
,major_line_2023,计算机类,人工智能技术应用,,,235,2023,专科批,,2831,231,0,上海,综合,,,上海科学技术职业学院
,major_line_2023,通信类,现代通信技术,,,235,2023,专科批,,2979,229,0,上海,综合,,,上海科学技术职业学院
,major_line_2023,公共事业类,社会工作,,,237,2023,专科批,,3169,226,0,上海,综合,,,上海科学技术职业学院
,major_line_2023,财务会计类,大数据与会计,,,235,2023,专科批,,3280,224,0,上海,综合,,,上海科学技术职业学院
,major_line_2023,汽车制造类,新能源汽车技术,,,231,2023,专科批,,3387,222,0,上海,综合,,,上海科学技术职业学院
,major_line_2023,机械设计制造类,机械制造及自动化,,,227,2023,专科批,,3741,215,0,上海,综合,,,上海科学技术职业学院
,major_line_2023,道路运输类,汽车检测与维修技术,,,229,2023,专科批,,3778,214,0,上海,综合,,,上海科学技术职业学院
,major_line_2023,语言类,应用英语,,,228,2023,专科批,,3967,210,0,上海,综合,,,上海科学技术职业学院
,major_line_2023,自动化类,工业机器人技术,,,225,2023,专科批,,4082,207,0,上海,综合,,,上海科学技术职业学院
,major_line_2023,电子信息类,物联网应用技术,,,225,2023,专科批,,4121,206,0,上海,综合,,,上海科学技术职业学院
,major_line_2023,电子信息类,移动互联应用技术,,,220,2023,专科批,,4121,206,0,上海,综合,,,上海科学技术职业学院
,major_line_2023,自动化类,智能控制技术,,,219,2023,专科批,,4260,202,0,上海,综合,,,上海科学技术职业学院
,major_line_2023,语言类,应用日语（外语语种为英语、日语）,,,217,2023,专科批,,4341,199,0,上海,综合,,,上海科学技术职业学院
,major_line_2023,旅游类,旅游管理,,,213,2023,专科批,,4364,198,0,上海,综合,,,上海科学技术职业学院
,major_line_2023,安全防范类,安全防范技术（集成技术与产品制造方向）,,,217,2023,专科批,,4410,196,0,上海,综合,,,上海科学技术职业学院
,major_line_2023,电子商务类,电子商务,,,219,2023,专科批,,4441,195,0,上海,综合,,,上海科学技术职业学院
,major_line_2023,汽车制造类,智能网联汽车技术,,,222,2023,专科批,,4469,194,0,上海,综合,,,上海科学技术职业学院
,major_line_2023,电子商务类,跨境电子商务,,,215,2023,专科批,,4469,194,0,上海,综合,,,上海科学技术职业学院
,major_line_2023,电子商务类,网络营销与直播电商,,,214,2023,专科批,,4497,193,0,上海,综合,,,上海科学技术职业学院
,major_line_2023,医学技术类,医学检验技术,,,209,2023,专科批,,4533,191,0,上海,综合,,,合肥职业技术学院
,major_line_2023,医学技术类,医学检验技术,,,209,2023,专科批,,4533,191,0,上海,综合,,,合肥职业技术学院
,major_line_2023,建筑类,风景园林,,,414,2023,本科批,,39440,413,0,上海,综合,,,合肥城市学院
,major_line_2023,公共管理类,城市管理,,,419,2023,本科批,,39977,410,0,上海,综合,,,合肥城市学院
,major_line_2023,工商管理类,财务管理,,,408,2023,本科批,,40512,407,0,上海,综合,,,合肥城市学院
,major_line_2023,工商管理类,资产评估,,,406,2023,本科批,,40671,406,0,上海,综合,,,合肥城市学院
,major_line_2023,建筑类,城市设计,,,416,2023,本科批,,40830,405,0,上海,综合,,,合肥城市学院
,major_line_2023,土木类,智能建造,,,406,2023,本科批,,40830,405,0,上海,综合,,,合肥城市学院
,major_line_2023,建筑类,风景园林,,,414,2023,本科批,,39440,413,0,上海,综合,,,合肥城市学院
,major_line_2023,建筑类,城市设计,,,416,2023,本科批,,40830,405,0,上海,综合,,,合肥城市学院
,major_line_2023,土木类,智能建造,,,406,2023,本科批,,40830,405,0,上海,综合,,,合肥城市学院
,major_line_2023,公共管理类,城市管理,,,419,2023,本科批,,39977,410,0,上海,综合,,,合肥城市学院
,major_line_2023,工商管理类,财务管理,,,408,2023,本科批,,40512,407,0,上海,综合,,,合肥城市学院
,major_line_2023,工商管理类,资产评估,,,406,2023,本科批,,40671,406,0,上海,综合,,,合肥城市学院
,major_line_2023,电子信息类,电子信息工程技术,,,243,2023,专科批,,2757,232,0,上海,综合,,,南京信息职业技术学院
,major_line_2023,电子信息类,智能光电技术应用,,,232,2023,专科批,,2831,231,0,上海,综合,,,南京信息职业技术学院
,major_line_2023,集成电路类,集成电路技术,,,229,2023,专科批,,2979,229,0,上海,综合,,,南京信息职业技术学院
,major_line_2023,电子商务类,商务数据分析与应用,,,227,2023,专科批,,3229,225,0,上海,综合,,,南京信息职业技术学院
,major_line_2023,计算机类,虚拟现实技术应用,,,227,2023,专科批,,3280,224,0,上海,综合,,,南京信息职业技术学院
,major_line_2023,电子信息类,电子信息工程技术,,,243,2023,专科批,,2757,232,0,上海,综合,,,南京信息职业技术学院
,major_line_2023,电子信息类,智能光电技术应用,,,232,2023,专科批,,2831,231,0,上海,综合,,,南京信息职业技术学院
,major_line_2023,集成电路类,集成电路技术,,,229,2023,专科批,,2979,229,0,上海,综合,,,南京信息职业技术学院
,major_line_2023,电子商务类,商务数据分析与应用,,,227,2023,专科批,,3229,225,0,上海,综合,,,南京信息职业技术学院
,major_line_2023,计算机类,虚拟现实技术应用,,,227,2023,专科批,,3280,224,0,上海,综合,,,南京信息职业技术学院
,major_line_2023,新闻传播学类,网络与新媒体,,,412,2023,本科批,,39601,412,0,上海,综合,,,福州外语外贸学院
,major_line_2023,经济与贸易类,国际经济与贸易,,,413,2023,本科批,,39977,410,0,上海,综合,,,福州外语外贸学院
,major_line_2023,金融学类,金融学,,,410,2023,本科批,,39977,410,0,上海,综合,,,福州外语外贸学院
,major_line_2023,电子信息类,人工智能,,,409,2023,本科批,,40998,404,0,上海,综合,,,福州外语外贸学院
,major_line_2023,管理科学与工程类,大数据管理与应用,,,405,2023,本科批,,40998,404,0,上海,综合,,,福州外语外贸学院
,major_line_2023,教育学类,小学教育,,,410,2023,本科批,,41160,403,0,上海,综合,,,福州外语外贸学院
,major_line_2023,计算机类,数据科学与大数据技术,,,406,2023,本科批,,41160,403,0,上海,综合,,,福州外语外贸学院
,major_line_2023,工商管理类,审计学,,,405,2023,本科批,,41160,403,0,上海,综合,,,福州外语外贸学院
,major_line_2023,电子信息类,人工智能,,,409,2023,本科批,,40998,404,0,上海,综合,,,福州外语外贸学院
,major_line_2023,管理科学与工程类,大数据管理与应用,,,405,2023,本科批,,40998,404,0,上海,综合,,,福州外语外贸学院
,major_line_2023,计算机类,数据科学与大数据技术,,,406,2023,本科批,,41160,403,0,上海,综合,,,福州外语外贸学院
,major_line_2023,新闻传播学类,网络与新媒体,,,412,2023,本科批,,39601,412,0,上海,综合,,,福州外语外贸学院
,major_line_2023,经济与贸易类,国际经济与贸易,,,413,2023,本科批,,39977,410,0,上海,综合,,,福州外语外贸学院
,major_line_2023,金融学类,金融学,,,410,2023,本科批,,39977,410,0,上海,综合,,,福州外语外贸学院
,major_line_2023,教育学类,小学教育,,,410,2023,本科批,,41160,403,0,上海,综合,,,福州外语外贸学院
,major_line_2023,工商管理类,审计学,,,405,2023,本科批,,41160,403,0,上海,综合,,,福州外语外贸学院
,major_line_2023,水上运输类,港口机械与智能控制,,,201,2023,专科批,,4289,201,0,上海,综合,,,天津海运职业学院
,major_line_2023,水上运输类,港口机械与智能控制,,,201,2023,专科批,,4289,201,0,上海,综合,,,天津海运职业学院
,major_line_2023,数学类,数学与应用数学（中外合作办学）（合作院校为法国索邦大学）（中外合作办学）,,,576,2023,本科批,,2962,576,0,上海,综合,,,中国人民大学（苏州校区）
,major_line_2023,金融学类,金融学（中外合作办学）（合作院校为法国KEDGE商学院）（中外合作办学）,,,575,2023,本科批,,3741,571,0,上海,综合,,,中国人民大学（苏州校区）
,major_line_2023,新闻传播学类,传播学（中外合作办学）（国际新闻传播方向。合作院校为法国保罗瓦莱里大学）（中外合作办学）,,,572,2023,本科批,,3741,571,0,上海,综合,,,中国人民大学（苏州校区）
,major_line_2023,金融学类,金融学（中外合作办学）（合作院校为法国KEDGE商学院）（中外合作办学）,,,575,2023,本科批,,3741,571,0,上海,综合,,,中国人民大学（苏州校区）
,major_line_2023,新闻传播学类,传播学（中外合作办学）（国际新闻传播方向。合作院校为法国保罗瓦莱里大学）（中外合作办学）,,,572,2023,本科批,,3741,571,0,上海,综合,,,中国人民大学（苏州校区）
,major_line_2023,数学类,数学与应用数学（中外合作办学）（合作院校为法国索邦大学）（中外合作办学）,,,576,2023,本科批,,2962,576,0,上海,综合,,,中国人民大学（苏州校区）
,major_line_2023,城市轨道交通类,城市轨道车辆应用技术（闵行校区）,,,250,2023,专科批,,1544,246,0,上海,综合,,,上海交通职业技术学院
,major_line_2023,城市轨道交通类,城市轨道交通运营管理（闵行校区）,,,245,2023,专科批,,1989,241,0,上海,综合,,,上海交通职业技术学院
,major_line_2023,汽车制造类,智能网联汽车技术（宝山校区）,,,239,2023,专科批,,2339,237,0,上海,综合,,,上海交通职业技术学院
,major_line_2023,市政工程类,城市燃气工程技术（徐汇校区）,,,237,2023,专科批,,2757,232,0,上海,综合,,,上海交通职业技术学院
,major_line_2023,经济贸易类,关务与外贸服务（浦东校区）,,,239,2023,专科批,,2831,231,0,上海,综合,,,上海交通职业技术学院
,major_line_2023,水上运输类,港口机械与智能控制（浦东校区）,,,240,2023,专科批,,2904,230,0,上海,综合,,,上海交通职业技术学院
,major_line_2023,经济贸易类,国际商务（浦东校区）,,,237,2023,专科批,,2904,230,0,上海,综合,,,上海交通职业技术学院
,major_line_2023,财务会计类,大数据与会计（浦东校区）,,,237,2023,专科批,,2904,230,0,上海,综合,,,上海交通职业技术学院
,major_line_2023,汽车制造类,新能源汽车技术（宝山校区）,,,235,2023,专科批,,2904,230,0,上海,综合,,,上海交通职业技术学院
,major_line_2023,计算机类,大数据技术（浦东校区）,,,235,2023,专科批,,2904,230,0,上海,综合,,,上海交通职业技术学院
,major_line_2023,道路运输类,道路工程造价（徐汇校区）,,,235,2023,专科批,,2904,230,0,上海,综合,,,上海交通职业技术学院
,major_line_2023,市政工程类,市政工程技术（徐汇校区）,,,235,2023,专科批,,2904,230,0,上海,综合,,,上海交通职业技术学院
,major_line_2023,道路运输类,交通运营管理（浦东校区）,,,234,2023,专科批,,2904,230,0,上海,综合,,,上海交通职业技术学院
,major_line_2023,城市轨道交通类,城市轨道车辆应用技术（闵行校区）,,,250,2023,专科批,,1544,246,0,上海,综合,,,上海交通职业技术学院
,major_line_2023,城市轨道交通类,城市轨道交通运营管理（闵行校区）,,,245,2023,专科批,,1989,241,0,上海,综合,,,上海交通职业技术学院
,major_line_2023,汽车制造类,智能网联汽车技术（宝山校区）,,,239,2023,专科批,,2339,237,0,上海,综合,,,上海交通职业技术学院
,major_line_2023,市政工程类,城市燃气工程技术（徐汇校区）,,,237,2023,专科批,,2757,232,0,上海,综合,,,上海交通职业技术学院
,major_line_2023,经济贸易类,关务与外贸服务（浦东校区）,,,239,2023,专科批,,2831,231,0,上海,综合,,,上海交通职业技术学院
,major_line_2023,水上运输类,港口机械与智能控制（浦东校区）,,,240,2023,专科批,,2904,230,0,上海,综合,,,上海交通职业技术学院
,major_line_2023,经济贸易类,国际商务（浦东校区）,,,237,2023,专科批,,2904,230,0,上海,综合,,,上海交通职业技术学院
,major_line_2023,财务会计类,大数据与会计（浦东校区）,,,237,2023,专科批,,2904,230,0,上海,综合,,,上海交通职业技术学院
,major_line_2023,汽车制造类,新能源汽车技术（宝山校区）,,,235,2023,专科批,,2904,230,0,上海,综合,,,上海交通职业技术学院
,major_line_2023,计算机类,大数据技术（浦东校区）,,,235,2023,专科批,,2904,230,0,上海,综合,,,上海交通职业技术学院
,major_line_2023,道路运输类,道路工程造价（徐汇校区）,,,235,2023,专科批,,2904,230,0,上海,综合,,,上海交通职业技术学院
,major_line_2023,市政工程类,市政工程技术（徐汇校区）,,,235,2023,专科批,,2904,230,0,上海,综合,,,上海交通职业技术学院
,major_line_2023,道路运输类,交通运营管理（浦东校区）,,,234,2023,专科批,,2904,230,0,上海,综合,,,上海交通职业技术学院
,major_line_2023,计算机类,信息安全技术应用,,,237,2023,专科批,,2581,234,0,上海,综合,,,天津公安警官职业学院
,major_line_2023,安全防范类,安全保卫管理,,,233,2023,专科批,,2665,233,0,上海,综合,,,天津公安警官职业学院
,major_line_2023,计算机类,信息安全技术应用,,,237,2023,专科批,,2581,234,0,上海,综合,,,天津公安警官职业学院
,major_line_2023,安全防范类,安全保卫管理,,,233,2023,专科批,,2665,233,0,上海,综合,,,天津公安警官职业学院
,major_line_2023,道路运输类,新能源汽车检测与维修技术（高本贯通。三年后通过入学转段考生转入上海师范大学天华学院汽车服务工程专业。转段入学时以教育部批准的新校名为准，学费按转段入学时本科高校公布的收费标准为准）（嘉定校区）,,,215,2023,专科批,,4625,187,0,上海,综合,,,上海工商职业技术学院
,major_line_2023,机械设计制造类,机械制造及自动化（嘉定校区）,,,177,2023,专科批,,4978,171,0,上海,综合,,,上海工商职业技术学院
,major_line_2023,机械设计制造类,数控技术（嘉定校区）,,,178,2023,专科批,,5000,170,0,上海,综合,,,上海工商职业技术学院
,major_line_2023,电子信息类,移动互联应用技术（嘉定校区）,,,197,2023,专科批,,5153,164,0,上海,综合,,,上海工商职业技术学院
,major_line_2023,经济贸易类,国际商务（跨境贸易方向）（青浦校区）,,,172,2023,专科批,,5442,152,0,上海,综合,,,上海工商职业技术学院
,major_line_2023,资源勘查类,宝玉石鉴定与加工（嘉定校区）,,,151,2023,专科批,,5461,151,0,上海,综合,,,上海工商职业技术学院
,major_line_2023,自动化类,工业机器人技术（嘉定校区）,,,168,2023,专科批,,5511,148,0,上海,综合,,,上海工商职业技术学院
,major_line_2023,护理类,护理（青浦校区）,,,188,2023,专科批,,5524,147,0,上海,综合,,,上海工商职业技术学院
,major_line_2023,航空运输类,空中乘务（青浦校区）,,,171,2023,专科批,,5691,135,0,上海,综合,,,上海工商职业技术学院
,major_line_2023,教育类,学前教育（嘉定校区）,,,173,2023,专科批,,5755,130,0,上海,综合,,,上海工商职业技术学院
,major_line_2023,财务会计类,大数据与会计（含助理会计师）（青浦校区）,,,141,2023,专科批,,5761,129,0,上海,综合,,,上海工商职业技术学院
,major_line_2023,汽车制造类,新能源汽车技术（嘉定校区）,,,167,2023,专科批,,5784,127,0,上海,综合,,,上海工商职业技术学院
,major_line_2023,计算机类,计算机应用技术（移动互联网应用软件开发方向）（嘉定校区）,,,166,2023,专科批,,5911,113,0,上海,综合,,,上海工商职业技术学院
,major_line_2023,计算机类,计算机网络技术（嘉定校区）,,,149,2023,专科批,,5962,107,0,上海,综合,,,上海工商职业技术学院
,major_line_2023,道路运输类,新能源汽车检测与维修技术（高本贯通。三年后通过入学转段考生转入上海师范大学天华学院汽车服务工程专业。转段入学时以教育部批准的新校名为准，学费按转段入学时本科高校公布的收费标准为准）（嘉定校区）,,,215,2023,专科批,,4625,187,0,上海,综合,,,上海工商职业技术学院
,major_line_2023,机械设计制造类,机械制造及自动化（嘉定校区）,,,177,2023,专科批,,4978,171,0,上海,综合,,,上海工商职业技术学院
,major_line_2023,机械设计制造类,数控技术（嘉定校区）,,,178,2023,专科批,,5000,170,0,上海,综合,,,上海工商职业技术学院
,major_line_2023,电子信息类,移动互联应用技术（嘉定校区）,,,197,2023,专科批,,5153,164,0,上海,综合,,,上海工商职业技术学院
,major_line_2023,经济贸易类,国际商务（跨境贸易方向）（青浦校区）,,,172,2023,专科批,,5442,152,0,上海,综合,,,上海工商职业技术学院
,major_line_2023,资源勘查类,宝玉石鉴定与加工（嘉定校区）,,,151,2023,专科批,,5461,151,0,上海,综合,,,上海工商职业技术学院
,major_line_2023,自动化类,工业机器人技术（嘉定校区）,,,168,2023,专科批,,5511,148,0,上海,综合,,,上海工商职业技术学院
,major_line_2023,护理类,护理（青浦校区）,,,188,2023,专科批,,5524,147,0,上海,综合,,,上海工商职业技术学院
,major_line_2023,航空运输类,空中乘务（青浦校区）,,,171,2023,专科批,,5691,135,0,上海,综合,,,上海工商职业技术学院
,major_line_2023,教育类,学前教育（嘉定校区）,,,173,2023,专科批,,5755,130,0,上海,综合,,,上海工商职业技术学院
,major_line_2023,财务会计类,大数据与会计（含助理会计师）（青浦校区）,,,141,2023,专科批,,5761,129,0,上海,综合,,,上海工商职业技术学院
,major_line_2023,汽车制造类,新能源汽车技术（嘉定校区）,,,167,2023,专科批,,5784,127,0,上海,综合,,,上海工商职业技术学院
,major_line_2023,计算机类,计算机应用技术（移动互联网应用软件开发方向）（嘉定校区）,,,166,2023,专科批,,5911,113,0,上海,综合,,,上海工商职业技术学院
,major_line_2023,计算机类,计算机网络技术（嘉定校区）,,,149,2023,专科批,,5962,107,0,上海,综合,,,上海工商职业技术学院
,major_line_2023,农业类,农产品加工与质量检测（高本贯通。完成高职阶段学业后通过全国大学英语四级考试、上海市计算机等级考试一级或上海杉达学院组织的计算机水平考试及高本贯通转段考试后方可进入上海杉达学院食品质量与安全专业学习。无色盲、色弱）,,,248,2023,专科批,,1815,243,0,上海,综合,,,上海农林职业技术学院
,major_line_2023,畜牧业类,动物医学（无色盲、色弱）,,,249,2023,专科批,,1901,242,0,上海,综合,,,上海农林职业技术学院
,major_line_2023,计算机类,软件技术（高本贯通。完成高职阶段学业后通过全国大学英语四级考试、上海市计算机等级考试一级或上海建桥学院组织的计算机水平考试，并通过高本贯通转段考试及专业课加试考核后方可进入上海建桥学院软件工程专业学习）,,,244,2023,专科批,,1989,241,0,上海,综合,,,上海农林职业技术学院
,major_line_2023,电子信息类,物联网应用技术,,,238,2023,专科批,,2339,237,0,上海,综合,,,上海农林职业技术学院
,major_line_2023,生物技术类,药品生物技术（无色盲、色弱）,,,238,2023,专科批,,2504,235,0,上海,综合,,,上海农林职业技术学院
,major_line_2023,农业类,园艺技术（无色盲、色弱）,,,238,2023,专科批,,2665,233,0,上海,综合,,,上海农林职业技术学院
,major_line_2023,生物技术类,农业生物技术（无色盲、色弱）,,,236,2023,专科批,,2665,233,0,上海,综合,,,上海农林职业技术学院
,major_line_2023,建筑设计类,风景园林设计（无色盲、色弱）,,,238,2023,专科批,,2757,232,0,上海,综合,,,上海农林职业技术学院
,major_line_2023,广播影视类,融媒体技术与运营,,,237,2023,专科批,,2904,230,0,上海,综合,,,上海农林职业技术学院
,major_line_2023,农业类,农产品加工与质量检测（高本贯通。完成高职阶段学业后通过全国大学英语四级考试、上海市计算机等级考试一级或上海杉达学院组织的计算机水平考试及高本贯通转段考试后方可进入上海杉达学院食品质量与安全专业学习。无色盲、色弱）,,,248,2023,专科批,,1815,243,0,上海,综合,,,上海农林职业技术学院
,major_line_2023,畜牧业类,动物医学（无色盲、色弱）,,,249,2023,专科批,,1901,242,0,上海,综合,,,上海农林职业技术学院
,major_line_2023,计算机类,软件技术（高本贯通。完成高职阶段学业后通过全国大学英语四级考试、上海市计算机等级考试一级或上海建桥学院组织的计算机水平考试，并通过高本贯通转段考试及专业课加试考核后方可进入上海建桥学院软件工程专业学习）,,,244,2023,专科批,,1989,241,0,上海,综合,,,上海农林职业技术学院
,major_line_2023,电子信息类,物联网应用技术,,,238,2023,专科批,,2339,237,0,上海,综合,,,上海农林职业技术学院
,major_line_2023,生物技术类,药品生物技术（无色盲、色弱）,,,238,2023,专科批,,2504,235,0,上海,综合,,,上海农林职业技术学院
,major_line_2023,农业类,园艺技术（无色盲、色弱）,,,238,2023,专科批,,2665,233,0,上海,综合,,,上海农林职业技术学院
,major_line_2023,生物技术类,农业生物技术（无色盲、色弱）,,,236,2023,专科批,,2665,233,0,上海,综合,,,上海农林职业技术学院
,major_line_2023,建筑设计类,风景园林设计（无色盲、色弱）,,,238,2023,专科批,,2757,232,0,上海,综合,,,上海农林职业技术学院
,major_line_2023,广播影视类,融媒体技术与运营,,,237,2023,专科批,,2904,230,0,上海,综合,,,上海农林职业技术学院
,major_line_2023,电气类,电气工程及其自动化,,,420,2023,本科批,,39040,415,0,上海,综合,,,青岛恒星科技学院
,major_line_2023,计算机类,网络工程,,,410,2023,本科批,,39977,410,0,上海,综合,,,青岛恒星科技学院
,major_line_2023,金融学类,金融工程,,,400,2023,本科批,,41846,399,0,上海,综合,,,青岛恒星科技学院
,major_line_2023,外国语言文学类,英语（语种:英语）,,,399,2023,本科批,,41846,399,0,上海,综合,,,青岛恒星科技学院
,major_line_2023,电气类,电气工程及其自动化,,,420,2023,本科批,,39040,415,0,上海,综合,,,青岛恒星科技学院
,major_line_2023,计算机类,网络工程,,,410,2023,本科批,,39977,410,0,上海,综合,,,青岛恒星科技学院
,major_line_2023,金融学类,金融工程,,,400,2023,本科批,,41846,399,0,上海,综合,,,青岛恒星科技学院
,major_line_2023,外国语言文学类,英语（语种:英语）,,,399,2023,本科批,,41846,399,0,上海,综合,,,青岛恒星科技学院
,major_line_2023,工商管理类,人力资源管理,,,424,2023,本科批,,38271,419,0,上海,综合,,,江西农业大学南昌商学院
,major_line_2023,中国语言文学类,汉语言,,,416,2023,本科批,,38855,416,0,上海,综合,,,江西农业大学南昌商学院
,major_line_2023,物流管理与工程类,物流管理,,,415,2023,本科批,,39440,413,0,上海,综合,,,江西农业大学南昌商学院
,major_line_2023,经济学类,数字经济,,,405,2023,本科批,,40830,405,0,上海,综合,,,江西农业大学南昌商学院
,major_line_2023,工商管理类,审计学,,,407,2023,本科批,,41342,402,0,上海,综合,,,江西农业大学南昌商学院
,major_line_2023,金融学类,金融工程,,,404,2023,本科批,,41342,402,0,上海,综合,,,江西农业大学南昌商学院
,major_line_2023,电子商务类,电子商务,,,402,2023,本科批,,41517,401,0,上海,综合,,,江西农业大学南昌商学院
,major_line_2023,外国语言文学类,商务英语（语种:英语）,,,402,2023,本科批,,41517,401,0,上海,综合,,,江西农业大学南昌商学院
,major_line_2023,新闻传播学类,新闻学,,,401,2023,本科批,,41517,401,0,上海,综合,,,江西农业大学南昌商学院
,major_line_2023,工商管理类,人力资源管理,,,424,2023,本科批,,38271,419,0,上海,综合,,,江西农业大学南昌商学院
,major_line_2023,中国语言文学类,汉语言,,,416,2023,本科批,,38855,416,0,上海,综合,,,江西农业大学南昌商学院
,major_line_2023,物流管理与工程类,物流管理,,,415,2023,本科批,,39440,413,0,上海,综合,,,江西农业大学南昌商学院
,major_line_2023,经济学类,数字经济,,,405,2023,本科批,,40830,405,0,上海,综合,,,江西农业大学南昌商学院
,major_line_2023,工商管理类,审计学,,,407,2023,本科批,,41342,402,0,上海,综合,,,江西农业大学南昌商学院
,major_line_2023,金融学类,金融工程,,,404,2023,本科批,,41342,402,0,上海,综合,,,江西农业大学南昌商学院
,major_line_2023,电子商务类,电子商务,,,402,2023,本科批,,41517,401,0,上海,综合,,,江西农业大学南昌商学院
,major_line_2023,外国语言文学类,商务英语（语种:英语）,,,402,2023,本科批,,41517,401,0,上海,综合,,,江西农业大学南昌商学院
,major_line_2023,新闻传播学类,新闻学,,,401,2023,本科批,,41517,401,0,上海,综合,,,江西农业大学南昌商学院
,major_line_2023,护理类,护理,,,214,2023,专科批,,3778,214,0,上海,综合,,,上海邦德职业技术学院
,major_line_2023,财务会计类,大数据与会计,,,202,2023,专科批,,4625,187,0,上海,综合,,,上海邦德职业技术学院
,major_line_2023,计算机类,计算机应用技术（网络应用技术）,,,168,2023,专科批,,5049,168,0,上海,综合,,,上海邦德职业技术学院
,major_line_2023,物流类,现代物流管理（货代）,,,173,2023,专科批,,5286,159,0,上海,综合,,,上海邦德职业技术学院
,major_line_2023,语言类,应用法语（奢侈品管理）,,,154,2023,专科批,,5405,154,0,上海,综合,,,上海邦德职业技术学院
,major_line_2023,计算机类,数字媒体技术（虚拟现实VR设计）,,,163,2023,专科批,,5761,129,0,上海,综合,,,上海邦德职业技术学院
,major_line_2023,计算机类,计算机应用技术（软件设计与应用）,,,157,2023,专科批,,5816,124,0,上海,综合,,,上海邦德职业技术学院
,major_line_2023,语言类,应用英语（少儿英语）,,,124,2023,专科批,,5816,124,0,上海,综合,,,上海邦德职业技术学院
,major_line_2023,金融类,国际金融,,,116,2023,专科批,,5883,116,0,上海,综合,,,上海邦德职业技术学院
,major_line_2023,表演艺术类,戏剧影视表演,,,274,2023,专科批,,-,260,298,上海,艺术类,,,上海邦德职业技术学院
,major_line_2023,表演艺术类,钢琴调律,,,279,2023,专科批,,-,247,300,上海,艺术类,,,上海邦德职业技术学院
,major_line_2023,艺术设计类,艺术设计（视觉传达）,,,226,2023,专科批,,-,224,228,上海,艺术类,,,上海邦德职业技术学院
,major_line_2023,艺术设计类,人物形象设计,,,213,2023,专科批,,-,213,213,上海,艺术类,,,上海邦德职业技术学院
,major_line_2023,艺术设计类,游戏艺术设计,,,207,2023,专科批,,-,179,226,上海,艺术类,,,上海邦德职业技术学院
,major_line_2023,护理类,护理,,,214,2023,专科批,,3778,214,0,上海,综合,,,上海邦德职业技术学院
,major_line_2023,财务会计类,大数据与会计,,,202,2023,专科批,,4625,187,0,上海,综合,,,上海邦德职业技术学院
,major_line_2023,计算机类,计算机应用技术（网络应用技术）,,,168,2023,专科批,,5049,168,0,上海,综合,,,上海邦德职业技术学院
,major_line_2023,物流类,现代物流管理（货代）,,,173,2023,专科批,,5286,159,0,上海,综合,,,上海邦德职业技术学院
,major_line_2023,语言类,应用法语（奢侈品管理）,,,154,2023,专科批,,5405,154,0,上海,综合,,,上海邦德职业技术学院
,major_line_2023,计算机类,数字媒体技术（虚拟现实VR设计）,,,163,2023,专科批,,5761,129,0,上海,综合,,,上海邦德职业技术学院
,major_line_2023,计算机类,计算机应用技术（软件设计与应用）,,,157,2023,专科批,,5816,124,0,上海,综合,,,上海邦德职业技术学院
,major_line_2023,语言类,应用英语（少儿英语）,,,124,2023,专科批,,5816,124,0,上海,综合,,,上海邦德职业技术学院
,major_line_2023,金融类,国际金融,,,116,2023,专科批,,5883,116,0,上海,综合,,,上海邦德职业技术学院
,major_line_2023,表演艺术类,戏剧影视表演,,,274,2023,专科批,,-,260,298,上海,艺术类,,,上海邦德职业技术学院
,major_line_2023,表演艺术类,钢琴调律,,,279,2023,专科批,,-,247,300,上海,艺术类,,,上海邦德职业技术学院
,major_line_2023,艺术设计类,艺术设计（视觉传达）,,,226,2023,专科批,,-,224,228,上海,艺术类,,,上海邦德职业技术学院
,major_line_2023,艺术设计类,人物形象设计,,,213,2023,专科批,,-,213,213,上海,艺术类,,,上海邦德职业技术学院
,major_line_2023,艺术设计类,游戏艺术设计,,,207,2023,专科批,,-,179,226,上海,艺术类,,,上海邦德职业技术学院
,major_line_2023,护理类,护理（高本贯通。入校三年后，通过转段考试进入上海中侨职业大学护理专业本科段学习）,,,245,2023,专科批,,2504,235,0,上海,综合,,,上海思博职业技术学院
,major_line_2023,教育类,"学前教育（高本贯通。入校三年后,通过转段考试进入上海师范大学天华学院学前教育专业本科段学习。上海师范大学天华学院正在进行转设工作，转段时以教育部批准的新校名为准）",,,244,2023,专科批,,2504,235,0,上海,综合,,,上海思博职业技术学院
,major_line_2023,经济贸易类,"国际商务（高本贯通。入校三年后,通过转段考试进入上海立信会计金融学院国际商务专业本科段学习）",,,238,2023,专科批,,3106,227,0,上海,综合,,,上海思博职业技术学院
,major_line_2023,旅游类,酒店管理与数字化运营（国际品牌酒店管理方向）,,,212,2023,专科批,,3878,212,0,上海,综合,,,上海思博职业技术学院
,major_line_2023,机械设计制造类,数控技术（智能制造方向）,,,197,2023,专科批,,4559,190,0,上海,综合,,,上海思博职业技术学院
,major_line_2023,汽车制造类,新能源汽车技术,,,183,2023,专科批,,4753,180,0,上海,综合,,,上海思博职业技术学院
,major_line_2023,金融类,金融服务与管理,,,194,2023,专科批,,4851,176,0,上海,综合,,,上海思博职业技术学院
,major_line_2023,物流类,现代物流管理（国际物流管理方向）,,,207,2023,专科批,,5049,168,0,上海,综合,,,上海思博职业技术学院
,major_line_2023,财务会计类,大数据与会计,,,207,2023,专科批,,5212,162,0,上海,综合,,,上海思博职业技术学院
,major_line_2023,计算机类,计算机应用技术（VR虚拟现实方向）,,,200,2023,专科批,,5264,160,0,上海,综合,,,上海思博职业技术学院
,major_line_2023,建筑设计类,建筑装饰工程技术（装饰工程设计方向）,,,198,2023,专科批,,5264,160,0,上海,综合,,,上海思博职业技术学院
,major_line_2023,计算机类,大数据技术,,,172,2023,专科批,,5382,155,0,上海,综合,,,上海思博职业技术学院
,major_line_2023,公共服务类,智慧健康养老服务与管理,,,192,2023,专科批,,5416,153,0,上海,综合,,,上海思博职业技术学院
,major_line_2023,电子商务类,电子商务,,,174,2023,专科批,,5584,143,0,上海,综合,,,上海思博职业技术学院
,major_line_2023,计算机类,虚拟现实技术应用,,,140,2023,专科批,,5630,140,0,上海,综合,,,上海思博职业技术学院
,major_line_2023,体育类,健身指导与管理,,,160,2023,专科批,,5691,135,0,上海,综合,,,上海思博职业技术学院
,major_line_2023,建设工程管理类,工程造价,,,188,2023,专科批,,5773,128,0,上海,综合,,,上海思博职业技术学院
,major_line_2023,语言类,应用英语（中外合作办学）（涉外服务管理方向。中美合作。美方为美国威斯康星协和大学）（中外合作办学）,,,123,2023,专科批,,5821,123,0,上海,综合,,,上海思博职业技术学院
,major_line_2023,教育类,学前教育,,,192,2023,专科批,,5843,121,0,上海,综合,,,上海思博职业技术学院
,major_line_2023,自动化类,机电一体化技术,,,157,2023,专科批,,5849,120,0,上海,综合,,,上海思博职业技术学院
,major_line_2023,计算机类,计算机网络技术,,,162,2023,专科批,,5867,118,0,上海,综合,,,上海思博职业技术学院
,major_line_2023,公共卫生与卫生管理类,卫生信息管理（病案管理与医疗文秘方向）,,,188,2023,专科批,,5923,112,0,上海,综合,,,上海思博职业技术学院
,major_line_2023,护理类,护理（涉外护理方向）,,,193,2023,专科批,,5950,109,0,上海,综合,,,上海思博职业技术学院
,major_line_2023,土建施工类,"建筑工程技术（装配化施工方向。高本贯通。入校三年后,通过转段考试进入上海建桥学院工程管理专业本科段学习）",,,184,2023,专科批,,5950,109,0,上海,综合,,,上海思博职业技术学院
,major_line_2023,护理类,护理,,,199,2023,专科批,,5997,101,0,上海,综合,,,上海思博职业技术学院
,major_line_2023,护理类,护理（高本贯通。入校三年后，通过转段考试进入上海中侨职业大学护理专业本科段学习）,,,245,2023,专科批,,2504,235,0,上海,综合,,,上海思博职业技术学院
,major_line_2023,教育类,"学前教育（高本贯通。入校三年后,通过转段考试进入上海师范大学天华学院学前教育专业本科段学习。上海师范大学天华学院正在进行转设工作，转段时以教育部批准的新校名为准）",,,244,2023,专科批,,2504,235,0,上海,综合,,,上海思博职业技术学院
,major_line_2023,经济贸易类,"国际商务（高本贯通。入校三年后,通过转段考试进入上海立信会计金融学院国际商务专业本科段学习）",,,238,2023,专科批,,3106,227,0,上海,综合,,,上海思博职业技术学院
,major_line_2023,旅游类,酒店管理与数字化运营（国际品牌酒店管理方向）,,,212,2023,专科批,,3878,212,0,上海,综合,,,上海思博职业技术学院
,major_line_2023,机械设计制造类,数控技术（智能制造方向）,,,197,2023,专科批,,4559,190,0,上海,综合,,,上海思博职业技术学院
,major_line_2023,汽车制造类,新能源汽车技术,,,183,2023,专科批,,4753,180,0,上海,综合,,,上海思博职业技术学院
,major_line_2023,金融类,金融服务与管理,,,194,2023,专科批,,4851,176,0,上海,综合,,,上海思博职业技术学院
,major_line_2023,物流类,现代物流管理（国际物流管理方向）,,,207,2023,专科批,,5049,168,0,上海,综合,,,上海思博职业技术学院
,major_line_2023,财务会计类,大数据与会计,,,207,2023,专科批,,5212,162,0,上海,综合,,,上海思博职业技术学院
,major_line_2023,计算机类,计算机应用技术（VR虚拟现实方向）,,,200,2023,专科批,,5264,160,0,上海,综合,,,上海思博职业技术学院
,major_line_2023,建筑设计类,建筑装饰工程技术（装饰工程设计方向）,,,198,2023,专科批,,5264,160,0,上海,综合,,,上海思博职业技术学院
,major_line_2023,计算机类,大数据技术,,,172,2023,专科批,,5382,155,0,上海,综合,,,上海思博职业技术学院
,major_line_2023,公共服务类,智慧健康养老服务与管理,,,192,2023,专科批,,5416,153,0,上海,综合,,,上海思博职业技术学院
,major_line_2023,电子商务类,电子商务,,,174,2023,专科批,,5584,143,0,上海,综合,,,上海思博职业技术学院
,major_line_2023,计算机类,虚拟现实技术应用,,,140,2023,专科批,,5630,140,0,上海,综合,,,上海思博职业技术学院
,major_line_2023,体育类,健身指导与管理,,,160,2023,专科批,,5691,135,0,上海,综合,,,上海思博职业技术学院
,major_line_2023,建设工程管理类,工程造价,,,188,2023,专科批,,5773,128,0,上海,综合,,,上海思博职业技术学院
,major_line_2023,语言类,应用英语（中外合作办学）（涉外服务管理方向。中美合作。美方为美国威斯康星协和大学）（中外合作办学）,,,123,2023,专科批,,5821,123,0,上海,综合,,,上海思博职业技术学院
,major_line_2023,教育类,学前教育,,,192,2023,专科批,,5843,121,0,上海,综合,,,上海思博职业技术学院
,major_line_2023,自动化类,机电一体化技术,,,157,2023,专科批,,5849,120,0,上海,综合,,,上海思博职业技术学院
,major_line_2023,计算机类,计算机网络技术,,,162,2023,专科批,,5867,118,0,上海,综合,,,上海思博职业技术学院
,major_line_2023,公共卫生与卫生管理类,卫生信息管理（病案管理与医疗文秘方向）,,,188,2023,专科批,,5923,112,0,上海,综合,,,上海思博职业技术学院
,major_line_2023,护理类,护理（涉外护理方向）,,,193,2023,专科批,,5950,109,0,上海,综合,,,上海思博职业技术学院
,major_line_2023,土建施工类,"建筑工程技术（装配化施工方向。高本贯通。入校三年后,通过转段考试进入上海建桥学院工程管理专业本科段学习）",,,184,2023,专科批,,5950,109,0,上海,综合,,,上海思博职业技术学院
,major_line_2023,护理类,护理,,,199,2023,专科批,,5997,101,0,上海,综合,,,上海思博职业技术学院
,major_line_2023,广播影视类,新闻采编与制作,,,179,2023,专科批,,4851,176,0,上海,综合,,,上海电影艺术职业学院
,major_line_2023,广播影视类,新闻采编与制作,,,179,2023,专科批,,4851,176,0,上海,综合,,,上海电影艺术职业学院
,major_line_2023,教育学类,学前教育,,,425,2023,本科批,,37531,423,0,上海,综合,,,赣南师范大学科技学院
,major_line_2023,工商管理类,财务管理,,,412,2023,本科批,,40174,409,0,上海,综合,,,赣南师范大学科技学院
,major_line_2023,教育学类,学前教育,,,425,2023,本科批,,37531,423,0,上海,综合,,,赣南师范大学科技学院
,major_line_2023,工商管理类,财务管理,,,412,2023,本科批,,40174,409,0,上海,综合,,,赣南师范大学科技学院
,major_line_2023,中国语言文学类,汉语言文学,,,411,2023,本科批,,40174,409,0,上海,综合,,,湖南理工学院南湖学院
,major_line_2023,机械类,机械设计制造及其自动化,,,418,2023,本科批,,38666,417,0,上海,综合,,,湖南理工学院南湖学院
,major_line_2023,机械类,机械电子工程,,,421,2023,本科批,,38855,416,0,上海,综合,,,湖南理工学院南湖学院
,major_line_2023,管理科学与工程类,工程管理,,,414,2023,本科批,,39247,414,0,上海,综合,,,湖南理工学院南湖学院
,major_line_2023,外国语言文学类,英语（外语单科成绩不低于90分）,,,428,2023,本科批,,36503,428,0,上海,综合,,,湖南理工学院南湖学院
,major_line_2023,机械类,机械设计制造及其自动化,,,418,2023,本科批,,38666,417,0,上海,综合,,,湖南理工学院南湖学院
,major_line_2023,机械类,机械电子工程,,,421,2023,本科批,,38855,416,0,上海,综合,,,湖南理工学院南湖学院
,major_line_2023,管理科学与工程类,工程管理,,,414,2023,本科批,,39247,414,0,上海,综合,,,湖南理工学院南湖学院
,major_line_2023,中国语言文学类,汉语言文学,,,411,2023,本科批,,40174,409,0,上海,综合,,,湖南理工学院南湖学院
,major_line_2023,外国语言文学类,英语（外语单科成绩不低于90分）,,,428,2023,本科批,,36503,428,0,上海,综合,,,湖南理工学院南湖学院
,major_line_2023,旅游类,酒店管理与数字化运营,,,234,2023,专科批,,2581,234,0,上海,综合,,,上海行健职业学院
,major_line_2023,广播影视类,影视多媒体技术,,,240,2023,专科批,,2757,232,0,上海,综合,,,上海行健职业学院
,major_line_2023,语言类,应用德语（国际商务方向）,,,225,2023,专科批,,3387,222,0,上海,综合,,,上海行健职业学院
,major_line_2023,工商管理类,工商企业管理（中法合作）,,,214,2023,专科批,,3778,214,0,上海,综合,,,上海行健职业学院
,major_line_2023,计算机类,软件技术,,,224,2023,专科批,,3919,211,0,上海,综合,,,上海行健职业学院
,major_line_2023,航空装备类,飞行器数字化制造技术（飞机制造技术方向）,,,218,2023,专科批,,4121,206,0,上海,综合,,,上海行健职业学院
,major_line_2023,旅游类,旅游管理,,,214,2023,专科批,,4341,199,0,上海,综合,,,上海行健职业学院
,major_line_2023,健康管理与促进类,婴幼儿托育服务与管理,,,221,2023,专科批,,4410,196,0,上海,综合,,,上海行健职业学院
,major_line_2023,电子商务类,商务数据分析与应用,,,204,2023,专科批,,4497,193,0,上海,综合,,,上海行健职业学院
,major_line_2023,道路运输类,汽车检测与维修技术,,,203,2023,专科批,,4497,193,0,上海,综合,,,上海行健职业学院
,major_line_2023,自动化类,机电一体化技术,,,213,2023,专科批,,4514,192,0,上海,综合,,,上海行健职业学院
,major_line_2023,语言类,应用英语,,,224,2023,专科批,,4559,190,0,上海,综合,,,上海行健职业学院
,major_line_2023,电子商务类,电子商务,,,213,2023,专科批,,4559,190,0,上海,综合,,,上海行健职业学院
,major_line_2023,语言类,应用日语（动漫运营方向）,,,218,2023,专科批,,4625,187,0,上海,综合,,,上海行健职业学院
,major_line_2023,旅游类,酒店管理与数字化运营,,,234,2023,专科批,,2581,234,0,上海,综合,,,上海行健职业学院
,major_line_2023,广播影视类,影视多媒体技术,,,240,2023,专科批,,2757,232,0,上海,综合,,,上海行健职业学院
,major_line_2023,语言类,应用德语（国际商务方向）,,,225,2023,专科批,,3387,222,0,上海,综合,,,上海行健职业学院
,major_line_2023,工商管理类,工商企业管理（中法合作）,,,214,2023,专科批,,3778,214,0,上海,综合,,,上海行健职业学院
,major_line_2023,计算机类,软件技术,,,224,2023,专科批,,3919,211,0,上海,综合,,,上海行健职业学院
,major_line_2023,航空装备类,飞行器数字化制造技术（飞机制造技术方向）,,,218,2023,专科批,,4121,206,0,上海,综合,,,上海行健职业学院
,major_line_2023,旅游类,旅游管理,,,214,2023,专科批,,4341,199,0,上海,综合,,,上海行健职业学院
,major_line_2023,健康管理与促进类,婴幼儿托育服务与管理,,,221,2023,专科批,,4410,196,0,上海,综合,,,上海行健职业学院
,major_line_2023,电子商务类,商务数据分析与应用,,,204,2023,专科批,,4497,193,0,上海,综合,,,上海行健职业学院
,major_line_2023,道路运输类,汽车检测与维修技术,,,203,2023,专科批,,4497,193,0,上海,综合,,,上海行健职业学院
,major_line_2023,自动化类,机电一体化技术,,,213,2023,专科批,,4514,192,0,上海,综合,,,上海行健职业学院
,major_line_2023,语言类,应用英语,,,224,2023,专科批,,4559,190,0,上海,综合,,,上海行健职业学院
,major_line_2023,电子商务类,电子商务,,,213,2023,专科批,,4559,190,0,上海,综合,,,上海行健职业学院
,major_line_2023,语言类,应用日语（动漫运营方向）,,,218,2023,专科批,,4625,187,0,上海,综合,,,上海行健职业学院
,major_line_2023,法律执行类,社区矫正,,,187,2023,专科批,,5132,165,0,上海,综合,,,江西司法警官职业学院
,major_line_2023,法律执行类,社区矫正,,,187,2023,专科批,,5132,165,0,上海,综合,,,江西司法警官职业学院
,major_line_2023,经济学类,经济学类（经济与商务实验班。含电子商务、经济学专业。非英语语种考生慎报。全色盲者不取）,,,547,2023,本科批,,8940,544,0,上海,综合,,,大连理工大学盘锦校区
,major_line_2023,经济学类,经济学类（经济与商务实验班。含电子商务、经济学专业。非英语语种考生慎报。全色盲者不取）,,,547,2023,本科批,,8940,544,0,上海,综合,,,大连理工大学盘锦校区
,major_line_2023,机械设计制造类,智能制造工程技术,,,420,2023,本科批,,39440,413,0,上海,综合,,,运城职业技术大学
,major_line_2023,护理类,护理,,,409,2023,本科批,,40830,405,0,上海,综合,,,运城职业技术大学
,major_line_2023,护理类,护理,,,409,2023,本科批,,40830,405,0,上海,综合,,,运城职业技术大学
,major_line_2023,机械设计制造类,智能制造工程技术,,,420,2023,本科批,,39440,413,0,上海,综合,,,运城职业技术大学
,major_line_2023,水上运输类,港口机械与智能控制,,,229,2023,专科批,,3436,221,0,上海,综合,,,上海海事职业技术学院
,major_line_2023,水上运输类,港口机械与智能控制,,,229,2023,专科批,,3436,221,0,上海,综合,,,上海海事职业技术学院
,major_line_2023,自动化类,电气自动化技术,,,185,2023,专科批,,4660,185,0,上海,综合,,,天津城市建设管理职业技术学院
,major_line_2023,汽车制造类,新能源汽车技术,,,158,2023,专科批,,5315,158,0,上海,综合,,,天津城市建设管理职业技术学院
,major_line_2023,自动化类,电气自动化技术,,,185,2023,专科批,,4660,185,0,上海,综合,,,天津城市建设管理职业技术学院
,major_line_2023,汽车制造类,新能源汽车技术,,,158,2023,专科批,,5315,158,0,上海,综合,,,天津城市建设管理职业技术学院
,major_line_2023,建筑设计类,建筑室内设计（中外合作办学）（中外合作办学）,,,241,2023,专科批,,1989,241,0,上海,综合,,,苏州百年职业学院
,major_line_2023,计算机类,人工智能技术应用（中外合作办学）（中外合作办学）,,,230,2023,专科批,,3169,226,0,上海,综合,,,苏州百年职业学院
,major_line_2023,建筑设计类,建筑室内设计（中外合作办学）（中外合作办学）,,,241,2023,专科批,,1989,241,0,上海,综合,,,苏州百年职业学院
,major_line_2023,计算机类,人工智能技术应用（中外合作办学）（中外合作办学）,,,230,2023,专科批,,3169,226,0,上海,综合,,,苏州百年职业学院
,major_line_2023,电子信息类,物联网应用技术（中外合作办学）（中外合作办学）,,,125,2023,专科批,,5805,125,0,上海,综合,,,福州墨尔本理工职业学院
,major_line_2023,电子信息类,物联网应用技术（中外合作办学）（中外合作办学）,,,125,2023,专科批,,5805,125,0,上海,综合,,,福州墨尔本理工职业学院
,major_line_2023,护理学类,护理学（含日本庆应大学及中国的香港大学、香港中文大学等校免学费交流项目）,,,565,2023,本科批,,6238,557,0,上海,综合,,,复旦大学上海医学院
,major_line_2023,临床医学类,临床医学（八年制本博连读，卓越医生计划。含英国牛津大学、美国加州大学戴维斯分校、哥伦比亚大学、乔治敦大学、澳大利亚悉尼大学、德国杜伊斯堡埃森大学、加拿大阿尔伯塔大学等校免学费交流项目）,,,589,2023,本科批,,1468,588,0,上海,综合,,,复旦大学上海医学院
,major_line_2023,临床医学类,临床医学（八年制本博连读，卓越医生计划。含英国牛津大学、美国加州大学戴维斯分校、哥伦比亚大学、乔治敦大学、澳大利亚悉尼大学、德国杜伊斯堡埃森大学、加拿大阿尔伯塔大学等校免学费交流项目）,,,589,2023,本科批,,1468,588,0,上海,综合,,,复旦大学上海医学院
,major_line_2023,护理学类,护理学（含日本庆应大学及中国的香港大学、香港中文大学等校免学费交流项目）,,,565,2023,本科批,,6238,557,0,上海,综合,,,复旦大学上海医学院
,major_line_2023,中医药类,中医学,,,208,2023,专科批,,4047,208,0,上海,综合,,,大庆医学高等专科学校
,major_line_2023,健康管理与促进类,健康管理,,,206,2023,专科批,,4121,206,0,上海,综合,,,大庆医学高等专科学校
,major_line_2023,健康管理与促进类,医学营养,,,197,2023,专科批,,4385,197,0,上海,综合,,,大庆医学高等专科学校
,major_line_2023,中医药类,中医学,,,208,2023,专科批,,4047,208,0,上海,综合,,,大庆医学高等专科学校
,major_line_2023,健康管理与促进类,健康管理,,,206,2023,专科批,,4121,206,0,上海,综合,,,大庆医学高等专科学校
,major_line_2023,健康管理与促进类,医学营养,,,197,2023,专科批,,4385,197,0,上海,综合,,,大庆医学高等专科学校
,major_line_2023,中医药类,中药材生产与加工（中药炮制与配制方向）,,,193,2023,专科批,,4497,193,0,上海,综合,,,天津生物工程职业技术学院
,major_line_2023,中医药类,中药材生产与加工（中药炮制与配制方向）,,,193,2023,专科批,,4497,193,0,上海,综合,,,天津生物工程职业技术学院
,major_line_2023,戏剧与影视学类,戏剧影视文学（戏曲文学方向）,,,496,2023,本科批,,20653,496,0,上海,综合,,,中国戏曲学院
,major_line_2023,戏剧与影视学类,戏剧影视文学（戏曲文学方向）,,,496,2023,本科批,,20653,496,0,上海,综合,,,中国戏曲学院
,major_line_2023,工商管理类,审计学,,,442,2023,本科批,,34431,438,0,上海,综合,,,南京审计大学金审学院
,major_line_2023,工商管理类,会计学,,,436,2023,本科批,,35697,432,0,上海,综合,,,南京审计大学金审学院
,major_line_2023,工商管理类,财务管理,,,434,2023,本科批,,35904,431,0,上海,综合,,,南京审计大学金审学院
,major_line_2023,金融学类,金融学,,,429,2023,本科批,,37110,425,0,上海,综合,,,南京审计大学金审学院
,major_line_2023,财政学类,税收学,,,429,2023,本科批,,37110,425,0,上海,综合,,,南京审计大学金审学院
,major_line_2023,经济与贸易类,国际经济与贸易,,,425,2023,本科批,,37730,422,0,上海,综合,,,南京审计大学金审学院
,major_line_2023,工商管理类,资产评估,,,425,2023,本科批,,37730,422,0,上海,综合,,,南京审计大学金审学院
,major_line_2023,物流管理与工程类,物流管理,,,424,2023,本科批,,37730,422,0,上海,综合,,,南京审计大学金审学院
,major_line_2023,公共管理类,行政管理,,,426,2023,本科批,,37931,421,0,上海,综合,,,南京审计大学金审学院
,major_line_2023,工商管理类,工商管理,,,425,2023,本科批,,37931,421,0,上海,综合,,,南京审计大学金审学院
,major_line_2023,计算机类,计算机科学与技术,,,424,2023,本科批,,37730,422,0,上海,综合,,,南京审计大学金审学院
,major_line_2023,管理科学与工程类,信息管理与信息系统,,,421,2023,本科批,,38092,420,0,上海,综合,,,南京审计大学金审学院
,major_line_2023,工商管理类,审计学,,,442,2023,本科批,,34431,438,0,上海,综合,,,南京审计大学金审学院
,major_line_2023,工商管理类,会计学,,,436,2023,本科批,,35697,432,0,上海,综合,,,南京审计大学金审学院
,major_line_2023,工商管理类,财务管理,,,434,2023,本科批,,35904,431,0,上海,综合,,,南京审计大学金审学院
,major_line_2023,金融学类,金融学,,,429,2023,本科批,,37110,425,0,上海,综合,,,南京审计大学金审学院
,major_line_2023,财政学类,税收学,,,429,2023,本科批,,37110,425,0,上海,综合,,,南京审计大学金审学院
,major_line_2023,经济与贸易类,国际经济与贸易,,,425,2023,本科批,,37730,422,0,上海,综合,,,南京审计大学金审学院
,major_line_2023,工商管理类,资产评估,,,425,2023,本科批,,37730,422,0,上海,综合,,,南京审计大学金审学院
,major_line_2023,物流管理与工程类,物流管理,,,424,2023,本科批,,37730,422,0,上海,综合,,,南京审计大学金审学院
,major_line_2023,计算机类,计算机科学与技术,,,424,2023,本科批,,37730,422,0,上海,综合,,,南京审计大学金审学院
,major_line_2023,公共管理类,行政管理,,,426,2023,本科批,,37931,421,0,上海,综合,,,南京审计大学金审学院
,major_line_2023,工商管理类,工商管理,,,425,2023,本科批,,37931,421,0,上海,综合,,,南京审计大学金审学院
,major_line_2023,管理科学与工程类,信息管理与信息系统,,,421,2023,本科批,,38092,420,0,上海,综合,,,南京审计大学金审学院
,major_line_2023,电子商务类,网络营销与直播电商,,,170,2023,专科批,,5000,170,0,上海,综合,,,四川国际标榜职业学院
,major_line_2023,电子商务类,网络营销与直播电商,,,170,2023,专科批,,5000,170,0,上海,综合,,,四川国际标榜职业学院
,major_line_2023,临床医学类,临床医学,,,164,2023,专科批,,5894,115,0,上海,综合,,,随州职业技术学院
,major_line_2023,临床医学类,临床医学,,,164,2023,专科批,,5894,115,0,上海,综合,,,随州职业技术学院
,major_line_2023,工商管理类,国际商务,,,393,2023,本科批,,43320,390,0,上海,综合,,,上海兴伟学院
,major_line_2023,外国语言文学类,英语,,,390,2023,本科批,,43320,390,0,上海,综合,,,上海兴伟学院
,major_line_2023,工商管理类,国际商务,,,393,2023,本科批,,43320,390,0,上海,综合,,,上海兴伟学院
,major_line_2023,外国语言文学类,英语,,,390,2023,本科批,,43320,390,0,上海,综合,,,上海兴伟学院
,major_line_2023,广播影视类,融媒体技术与运营,,,215,2023,专科批,,3741,215,0,上海,综合,,,武汉外语外事职业学院
,major_line_2023,计算机类,动漫制作技术,,,126,2023,专科批,,5794,126,0,上海,综合,,,武汉外语外事职业学院
,major_line_2023,广播影视类,融媒体技术与运营,,,215,2023,专科批,,3741,215,0,上海,综合,,,武汉外语外事职业学院
,major_line_2023,计算机类,动漫制作技术,,,126,2023,专科批,,5794,126,0,上海,综合,,,武汉外语外事职业学院
,major_line_2023,教育类,早期教育,,,163,2023,专科批,,5180,163,0,上海,综合,,,上饶幼儿师范高等专科学校
,major_line_2023,教育类,学前教育,,,152,2023,专科批,,5442,152,0,上海,综合,,,上饶幼儿师范高等专科学校
,major_line_2023,教育类,早期教育,,,163,2023,专科批,,5180,163,0,上海,综合,,,上饶幼儿师范高等专科学校
,major_line_2023,教育类,学前教育,,,152,2023,专科批,,5442,152,0,上海,综合,,,上饶幼儿师范高等专科学校
,major_line_2023,城市轨道交通类,城市轨道交通运营管理,,,175,2023,专科批,,4876,175,0,上海,综合,,,苏州高博软件技术职业学院
,major_line_2023,汽车制造类,新能源汽车技术,,,166,2023,专科批,,5103,166,0,上海,综合,,,苏州高博软件技术职业学院
,major_line_2023,城市轨道交通类,城市轨道交通运营管理,,,175,2023,专科批,,4876,175,0,上海,综合,,,苏州高博软件技术职业学院
,major_line_2023,汽车制造类,新能源汽车技术,,,166,2023,专科批,,5103,166,0,上海,综合,,,苏州高博软件技术职业学院
,major_line_2023,临床医学类,临床医学（5+3一体化）,,,582,2023,本科批,,2393,580,0,上海,综合,,,浙江大学医学院
,major_line_2023,临床医学类,临床医学（5+3一体化）,,,582,2023,本科批,,2393,580,0,上海,综合,,,浙江大学医学院
,major_line_2023,自动化类,机电一体化技术,,,182,2023,专科批,,4715,182,0,上海,综合,,,上海民远职业技术学院
,major_line_2023,水上运输类,集装箱运输管理（集装箱多式联运实务方向）,,,159,2023,专科批,,5340,157,0,上海,综合,,,上海民远职业技术学院
,major_line_2023,经济贸易类,关务与外贸服务,,,144,2023,专科批,,5933,111,0,上海,综合,,,上海民远职业技术学院
,major_line_2023,自动化类,机电一体化技术,,,182,2023,专科批,,4715,182,0,上海,综合,,,上海民远职业技术学院
,major_line_2023,水上运输类,集装箱运输管理（集装箱多式联运实务方向）,,,159,2023,专科批,,5340,157,0,上海,综合,,,上海民远职业技术学院
,major_line_2023,经济贸易类,关务与外贸服务,,,144,2023,专科批,,5933,111,0,上海,综合,,,上海民远职业技术学院
,major_line_2023,护理类,护理,,,244,2023,专科批,,2339,237,0,上海,综合,,,上海南湖职业技术学院
,major_line_2023,计算机类,数字媒体技术,,,232,2023,专科批,,3542,219,0,上海,综合,,,上海南湖职业技术学院
,major_line_2023,旅游类,酒店管理与数字化运营,,,224,2023,专科批,,3595,218,0,上海,综合,,,上海南湖职业技术学院
,major_line_2023,道路运输类,新能源汽车检测与维修技术,,,223,2023,专科批,,3741,215,0,上海,综合,,,上海南湖职业技术学院
,major_line_2023,电子商务类,网络营销与直播电商,,,227,2023,专科批,,3778,214,0,上海,综合,,,上海南湖职业技术学院
,major_line_2023,健康管理与促进类,婴幼儿托育服务与管理,,,226,2023,专科批,,3778,214,0,上海,综合,,,上海南湖职业技术学院
,major_line_2023,广播影视类,融媒体技术与运营,,,225,2023,专科批,,3778,214,0,上海,综合,,,上海南湖职业技术学院
,major_line_2023,电子信息类,汽车智能技术,,,192,2023,专科批,,5493,149,0,上海,综合,,,上海南湖职业技术学院
,major_line_2023,旅游类,民宿管理与运营,,,163,2023,专科批,,5933,111,0,上海,综合,,,上海南湖职业技术学院
,major_line_2023,护理类,护理,,,244,2023,专科批,,2339,237,0,上海,综合,,,上海南湖职业技术学院
,major_line_2023,计算机类,数字媒体技术,,,232,2023,专科批,,3542,219,0,上海,综合,,,上海南湖职业技术学院
,major_line_2023,旅游类,酒店管理与数字化运营,,,224,2023,专科批,,3595,218,0,上海,综合,,,上海南湖职业技术学院
,major_line_2023,道路运输类,新能源汽车检测与维修技术,,,223,2023,专科批,,3741,215,0,上海,综合,,,上海南湖职业技术学院
,major_line_2023,电子商务类,网络营销与直播电商,,,227,2023,专科批,,3778,214,0,上海,综合,,,上海南湖职业技术学院
,major_line_2023,健康管理与促进类,婴幼儿托育服务与管理,,,226,2023,专科批,,3778,214,0,上海,综合,,,上海南湖职业技术学院
,major_line_2023,广播影视类,融媒体技术与运营,,,225,2023,专科批,,3778,214,0,上海,综合,,,上海南湖职业技术学院
,major_line_2023,电子信息类,汽车智能技术,,,192,2023,专科批,,5493,149,0,上海,综合,,,上海南湖职业技术学院
,major_line_2023,旅游类,民宿管理与运营,,,163,2023,专科批,,5933,111,0,上海,综合,,,上海南湖职业技术学院
,major_line_2023,测绘地理信息类,测绘地理信息技术（办学点：总校区）,,,211,2023,专科批,,4341,199,0,上海,综合,,,上海建设管理职业技术学院
,major_line_2023,市政工程类,市政工程技术（办学点：总校区）,,,201,2023,专科批,,4733,181,0,上海,综合,,,上海建设管理职业技术学院
,major_line_2023,建筑设备类,建筑智能化工程技术（办学点：总校区）,,,195,2023,专科批,,4733,181,0,上海,综合,,,上海建设管理职业技术学院
,major_line_2023,林业类,园林技术（办学点：总校区）,,,193,2023,专科批,,5153,164,0,上海,综合,,,上海建设管理职业技术学院
,major_line_2023,市政工程类,市政管网智能检测与维护（办学点：总校区）,,,187,2023,专科批,,5340,157,0,上海,综合,,,上海建设管理职业技术学院
,major_line_2023,土建施工类,装配式建筑工程技术（办学点：总校区）,,,166,2023,专科批,,5461,151,0,上海,综合,,,上海建设管理职业技术学院
,major_line_2023,建筑设计类,风景园林设计（办学点：总校区）,,,173,2023,专科批,,5524,147,0,上海,综合,,,上海建设管理职业技术学院
,major_line_2023,房地产类,房地产经营与管理（办学点：总校区）,,,172,2023,专科批,,5980,104,0,上海,综合,,,上海建设管理职业技术学院
,major_line_2023,测绘地理信息类,测绘地理信息技术（办学点：总校区）,,,211,2023,专科批,,4341,199,0,上海,综合,,,上海建设管理职业技术学院
,major_line_2023,市政工程类,市政工程技术（办学点：总校区）,,,201,2023,专科批,,4733,181,0,上海,综合,,,上海建设管理职业技术学院
,major_line_2023,建筑设备类,建筑智能化工程技术（办学点：总校区）,,,195,2023,专科批,,4733,181,0,上海,综合,,,上海建设管理职业技术学院
,major_line_2023,林业类,园林技术（办学点：总校区）,,,193,2023,专科批,,5153,164,0,上海,综合,,,上海建设管理职业技术学院
,major_line_2023,市政工程类,市政管网智能检测与维护（办学点：总校区）,,,187,2023,专科批,,5340,157,0,上海,综合,,,上海建设管理职业技术学院
,major_line_2023,土建施工类,装配式建筑工程技术（办学点：总校区）,,,166,2023,专科批,,5461,151,0,上海,综合,,,上海建设管理职业技术学院
,major_line_2023,建筑设计类,风景园林设计（办学点：总校区）,,,173,2023,专科批,,5524,147,0,上海,综合,,,上海建设管理职业技术学院
,major_line_2023,房地产类,房地产经营与管理（办学点：总校区）,,,172,2023,专科批,,5980,104,0,上海,综合,,,上海建设管理职业技术学院
,major_line_2023,自动化类,工业机器人技术（办学点：松江区人民北路925号）,,,239,2023,专科批,,2665,233,0,上海,综合,,,上海科创职业技术学院
,major_line_2023,机械设计制造类,数控技术（办学点：松江区人民北路925号）,,,232,2023,专科批,,3280,224,0,上海,综合,,,上海科创职业技术学院
,major_line_2023,计算机类,工业互联网技术（办学点：松江区人民北路925号）,,,230,2023,专科批,,3280,224,0,上海,综合,,,上海科创职业技术学院
,major_line_2023,汽车制造类,新能源汽车技术（办学点：松江区人民北路925号）,,,223,2023,专科批,,3542,219,0,上海,综合,,,上海科创职业技术学院
,major_line_2023,建筑设计类,建筑装饰工程技术（办学点：松江区人民北路925号）,,,217,2023,专科批,,3967,210,0,上海,综合,,,上海科创职业技术学院
,major_line_2023,餐饮类,烹饪工艺与营养（办学点：松江区人民北路925号）,,,213,2023,专科批,,4047,208,0,上海,综合,,,上海科创职业技术学院
,major_line_2023,土建施工类,建筑工程技术（办学点：松江区人民北路925号）,,,214,2023,专科批,,4082,207,0,上海,综合,,,上海科创职业技术学院
,major_line_2023,自动化类,工业机器人技术（办学点：松江区人民北路925号）,,,239,2023,专科批,,2665,233,0,上海,综合,,,上海科创职业技术学院
,major_line_2023,机械设计制造类,数控技术（办学点：松江区人民北路925号）,,,232,2023,专科批,,3280,224,0,上海,综合,,,上海科创职业技术学院
,major_line_2023,计算机类,工业互联网技术（办学点：松江区人民北路925号）,,,230,2023,专科批,,3280,224,0,上海,综合,,,上海科创职业技术学院
,major_line_2023,汽车制造类,新能源汽车技术（办学点：松江区人民北路925号）,,,223,2023,专科批,,3542,219,0,上海,综合,,,上海科创职业技术学院
,major_line_2023,建筑设计类,建筑装饰工程技术（办学点：松江区人民北路925号）,,,217,2023,专科批,,3967,210,0,上海,综合,,,上海科创职业技术学院
,major_line_2023,餐饮类,烹饪工艺与营养（办学点：松江区人民北路925号）,,,213,2023,专科批,,4047,208,0,上海,综合,,,上海科创职业技术学院
,major_line_2023,土建施工类,建筑工程技术（办学点：松江区人民北路925号）,,,214,2023,专科批,,4082,207,0,上海,综合,,,上海科创职业技术学院
,major_line_2023,电子信息类,"电子信息科学与技术（外语单科成绩不低于98分。英语教学,非英语语种考生慎报。办学点:前期校区）",,,465,2023,本科批,,37730,422,0,上海,综合,,,海南比勒费尔德应用科学大学
,major_line_2023,计算机类,"计算机科学与技术（外语单科成绩不低于98分。英语教学,非英语语种考生慎报。办学点:前期校区）",,,450,2023,本科批,,42853,393,0,上海,综合,,,海南比勒费尔德应用科学大学
,major_line_2023,电子信息类,"电子信息科学与技术（外语单科成绩不低于98分。英语教学,非英语语种考生慎报。办学点:前期校区）",,,465,2023,本科批,,37730,422,0,上海,综合,,,海南比勒费尔德应用科学大学
,major_line_2023,计算机类,"计算机科学与技术（外语单科成绩不低于98分。英语教学,非英语语种考生慎报。办学点:前期校区）",,,450,2023,本科批,,42853,393,0,上海,综合,,,海南比勒费尔德应用科学大学
,major_line_2023,自动化类,工业互联网应用（办学点：金山区龙胜路1097号）,,,239,2023,专科批,,2157,239,0,上海,综合,,,上海现代化工职业学院
,major_line_2023,非金属材料类,高分子材料智能制造技术（办学点：金山区龙胜路1097号）,,,202,2023,专科批,,5153,164,0,上海,综合,,,上海现代化工职业学院
,major_line_2023,自动化类,机电一体化技术（办学点：金山区龙胜路1097号）,,,187,2023,专科批,,5361,156,0,上海,综合,,,上海现代化工职业学院
,major_line_2023,机械设计制造类,数字化设计与制造技术（办学点：金山区龙胜路1097号）,,,203,2023,专科批,,5480,150,0,上海,综合,,,上海现代化工职业学院
,major_line_2023,化工技术类,应用化工技术（办学点：金山区龙胜路1097号）,,,185,2023,专科批,,5659,138,0,上海,综合,,,上海现代化工职业学院
,major_line_2023,化工技术类,分析检验技术（办学点：金山区龙胜路1097号）,,,181,2023,专科批,,5691,135,0,上海,综合,,,上海现代化工职业学院
,major_line_2023,物流类,现代物流管理（办学点：金山区龙胜路1097号）,,,132,2023,专科批,,5923,112,0,上海,综合,,,上海现代化工职业学院
,major_line_2023,自动化类,工业互联网应用（办学点：金山区龙胜路1097号）,,,239,2023,专科批,,2157,239,0,上海,综合,,,上海现代化工职业学院
,major_line_2023,非金属材料类,高分子材料智能制造技术（办学点：金山区龙胜路1097号）,,,202,2023,专科批,,5153,164,0,上海,综合,,,上海现代化工职业学院
,major_line_2023,自动化类,机电一体化技术（办学点：金山区龙胜路1097号）,,,187,2023,专科批,,5361,156,0,上海,综合,,,上海现代化工职业学院
,major_line_2023,机械设计制造类,数字化设计与制造技术（办学点：金山区龙胜路1097号）,,,203,2023,专科批,,5480,150,0,上海,综合,,,上海现代化工职业学院
,major_line_2023,化工技术类,应用化工技术（办学点：金山区龙胜路1097号）,,,185,2023,专科批,,5659,138,0,上海,综合,,,上海现代化工职业学院
,major_line_2023,化工技术类,分析检验技术（办学点：金山区龙胜路1097号）,,,181,2023,专科批,,5691,135,0,上海,综合,,,上海现代化工职业学院
,major_line_2023,物流类,现代物流管理（办学点：金山区龙胜路1097号）,,,132,2023,专科批,,5923,112,0,上海,综合,,,上海现代化工职业学院
,major_line_2023,自动化类,智能机电技术（办学点：闵行区元江路4080号）,,,211,2023,专科批,,4645,186,0,上海,综合,,,上海闵行职业技术学院
,major_line_2023,道路运输类,新能源汽车检测与维修技术（办学点：闵行区元江路4080号）,,,196,2023,专科批,,4776,179,0,上海,综合,,,上海闵行职业技术学院
,major_line_2023,建筑设计类,建筑室内设计（办学点：闵行区元江路4080号）,,,190,2023,专科批,,5000,170,0,上海,综合,,,上海闵行职业技术学院
,major_line_2023,自动化类,工业机器人技术（办学点：闵行区元江路4080号）,,,185,2023,专科批,,5315,158,0,上海,综合,,,上海闵行职业技术学院
,major_line_2023,建筑设备类,建筑智能化工程技术（办学点：闵行区元江路4080号）,,,171,2023,专科批,,5602,142,0,上海,综合,,,上海闵行职业技术学院
,major_line_2023,体育类,电子竞技运动与管理（办学点：闵行区元江路4080号）,,,158,2023,专科批,,5705,134,0,上海,综合,,,上海闵行职业技术学院
,major_line_2023,健康管理与促进类,婴幼儿托育服务与管理（办学点：闵行区元江路4080号）,,,179,2023,专科批,,5732,132,0,上海,综合,,,上海闵行职业技术学院
,major_line_2023,电子商务类,跨境电子商务（办学点：闵行区元江路4080号）,,,150,2023,专科批,,5832,122,0,上海,综合,,,上海闵行职业技术学院
,major_line_2023,自动化类,智能机电技术（办学点：闵行区元江路4080号）,,,211,2023,专科批,,4645,186,0,上海,综合,,,上海闵行职业技术学院
,major_line_2023,道路运输类,新能源汽车检测与维修技术（办学点：闵行区元江路4080号）,,,196,2023,专科批,,4776,179,0,上海,综合,,,上海闵行职业技术学院
,major_line_2023,建筑设计类,建筑室内设计（办学点：闵行区元江路4080号）,,,190,2023,专科批,,5000,170,0,上海,综合,,,上海闵行职业技术学院
,major_line_2023,自动化类,工业机器人技术（办学点：闵行区元江路4080号）,,,185,2023,专科批,,5315,158,0,上海,综合,,,上海闵行职业技术学院
,major_line_2023,建筑设备类,建筑智能化工程技术（办学点：闵行区元江路4080号）,,,171,2023,专科批,,5602,142,0,上海,综合,,,上海闵行职业技术学院
,major_line_2023,体育类,电子竞技运动与管理（办学点：闵行区元江路4080号）,,,158,2023,专科批,,5705,134,0,上海,综合,,,上海闵行职业技术学院
,major_line_2023,健康管理与促进类,婴幼儿托育服务与管理（办学点：闵行区元江路4080号）,,,179,2023,专科批,,5732,132,0,上海,综合,,,上海闵行职业技术学院
,major_line_2023,电子商务类,跨境电子商务（办学点：闵行区元江路4080号）,,,150,2023,专科批,,5832,122,0,上海,综合,,,上海闵行职业技术学院
ISTJ,subject_combo_mbti,,,10200,,,,,0.17,,,,,,,化学+物理+生物,
ISFJ,subject_combo_mbti,,,500,,,,,0.0083,,,,,,,化学+政治+生物,
ISTJ,subject_combo_mbti,,,10500,,,,,0.175,,,,,,,化学+地理+物理,
ISFJ,subject_combo_mbti,,,600,,,,,0.01,,,,,,,化学+历史+生物,
ISTJ,subject_combo_mbti,,,2800,,,,,0.0467,,,,,,,化学+政治+物理,
ISFJ,subject_combo_mbti,,,1700,,,,,0.0283,,,,,,,化学+地理+生物,
ISTJ,subject_combo_mbti,,,2900,,,,,0.0483,,,,,,,化学+历史+物理,
ENFP,subject_combo_mbti,,,800,,,,,0.0133,,,,,,,化学+历史+政治,
ENTP,subject_combo_mbti,,,600,,,,,0.01,,,,,,,政治+物理+生物,
ENTP,subject_combo_mbti,,,800,,,,,0.0133,,,,,,,化学+地理+政治,
ENTP,subject_combo_mbti,,,200,,,,,0.0033,,,,,,,历史+物理+生物,
ESFJ,subject_combo_mbti,,,1000,,,,,0.0167,,,,,,,化学+历史+地理,
ISTP,subject_combo_mbti,,,1400,,,,,0.0233,,,,,,,地理+物理+生物,
ENFJ,subject_combo_mbti,,,3000,,,,,0.05,,,,,,,历史+政治+生物,
ENFP,subject_combo_mbti,,,700,,,,,0.0117,,,,,,,历史+政治+物理,
ENTP,subject_combo_mbti,,,3600,,,,,0.06,,,,,,,地理+政治+生物,
ISTP,subject_combo_mbti,,,1300,,,,,0.0217,,,,,,,地理+政治+物理,
ENFJ,subject_combo_mbti,,,4200,,,,,0.07,,,,,,,历史+地理+生物,
ISTP,subject_combo_mbti,,,1500,,,,,0.025,,,,,,,历史+地理+物理,
ENFJ,subject_combo_mbti,,,11700,,,,,0.195,,,,,,,历史+地理+政治,
,score_dist_2023,,,人数,分数,,,,,,,,,,累计人数,,
,score_dist_2023,,,46,619分及以上,,,,,,,,,,46,,
,score_dist_2023,,,16,618,,,,,,,,,,62,,
,score_dist_2023,,,10,617,,,,,,,,,,72,,
,score_dist_2023,,,11,616,,,,,,,,,,83,,
,score_dist_2023,,,14,615,,,,,,,,,,97,,
,score_dist_2023,,,16,614,,,,,,,,,,113,,
,score_dist_2023,,,12,613,,,,,,,,,,125,,
,score_dist_2023,,,24,612,,,,,,,,,,149,,
,score_dist_2023,,,22,611,,,,,,,,,,171,,
,score_dist_2023,,,36,610,,,,,,,,,,207,,
,score_dist_2023,,,28,609,,,,,,,,,,235,,
,score_dist_2023,,,20,608,,,,,,,,,,255,,
,score_dist_2023,,,41,607,,,,,,,,,,296,,
,score_dist_2023,,,36,606,,,,,,,,,,332,,
,score_dist_2023,,,37,605,,,,,,,,,,369,,
,score_dist_2023,,,40,604,,,,,,,,,,409,,
,score_dist_2023,,,50,603,,,,,,,,,,459,,
,score_dist_2023,,,52,602,,,,,,,,,,511,,
,score_dist_2023,,,54,601,,,,,,,,,,565,,
,score_dist_2023,,,63,600,,,,,,,,,,628,,
,score_dist_2023,,,49,599,,,,,,,,,,677,,
,score_dist_2023,,,57,598,,,,,,,,,,734,,
,score_dist_2023,,,58,597,,,,,,,,,,792,,
,score_dist_2023,,,77,596,,,,,,,,,,869,,
,score_dist_2023,,,71,595,,,,,,,,,,940,,
,score_dist_2023,,,83,594,,,,,,,,,,1023,,
,score_dist_2023,,,71,593,,,,,,,,,,1094,,
,score_dist_2023,,,75,592,,,,,,,,,,1169,,
,score_dist_2023,,,73,591,,,,,,,,,,1242,,
,score_dist_2023,,,86,590,,,,,,,,,,1328,,
,score_dist_2023,,,94,589,,,,,,,,,,1422,,
,score_dist_2023,,,100,588,,,,,,,,,,1522,,
,score_dist_2023,,,91,587,,,,,,,,,,1613,,
,score_dist_2023,,,85,586,,,,,,,,,,1698,,
,score_dist_2023,,,101,585,,,,,,,,,,1799,,
,score_dist_2023,,,117,584,,,,,,,,,,1916,,
,score_dist_2023,,,108,583,,,,,,,,,,2024,,
,score_dist_2023,,,97,582,,,,,,,,,,2121,,
,score_dist_2023,,,112,581,,,,,,,,,,2233,,
,score_dist_2023,,,102,580,,,,,,,,,,2335,,
,score_dist_2023,,,126,579,,,,,,,,,,2461,,
,score_dist_2023,,,118,578,,,,,,,,,,2579,,
,score_dist_2023,,,122,577,,,,,,,,,,2701,,
,score_dist_2023,,,113,576,,,,,,,,,,2814,,
,score_dist_2023,,,134,575,,,,,,,,,,2948,,
,score_dist_2023,,,132,574,,,,,,,,,,3080,,
,score_dist_2023,,,141,573,,,,,,,,,,3221,,
,score_dist_2023,,,141,572,,,,,,,,,,3362,,
,score_dist_2023,,,144,571,,,,,,,,,,3506,,
,score_dist_2023,,,144,570,,,,,,,,,,3650,,
,score_dist_2023,,,130,569,,,,,,,,,,3780,,
,score_dist_2023,,,162,568,,,,,,,,,,3942,,
,score_dist_2023,,,161,567,,,,,,,,,,4103,,
,score_dist_2023,,,173,566,,,,,,,,,,4276,,
,score_dist_2023,,,134,565,,,,,,,,,,4410,,
,score_dist_2023,,,158,564,,,,,,,,,,4568,,
,score_dist_2023,,,159,563,,,,,,,,,,4727,,
,score_dist_2023,,,150,562,,,,,,,,,,4877,,
,score_dist_2023,,,159,561,,,,,,,,,,5036,,
,score_dist_2023,,,162,560,,,,,,,,,,5198,,
,score_dist_2023,,,171,559,,,,,,,,,,5369,,
,score_dist_2023,,,182,558,,,,,,,,,,5551,,
,score_dist_2023,,,179,557,,,,,,,,,,5730,,
,score_dist_2023,,,195,556,,,,,,,,,,5925,,
,score_dist_2023,,,164,555,,,,,,,,,,6089,,
,score_dist_2023,,,174,554,,,,,,,,,,6263,,
,score_dist_2023,,,194,553,,,,,,,,,,6457,,
,score_dist_2023,,,196,552,,,,,,,,,,6653,,
,score_dist_2023,,,171,551,,,,,,,,,,6824,,
,score_dist_2023,,,172,550,,,,,,,,,,6996,,
,score_dist_2023,,,205,549,,,,,,,,,,7201,,
,score_dist_2023,,,226,548,,,,,,,,,,7427,,
,score_dist_2023,,,206,547,,,,,,,,,,7633,,
,score_dist_2023,,,167,546,,,,,,,,,,7800,,
,score_dist_2023,,,177,545,,,,,,,,,,7977,,
,score_dist_2023,,,183,544,,,,,,,,,,8160,,
,score_dist_2023,,,205,543,,,,,,,,,,8365,,
,score_dist_2023,,,192,542,,,,,,,,,,8557,,
,score_dist_2023,,,223,541,,,,,,,,,,8780,,
,score_dist_2023,,,219,540,,,,,,,,,,8999,,
,score_dist_2023,,,193,539,,,,,,,,,,9192,,
,score_dist_2023,,,217,538,,,,,,,,,,9409,,
,score_dist_2023,,,211,537,,,,,,,,,,9620,,
,score_dist_2023,,,231,536,,,,,,,,,,9851,,
,score_dist_2023,,,232,535,,,,,,,,,,10083,,
,score_dist_2023,,,213,534,,,,,,,,,,10296,,
,score_dist_2023,,,197,533,,,,,,,,,,10493,,
,score_dist_2023,,,227,532,,,,,,,,,,10720,,
,score_dist_2023,,,224,531,,,,,,,,,,10944,,
,score_dist_2023,,,238,530,,,,,,,,,,11182,,
,score_dist_2023,,,203,529,,,,,,,,,,11385,,
,score_dist_2023,,,208,528,,,,,,,,,,11593,,
,score_dist_2023,,,206,527,,,,,,,,,,11799,,
,score_dist_2023,,,231,526,,,,,,,,,,12030,,
,score_dist_2023,,,194,525,,,,,,,,,,12224,,
,score_dist_2023,,,195,524,,,,,,,,,,12419,,
,score_dist_2023,,,201,523,,,,,,,,,,12620,,
,score_dist_2023,,,242,522,,,,,,,,,,12862,,
,score_dist_2023,,,213,521,,,,,,,,,,13075,,
,score_dist_2023,,,211,520,,,,,,,,,,13286,,
,score_dist_2023,,,221,519,,,,,,,,,,13507,,
,score_dist_2023,,,229,518,,,,,,,,,,13736,,
,score_dist_2023,,,210,517,,,,,,,,,,13946,,
,score_dist_2023,,,213,516,,,,,,,,,,14159,,
,score_dist_2023,,,220,515,,,,,,,,,,14379,,
,score_dist_2023,,,200,514,,,,,,,,,,14579,,
,score_dist_2023,,,218,513,,,,,,,,,,14797,,
,score_dist_2023,,,197,512,,,,,,,,,,14994,,
,score_dist_2023,,,219,511,,,,,,,,,,15213,,
,score_dist_2023,,,224,510,,,,,,,,,,15437,,
,score_dist_2023,,,228,509,,,,,,,,,,15665,,
,score_dist_2023,,,217,508,,,,,,,,,,15882,,
,score_dist_2023,,,192,507,,,,,,,,,,16074,,
,score_dist_2023,,,208,506,,,,,,,,,,16282,,
,score_dist_2023,,,202,505,,,,,,,,,,16484,,
,score_dist_2023,,,229,504,,,,,,,,,,16713,,
,score_dist_2023,,,212,503,,,,,,,,,,16925,,
,score_dist_2023,,,223,502,,,,,,,,,,17148,,
,score_dist_2023,,,207,501,,,,,,,,,,17355,,
,score_dist_2023,,,216,500,,,,,,,,,,17571,,
,score_dist_2023,,,221,499,,,,,,,,,,17792,,
,score_dist_2023,,,221,498,,,,,,,,,,18013,,
,score_dist_2023,,,218,497,,,,,,,,,,18231,,
,score_dist_2023,,,217,496,,,,,,,,,,18448,,
,score_dist_2023,,,226,495,,,,,,,,,,18674,,
,score_dist_2023,,,219,494,,,,,,,,,,18893,,
,score_dist_2023,,,208,493,,,,,,,,,,19101,,
,score_dist_2023,,,220,492,,,,,,,,,,19321,,
,score_dist_2023,,,227,491,,,,,,,,,,19548,,
,score_dist_2023,,,217,490,,,,,,,,,,19765,,
,score_dist_2023,,,198,489,,,,,,,,,,19963,,
,score_dist_2023,,,238,488,,,,,,,,,,20201,,
,score_dist_2023,,,202,487,,,,,,,,,,20403,,
,score_dist_2023,,,231,486,,,,,,,,,,20634,,
,score_dist_2023,,,215,485,,,,,,,,,,20849,,
,score_dist_2023,,,233,484,,,,,,,,,,21082,,
,score_dist_2023,,,234,483,,,,,,,,,,21316,,
,score_dist_2023,,,198,482,,,,,,,,,,21514,,
,score_dist_2023,,,212,481,,,,,,,,,,21726,,
,score_dist_2023,,,205,480,,,,,,,,,,21931,,
,score_dist_2023,,,228,479,,,,,,,,,,22159,,
,score_dist_2023,,,209,478,,,,,,,,,,22368,,
,score_dist_2023,,,211,477,,,,,,,,,,22579,,
,score_dist_2023,,,225,476,,,,,,,,,,22804,,
,score_dist_2023,,,214,475,,,,,,,,,,23018,,
,score_dist_2023,,,201,474,,,,,,,,,,23219,,
,score_dist_2023,,,222,473,,,,,,,,,,23441,,
,score_dist_2023,,,195,472,,,,,,,,,,23636,,
,score_dist_2023,,,193,471,,,,,,,,,,23829,,
,score_dist_2023,,,187,470,,,,,,,,,,24016,,
,score_dist_2023,,,211,469,,,,,,,,,,24227,,
,score_dist_2023,,,204,468,,,,,,,,,,24431,,
,score_dist_2023,,,221,467,,,,,,,,,,24652,,
,score_dist_2023,,,199,466,,,,,,,,,,24851,,
,score_dist_2023,,,192,465,,,,,,,,,,25043,,
,score_dist_2023,,,211,464,,,,,,,,,,25254,,
,score_dist_2023,,,224,463,,,,,,,,,,25478,,
,score_dist_2023,,,210,462,,,,,,,,,,25688,,
,score_dist_2023,,,212,461,,,,,,,,,,25900,,
,score_dist_2023,,,185,460,,,,,,,,,,26085,,
,score_dist_2023,,,205,459,,,,,,,,,,26290,,
,score_dist_2023,,,223,458,,,,,,,,,,26513,,
,score_dist_2023,,,216,457,,,,,,,,,,26729,,
,score_dist_2023,,,214,456,,,,,,,,,,26943,,
,score_dist_2023,,,186,455,,,,,,,,,,27129,,
,score_dist_2023,,,209,454,,,,,,,,,,27338,,
,score_dist_2023,,,192,453,,,,,,,,,,27530,,
,score_dist_2023,,,189,452,,,,,,,,,,27719,,
,score_dist_2023,,,201,451,,,,,,,,,,27920,,
,score_dist_2023,,,175,450,,,,,,,,,,28095,,
,score_dist_2023,,,191,449,,,,,,,,,,28286,,
,score_dist_2023,,,205,448,,,,,,,,,,28491,,
,score_dist_2023,,,188,447,,,,,,,,,,28679,,
,score_dist_2023,,,167,446,,,,,,,,,,28846,,
,score_dist_2023,,,184,445,,,,,,,,,,29030,,
,score_dist_2023,,,180,444,,,,,,,,,,29210,,
,score_dist_2023,,,192,443,,,,,,,,,,29402,,
,score_dist_2023,,,188,442,,,,,,,,,,29590,,
,score_dist_2023,,,178,441,,,,,,,,,,29768,,
,score_dist_2023,,,187,440,,,,,,,,,,29955,,
,score_dist_2023,,,199,439,,,,,,,,,,30154,,
,score_dist_2023,,,191,438,,,,,,,,,,30345,,
,score_dist_2023,,,188,437,,,,,,,,,,30533,,
,score_dist_2023,,,197,436,,,,,,,,,,30730,,
,score_dist_2023,,,157,435,,,,,,,,,,30887,,
,score_dist_2023,,,158,434,,,,,,,,,,31045,,
,score_dist_2023,,,183,433,,,,,,,,,,31228,,
,score_dist_2023,,,147,432,,,,,,,,,,31375,,
,score_dist_2023,,,151,431,,,,,,,,,,31526,,
,score_dist_2023,,,183,430,,,,,,,,,,31709,,
,score_dist_2023,,,177,429,,,,,,,,,,31886,,
,score_dist_2023,,,175,428,,,,,,,,,,32061,,
,score_dist_2023,,,164,427,,,,,,,,,,32225,,
,score_dist_2023,,,168,426,,,,,,,,,,32393,,
,score_dist_2023,,,167,425,,,,,,,,,,32560,,
,score_dist_2023,,,162,424,,,,,,,,,,32722,,
,score_dist_2023,,,139,423,,,,,,,,,,32861,,
,score_dist_2023,,,163,422,,,,,,,,,,33024,,
,score_dist_2023,,,152,421,,,,,,,,,,33176,,
,score_dist_2023,,,181,420,,,,,,,,,,33357,,
,score_dist_2023,,,181,419,,,,,,,,,,33538,,
,score_dist_2023,,,162,418,,,,,,,,,,33700,,
,score_dist_2023,,,164,417,,,,,,,,,,33864,,
,score_dist_2023,,,145,416,,,,,,,,,,34009,,
,score_dist_2023,,,170,415,,,,,,,,,,34179,,
,score_dist_2023,,,160,414,,,,,,,,,,34339,,
,score_dist_2023,,,173,413,,,,,,,,,,34512,,
,score_dist_2023,,,131,412,,,,,,,,,,34643,,
,score_dist_2023,,,170,411,,,,,,,,,,34813,,
,score_dist_2023,,,133,410,,,,,,,,,,34946,,
,score_dist_2023,,,156,409,,,,,,,,,,35102,,
,score_dist_2023,,,159,408,,,,,,,,,,35261,,
,score_dist_2023,,,161,407,,,,,,,,,,35422,,
,score_dist_2023,,,139,406,,,,,,,,,,35561,,
,score_dist_2023,,,137,405,,,,,,,,,,35698,,
,score_dist_2023,,,139,404,,,,,,,,,,35837,,
,score_dist_2023,,,137,403,,,,,,,,,,35974,,
,score_dist_2023,,,141,402,,,,,,,,,,36115,,
,score_dist_2023,,,137,401,,,,,,,,,,36252,,
,score_dist_2023,,,161,400,,,,,,,,,,36413,,
,score_dist_2023,,,141,399,,,,,,,,,,36554,,
,score_dist_2023,,,143,398,,,,,,,,,,36697,,
,score_dist_2023,,,147,397,,,,,,,,,,36844,,
,score_dist_2023,,,130,396,,,,,,,,,,36974,,
,score_dist_2023,,,149,395,,,,,,,,,,37123,,
,score_dist_2023,,,136,394,,,,,,,,,,37259,,
,score_dist_2023,,,140,393,,,,,,,,,,37399,,
,score_dist_2023,,,138,392,,,,,,,,,,37537,,
,score_dist_2023,,,136,391,,,,,,,,,,37673,,
,score_dist_2023,,,141,390,,,,,,,,,,37814,,
,score_dist_2023,,,142,389,,,,,,,,,,37956,,
,score_dist_2023,,,108,388,,,,,,,,,,38064,,
,score_dist_2023,,,99,387,,,,,,,,,,38163,,
,score_dist_2023,,,104,386,,,,,,,,,,38267,,
,score_dist_2023,,,126,385,,,,,,,,,,38393,,
,score_dist_2023,,,141,384,,,,,,,,,,38534,,
,score_dist_2023,,,131,383,,,,,,,,,,38665,,
,score_dist_2023,,,114,382,,,,,,,,,,38779,,
,score_dist_2023,,,128,381,,,,,,,,,,38907,,
,score_dist_2023,,,121,380,,,,,,,,,,39028,,
,score_dist_2023,,,117,379,,,,,,,,,,39145,,
,score_dist_2023,,,117,378,,,,,,,,,,39262,,
,score_dist_2023,,,113,377,,,,,,,,,,39375,,
,score_dist_2023,,,108,376,,,,,,,,,,39483,,
,score_dist_2023,,,132,375,,,,,,,,,,39615,,
,score_dist_2023,,,110,374,,,,,,,,,,39725,,
,score_dist_2023,,,131,373,,,,,,,,,,39856,,
,score_dist_2023,,,109,372,,,,,,,,,,39965,,
,score_dist_2023,,,109,371,,,,,,,,,,40074,,
,score_dist_2023,,,109,370,,,,,,,,,,40183,,
,score_dist_2023,,,116,369,,,,,,,,,,40299,,
,score_dist_2023,,,96,368,,,,,,,,,,40395,,
,score_dist_2023,,,113,367,,,,,,,,,,40508,,
,score_dist_2023,,,84,366,,,,,,,,,,40592,,
,score_dist_2023,,,91,365,,,,,,,,,,40683,,
,score_dist_2023,,,86,364,,,,,,,,,,40769,,
,score_dist_2023,,,99,363,,,,,,,,,,40868,,
,score_dist_2023,,,94,362,,,,,,,,,,40962,,
,score_dist_2023,,,86,361,,,,,,,,,,41048,,
,score_dist_2023,,,81,360,,,,,,,,,,41129,,
,score_dist_2023,,,98,359,,,,,,,,,,41227,,
,score_dist_2023,,,98,358,,,,,,,,,,41325,,
,score_dist_2023,,,92,357,,,,,,,,,,41417,,
,score_dist_2023,,,90,356,,,,,,,,,,41507,,
,score_dist_2023,,,84,355,,,,,,,,,,41591,,
,score_dist_2023,,,67,354,,,,,,,,,,41658,,
,score_dist_2023,,,76,353,,,,,,,,,,41734,,
,score_dist_2023,,,82,352,,,,,,,,,,41816,,
,score_dist_2023,,,83,351,,,,,,,,,,41899,,
,score_dist_2023,,,105,350,,,,,,,,,,42004,,
,score_dist_2023,,,81,349,,,,,,,,,,42085,,
,score_dist_2023,,,93,348,,,,,,,,,,42178,,
,score_dist_2023,,,78,347,,,,,,,,,,42256,,
,score_dist_2023,,,86,346,,,,,,,,,,42342,,
,score_dist_2023,,,72,345,,,,,,,,,,42414,,
,score_dist_2023,,,71,344,,,,,,,,,,42485,,
,score_dist_2023,,,64,343,,,,,,,,,,42549,,
,score_dist_2023,,,66,342,,,,,,,,,,42615,,
,score_dist_2023,,,58,341,,,,,,,,,,42673,,
,score_dist_2023,,,83,340,,,,,,,,,,42756,,
,score_dist_2023,,,61,339,,,,,,,,,,42817,,
,score_dist_2023,,,63,338,,,,,,,,,,42880,,
,score_dist_2023,,,77,337,,,,,,,,,,42957,,
,score_dist_2023,,,56,336,,,,,,,,,,43013,,
,score_dist_2023,,,62,335,,,,,,,,,,43075,,
,score_dist_2023,,,60,334,,,,,,,,,,43135,,
,score_dist_2023,,,49,333,,,,,,,,,,43184,,
,score_dist_2023,,,61,332,,,,,,,,,,43245,,
,score_dist_2023,,,47,331,,,,,,,,,,43292,,
,score_dist_2023,,,51,330,,,,,,,,,,43343,,
,score_dist_2023,,,57,329,,,,,,,,,,43400,,
,score_dist_2023,,,54,328,,,,,,,,,,43454,,
,score_dist_2023,,,58,327,,,,,,,,,,43512,,
,score_dist_2023,,,45,326,,,,,,,,,,43557,,
,score_dist_2023,,,50,325,,,,,,,,,,43607,,
,score_dist_2023,,,50,324,,,,,,,,,,43657,,
,score_dist_2023,,,49,323,,,,,,,,,,43706,,
,score_dist_2023,,,39,322,,,,,,,,,,43745,,
,score_dist_2023,,,34,321,,,,,,,,,,43779,,
,score_dist_2023,,,39,320,,,,,,,,,,43818,,
,score_dist_2023,,,52,319,,,,,,,,,,43870,,
,score_dist_2023,,,40,318,,,,,,,,,,43910,,
,score_dist_2023,,,47,317,,,,,,,,,,43957,,
,score_dist_2023,,,45,316,,,,,,,,,,44002,,
,score_dist_2023,,,34,315,,,,,,,,,,44036,,
,score_dist_2023,,,46,314,,,,,,,,,,44082,,
,score_dist_2023,,,41,313,,,,,,,,,,44123,,
,score_dist_2023,,,34,312,,,,,,,,,,44157,,
,score_dist_2023,,,38,311,,,,,,,,,,44195,,
,score_dist_2023,,,33,310,,,,,,,,,,44228,,
,score_dist_2023,,,28,309,,,,,,,,,,44256,,
,score_dist_2023,,,21,308,,,,,,,,,,44277,,
,score_dist_2023,,,30,307,,,,,,,,,,44307,,
,score_dist_2023,,,29,306,,,,,,,,,,44336,,
,score_dist_2023,,,12,305,,,,,,,,,,44348,,
,score_dist_2023,,,27,304,,,,,,,,,,44375,,
,score_dist_2023,,,29,303,,,,,,,,,,44404,,
,score_dist_2023,,,30,302,,,,,,,,,,44434,,
,score_dist_2023,,,29,301,,,,,,,,,,44463,,
,score_dist_2023,,,18,300,,,,,,,,,,44481,,
,score_dist_2023,,,23,299,,,,,,,,,,44504,,
,score_dist_2023,,,24,298,,,,,,,,,,44528,,
,score_dist_2023,,,20,297,,,,,,,,,,44548,,
,score_dist_2023,,,22,296,,,,,,,,,,44570,,
,score_dist_2023,,,23,295,,,,,,,,,,44593,,
,score_dist_2023,,,18,294,,,,,,,,,,44611,,
,score_dist_2023,,,12,293,,,,,,,,,,44623,,
,score_dist_2023,,,18,292,,,,,,,,,,44641,,
,score_dist_2023,,,22,291,,,,,,,,,,44663,,
,score_dist_2023,,,19,290,,,,,,,,,,44682,,
,score_dist_2023,,,14,289,,,,,,,,,,44696,,
,score_dist_2023,,,23,288,,,,,,,,,,44719,,
,score_dist_2023,,,11,287,,,,,,,,,,44730,,
,score_dist_2023,,,18,286,,,,,,,,,,44748,,
,score_dist_2023,,,14,285,,,,,,,,,,44762,,
,score_dist_2023,,,12,284,,,,,,,,,,44774,,
,score_dist_2023,,,17,283,,,,,,,,,,44791,,
,score_dist_2023,,,16,282,,,,,,,,,,44807,,
,score_dist_2023,,,19,281,,,,,,,,,,44826,,
,score_dist_2023,,,13,280,,,,,,,,,,44839,,
,score_dist_2023,,,,注：体育类本科控制线下考生成绩分布待专科志愿填报时另行公布。,,,,,,,,,,,,
